symbol,strategy_id,family,entry_time,exit_time,side,net_return,gross_return,exit_reason,bars_held,signal_strength,label_take,target_hit,stop_hit,horizon_hit,mae,mfe,mae_limit_breached,recent_same_side_failures,recent_same_side_mean_return,open,high,low,close,volume,close_time,quote_asset_volume,trade_count,taker_buy_base_volume,taker_buy_quote_volume,log_return_1,log_return_4,log_return_16,vol_norm_return_4,body_ratio,upper_wick_ratio,lower_wick_ratio,range_ratio,rsi_14,macd_hist,ema_fast_distance,ema_slow_distance,ema_fast_slope,ema_slow_slope,bb_bandwidth,bb_zscore,atr_14,volume_zscore,relative_volume,trend_regime,volatility_regime,drawdown_20,hour_sin,hour_cos,day_of_week,session_bucket,probability,accepted
PIPPINUSDT,trend_ema__directionshort_only_fast12_rsi_threshold52.0_slow89,trend_ema,2026-02-16 22:00:00+00:00,2026-02-16 22:30:00+00:00,short,0.039353323926132715,0.04015332392613272,target,2,0.3187835419897061,1,True,False,False,0.0016076130146750714,0.06228343773062198,0,4,-0.03142517164944323,0.69989,0.70091,0.6927,0.69337,4184185.0,2026-02-16 22:14:59.999000+00:00,2917315.25972,33884,2027641.0,1414446.25303,-0.009359412593732727,-0.02952925706434076,-0.04152728535507716,-2.991939130098816,0.7941534713763617,0.12423873325213333,0.08160779537150491,0.011840719961925162,34.060822900514694,-0.0030007434236834028,-0.028369081849331786,-0.031363960545442306,-0.007102275182322204,-0.003771440752137978,0.06425563805135379,-1.0281521926361072,0.011023086508580651,-0.4093643520631475,0.7076842434253772,-1.0,0.43,-0.06400010799427625,-0.5000000000000004,0.8660254037844384,0,2.0,0.72,True
PIPPINUSDT,trend_ema__directionshort_only_fast12_rsi_threshold58.0_slow89,trend_ema,2026-02-16 22:00:00+00:00,2026-02-16 22:30:00+00:00,short,0.039353323926132715,0.04015332392613272,target,2,0.3187835419897061,1,True,False,False,0.0016076130146750714,0.06228343773062198,0,3,-0.020486429501415826,0.69989,0.70091,0.6927,0.69337,4184185.0,2026-02-16 22:14:59.999000+00:00,2917315.25972,33884,2027641.0,1414446.25303,-0.009359412593732727,-0.02952925706434076,-0.04152728535507716,-2.991939130098816,0.7941534713763617,0.12423873325213333,0.08160779537150491,0.011840719961925162,34.060822900514694,-0.0030007434236834028,-0.028369081849331786,-0.031363960545442306,-0.007102275182322204,-0.003771440752137978,0.06425563805135379,-1.0281521926361072,0.011023086508580651,-0.4093643520631475,0.7076842434253772,-1.0,0.43,-0.06400010799427625,-0.5000000000000004,0.8660254037844384,0,2.0,0.72,True
PIPPINUSDT,trend_ema__directionshort_only_fast21_rsi_threshold55.0_slow89,trend_ema,2026-02-16 22:30:00+00:00,2026-02-16 22:45:00+00:00,short,0.04127178361898195,0.04207178361898195,target,1,0.5263512063861165,1,True,False,False,0.0057802397210071875,0.05575524140955797,0,1,-0.005223565413418682,0.68036,0.68419,0.6562,0.6655,16616113.0,2026-02-16 22:44:59.999000+00:00,11180538.64763,66671,7926168.0,5338306.06174,-0.022068733801701185,-0.05503160248109053,-0.10716504729218224,-5.830639752767219,0.5309038942479459,0.1368345837799216,0.3322615219721325,0.04205860255447026,23.682439680694173,-0.005283828043768543,-0.06039936409722289,-0.06966361097634123,-0.013165858929691243,-0.0074630094101276745,0.09967465240440387,-1.3331612291145565,0.012629447040561882,2.194056849707236,2.6030881539458623,-1.0,0.26,-0.10162261400145789,-0.5000000000000004,0.8660254037844384,0,2.0,1.0,True
PIPPINUSDT,trend_ema__directionshort_only_fast21_rsi_threshold52.0_slow89,trend_ema,2026-02-16 22:30:00+00:00,2026-02-16 22:45:00+00:00,short,0.04127178361898195,0.04207178361898195,target,1,0.5263512063861165,1,True,False,False,0.0057802397210071875,0.05575524140955797,0,2,-0.012950920442059718,0.68036,0.68419,0.6562,0.6655,16616113.0,2026-02-16 22:44:59.999000+00:00,11180538.64763,66671,7926168.0,5338306.06174,-0.022068733801701185,-0.05503160248109053,-0.10716504729218224,-5.830639752767219,0.5309038942479459,0.1368345837799216,0.3322615219721325,0.04205860255447026,23.682439680694173,-0.005283828043768543,-0.06039936409722289,-0.06966361097634123,-0.013165858929691243,-0.0074630094101276745,0.09967465240440387,-1.3331612291145565,0.012629447040561882,2.194056849707236,2.6030881539458623,-1.0,0.26,-0.10162261400145789,-0.5000000000000004,0.8660254037844384,0,2.0,1.0,True
BTCUSDT,trend_ema__directionshort_only_fast12_rsi_threshold55.0_slow89,trend_ema,2026-02-17 05:15:00+00:00,2026-02-17 10:30:00+00:00,short,0.007602024129632177,0.008402024129632178,target,21,0.3423201933029904,1,True,False,False,0.0027162326338451173,0.00851770720712765,0,0,0.011337531926758024,68321.1,68330.0,67892.8,68019.0,3827.129,2026-02-17 05:29:59.999000+00:00,260479105.3462,72111,1629.43,110870876.8538,-0.004430108462921225,-0.008037417276649209,-0.011894750401030612,-3.3848962832126377,0.6909881061299356,0.020356816102457088,0.28865507776760735,0.006427615813228614,32.88399033485048,-84.19914544416747,-0.0076841323690736135,-0.007641842860988851,-0.0014935225058216872,-0.0006347579499152989,0.015312363585063547,-1.2271144575085962,244.40978658954998,3.7641799708863113,3.6222096147257976,1.0,0.64,-0.015562788826285257,0.9659258262890683,0.25881904510252074,1,0.0,0.72,True
BTCUSDT,trend_ema__directionshort_only_fast12_rsi_threshold58.0_slow89,trend_ema,2026-02-17 05:15:00+00:00,2026-02-17 10:30:00+00:00,short,0.007602024129632177,0.008402024129632178,target,21,0.3423201933029904,1,True,False,False,0.0027162326338451173,0.00851770720712765,0,0,0.011108293083833102,68321.1,68330.0,67892.8,68019.0,3827.129,2026-02-17 05:29:59.999000+00:00,260479105.3462,72111,1629.43,110870876.8538,-0.004430108462921225,-0.008037417276649209,-0.011894750401030612,-3.3848962832126377,0.6909881061299356,0.020356816102457088,0.28865507776760735,0.006427615813228614,32.88399033485048,-84.19914544416747,-0.0076841323690736135,-0.007641842860988851,-0.0014935225058216872,-0.0006347579499152989,0.015312363585063547,-1.2271144575085962,244.40978658954998,3.7641799708863113,3.6222096147257976,1.0,0.64,-0.015562788826285257,0.9659258262890683,0.25881904510252074,1,0.0,0.72,True
BTCUSDT,trend_ema__directionshort_only_fast12_rsi_threshold52.0_slow89,trend_ema,2026-02-17 05:15:00+00:00,2026-02-17 10:30:00+00:00,short,0.007602024129632177,0.008402024129632178,target,21,0.3423201933029904,1,True,False,False,0.0027162326338451173,0.00851770720712765,0,0,0.010879054240908178,68321.1,68330.0,67892.8,68019.0,3827.129,2026-02-17 05:29:59.999000+00:00,260479105.3462,72111,1629.43,110870876.8538,-0.004430108462921225,-0.008037417276649209,-0.011894750401030612,-3.3848962832126377,0.6909881061299356,0.020356816102457088,0.28865507776760735,0.006427615813228614,32.88399033485048,-84.19914544416747,-0.0076841323690736135,-0.007641842860988851,-0.0014935225058216872,-0.0006347579499152989,0.015312363585063547,-1.2271144575085962,244.40978658954998,3.7641799708863113,3.6222096147257976,1.0,0.64,-0.015562788826285257,0.9659258262890683,0.25881904510252074,1,0.0,0.72,True
ZECUSDT,trend_ema__directionshort_only_fast12_rsi_threshold58.0_slow89,trend_ema,2026-02-17 15:00:00+00:00,2026-02-17 16:00:00+00:00,short,-0.021512076651939216,-0.020712076651939217,stop,4,0.2708175896442552,0,False,True,False,0.023032623180898777,0.016790882789566933,0,0,-0.0008800853879834932,282.79,284.55,278.0,280.14,45331.626,2026-02-17 15:14:59.999000+00:00,12761929.73684,59315,20878.33,5884094.76177,-0.009415094507388545,-0.04125882349153134,-0.015232856804416632,-3.3574817135481476,0.40458015267176023,0.268702290076334,0.32671755725190577,0.023381166559577397,36.45912051778724,-0.8523732371786121,-0.026679401189961743,-0.028976264667055055,-0.005841957327221814,-0.0014691414337381081,0.05808370890185614,-0.9222821423745627,4.09317926453904,0.6966296095965755,1.8401092903716576,-1.0,1.0,-0.04564965592423531,-0.7071067811865471,-0.7071067811865479,1,1.0,1.0,True
ZECUSDT,trend_ema__directionshort_only_fast12_rsi_threshold52.0_slow89,trend_ema,2026-02-17 15:00:00+00:00,2026-02-17 16:00:00+00:00,short,-0.021512076651939216,-0.020712076651939217,stop,4,0.2708175896442552,0,False,True,False,0.023032623180898777,0.016790882789566933,0,1,-0.0007992978909320689,282.79,284.55,278.0,280.14,45331.626,2026-02-17 15:14:59.999000+00:00,12761929.73684,59315,20878.33,5884094.76177,-0.009415094507388545,-0.04125882349153134,-0.015232856804416632,-3.3574817135481476,0.40458015267176023,0.268702290076334,0.32671755725190577,0.023381166559577397,36.45912051778724,-0.8523732371786121,-0.026679401189961743,-0.028976264667055055,-0.005841957327221814,-0.0014691414337381081,0.05808370890185614,-0.9222821423745627,4.09317926453904,0.6966296095965755,1.8401092903716576,-1.0,1.0,-0.04564965592423531,-0.7071067811865471,-0.7071067811865479,1,1.0,0.72,True
ZECUSDT,trend_ema__directionshort_only_fast12_rsi_threshold55.0_slow89,trend_ema,2026-02-17 15:00:00+00:00,2026-02-17 16:00:00+00:00,short,-0.021512076651939216,-0.020712076651939217,stop,4,0.2708175896442552,0,False,True,False,0.023032623180898777,0.016790882789566933,0,2,-0.0007185103938806434,282.79,284.55,278.0,280.14,45331.626,2026-02-17 15:14:59.999000+00:00,12761929.73684,59315,20878.33,5884094.76177,-0.009415094507388545,-0.04125882349153134,-0.015232856804416632,-3.3574817135481476,0.40458015267176023,0.268702290076334,0.32671755725190577,0.023381166559577397,36.45912051778724,-0.8523732371786121,-0.026679401189961743,-0.028976264667055055,-0.005841957327221814,-0.0014691414337381081,0.05808370890185614,-0.9222821423745627,4.09317926453904,0.6966296095965755,1.8401092903716576,-1.0,1.0,-0.04564965592423531,-0.7071067811865471,-0.7071067811865479,1,1.0,0.72,True
SOLUSDT,trend_ema__directionshort_only_fast12_rsi_threshold52.0_slow89,trend_ema,2026-02-18 01:00:00+00:00,2026-02-18 04:00:00+00:00,short,-0.008364263968951246,-0.007564263968951246,stop,12,0.18876192466287847,0,False,True,False,0.008168202358389609,0.01105184641171765,0,0,0.013868432181372755,84.82,84.94,84.2,84.37,235599.17,2026-02-18 01:14:59.999000+00:00,19909155.2486,21619,91171.29,7706072.7301,-0.0053194758689091145,-0.01119700542561435,-0.011314204370957984,-4.156944636481281,0.6081081081080969,0.16216216216216942,0.22972972972973363,0.00877089012682227,40.56190376685608,-0.07196014663741648,-0.006940166970170943,-0.006720803512130776,-0.0006694414962638007,8.591289073289765e-05,0.010105274788915479,-1.5847091141643084,0.44997905649084025,0.5753981097054341,1.3666197616156612,1.0,0.4,-0.011250439470291695,0.25881904510252074,0.9659258262890683,2,0.0,0.72,True
SOLUSDT,trend_ema__directionshort_only_fast12_rsi_threshold52.0_slow89,trend_ema,2026-02-18 11:00:00+00:00,2026-02-18 11:00:00+00:00,short,0.009509143820638794,0.010309143820638795,target,0,0.516508563373946,1,True,False,False,0.0002687910608512997,0.012320676031579297,0,1,0.00960628600552332,84.21,84.22,83.16,83.43,761903.97,2026-02-18 11:14:59.999000+00:00,63710676.3253,45997,345190.37,28859594.2153,-0.009424465819798495,-0.019466490073809673,-0.015815776486115096,-6.263028241496852,0.7358490566037597,0.00943396226415575,0.2547169811320846,0.012705261896200434,24.1745718313027,-0.19381300624661255,-0.01771367189868057,-0.018356114191678298,-0.0035373741664540548,-0.001364635535594183,0.024920648611362447,-1.536528773236866,0.39811531872616523,4.207879509981475,5.040003299038388,-1.0,0.65,-0.025805698271835542,0.258819045102521,-0.9659258262890682,2,1.0,0.6451613,True
SOLUSDT,trend_ema__directionshort_only_fast12_rsi_threshold55.0_slow89,trend_ema,2026-02-18 11:00:00+00:00,2026-02-18 11:00:00+00:00,short,0.009509143820638794,0.010309143820638795,target,0,0.516508563373946,1,True,False,False,0.0002687910608512997,0.012320676031579297,0,1,0.011256156270116943,84.21,84.22,83.16,83.43,761903.97,2026-02-18 11:14:59.999000+00:00,63710676.3253,45997,345190.37,28859594.2153,-0.009424465819798495,-0.019466490073809673,-0.015815776486115096,-6.263028241496852,0.7358490566037597,0.00943396226415575,0.2547169811320846,0.012705261896200434,24.1745718313027,-0.19381300624661255,-0.01771367189868057,-0.018356114191678298,-0.0035373741664540548,-0.001364635535594183,0.024920648611362447,-1.536528773236866,0.39811531872616523,4.207879509981475,5.040003299038388,-1.0,0.65,-0.025805698271835542,0.258819045102521,-0.9659258262890682,2,1.0,0.6451613,True
SOLUSDT,trend_ema__directionshort_only_fast12_rsi_threshold58.0_slow89,trend_ema,2026-02-18 11:00:00+00:00,2026-02-18 11:00:00+00:00,short,0.009509143820638794,0.010309143820638795,target,0,0.516508563373946,1,True,False,False,0.0002687910608512997,0.012320676031579297,0,1,0.01043122113782013,84.21,84.22,83.16,83.43,761903.97,2026-02-18 11:14:59.999000+00:00,63710676.3253,45997,345190.37,28859594.2153,-0.009424465819798495,-0.019466490073809673,-0.015815776486115096,-6.263028241496852,0.7358490566037597,0.00943396226415575,0.2547169811320846,0.012705261896200434,24.1745718313027,-0.19381300624661255,-0.01771367189868057,-0.018356114191678298,-0.0035373741664540548,-0.001364635535594183,0.024920648611362447,-1.536528773236866,0.39811531872616523,4.207879509981475,5.040003299038388,-1.0,0.65,-0.025805698271835542,0.258819045102521,-0.9659258262890682,2,1.0,0.6451613,True
PIPPINUSDT,trend_ema__directionlong_only_fast12_rsi_threshold58.0_slow55,trend_ema,2026-02-18 11:15:00+00:00,2026-02-18 11:30:00+00:00,long,0.09687593178073553,0.09767593178073553,target,1,0.503251489735047,1,True,False,False,0.012980508580449364,0.1320330048817805,0,2,0.016120957629298792,0.52601,0.56738,0.51926,0.55829,51220924.0,2026-02-18 11:29:59.999000+00:00,28056317.19066,272878,28210278.0,15449523.48878,0.059577327901086066,0.1393079803398982,0.21270191836855068,4.932998465659092,0.6708229426433918,0.18890274314214575,0.1402743142144624,0.086191764136918,75.16257448675235,0.009407411799221348,0.12188698647010214,0.12402963364011585,0.03451162673149888,0.01374167377254687,0.2624971198823955,1.2813456801053833,0.022523454499877388,2.2171122511770998,2.5742916297844674,1.0,1.0,0.0,0.258819045102521,-0.9659258262890682,2,1.0,1.0,True
PIPPINUSDT,trend_ema__directionlong_only_fast12_rsi_threshold55.0_slow55,trend_ema,2026-02-18 11:15:00+00:00,2026-02-18 11:30:00+00:00,long,0.09687593178073553,0.09767593178073553,target,1,0.503251489735047,1,True,False,False,0.012980508580449364,0.1320330048817805,0,2,0.0018422391136738172,0.52601,0.56738,0.51926,0.55829,51220924.0,2026-02-18 11:29:59.999000+00:00,28056317.19066,272878,28210278.0,15449523.48878,0.059577327901086066,0.1393079803398982,0.21270191836855068,4.932998465659092,0.6708229426433918,0.18890274314214575,0.1402743142144624,0.086191764136918,75.16257448675235,0.009407411799221348,0.12188698647010214,0.12402963364011585,0.03451162673149888,0.01374167377254687,0.2624971198823955,1.2813456801053833,0.022523454499877388,2.2171122511770998,2.5742916297844674,1.0,1.0,0.0,0.258819045102521,-0.9659258262890682,2,1.0,1.0,True
PIPPINUSDT,trend_ema__directionshort_only_fast12_rsi_threshold58.0_slow89,trend_ema,2026-02-18 20:30:00+00:00,2026-02-19 06:45:00+00:00,short,0.06880376504297234,0.06960376504297233,target,41,0.26810318071590616,1,True,False,False,0.007168347045337864,0.07270871680241268,0,0,0.012793639390633016,0.51587,0.51929,0.51384,0.51461,4417542.0,2026-02-18 20:44:59.999000+00:00,2282467.03408,34413,2227759.0,1151306.84672,-0.002697433253743211,-0.01892169440338158,-0.09136119107994055,-1.6687958617527834,0.23119266055046306,0.627522935779805,0.14128440366973194,0.010590544295680352,36.59484096420469,-0.003704648703571939,-0.035047464544908494,-0.03138277565116941,-0.010140190460482756,-0.004881656850560523,0.12517684542722576,-0.6948436916040189,0.013723983082328693,-1.0037209744701132,0.4533980482744982,1.0,0.01,-0.09701702052991745,-0.8660254037844386,0.5000000000000001,2,2.0,0.72,True
PIPPINUSDT,trend_ema__directionshort_only_fast12_rsi_threshold55.0_slow89,trend_ema,2026-02-18 20:30:00+00:00,2026-02-19 06:45:00+00:00,short,0.06880376504297234,0.06960376504297233,target,41,0.26810318071590616,1,True,False,False,0.007168347045337864,0.07270871680241268,0,0,0.023314882027237797,0.51587,0.51929,0.51384,0.51461,4417542.0,2026-02-18 20:44:59.999000+00:00,2282467.03408,34413,2227759.0,1151306.84672,-0.002697433253743211,-0.01892169440338158,-0.09136119107994055,-1.6687958617527834,0.23119266055046306,0.627522935779805,0.14128440366973194,0.010590544295680352,36.59484096420469,-0.003704648703571939,-0.035047464544908494,-0.03138277565116941,-0.010140190460482756,-0.004881656850560523,0.12517684542722576,-0.6948436916040189,0.013723983082328693,-1.0037209744701132,0.4533980482744982,1.0,0.01,-0.09701702052991745,-0.8660254037844386,0.5000000000000001,2,2.0,0.72,True
PIPPINUSDT,trend_ema__directionshort_only_fast12_rsi_threshold52.0_slow89,trend_ema,2026-02-18 20:30:00+00:00,2026-02-19 06:45:00+00:00,short,0.06880376504297234,0.06960376504297233,target,41,0.26810318071590616,1,True,False,False,0.007168347045337864,0.07270871680241268,0,0,0.002408437917407645,0.51587,0.51929,0.51384,0.51461,4417542.0,2026-02-18 20:44:59.999000+00:00,2282467.03408,34413,2227759.0,1151306.84672,-0.002697433253743211,-0.01892169440338158,-0.09136119107994055,-1.6687958617527834,0.23119266055046306,0.627522935779805,0.14128440366973194,0.010590544295680352,36.59484096420469,-0.003704648703571939,-0.035047464544908494,-0.03138277565116941,-0.010140190460482756,-0.004881656850560523,0.12517684542722576,-0.6948436916040189,0.013723983082328693,-1.0037209744701132,0.4533980482744982,1.0,0.01,-0.09701702052991745,-0.8660254037844386,0.5000000000000001,2,2.0,0.72,True
PIPPINUSDT,trend_ema__directionshort_only_fast21_rsi_threshold52.0_slow89,trend_ema,2026-02-18 21:15:00+00:00,2026-02-19 07:00:00+00:00,short,0.06256237730506004,0.06336237730506003,target,39,0.3337575938093704,1,True,False,False,0.018529502243100595,0.0661614124122782,0,0,0.03383612466384258,0.50934,0.5104,0.50375,0.50782,6800316.0,2026-02-18 21:29:59.999000+00:00,3448717.71947,47295,3416924.0,1733812.93354,-0.002870909453920312,-0.015979711401700455,-0.0824785192235659,-2.5587929671361067,0.2285714285714257,0.15939849624059554,0.6120300751879787,0.013095191209483544,33.31212030953148,-0.0031330037038591113,-0.036944753056544884,-0.04040018161953003,-0.011385599039015037,-0.006977558386346949,0.12723741012560252,-0.680197997103048,0.012460313714240568,-0.4487713435750415,0.7983953468863647,-1.0,0.01,-0.09935442678774109,-0.7071067811865477,0.7071067811865474,2,2.0,0.72,True
PIPPINUSDT,trend_ema__directionshort_only_fast21_rsi_threshold55.0_slow89,trend_ema,2026-02-18 21:15:00+00:00,2026-02-19 07:00:00+00:00,short,0.06256237730506004,0.06336237730506003,target,39,0.3337575938093704,1,True,False,False,0.018529502243100595,0.0661614124122782,0,0,0.043733228526656134,0.50934,0.5104,0.50375,0.50782,6800316.0,2026-02-18 21:29:59.999000+00:00,3448717.71947,47295,3416924.0,1733812.93354,-0.002870909453920312,-0.015979711401700455,-0.0824785192235659,-2.5587929671361067,0.2285714285714257,0.15939849624059554,0.6120300751879787,0.013095191209483544,33.31212030953148,-0.0031330037038591113,-0.036944753056544884,-0.04040018161953003,-0.011385599039015037,-0.006977558386346949,0.12723741012560252,-0.680197997103048,0.012460313714240568,-0.4487713435750415,0.7983953468863647,-1.0,0.01,-0.09935442678774109,-0.7071067811865477,0.7071067811865474,2,2.0,0.72,True
ZECUSDT,trend_ema__directionshort_only_fast12_rsi_threshold52.0_slow89,trend_ema,2026-02-20 07:45:00+00:00,2026-02-20 09:15:00+00:00,short,-0.010625200430603516,-0.009825200430603516,stop,6,0.27893038597161407,0,False,True,False,0.012314319419005982,0.008303781327927319,0,1,0.005797253675799627,261.46,262.26,259.25,260.57,20507.368,2026-02-20 07:59:59.999000+00:00,5341653.8686,22732,7389.976,1925788.88892,-0.0034097690259195642,-0.013872702377683482,-0.009738662773007197,-4.085547075850926,0.29568106312292,0.26578073089701454,0.4385382059800655,0.011551598418850947,36.053480701419296,-0.39065199190208444,-0.010594977175081354,-0.009885077825613044,-0.0023094997944428375,-0.0006108621449795182,0.017257075891988917,-1.2943478404028432,1.805030971935647,2.1870871920980095,2.4992767701127643,1.0,0.08,-0.018161950337239552,0.9659258262890683,-0.25881904510252063,4,0.0,0.6451613,True
ZECUSDT,trend_ema__directionshort_only_fast12_rsi_threshold58.0_slow89,trend_ema,2026-02-20 07:45:00+00:00,2026-02-20 09:15:00+00:00,short,-0.010625200430603516,-0.009825200430603516,stop,6,0.27893038597161407,0,False,True,False,0.012314319419005982,0.008303781327927319,0,0,0.008834410580147962,261.46,262.26,259.25,260.57,20507.368,2026-02-20 07:59:59.999000+00:00,5341653.8686,22732,7389.976,1925788.88892,-0.0034097690259195642,-0.013872702377683482,-0.009738662773007197,-4.085547075850926,0.29568106312292,0.26578073089701454,0.4385382059800655,0.011551598418850947,36.053480701419296,-0.39065199190208444,-0.010594977175081354,-0.009885077825613044,-0.0023094997944428375,-0.0006108621449795182,0.017257075891988917,-1.2943478404028432,1.805030971935647,2.1870871920980095,2.4992767701127643,1.0,0.08,-0.018161950337239552,0.9659258262890683,-0.25881904510252063,4,0.0,0.72,True
ZECUSDT,trend_ema__directionshort_only_fast12_rsi_threshold55.0_slow89,trend_ema,2026-02-20 07:45:00+00:00,2026-02-20 09:15:00+00:00,short,-0.010625200430603516,-0.009825200430603516,stop,6,0.27893038597161407,0,False,True,False,0.012314319419005982,0.008303781327927319,0,2,0.002760096771451291,261.46,262.26,259.25,260.57,20507.368,2026-02-20 07:59:59.999000+00:00,5341653.8686,22732,7389.976,1925788.88892,-0.0034097690259195642,-0.013872702377683482,-0.009738662773007197,-4.085547075850926,0.29568106312292,0.26578073089701454,0.4385382059800655,0.011551598418850947,36.053480701419296,-0.39065199190208444,-0.010594977175081354,-0.009885077825613044,-0.0023094997944428375,-0.0006108621449795182,0.017257075891988917,-1.2943478404028432,1.805030971935647,2.1870871920980095,2.4992767701127643,1.0,0.08,-0.018161950337239552,0.9659258262890683,-0.25881904510252063,4,0.0,0.6451613,True
PIPPINUSDT,trend_ema__directionlong_only_fast12_rsi_threshold58.0_slow55,trend_ema,2026-02-21 01:15:00+00:00,2026-02-21 01:45:00+00:00,long,-0.01682912976869443,-0.01602912976869443,stop,2,0.2611374309391871,0,False,True,False,0.017931031554001237,0.007792625765030964,0,4,0.014119711179171717,0.50102,0.505,0.4931,0.49633,4929727.0,2026-02-21 01:29:59.999000+00:00,2459511.05332,40710,2261222.0,1128334.87143,-0.009365073008240021,0.013795280956453661,0.02672760342526167,1.90724995741443,0.3941176470588251,0.3344537815126031,0.27142857142857185,0.023975983720508576,63.05687154695936,0.0025681371230293765,0.019150398748128166,0.018348905673125693,0.007553802763960116,0.003068947169874603,0.05801176781436825,0.8906993085757011,0.005822264287652886,2.694773439679716,2.3347078193679076,-1.0,0.69,-0.009321357285429155,0.25881904510252074,0.9659258262890683,5,0.0,0.6666667,True
XRPUSDT,trend_ema__directionshort_only_fast21_rsi_threshold55.0_slow89,trend_ema,2026-02-22 00:15:00+00:00,2026-02-22 05:45:00+00:00,short,0.00737083881683908,0.00817083881683908,target,22,0.2656167583695643,1,True,False,False,0.0028805685921140423,0.00846169977649266,0,0,0.005478860923542267,1.4285,1.4321,1.4256,1.4292,8933583.4,2026-02-22 00:29:59.999000+00:00,12758946.71123,14453,4417616.8,6310140.22888,0.0005599104289613909,-0.003004159174169789,-0.008846841163346445,-1.8325805766016596,0.10769230769229665,0.4461538461538346,0.44615384615386877,0.004547998880492549,36.71916208152179,-0.0007985910798758932,-0.004159966694369657,-0.0059484554023660485,-0.0014913942774776867,-0.0011226705200851894,0.01401048844837037,-0.6962551564360239,0.004798965764679224,3.211352467248266,2.5424568302487627,-1.0,0.11,-0.010934256055363356,0.0,1.0,6,0.0,0.6666667,True
XRPUSDT,trend_ema__directionshort_only_fast21_rsi_threshold52.0_slow89,trend_ema,2026-02-22 00:15:00+00:00,2026-02-22 05:45:00+00:00,short,0.00737083881683908,0.00817083881683908,target,22,0.2656167583695643,1,True,False,False,0.0028805685921140423,0.00846169977649266,0,0,0.006938590532390265,1.4285,1.4321,1.4256,1.4292,8933583.4,2026-02-22 00:29:59.999000+00:00,12758946.71123,14453,4417616.8,6310140.22888,0.0005599104289613909,-0.003004159174169789,-0.008846841163346445,-1.8325805766016596,0.10769230769229665,0.4461538461538346,0.44615384615386877,0.004547998880492549,36.71916208152179,-0.0007985910798758932,-0.004159966694369657,-0.0059484554023660485,-0.0014913942774776867,-0.0011226705200851894,0.01401048844837037,-0.6962551564360239,0.004798965764679224,3.211352467248266,2.5424568302487627,-1.0,0.11,-0.010934256055363356,0.0,1.0,6,0.0,0.6666667,True
PIPPINUSDT,trend_ema__directionlong_only_fast12_rsi_threshold55.0_slow55,trend_ema,2026-02-22 00:30:00+00:00,2026-02-22 06:30:00+00:00,long,0.025034571388637853,0.02583457138863785,target,24,0.295478720842606,1,True,False,False,0.013706647717805658,0.02759154943766593,0,4,0.0050357816150121484,0.49341,0.49849,0.49284,0.49579,2732933.0,2026-02-22 00:44:59.999000+00:00,1356158.80246,22686,1299670.0,645023.284,0.004832245879273806,0.01581655252805843,0.039055334223390144,2.623234567501072,0.42123893805309703,0.47787610619468773,0.10088495575221525,0.011395953932108328,64.7739360421303,0.001813443527536888,0.01676742115614526,0.01634265405893311,0.005245451441270532,0.0022223074902467665,0.057821420093632864,0.8369411796054452,0.00513889494329218,1.2196866279629952,1.4550849571088154,-1.0,0.51,0.0,0.0,1.0,6,0.0,0.6451613,True
ETHUSDT,trend_ema__directionshort_only_fast12_rsi_threshold58.0_slow89,trend_ema,2026-02-22 00:30:00+00:00,2026-02-22 01:15:00+00:00,short,-0.004641669791772611,-0.0038416697917726113,stop,3,0.3150788059864251,0,False,True,False,0.004390636253040742,0.0006066858184210914,0,1,0.0036677186413177965,1969.35,1970.44,1967.86,1967.87,11595.67,2026-02-22 00:44:59.999000+00:00,22837511.92773,23811,6306.118,12420008.3337,-0.0007568773331152087,-0.003505260205788439,-0.00763389536039913,-2.1040272853252975,0.5736434108526859,0.4224806201550698,0.0038759689922443046,0.0013110622144756284,34.24605970067874,-0.8670459655086766,-0.004149372078622634,-0.005065596435395501,-0.001094480242644691,-0.0007272797816934018,0.011736873876161732,-0.7722250088076793,4.867045159636549,-0.3707000145761381,0.6839967890875458,-1.0,0.77,-0.01037963097998007,0.0,1.0,6,0.0,0.6666667,True
PIPPINUSDT,trend_ema__directionlong_only_fast12_rsi_threshold55.0_slow55,trend_ema,2026-02-22 00:30:00+00:00,2026-02-22 06:30:00+00:00,long,0.025034571388637853,0.02583457138863785,target,24,0.295478720842606,1,True,False,False,0.013706647717805658,0.02759154943766593,0,4,0.0050357816150121484,0.49341,0.49849,0.49284,0.49579,2732933.0,2026-02-22 00:44:59.999000+00:00,1356158.80246,22686,1299670.0,645023.284,0.004832245879273806,0.01581655252805843,0.039055334223390144,2.623234567501072,0.42123893805309703,0.47787610619468773,0.10088495575221525,0.011395953932108328,64.7739360421303,0.001813443527536888,0.01676742115614526,0.01634265405893311,0.005245451441270532,0.0022223074902467665,0.057821420093632864,0.8369411796054452,0.00513889494329218,1.2196866279629952,1.4550849571088154,-1.0,0.51,0.0,0.0,1.0,6,0.0,0.6896552,True
ETHUSDT,trend_ema__directionshort_only_fast12_rsi_threshold55.0_slow89,trend_ema,2026-02-22 00:30:00+00:00,2026-02-22 01:15:00+00:00,short,-0.004641669791772611,-0.0038416697917726113,stop,3,0.3150788059864251,0,False,True,False,0.004390636253040742,0.0006066858184210914,0,3,0.001026402331097152,1969.35,1970.44,1967.86,1967.87,11595.67,2026-02-22 00:44:59.999000+00:00,22837511.92773,23811,6306.118,12420008.3337,-0.0007568773331152087,-0.003505260205788439,-0.00763389536039913,-2.1040272853252975,0.5736434108526859,0.4224806201550698,0.0038759689922443046,0.0013110622144756284,34.24605970067874,-0.8670459655086766,-0.004149372078622634,-0.005065596435395501,-0.001094480242644691,-0.0007272797816934018,0.011736873876161732,-0.7722250088076793,4.867045159636549,-0.3707000145761381,0.6839967890875458,-1.0,0.77,-0.01037963097998007,0.0,1.0,6,0.0,0.6666667,True
XRPUSDT,trend_ema__directionlong_only_fast12_rsi_threshold55.0_slow55,trend_ema,2026-02-23 09:45:00+00:00,2026-02-23 12:30:00+00:00,long,0.013957713003296944,0.014757713003296945,target,11,0.392730940010197,1,True,False,False,0.0013027084703686484,0.026434880422930143,0,4,-0.00571633303142758,1.3878,1.3955,1.3876,1.3907,15864298.0,2026-02-23 09:59:59.999000+00:00,22071371.75372,26013,8503705.6,11832770.11244,0.002159517107600359,0.01872605162241542,0.03557166608080499,4.596259493550256,0.36708860759495165,0.6075949367088487,0.025316455696199686,0.005680592507370402,69.63654700050985,0.0031742412498789382,0.01685920618231506,0.016984986654423783,0.004593078457911792,0.0017607074820911173,0.04194973437353924,0.9435863285400455,0.008172564024233967,1.5318159376344247,1.9253872184601954,1.0,0.76,0.0,0.7071067811865476,-0.7071067811865475,0,1.0,0.6451613,True
XRPUSDT,trend_ema__directionlong_only_fast12_rsi_threshold55.0_slow55,trend_ema,2026-02-23 09:45:00+00:00,2026-02-23 12:30:00+00:00,long,0.013957713003296944,0.014757713003296945,target,11,0.392730940010197,1,True,False,False,0.0013027084703686484,0.026434880422930143,0,4,-0.00571633303142758,1.3878,1.3955,1.3876,1.3907,15864298.0,2026-02-23 09:59:59.999000+00:00,22071371.75372,26013,8503705.6,11832770.11244,0.002159517107600359,0.01872605162241542,0.03557166608080499,4.596259493550256,0.36708860759495165,0.6075949367088487,0.025316455696199686,0.005680592507370402,69.63654700050985,0.0031742412498789382,0.01685920618231506,0.016984986654423783,0.004593078457911792,0.0017607074820911173,0.04194973437353924,0.9435863285400455,0.008172564024233967,1.5318159376344247,1.9253872184601954,1.0,0.76,0.0,0.7071067811865476,-0.7071067811865475,0,1.0,0.6784791,True
SOLUSDT,trend_ema__directionlong_only_fast12_rsi_threshold55.0_slow55,trend_ema,2026-02-23 12:30:00+00:00,2026-02-23 14:30:00+00:00,long,-0.00817596996993915,-0.00737596996993915,stop,8,0.33935137757419026,0,False,True,False,0.00913963804530234,0.012085949345360322,0,3,0.0015119824484107263,80.08,80.93,79.81,80.71,804306.64,2026-02-23 12:44:59.999000+00:00,64736057.1235,45326,425735.22,34268866.8797,0.007711481000689961,0.007961231251738565,0.026872536148550744,1.9948118733721665,0.5624999999999937,0.1964285714285823,0.24107142857142405,0.013876843018213413,66.96756887870951,0.0529774911496359,0.010739211814896652,0.010012620469080408,0.0020719415491079474,0.0008247783104007311,0.03455438532668877,0.6860862407444009,0.44570626568914484,2.2818172960859524,2.3917250837234643,-1.0,0.75,0.0,1.2246467991473532e-16,-1.0,0,1.0,0.6666667,True
SOLUSDT,trend_ema__directionlong_only_fast12_rsi_threshold58.0_slow55,trend_ema,2026-02-23 12:30:00+00:00,2026-02-23 14:30:00+00:00,long,-0.00817596996993915,-0.00737596996993915,stop,8,0.33935137757419026,0,False,True,False,0.00913963804530234,0.012085949345360322,0,3,0.0036930230397305675,80.08,80.93,79.81,80.71,804306.64,2026-02-23 12:44:59.999000+00:00,64736057.1235,45326,425735.22,34268866.8797,0.007711481000689961,0.007961231251738565,0.026872536148550744,1.9948118733721665,0.5624999999999937,0.1964285714285823,0.24107142857142405,0.013876843018213413,66.96756887870951,0.0529774911496359,0.010739211814896652,0.010012620469080408,0.0020719415491079474,0.0008247783104007311,0.03455438532668877,0.6860862407444009,0.44570626568914484,2.2818172960859524,2.3917250837234643,-1.0,0.75,0.0,1.2246467991473532e-16,-1.0,0,1.0,0.6666667,True
XRPUSDT,trend_ema__directionshort_only_fast21_rsi_threshold55.0_slow89,trend_ema,2026-02-23 16:45:00+00:00,2026-02-24 01:15:00+00:00,short,0.020093548578637405,0.020893548578637403,target,34,0.21819081686128114,1,True,False,False,0.004240914422168118,0.031189131660231784,0,0,0.011514458357317167,1.3691,1.3699,1.3632,1.3657,6787000.7,2026-02-23 16:59:59.999000+00:00,9271888.8316,20072,2843990.9,3884341.0425,-0.0025595099716514557,-0.0030706267729650478,-0.03348165439786762,-0.5724664538457989,0.50746268656718,0.119402985074615,0.373134328358205,0.004905909057626073,39.09045915693594,-0.003647544671992792,-0.010943807171768093,-0.010802619281403558,-0.0026124372393565576,-0.0018431462406369725,0.0498028713084518,-0.6655389333396922,0.01110182472058037,-1.0223869380588106,0.49825657031632314,1.0,0.98,-0.036475236348243345,-0.8660254037844385,-0.5000000000000004,0,2.0,0.6451613,True
XRPUSDT,trend_ema__directionshort_only_fast21_rsi_threshold55.0_slow89,trend_ema,2026-02-23 16:45:00+00:00,2026-02-24 01:15:00+00:00,short,0.020093548578637405,0.020893548578637403,target,34,0.21819081686128114,1,True,False,False,0.004240914422168118,0.031189131660231784,0,0,0.011514458357317167,1.3691,1.3699,1.3632,1.3657,6787000.7,2026-02-23 16:59:59.999000+00:00,9271888.8316,20072,2843990.9,3884341.0425,-0.0025595099716514557,-0.0030706267729650478,-0.03348165439786762,-0.5724664538457989,0.50746268656718,0.119402985074615,0.373134328358205,0.004905909057626073,39.09045915693594,-0.003647544671992792,-0.010943807171768093,-0.010802619281403558,-0.0026124372393565576,-0.0018431462406369725,0.0498028713084518,-0.6655389333396922,0.01110182472058037,-1.0223869380588106,0.49825657031632314,1.0,0.98,-0.036475236348243345,-0.8660254037844385,-0.5000000000000004,0,2.0,0.6896552,True
XRPUSDT,trend_ema__directionshort_only_fast21_rsi_threshold52.0_slow89,trend_ema,2026-02-23 16:45:00+00:00,2026-02-24 01:15:00+00:00,short,0.020093548578637405,0.020893548578637403,target,34,0.21819081686128114,1,True,False,False,0.004240914422168118,0.031189131660231784,0,0,0.012616972837484506,1.3691,1.3699,1.3632,1.3657,6787000.7,2026-02-23 16:59:59.999000+00:00,9271888.8316,20072,2843990.9,3884341.0425,-0.0025595099716514557,-0.0030706267729650478,-0.03348165439786762,-0.5724664538457989,0.50746268656718,0.119402985074615,0.373134328358205,0.004905909057626073,39.09045915693594,-0.003647544671992792,-0.010943807171768093,-0.010802619281403558,-0.0026124372393565576,-0.0018431462406369725,0.0498028713084518,-0.6655389333396922,0.01110182472058037,-1.0223869380588106,0.49825657031632314,1.0,0.98,-0.036475236348243345,-0.8660254037844385,-0.5000000000000004,0,2.0,0.6896552,True
XRPUSDT,trend_ema__directionshort_only_fast21_rsi_threshold52.0_slow89,trend_ema,2026-02-23 16:45:00+00:00,2026-02-24 01:15:00+00:00,short,0.020093548578637405,0.020893548578637403,target,34,0.21819081686128114,1,True,False,False,0.004240914422168118,0.031189131660231784,0,0,0.012616972837484506,1.3691,1.3699,1.3632,1.3657,6787000.7,2026-02-23 16:59:59.999000+00:00,9271888.8316,20072,2843990.9,3884341.0425,-0.0025595099716514557,-0.0030706267729650478,-0.03348165439786762,-0.5724664538457989,0.50746268656718,0.119402985074615,0.373134328358205,0.004905909057626073,39.09045915693594,-0.003647544671992792,-0.010943807171768093,-0.010802619281403558,-0.0026124372393565576,-0.0018431462406369725,0.0498028713084518,-0.6655389333396922,0.01110182472058037,-1.0223869380588106,0.49825657031632314,1.0,0.98,-0.036475236348243345,-0.8660254037844385,-0.5000000000000004,0,2.0,0.6451613,True
PIPPINUSDT,trend_ema__directionlong_only_fast12_rsi_threshold55.0_slow55,trend_ema,2026-02-24 13:45:00+00:00,2026-02-24 20:15:00+00:00,long,0.10393341284548005,0.10473341284548005,target,26,0.11910193783844904,1,True,False,False,0.019652260494259305,0.11777504207702164,0,3,0.0103718757008932,0.768,0.77589,0.76143,0.76726,7375382.0,2026-02-24 13:59:59.999000+00:00,5670170.75821,69008,3693854.0,2841325.28847,-0.0008598340789513667,0.060842140193318184,-0.03623311190189687,1.8741884528229438,0.051175656984783345,0.5456431535269708,0.4031811894882459,0.018846284180069228,55.95509689192245,0.003769898765186994,0.02767709364936095,0.031040565208975458,0.009343607085352756,0.003539631252030384,0.16858968041729464,0.29774519274414984,0.030913292645952856,-0.5998607462206181,0.39760975041645735,1.0,0.99,-0.04614734329545733,-0.2588190451025208,-0.9659258262890683,1,1.0,0.6871071,True
ZECUSDT,trend_ema__directionlong_only_fast12_rsi_threshold55.0_slow55,trend_ema,2026-02-24 16:00:00+00:00,2026-02-24 16:30:00+00:00,long,0.018498168448950473,0.01929816844895047,target,2,0.48454043359639654,1,True,False,False,0.0015327220655399088,0.02880385560135967,0,2,0.0023456312813243544,238.62,241.85,238.6,240.19,40115.276,2026-02-24 16:14:59.999000+00:00,9644891.74238,36020,23680.608,5692141.19861,0.006557948358238708,0.025425634422262564,0.027948458756507574,5.700410222367613,0.48307692307692096,0.5107692307692298,0.006153846153849302,0.01353095466089346,74.22702167981983,0.771178280277591,0.022804976302665276,0.02346911259973324,0.005695514359873366,0.002418494909651958,0.03665595646147961,1.4256067391734764,1.9428016008632596,2.6529577060905702,3.0341475814709904,1.0,0.77,0.0,-0.8660254037844385,-0.5000000000000004,1,2.0,1.0,True
ZECUSDT,trend_ema__directionlong_only_fast12_rsi_threshold58.0_slow55,trend_ema,2026-02-24 16:00:00+00:00,2026-02-24 16:30:00+00:00,long,0.018498168448950473,0.01929816844895047,target,2,0.48454043359639654,1,True,False,False,0.0015327220655399088,0.02880385560135967,0,3,0.0030068738756020862,238.62,241.85,238.6,240.19,40115.276,2026-02-24 16:14:59.999000+00:00,9644891.74238,36020,23680.608,5692141.19861,0.006557948358238708,0.025425634422262564,0.027948458756507574,5.700410222367613,0.48307692307692096,0.5107692307692298,0.006153846153849302,0.01353095466089346,74.22702167981983,0.771178280277591,0.022804976302665276,0.02346911259973324,0.005695514359873366,0.002418494909651958,0.03665595646147961,1.4256067391734764,1.9428016008632596,2.6529577060905702,3.0341475814709904,1.0,0.77,0.0,-0.8660254037844385,-0.5000000000000004,1,2.0,1.0,True
ETHUSDT,trend_ema__directionlong_only_fast12_rsi_threshold58.0_slow55,trend_ema,2026-02-24 16:00:00+00:00,2026-02-25 01:00:00+00:00,long,0.014375325925606567,0.015175325925606567,target,36,0.4178166315499405,1,True,False,False,0.005213235865960078,0.0386448705282435,0,4,-0.0055928931263414545,1846.36,1862.63,1845.54,1855.65,180788.143,2026-02-24 16:14:59.999000+00:00,335377663.34456,235990,102659.74,190426855.33335,0.005013489628789721,0.009252382467626743,0.01584989673278501,3.356648206285633,0.5435927442949159,0.40842598010532233,0.04798127559976181,0.009209710882979089,70.89083157749702,3.9279402465519,0.012594987902353751,0.012359974648796377,0.0030869684396177544,0.0016435954227431715,0.026387629294317844,1.1427079650328806,11.629375124624374,1.4589773205161713,2.4480209573870084,-1.0,0.27,0.0,-0.8660254037844385,-0.5000000000000004,1,2.0,0.6896552,True
XRPUSDT,trend_ema__directionlong_only_fast12_rsi_threshold58.0_slow55,trend_ema,2026-02-24 16:00:00+00:00,2026-02-25 01:00:00+00:00,long,0.014843762059563765,0.015643762059563766,target,36,0.46692385095988925,1,True,False,False,0.008070021359396011,0.02442436418072961,0,3,-0.005355245859710653,1.3508,1.3637,1.35,1.3595,26550983.0,2026-02-24 16:14:59.999000+00:00,36084527.34985,43074,14498383.2,19704428.66032,0.00649400850580685,0.014372747046342624,0.018860077887764753,4.823330945334497,0.6350364963503681,0.30656934306569605,0.05839416058393593,0.010077234277307704,73.34619254799446,0.0031307345038225796,0.01577250540097145,0.016444363840136776,0.003870538723952821,0.002057987853936627,0.02782387829809273,1.3027133015225736,0.00882862645367581,1.8509988465097449,2.6245506441403252,1.0,0.4,0.0,-0.8660254037844385,-0.5000000000000004,1,2.0,0.93573093,True
ETHUSDT,trend_ema__directionlong_only_fast12_rsi_threshold58.0_slow55,trend_ema,2026-02-24 16:00:00+00:00,2026-02-25 01:00:00+00:00,long,0.014375325925606567,0.015175325925606567,target,36,0.4178166315499405,1,True,False,False,0.005213235865960078,0.0386448705282435,0,4,-0.0055928931263414545,1846.36,1862.63,1845.54,1855.65,180788.143,2026-02-24 16:14:59.999000+00:00,335377663.34456,235990,102659.74,190426855.33335,0.005013489628789721,0.009252382467626743,0.01584989673278501,3.356648206285633,0.5435927442949159,0.40842598010532233,0.04798127559976181,0.009209710882979089,70.89083157749702,3.9279402465519,0.012594987902353751,0.012359974648796377,0.0030869684396177544,0.0016435954227431715,0.026387629294317844,1.1427079650328806,11.629375124624374,1.4589773205161713,2.4480209573870084,-1.0,0.27,0.0,-0.8660254037844385,-0.5000000000000004,1,2.0,0.72,True
XRPUSDT,trend_ema__directionlong_only_fast12_rsi_threshold58.0_slow55,trend_ema,2026-02-24 16:00:00+00:00,2026-02-25 01:00:00+00:00,long,0.014843762059563765,0.015643762059563766,target,36,0.46692385095988925,1,True,False,False,0.008070021359396011,0.02442436418072961,0,3,-0.005355245859710653,1.3508,1.3637,1.35,1.3595,26550983.0,2026-02-24 16:14:59.999000+00:00,36084527.34985,43074,14498383.2,19704428.66032,0.00649400850580685,0.014372747046342624,0.018860077887764753,4.823330945334497,0.6350364963503681,0.30656934306569605,0.05839416058393593,0.010077234277307704,73.34619254799446,0.0031307345038225796,0.01577250540097145,0.016444363840136776,0.003870538723952821,0.002057987853936627,0.02782387829809273,1.3027133015225736,0.00882862645367581,1.8509988465097449,2.6245506441403252,1.0,0.4,0.0,-0.8660254037844385,-0.5000000000000004,1,2.0,1.0,True
XRPUSDT,trend_ema__directionlong_only_fast12_rsi_threshold55.0_slow55,trend_ema,2026-02-24 16:00:00+00:00,2026-02-25 01:00:00+00:00,long,0.014843762059563765,0.015643762059563766,target,36,0.46692385095988925,1,True,False,False,0.008070021359396011,0.02442436418072961,0,2,-0.0027667402918894342,1.3508,1.3637,1.35,1.3595,26550983.0,2026-02-24 16:14:59.999000+00:00,36084527.34985,43074,14498383.2,19704428.66032,0.00649400850580685,0.014372747046342624,0.018860077887764753,4.823330945334497,0.6350364963503681,0.30656934306569605,0.05839416058393593,0.010077234277307704,73.34619254799446,0.0031307345038225796,0.01577250540097145,0.016444363840136776,0.003870538723952821,0.002057987853936627,0.02782387829809273,1.3027133015225736,0.00882862645367581,1.8509988465097449,2.6245506441403252,1.0,0.4,0.0,-0.8660254037844385,-0.5000000000000004,1,2.0,1.0,True
ZECUSDT,trend_ema__directionlong_only_fast12_rsi_threshold58.0_slow55,trend_ema,2026-02-24 16:00:00+00:00,2026-02-24 16:30:00+00:00,long,0.018498168448950473,0.01929816844895047,target,2,0.48454043359639654,1,True,False,False,0.0015327220655399088,0.02880385560135967,0,3,0.0030068738756020862,238.62,241.85,238.6,240.19,40115.276,2026-02-24 16:14:59.999000+00:00,9644891.74238,36020,23680.608,5692141.19861,0.006557948358238708,0.025425634422262564,0.027948458756507574,5.700410222367613,0.48307692307692096,0.5107692307692298,0.006153846153849302,0.01353095466089346,74.22702167981983,0.771178280277591,0.022804976302665276,0.02346911259973324,0.005695514359873366,0.002418494909651958,0.03665595646147961,1.4256067391734764,1.9428016008632596,2.6529577060905702,3.0341475814709904,1.0,0.77,0.0,-0.8660254037844385,-0.5000000000000004,1,2.0,0.7514332,True
XRPUSDT,trend_ema__directionlong_only_fast12_rsi_threshold55.0_slow55,trend_ema,2026-02-24 16:00:00+00:00,2026-02-25 01:00:00+00:00,long,0.014843762059563765,0.015643762059563766,target,36,0.46692385095988925,1,True,False,False,0.008070021359396011,0.02442436418072961,0,2,-0.0027667402918894342,1.3508,1.3637,1.35,1.3595,26550983.0,2026-02-24 16:14:59.999000+00:00,36084527.34985,43074,14498383.2,19704428.66032,0.00649400850580685,0.014372747046342624,0.018860077887764753,4.823330945334497,0.6350364963503681,0.30656934306569605,0.05839416058393593,0.010077234277307704,73.34619254799446,0.0031307345038225796,0.01577250540097145,0.016444363840136776,0.003870538723952821,0.002057987853936627,0.02782387829809273,1.3027133015225736,0.00882862645367581,1.8509988465097449,2.6245506441403252,1.0,0.4,0.0,-0.8660254037844385,-0.5000000000000004,1,2.0,1.0,True
ZECUSDT,trend_ema__directionlong_only_fast12_rsi_threshold55.0_slow55,trend_ema,2026-02-24 16:00:00+00:00,2026-02-24 16:30:00+00:00,long,0.018498168448950473,0.01929816844895047,target,2,0.48454043359639654,1,True,False,False,0.0015327220655399088,0.02880385560135967,0,2,0.0023456312813243544,238.62,241.85,238.6,240.19,40115.276,2026-02-24 16:14:59.999000+00:00,9644891.74238,36020,23680.608,5692141.19861,0.006557948358238708,0.025425634422262564,0.027948458756507574,5.700410222367613,0.48307692307692096,0.5107692307692298,0.006153846153849302,0.01353095466089346,74.22702167981983,0.771178280277591,0.022804976302665276,0.02346911259973324,0.005695514359873366,0.002418494909651958,0.03665595646147961,1.4256067391734764,1.9428016008632596,2.6529577060905702,3.0341475814709904,1.0,0.77,0.0,-0.8660254037844385,-0.5000000000000004,1,2.0,0.7823333,True
XRPUSDT,trend_ema__directionshort_only_fast12_rsi_threshold52.0_slow89,trend_ema,2026-02-25 01:00:00+00:00,2026-02-25 01:00:00+00:00,short,-0.007676732331323902,-0.0068767323313239015,stop,0,0.46300845209207636,0,False,True,False,0.028080534124087654,0.0006670935280815327,0,0,0.013719487317651846,1.3464,1.384,1.3453,1.383,39105398.5,2026-02-25 01:14:59.999000+00:00,53519865.30864,67410,23976391.5,32816998.40852,0.026820688788161885,0.027266420910540445,0.019494648696089117,4.178412408690601,0.9457364341085273,0.02583979328165093,0.02842377260982176,0.027982646420824264,73.15042260460382,0.0014379189881604645,0.021863537183335623,0.024055728674881108,0.0019368512940081128,0.0006261537885827728,0.025564790516665544,1.7473567291657757,0.008495084124686955,4.919290650875739,6.543027576134844,1.0,1.0,0.0,0.25881904510252074,0.9659258262890683,2,0.0,1.0,True
XRPUSDT,trend_ema__directionshort_only_fast12_rsi_threshold52.0_slow89,trend_ema,2026-02-25 01:00:00+00:00,2026-02-25 01:00:00+00:00,short,-0.007676732331323902,-0.0068767323313239015,stop,0,0.46300845209207636,0,False,True,False,0.028080534124087654,0.0006670935280815327,0,0,0.013719487317651846,1.3464,1.384,1.3453,1.383,39105398.5,2026-02-25 01:14:59.999000+00:00,53519865.30864,67410,23976391.5,32816998.40852,0.026820688788161885,0.027266420910540445,0.019494648696089117,4.178412408690601,0.9457364341085273,0.02583979328165093,0.02842377260982176,0.027982646420824264,73.15042260460382,0.0014379189881604645,0.021863537183335623,0.024055728674881108,0.0019368512940081128,0.0006261537885827728,0.025564790516665544,1.7473567291657757,0.008495084124686955,4.919290650875739,6.543027576134844,1.0,1.0,0.0,0.25881904510252074,0.9659258262890683,2,0.0,1.0,True
ZECUSDT,trend_ema__directionshort_only_fast12_rsi_threshold55.0_slow89,trend_ema,2026-02-25 05:00:00+00:00,2026-02-25 12:45:00+00:00,short,-0.01451099921824026,-0.013710999218240259,stop,31,0.2811822114203173,0,False,True,False,0.014240764877273382,0.01866550885642884,0,0,0.007318344514139921,239.2,240.14,238.37,238.44,10831.183,2026-02-25 05:14:59.999000+00:00,2592072.83686,14622,5763.324,1379852.05625,-0.0032241208709705054,0.004792542910007766,-0.03162025104528439,0.7544361121579936,0.4293785310734456,0.5310734463276878,0.03954802259886661,0.007423251132360266,35.940889428984136,-0.7372791426401359,-0.014133618991642461,-0.015100250901870301,-0.004066879442121252,-0.0031159555178458254,0.06290948349371676,-0.6028742653751478,2.156396562407841,-0.49979052645569993,0.618295169983259,-1.0,0.92,-0.04056011588604547,0.9659258262890683,0.25881904510252074,2,0.0,0.6896552,True
ZECUSDT,trend_ema__directionshort_only_fast12_rsi_threshold55.0_slow89,trend_ema,2026-02-25 05:00:00+00:00,2026-02-25 12:45:00+00:00,short,-0.01451099921824026,-0.013710999218240259,stop,31,0.2811822114203173,0,False,True,False,0.014240764877273382,0.01866550885642884,0,0,0.007318344514139921,239.2,240.14,238.37,238.44,10831.183,2026-02-25 05:14:59.999000+00:00,2592072.83686,14622,5763.324,1379852.05625,-0.0032241208709705054,0.004792542910007766,-0.03162025104528439,0.7544361121579936,0.4293785310734456,0.5310734463276878,0.03954802259886661,0.007423251132360266,35.940889428984136,-0.7372791426401359,-0.014133618991642461,-0.015100250901870301,-0.004066879442121252,-0.0031159555178458254,0.06290948349371676,-0.6028742653751478,2.156396562407841,-0.49979052645569993,0.618295169983259,-1.0,0.92,-0.04056011588604547,0.9659258262890683,0.25881904510252074,2,0.0,0.6451613,True
ZECUSDT,trend_ema__directionshort_only_fast21_rsi_threshold52.0_slow89,trend_ema,2026-02-25 06:00:00+00:00,2026-02-25 09:00:00+00:00,short,-0.013848344448314212,-0.013048344448314212,stop,12,0.2852789989020977,0,False,True,False,0.01407439947785612,0.00968143154224272,0,3,0.00493859072115257,237.03,237.73,236.68,237.38,6968.082,2026-02-25 06:14:59.999000+00:00,1652793.74474,9613,3807.324,902990.00307,0.0015177068680565337,-0.0044554737233666805,-0.04453234924184213,-0.9181412502504516,0.3333333333333333,0.3333333333333333,0.3333333333333333,0.004423287555817604,35.73605005489512,-0.521798263282399,-0.011975486532232862,-0.01648425046334487,-0.004686425479029976,-0.0036931382746347996,0.07412058934147006,-0.4957033588834542,1.9893336687559962,-0.8768606681006997,0.37837867395572095,-1.0,0.61,-0.04482536616771293,1.0,6.123233995736766e-17,2,0.0,0.6896552,True
ZECUSDT,trend_ema__directionshort_only_fast21_rsi_threshold55.0_slow89,trend_ema,2026-02-25 06:00:00+00:00,2026-02-25 09:00:00+00:00,short,-0.013848344448314212,-0.013048344448314212,stop,12,0.2852789989020977,0,False,True,False,0.01407439947785612,0.00968143154224272,0,4,0.004529921787613427,237.03,237.73,236.68,237.38,6968.082,2026-02-25 06:14:59.999000+00:00,1652793.74474,9613,3807.324,902990.00307,0.0015177068680565337,-0.0044554737233666805,-0.04453234924184213,-0.9181412502504516,0.3333333333333333,0.3333333333333333,0.3333333333333333,0.004423287555817604,35.73605005489512,-0.521798263282399,-0.011975486532232862,-0.01648425046334487,-0.004686425479029976,-0.0036931382746347996,0.07412058934147006,-0.4957033588834542,1.9893336687559962,-0.8768606681006997,0.37837867395572095,-1.0,0.61,-0.04482536616771293,1.0,6.123233995736766e-17,2,0.0,0.6896552,True
PIPPINUSDT,trend_ema__directionshort_only_fast12_rsi_threshold55.0_slow89,trend_ema,2026-02-25 09:30:00+00:00,2026-02-25 11:45:00+00:00,short,0.042458140403148735,0.04325814040314874,target,9,0.19810171237628268,1,True,False,False,0.007696200915296382,0.044129417601829306,0,3,-0.006106477308890286,0.78197,0.78787,0.77902,0.77911,2898119.0,2026-02-25 09:44:59.999000+00:00,2268854.94928,30465,1460688.0,1143865.43986,-0.003664134060821695,-0.021145390266909748,-0.034464856428816436,-1.6247533240340752,0.32316384180792235,0.6666666666666625,0.010169491525415181,0.011359114887499728,40.094914381185866,-0.0013863798553565045,-0.01851638831228695,-0.024637231600683675,-0.005842539184346629,-0.0037284854964980685,0.056309697461848995,-0.6954558686179323,0.013194412081598682,-0.5438375587655588,0.7607525782800985,-1.0,0.53,-0.04504449292770829,0.7071067811865476,-0.7071067811865475,2,1.0,0.6896552,True
PIPPINUSDT,trend_ema__directionshort_only_fast12_rsi_threshold52.0_slow89,trend_ema,2026-02-25 09:30:00+00:00,2026-02-25 11:45:00+00:00,short,0.042458140403148735,0.04325814040314874,target,9,0.19810171237628268,1,True,False,False,0.007696200915296382,0.044129417601829306,0,4,-0.012341073327441554,0.78197,0.78787,0.77902,0.77911,2898119.0,2026-02-25 09:44:59.999000+00:00,2268854.94928,30465,1460688.0,1143865.43986,-0.003664134060821695,-0.021145390266909748,-0.034464856428816436,-1.6247533240340752,0.32316384180792235,0.6666666666666625,0.010169491525415181,0.011359114887499728,40.094914381185866,-0.0013863798553565045,-0.01851638831228695,-0.024637231600683675,-0.005842539184346629,-0.0037284854964980685,0.056309697461848995,-0.6954558686179323,0.013194412081598682,-0.5438375587655588,0.7607525782800985,-1.0,0.53,-0.04504449292770829,0.7071067811865476,-0.7071067811865475,2,1.0,0.6896552,True
PIPPINUSDT,trend_ema__directionshort_only_fast12_rsi_threshold55.0_slow89,trend_ema,2026-02-25 09:30:00+00:00,2026-02-25 11:45:00+00:00,short,0.042458140403148735,0.04325814040314874,target,9,0.19810171237628268,1,True,False,False,0.007696200915296382,0.044129417601829306,0,3,-0.006106477308890286,0.78197,0.78787,0.77902,0.77911,2898119.0,2026-02-25 09:44:59.999000+00:00,2268854.94928,30465,1460688.0,1143865.43986,-0.003664134060821695,-0.021145390266909748,-0.034464856428816436,-1.6247533240340752,0.32316384180792235,0.6666666666666625,0.010169491525415181,0.011359114887499728,40.094914381185866,-0.0013863798553565045,-0.01851638831228695,-0.024637231600683675,-0.005842539184346629,-0.0037284854964980685,0.056309697461848995,-0.6954558686179323,0.013194412081598682,-0.5438375587655588,0.7607525782800985,-1.0,0.53,-0.04504449292770829,0.7071067811865476,-0.7071067811865475,2,1.0,0.72,True
PIPPINUSDT,trend_ema__directionshort_only_fast12_rsi_threshold52.0_slow89,trend_ema,2026-02-25 09:30:00+00:00,2026-02-25 11:45:00+00:00,short,0.042458140403148735,0.04325814040314874,target,9,0.19810171237628268,1,True,False,False,0.007696200915296382,0.044129417601829306,0,4,-0.012341073327441554,0.78197,0.78787,0.77902,0.77911,2898119.0,2026-02-25 09:44:59.999000+00:00,2268854.94928,30465,1460688.0,1143865.43986,-0.003664134060821695,-0.021145390266909748,-0.034464856428816436,-1.6247533240340752,0.32316384180792235,0.6666666666666625,0.010169491525415181,0.011359114887499728,40.094914381185866,-0.0013863798553565045,-0.01851638831228695,-0.024637231600683675,-0.005842539184346629,-0.0037284854964980685,0.056309697461848995,-0.6954558686179323,0.013194412081598682,-0.5438375587655588,0.7607525782800985,-1.0,0.53,-0.04504449292770829,0.7071067811865476,-0.7071067811865475,2,1.0,0.72,True
PIPPINUSDT,trend_ema__directionshort_only_fast21_rsi_threshold52.0_slow89,trend_ema,2026-02-25 10:30:00+00:00,2026-02-25 12:00:00+00:00,short,-0.025403516034949482,-0.024603516034949483,stop,6,0.29447055677170314,0,False,True,False,0.026177684076806585,0.026437793948763097,0,2,-0.0007552175889995301,0.76776,0.77242,0.76291,0.76547,4575282.0,2026-02-25 10:44:59.999000+00:00,3512716.72804,39446,2149516.0,1651062.52736,-0.0030913538519963552,-0.017662218319309714,-0.032150331628768306,-1.2981971199957312,0.24079915878023236,0.4900105152471071,0.2691903259726605,0.012423739663213475,35.276472161414844,-0.0022005416566372596,-0.026766184631915803,-0.037612915442887224,-0.008358251425652719,-0.006040668362135793,0.05980080063210424,-0.9134512530303436,0.012371090781511355,0.3261210163576414,1.1404766604474568,-1.0,0.62,-0.05604745227642671,0.49999999999999994,-0.8660254037844387,2,1.0,0.6896552,True
PIPPINUSDT,trend_ema__directionshort_only_fast21_rsi_threshold55.0_slow89,trend_ema,2026-02-25 10:30:00+00:00,2026-02-25 12:00:00+00:00,short,-0.025403516034949482,-0.024603516034949483,stop,6,0.29447055677170314,0,False,True,False,0.026177684076806585,0.026437793948763097,0,2,0.00012811870966098344,0.76776,0.77242,0.76291,0.76547,4575282.0,2026-02-25 10:44:59.999000+00:00,3512716.72804,39446,2149516.0,1651062.52736,-0.0030913538519963552,-0.017662218319309714,-0.032150331628768306,-1.2981971199957312,0.24079915878023236,0.4900105152471071,0.2691903259726605,0.012423739663213475,35.276472161414844,-0.0022005416566372596,-0.026766184631915803,-0.037612915442887224,-0.008358251425652719,-0.006040668362135793,0.05980080063210424,-0.9134512530303436,0.012371090781511355,0.3261210163576414,1.1404766604474568,-1.0,0.62,-0.05604745227642671,0.49999999999999994,-0.8660254037844387,2,1.0,0.6896552,True
PIPPINUSDT,trend_ema__directionshort_only_fast21_rsi_threshold55.0_slow89,trend_ema,2026-02-25 10:30:00+00:00,2026-02-25 12:00:00+00:00,short,-0.025403516034949482,-0.024603516034949483,stop,6,0.29447055677170314,0,False,True,False,0.026177684076806585,0.026437793948763097,0,2,0.00012811870966098344,0.76776,0.77242,0.76291,0.76547,4575282.0,2026-02-25 10:44:59.999000+00:00,3512716.72804,39446,2149516.0,1651062.52736,-0.0030913538519963552,-0.017662218319309714,-0.032150331628768306,-1.2981971199957312,0.24079915878023236,0.4900105152471071,0.2691903259726605,0.012423739663213475,35.276472161414844,-0.0022005416566372596,-0.026766184631915803,-0.037612915442887224,-0.008358251425652719,-0.006040668362135793,0.05980080063210424,-0.9134512530303436,0.012371090781511355,0.3261210163576414,1.1404766604474568,-1.0,0.62,-0.05604745227642671,0.49999999999999994,-0.8660254037844387,2,1.0,0.6451613,True
PIPPINUSDT,trend_ema__directionshort_only_fast21_rsi_threshold52.0_slow89,trend_ema,2026-02-25 10:30:00+00:00,2026-02-25 12:00:00+00:00,short,-0.025403516034949482,-0.024603516034949483,stop,6,0.29447055677170314,0,False,True,False,0.026177684076806585,0.026437793948763097,0,2,-0.0007552175889995301,0.76776,0.77242,0.76291,0.76547,4575282.0,2026-02-25 10:44:59.999000+00:00,3512716.72804,39446,2149516.0,1651062.52736,-0.0030913538519963552,-0.017662218319309714,-0.032150331628768306,-1.2981971199957312,0.24079915878023236,0.4900105152471071,0.2691903259726605,0.012423739663213475,35.276472161414844,-0.0022005416566372596,-0.026766184631915803,-0.037612915442887224,-0.008358251425652719,-0.006040668362135793,0.05980080063210424,-0.9134512530303436,0.012371090781511355,0.3261210163576414,1.1404766604474568,-1.0,0.62,-0.05604745227642671,0.49999999999999994,-0.8660254037844387,2,1.0,0.6451613,True
ZECUSDT,trend_ema__directionlong_only_fast12_rsi_threshold55.0_slow55,trend_ema,2026-02-25 13:15:00+00:00,2026-02-25 13:30:00+00:00,long,0.017353539514702573,0.018153539514702572,target,1,0.37198997750949386,1,True,False,False,0.0008138885408889873,0.01972585918221146,0,1,0.0016843886870466236,240.96,245.2,240.8,244.48,35531.205,2026-02-25 13:29:59.999000+00:00,8642819.52787,38526,18239.354,4439687.85288,0.014502561366626901,0.01637183725518569,0.020204376834886986,3.2522141128734567,0.8,0.16363636363636422,0.03636363636363578,0.017997382198952788,68.5994988754747,0.5751480248850804,0.018702113982363912,0.018936897070260365,0.003765965326002041,0.0017461333159709547,0.02998659045593058,1.3260611345794162,1.9392608371124138,3.3420839017139734,2.7682371395067658,1.0,0.61,0.0,-0.2588190451025208,-0.9659258262890683,2,1.0,0.6896552,True
ZECUSDT,trend_ema__directionlong_only_fast12_rsi_threshold55.0_slow55,trend_ema,2026-02-25 13:15:00+00:00,2026-02-25 13:30:00+00:00,long,0.017353539514702573,0.018153539514702572,target,1,0.37198997750949386,1,True,False,False,0.0008138885408889873,0.01972585918221146,0,1,0.0016843886870466236,240.96,245.2,240.8,244.48,35531.205,2026-02-25 13:29:59.999000+00:00,8642819.52787,38526,18239.354,4439687.85288,0.014502561366626901,0.01637183725518569,0.020204376834886986,3.2522141128734567,0.8,0.16363636363636422,0.03636363636363578,0.017997382198952788,68.5994988754747,0.5751480248850804,0.018702113982363912,0.018936897070260365,0.003765965326002041,0.0017461333159709547,0.02998659045593058,1.3260611345794162,1.9392608371124138,3.3420839017139734,2.7682371395067658,1.0,0.61,0.0,-0.2588190451025208,-0.9659258262890683,2,1.0,0.72,True
ETHUSDT,trend_ema__directionshort_only_fast12_rsi_threshold55.0_slow89,trend_ema,2026-02-26 16:30:00+00:00,2026-02-26 16:45:00+00:00,short,0.01636692793676752,0.01716692793676752,target,1,0.40563323401128343,1,True,False,False,0.0007700478066277774,0.027741274471498274,0,0,0.004369762537732842,2032.48,2033.74,2006.28,2010.86,154900.579,2026-02-26 16:44:59.999000+00:00,312184685.89017,197833,82284.658,165846598.15227,-0.010694231031799284,-0.008487594467722459,-0.026427289454395403,-2.086237017664662,0.7873270211216348,0.04588492352512707,0.1667880553532382,0.013655848741334572,29.71833829943583,-4.4390464341721225,-0.016739538933765993,-0.020339011468270676,-0.00376682803378936,-0.00281985971571197,0.036984423961604215,-1.055413015778012,14.919161477270691,1.1210470333568814,2.1981241510392127,-1.0,0.53,-0.02892657768162432,-0.8660254037844385,-0.5000000000000004,3,2.0,0.72,True
ETHUSDT,trend_ema__directionshort_only_fast12_rsi_threshold52.0_slow89,trend_ema,2026-02-26 16:30:00+00:00,2026-02-26 16:45:00+00:00,short,0.01636692793676752,0.01716692793676752,target,1,0.40563323401128343,1,True,False,False,0.0007700478066277774,0.027741274471498274,0,0,0.002374145598768887,2032.48,2033.74,2006.28,2010.86,154900.579,2026-02-26 16:44:59.999000+00:00,312184685.89017,197833,82284.658,165846598.15227,-0.010694231031799284,-0.008487594467722459,-0.026427289454395403,-2.086237017664662,0.7873270211216348,0.04588492352512707,0.1667880553532382,0.013655848741334572,29.71833829943583,-4.4390464341721225,-0.016739538933765993,-0.020339011468270676,-0.00376682803378936,-0.00281985971571197,0.036984423961604215,-1.055413015778012,14.919161477270691,1.1210470333568814,2.1981241510392127,-1.0,0.53,-0.02892657768162432,-0.8660254037844385,-0.5000000000000004,3,2.0,0.72,True
ETHUSDT,trend_ema__directionshort_only_fast12_rsi_threshold55.0_slow89,trend_ema,2026-02-26 16:30:00+00:00,2026-02-26 16:45:00+00:00,short,0.01636692793676752,0.01716692793676752,target,1,0.40563323401128343,1,True,False,False,0.0007700478066277774,0.027741274471498274,0,0,0.004369762537732842,2032.48,2033.74,2006.28,2010.86,154900.579,2026-02-26 16:44:59.999000+00:00,312184685.89017,197833,82284.658,165846598.15227,-0.010694231031799284,-0.008487594467722459,-0.026427289454395403,-2.086237017664662,0.7873270211216348,0.04588492352512707,0.1667880553532382,0.013655848741334572,29.71833829943583,-4.4390464341721225,-0.016739538933765993,-0.020339011468270676,-0.00376682803378936,-0.00281985971571197,0.036984423961604215,-1.055413015778012,14.919161477270691,1.1210470333568814,2.1981241510392127,-1.0,0.53,-0.02892657768162432,-0.8660254037844385,-0.5000000000000004,3,2.0,0.6896552,True
SOLUSDT,trend_ema__directionshort_only_fast21_rsi_threshold52.0_slow89,trend_ema,2026-02-26 16:30:00+00:00,2026-02-26 16:45:00+00:00,short,0.018878239171330833,0.01967823917133083,target,1,0.33281210698046865,1,True,False,False,0.0008437681837246636,0.025865440509718108,0,1,0.005720370692516895,86.5,86.56,85.36,85.49,611999.84,2026-02-26 16:44:59.999000+00:00,52479245.8763,42598,275257.9,23590927.8395,-0.0118606041541407,-0.01058826577186778,-0.022095872623347553,-2.2802907026793426,0.8416666666666689,0.05000000000000178,0.10833333333332928,0.01403672944204004,33.35939465097657,-0.13870205696087173,-0.015597776504598955,-0.02036861189211312,-0.0031529602160705883,-0.0025931923620112762,0.032488904219282105,-1.0708795700589717,0.7178531634619778,0.9778418896805249,1.7920076356567363,-1.0,0.73,-0.02719617660446061,-0.8660254037844385,-0.5000000000000004,3,2.0,0.6451613,True
ETHUSDT,trend_ema__directionshort_only_fast12_rsi_threshold58.0_slow89,trend_ema,2026-02-26 16:30:00+00:00,2026-02-26 16:45:00+00:00,short,0.01636692793676752,0.01716692793676752,target,1,0.40563323401128343,1,True,False,False,0.0007700478066277774,0.027741274471498274,0,0,0.006365379476696795,2032.48,2033.74,2006.28,2010.86,154900.579,2026-02-26 16:44:59.999000+00:00,312184685.89017,197833,82284.658,165846598.15227,-0.010694231031799284,-0.008487594467722459,-0.026427289454395403,-2.086237017664662,0.7873270211216348,0.04588492352512707,0.1667880553532382,0.013655848741334572,29.71833829943583,-4.4390464341721225,-0.016739538933765993,-0.020339011468270676,-0.00376682803378936,-0.00281985971571197,0.036984423961604215,-1.055413015778012,14.919161477270691,1.1210470333568814,2.1981241510392127,-1.0,0.53,-0.02892657768162432,-0.8660254037844385,-0.5000000000000004,3,2.0,0.72,True
ETHUSDT,trend_ema__directionshort_only_fast12_rsi_threshold58.0_slow89,trend_ema,2026-02-26 16:30:00+00:00,2026-02-26 16:45:00+00:00,short,0.01636692793676752,0.01716692793676752,target,1,0.40563323401128343,1,True,False,False,0.0007700478066277774,0.027741274471498274,0,0,0.006365379476696795,2032.48,2033.74,2006.28,2010.86,154900.579,2026-02-26 16:44:59.999000+00:00,312184685.89017,197833,82284.658,165846598.15227,-0.010694231031799284,-0.008487594467722459,-0.026427289454395403,-2.086237017664662,0.7873270211216348,0.04588492352512707,0.1667880553532382,0.013655848741334572,29.71833829943583,-4.4390464341721225,-0.016739538933765993,-0.020339011468270676,-0.00376682803378936,-0.00281985971571197,0.036984423961604215,-1.055413015778012,14.919161477270691,1.1210470333568814,2.1981241510392127,-1.0,0.53,-0.02892657768162432,-0.8660254037844385,-0.5000000000000004,3,2.0,0.6896552,True
ETHUSDT,trend_ema__directionshort_only_fast12_rsi_threshold52.0_slow89,trend_ema,2026-02-26 16:30:00+00:00,2026-02-26 16:45:00+00:00,short,0.01636692793676752,0.01716692793676752,target,1,0.40563323401128343,1,True,False,False,0.0007700478066277774,0.027741274471498274,0,0,0.002374145598768887,2032.48,2033.74,2006.28,2010.86,154900.579,2026-02-26 16:44:59.999000+00:00,312184685.89017,197833,82284.658,165846598.15227,-0.010694231031799284,-0.008487594467722459,-0.026427289454395403,-2.086237017664662,0.7873270211216348,0.04588492352512707,0.1667880553532382,0.013655848741334572,29.71833829943583,-4.4390464341721225,-0.016739538933765993,-0.020339011468270676,-0.00376682803378936,-0.00281985971571197,0.036984423961604215,-1.055413015778012,14.919161477270691,1.1210470333568814,2.1981241510392127,-1.0,0.53,-0.02892657768162432,-0.8660254037844385,-0.5000000000000004,3,2.0,0.6896552,True
SOLUSDT,trend_ema__directionshort_only_fast21_rsi_threshold55.0_slow89,trend_ema,2026-02-26 16:30:00+00:00,2026-02-26 16:45:00+00:00,short,0.018878239171330833,0.01967823917133083,target,1,0.33281210698046865,1,True,False,False,0.0008437681837246636,0.025865440509718108,0,2,0.004945830894848311,86.5,86.56,85.36,85.49,611999.84,2026-02-26 16:44:59.999000+00:00,52479245.8763,42598,275257.9,23590927.8395,-0.0118606041541407,-0.01058826577186778,-0.022095872623347553,-2.2802907026793426,0.8416666666666689,0.05000000000000178,0.10833333333332928,0.01403672944204004,33.35939465097657,-0.13870205696087173,-0.015597776504598955,-0.02036861189211312,-0.0031529602160705883,-0.0025931923620112762,0.032488904219282105,-1.0708795700589717,0.7178531634619778,0.9778418896805249,1.7920076356567363,-1.0,0.73,-0.02719617660446061,-0.8660254037844385,-0.5000000000000004,3,2.0,0.6451613,True
SOLUSDT,trend_ema__directionshort_only_fast21_rsi_threshold55.0_slow89,trend_ema,2026-02-26 16:30:00+00:00,2026-02-26 16:45:00+00:00,short,0.018878239171330833,0.01967823917133083,target,1,0.33281210698046865,1,True,False,False,0.0008437681837246636,0.025865440509718108,0,2,0.004945830894848311,86.5,86.56,85.36,85.49,611999.84,2026-02-26 16:44:59.999000+00:00,52479245.8763,42598,275257.9,23590927.8395,-0.0118606041541407,-0.01058826577186778,-0.022095872623347553,-2.2802907026793426,0.8416666666666689,0.05000000000000178,0.10833333333332928,0.01403672944204004,33.35939465097657,-0.13870205696087173,-0.015597776504598955,-0.02036861189211312,-0.0031529602160705883,-0.0025931923620112762,0.032488904219282105,-1.0708795700589717,0.7178531634619778,0.9778418896805249,1.7920076356567363,-1.0,0.73,-0.02719617660446061,-0.8660254037844385,-0.5000000000000004,3,2.0,0.6896552,True
SOLUSDT,trend_ema__directionshort_only_fast21_rsi_threshold52.0_slow89,trend_ema,2026-02-26 16:30:00+00:00,2026-02-26 16:45:00+00:00,short,0.018878239171330833,0.01967823917133083,target,1,0.33281210698046865,1,True,False,False,0.0008437681837246636,0.025865440509718108,0,1,0.005720370692516895,86.5,86.56,85.36,85.49,611999.84,2026-02-26 16:44:59.999000+00:00,52479245.8763,42598,275257.9,23590927.8395,-0.0118606041541407,-0.01058826577186778,-0.022095872623347553,-2.2802907026793426,0.8416666666666689,0.05000000000000178,0.10833333333332928,0.01403672944204004,33.35939465097657,-0.13870205696087173,-0.015597776504598955,-0.02036861189211312,-0.0031529602160705883,-0.0025931923620112762,0.032488904219282105,-1.0708795700589717,0.7178531634619778,0.9778418896805249,1.7920076356567363,-1.0,0.73,-0.02719617660446061,-0.8660254037844385,-0.5000000000000004,3,2.0,0.6896552,True
PIPPINUSDT,trend_ema__directionshort_only_fast12_rsi_threshold58.0_slow89,trend_ema,2026-02-27 00:45:00+00:00,2026-02-27 06:00:00+00:00,short,0.05003619516268705,0.05083619516268705,target,21,0.30115963473691293,1,True,False,False,0.01873034358152816,0.05260128800441136,0,2,0.012108584525413735,0.80958,0.81351,0.7985,0.79921,3327035.0,2026-02-27 00:59:59.999000+00:00,2680183.15367,42134,1484898.0,1196967.44748,-0.012941262016810116,-0.01270655647853494,-0.06777008408913857,-1.2637898285507696,0.6908727514990015,0.2618254497001997,0.047301798800798794,0.018781046283204626,34.94201826315435,-0.0028058836628876965,-0.03136532698460828,-0.039096007381986396,-0.007431674717241155,-0.006254240140352363,0.07554403127958065,-0.9332920699471227,0.016356351865774,0.037267628512357355,1.019501653100301,-1.0,0.34,-0.0655247003800058,0.0,1.0,4,0.0,0.6666667,True
PIPPINUSDT,trend_ema__directionshort_only_fast12_rsi_threshold55.0_slow89,trend_ema,2026-02-27 00:45:00+00:00,2026-02-27 06:00:00+00:00,short,0.05003619516268705,0.05083619516268705,target,21,0.30115963473691293,1,True,False,False,0.01873034358152816,0.05260128800441136,0,2,0.005235015318876846,0.80958,0.81351,0.7985,0.79921,3327035.0,2026-02-27 00:59:59.999000+00:00,2680183.15367,42134,1484898.0,1196967.44748,-0.012941262016810116,-0.01270655647853494,-0.06777008408913857,-1.2637898285507696,0.6908727514990015,0.2618254497001997,0.047301798800798794,0.018781046283204626,34.94201826315435,-0.0028058836628876965,-0.03136532698460828,-0.039096007381986396,-0.007431674717241155,-0.006254240140352363,0.07554403127958065,-0.9332920699471227,0.016356351865774,0.037267628512357355,1.019501653100301,-1.0,0.34,-0.0655247003800058,0.0,1.0,4,0.0,0.6666667,True
PIPPINUSDT,trend_ema__directionshort_only_fast12_rsi_threshold52.0_slow89,trend_ema,2026-02-27 00:45:00+00:00,2026-02-27 06:00:00+00:00,short,0.05003619516268705,0.05083619516268705,target,21,0.30115963473691293,1,True,False,False,0.01873034358152816,0.05260128800441136,0,2,-0.001638553887660045,0.80958,0.81351,0.7985,0.79921,3327035.0,2026-02-27 00:59:59.999000+00:00,2680183.15367,42134,1484898.0,1196967.44748,-0.012941262016810116,-0.01270655647853494,-0.06777008408913857,-1.2637898285507696,0.6908727514990015,0.2618254497001997,0.047301798800798794,0.018781046283204626,34.94201826315435,-0.0028058836628876965,-0.03136532698460828,-0.039096007381986396,-0.007431674717241155,-0.006254240140352363,0.07554403127958065,-0.9332920699471227,0.016356351865774,0.037267628512357355,1.019501653100301,-1.0,0.34,-0.0655247003800058,0.0,1.0,4,0.0,0.6896552,True
PIPPINUSDT,trend_ema__directionshort_only_fast12_rsi_threshold52.0_slow89,trend_ema,2026-02-27 00:45:00+00:00,2026-02-27 06:00:00+00:00,short,0.05003619516268705,0.05083619516268705,target,21,0.30115963473691293,1,True,False,False,0.01873034358152816,0.05260128800441136,0,2,-0.001638553887660045,0.80958,0.81351,0.7985,0.79921,3327035.0,2026-02-27 00:59:59.999000+00:00,2680183.15367,42134,1484898.0,1196967.44748,-0.012941262016810116,-0.01270655647853494,-0.06777008408913857,-1.2637898285507696,0.6908727514990015,0.2618254497001997,0.047301798800798794,0.018781046283204626,34.94201826315435,-0.0028058836628876965,-0.03136532698460828,-0.039096007381986396,-0.007431674717241155,-0.006254240140352363,0.07554403127958065,-0.9332920699471227,0.016356351865774,0.037267628512357355,1.019501653100301,-1.0,0.34,-0.0655247003800058,0.0,1.0,4,0.0,0.6451613,True
SOLUSDT,trend_ema__directionlong_only_fast12_rsi_threshold58.0_slow55,trend_ema,2026-02-27 03:45:00+00:00,2026-02-27 09:45:00+00:00,long,-0.008556176995458164,-0.007756176995458164,stop,24,0.40317494984922064,0,False,True,False,0.011051590281657489,0.012817204011846235,0,3,0.001958856911309744,87.13,87.77,86.97,87.57,470771.94,2026-02-27 03:59:59.999000+00:00,41122469.785,29902,264344.15,23093691.1902,0.005037217290937489,0.012062872449274944,0.019720410737718495,3.4597618511017103,0.5499999999999992,0.25000000000000444,0.19999999999999646,0.009135548703893995,70.15874749246103,0.17122556024200714,0.014491733063029573,0.015045458265652251,0.00304098265561481,0.0014259573307873197,0.025869931010002047,1.3308843260943986,0.4755553296477943,3.447745811028089,3.054519559301632,1.0,0.32,0.0,0.7071067811865476,0.7071067811865476,4,0.0,0.6896552,True
SOLUSDT,trend_ema__directionlong_only_fast12_rsi_threshold55.0_slow55,trend_ema,2026-02-27 03:45:00+00:00,2026-02-27 09:45:00+00:00,long,-0.008556176995458164,-0.007756176995458164,stop,24,0.40317494984922064,0,False,True,False,0.011051590281657489,0.012817204011846235,0,3,0.0018748166347738106,87.13,87.77,86.97,87.57,470771.94,2026-02-27 03:59:59.999000+00:00,41122469.785,29902,264344.15,23093691.1902,0.005037217290937489,0.012062872449274944,0.019720410737718495,3.4597618511017103,0.5499999999999992,0.25000000000000444,0.19999999999999646,0.009135548703893995,70.15874749246103,0.17122556024200714,0.014491733063029573,0.015045458265652251,0.00304098265561481,0.0014259573307873197,0.025869931010002047,1.3308843260943986,0.4755553296477943,3.447745811028089,3.054519559301632,1.0,0.32,0.0,0.7071067811865476,0.7071067811865476,4,0.0,0.6896552,True
SOLUSDT,trend_ema__directionlong_only_fast12_rsi_threshold58.0_slow55,trend_ema,2026-02-27 03:45:00+00:00,2026-02-27 09:45:00+00:00,long,-0.008556176995458164,-0.007756176995458164,stop,24,0.40317494984922064,0,False,True,False,0.011051590281657489,0.012817204011846235,0,3,0.001958856911309744,87.13,87.77,86.97,87.57,470771.94,2026-02-27 03:59:59.999000+00:00,41122469.785,29902,264344.15,23093691.1902,0.005037217290937489,0.012062872449274944,0.019720410737718495,3.4597618511017103,0.5499999999999992,0.25000000000000444,0.19999999999999646,0.009135548703893995,70.15874749246103,0.17122556024200714,0.014491733063029573,0.015045458265652251,0.00304098265561481,0.0014259573307873197,0.025869931010002047,1.3308843260943986,0.4755553296477943,3.447745811028089,3.054519559301632,1.0,0.32,0.0,0.7071067811865476,0.7071067811865476,4,0.0,0.72,True
SOLUSDT,trend_ema__directionlong_only_fast12_rsi_threshold55.0_slow55,trend_ema,2026-02-27 03:45:00+00:00,2026-02-27 09:45:00+00:00,long,-0.008556176995458164,-0.007756176995458164,stop,24,0.40317494984922064,0,False,True,False,0.011051590281657489,0.012817204011846235,0,3,0.0018748166347738106,87.13,87.77,86.97,87.57,470771.94,2026-02-27 03:59:59.999000+00:00,41122469.785,29902,264344.15,23093691.1902,0.005037217290937489,0.012062872449274944,0.019720410737718495,3.4597618511017103,0.5499999999999992,0.25000000000000444,0.19999999999999646,0.009135548703893995,70.15874749246103,0.17122556024200714,0.014491733063029573,0.015045458265652251,0.00304098265561481,0.0014259573307873197,0.025869931010002047,1.3308843260943986,0.4755553296477943,3.447745811028089,3.054519559301632,1.0,0.32,0.0,0.7071067811865476,0.7071067811865476,4,0.0,0.72,True
ETHUSDT,trend_ema__directionlong_only_fast12_rsi_threshold55.0_slow55,trend_ema,2026-02-27 04:15:00+00:00,2026-02-27 06:00:00+00:00,long,-0.008828266452936991,-0.008028266452936991,stop,7,0.40806844947888865,0,False,True,False,0.00868237667774527,0.00561950314908396,0,3,-0.0034182458819041043,2051.87,2063.71,2051.25,2055.68,89461.474,2026-02-27 04:29:59.999000+00:00,184085151.98668,117880,52579.837,108187619.24942,0.0018551209809584128,0.01771712445358616,0.016643220462301263,6.004405152483123,0.3057784911717443,0.6444622792937541,0.04975922953450153,0.006061254669987565,70.40342247394443,4.115585771506856,0.012682783040951233,0.013187085215274664,0.0037129839104588225,0.0013513566543217337,0.025783249196419493,1.1858857979642379,11.089075733260062,1.843025706352935,2.503153762753997,1.0,0.51,0.0,0.8660254037844386,0.5000000000000001,4,0.0,0.6666667,True
ETHUSDT,trend_ema__directionlong_only_fast12_rsi_threshold58.0_slow55,trend_ema,2026-02-27 04:15:00+00:00,2026-02-27 06:00:00+00:00,long,-0.008828266452936991,-0.008028266452936991,stop,7,0.40806844947888865,0,False,True,False,0.00868237667774527,0.00561950314908396,0,3,-0.003563957875321107,2051.87,2063.71,2051.25,2055.68,89461.474,2026-02-27 04:29:59.999000+00:00,184085151.98668,117880,52579.837,108187619.24942,0.0018551209809584128,0.01771712445358616,0.016643220462301263,6.004405152483123,0.3057784911717443,0.6444622792937541,0.04975922953450153,0.006061254669987565,70.40342247394443,4.115585771506856,0.012682783040951233,0.013187085215274664,0.0037129839104588225,0.0013513566543217337,0.025783249196419493,1.1858857979642379,11.089075733260062,1.843025706352935,2.503153762753997,1.0,0.51,0.0,0.8660254037844386,0.5000000000000001,4,0.0,0.6666667,True
ETHUSDT,trend_ema__directionshort_only_fast12_rsi_threshold52.0_slow89,trend_ema,2026-02-27 10:00:00+00:00,2026-02-27 10:45:00+00:00,short,0.012311219137494578,0.013111219137494579,target,3,0.49586313696063344,1,True,False,False,0.0021365710519133645,0.015543213148232421,0,1,0.008547959428077926,2008.81,2012.8,1983.0,1985.52,200704.007,2026-02-27 10:14:59.999000+00:00,400518861.73456,242127,83259.016,166162867.98166,-0.011656684293338068,-0.024747643658371333,-0.025356713911839454,-6.640780081555462,0.7815436241610738,0.13389261744966494,0.08456375838926126,0.015008662718078868,25.20684315196833,-4.7046082553698785,-0.02056572596586105,-0.022108122329741884,-0.003974081813793107,-0.0014601985111599713,0.026479887897409203,-1.682151870284944,11.909770471538577,3.846860360953762,4.174523984047988,-1.0,0.79,-0.029014353131036508,0.49999999999999994,-0.8660254037844387,4,1.0,0.6451613,True
ETHUSDT,trend_ema__directionshort_only_fast12_rsi_threshold52.0_slow89,trend_ema,2026-02-27 10:00:00+00:00,2026-02-27 10:45:00+00:00,short,0.012311219137494578,0.013111219137494579,target,3,0.49586313696063344,1,True,False,False,0.0021365710519133645,0.015543213148232421,0,1,0.008547959428077926,2008.81,2012.8,1983.0,1985.52,200704.007,2026-02-27 10:14:59.999000+00:00,400518861.73456,242127,83259.016,166162867.98166,-0.011656684293338068,-0.024747643658371333,-0.025356713911839454,-6.640780081555462,0.7815436241610738,0.13389261744966494,0.08456375838926126,0.015008662718078868,25.20684315196833,-4.7046082553698785,-0.02056572596586105,-0.022108122329741884,-0.003974081813793107,-0.0014601985111599713,0.026479887897409203,-1.682151870284944,11.909770471538577,3.846860360953762,4.174523984047988,-1.0,0.79,-0.029014353131036508,0.49999999999999994,-0.8660254037844387,4,1.0,0.6896552,True
ETHUSDT,trend_ema__directionshort_only_fast21_rsi_threshold52.0_slow89,trend_ema,2026-02-27 10:00:00+00:00,2026-02-27 10:45:00+00:00,short,0.012311219137494578,0.013111219137494579,target,3,0.49586313696063344,1,True,False,False,0.0021365710519133645,0.015543213148232421,0,2,0.007807417786045524,2008.81,2012.8,1983.0,1985.52,200704.007,2026-02-27 10:14:59.999000+00:00,400518861.73456,242127,83259.016,166162867.98166,-0.011656684293338068,-0.024747643658371333,-0.025356713911839454,-6.640780081555462,0.7815436241610738,0.13389261744966494,0.08456375838926126,0.015008662718078868,25.20684315196833,-4.7046082553698785,-0.02056572596586105,-0.022108122329741884,-0.003974081813793107,-0.0014601985111599713,0.026479887897409203,-1.682151870284944,11.909770471538577,3.846860360953762,4.174523984047988,-1.0,0.79,-0.029014353131036508,0.49999999999999994,-0.8660254037844387,4,1.0,0.6896552,True
ETHUSDT,trend_ema__directionshort_only_fast12_rsi_threshold55.0_slow89,trend_ema,2026-02-27 10:00:00+00:00,2026-02-27 10:45:00+00:00,short,0.012311219137494578,0.013111219137494579,target,3,0.49586313696063344,1,True,False,False,0.0021365710519133645,0.015543213148232421,0,2,0.007066876144013122,2008.81,2012.8,1983.0,1985.52,200704.007,2026-02-27 10:14:59.999000+00:00,400518861.73456,242127,83259.016,166162867.98166,-0.011656684293338068,-0.024747643658371333,-0.025356713911839454,-6.640780081555462,0.7815436241610738,0.13389261744966494,0.08456375838926126,0.015008662718078868,25.20684315196833,-4.7046082553698785,-0.02056572596586105,-0.022108122329741884,-0.003974081813793107,-0.0014601985111599713,0.026479887897409203,-1.682151870284944,11.909770471538577,3.846860360953762,4.174523984047988,-1.0,0.79,-0.029014353131036508,0.49999999999999994,-0.8660254037844387,4,1.0,0.6896552,True
ETHUSDT,trend_ema__directionshort_only_fast12_rsi_threshold58.0_slow89,trend_ema,2026-02-27 10:00:00+00:00,2026-02-27 10:45:00+00:00,short,0.012311219137494578,0.013111219137494579,target,3,0.49586313696063344,1,True,False,False,0.0021365710519133645,0.015543213148232421,0,2,0.006326334501980721,2008.81,2012.8,1983.0,1985.52,200704.007,2026-02-27 10:14:59.999000+00:00,400518861.73456,242127,83259.016,166162867.98166,-0.011656684293338068,-0.024747643658371333,-0.025356713911839454,-6.640780081555462,0.7815436241610738,0.13389261744966494,0.08456375838926126,0.015008662718078868,25.20684315196833,-4.7046082553698785,-0.02056572596586105,-0.022108122329741884,-0.003974081813793107,-0.0014601985111599713,0.026479887897409203,-1.682151870284944,11.909770471538577,3.846860360953762,4.174523984047988,-1.0,0.79,-0.029014353131036508,0.49999999999999994,-0.8660254037844387,4,1.0,0.6896552,True
ETHUSDT,trend_ema__directionshort_only_fast21_rsi_threshold55.0_slow89,trend_ema,2026-02-27 10:00:00+00:00,2026-02-27 10:45:00+00:00,short,0.012311219137494578,0.013111219137494579,target,3,0.49586313696063344,1,True,False,False,0.0021365710519133645,0.015543213148232421,0,2,0.005585792859948319,2008.81,2012.8,1983.0,1985.52,200704.007,2026-02-27 10:14:59.999000+00:00,400518861.73456,242127,83259.016,166162867.98166,-0.011656684293338068,-0.024747643658371333,-0.025356713911839454,-6.640780081555462,0.7815436241610738,0.13389261744966494,0.08456375838926126,0.015008662718078868,25.20684315196833,-4.7046082553698785,-0.02056572596586105,-0.022108122329741884,-0.003974081813793107,-0.0014601985111599713,0.026479887897409203,-1.682151870284944,11.909770471538577,3.846860360953762,4.174523984047988,-1.0,0.79,-0.029014353131036508,0.49999999999999994,-0.8660254037844387,4,1.0,0.6896552,True
PIPPINUSDT,trend_ema__directionshort_only_fast21_rsi_threshold52.0_slow89,trend_ema,2026-02-28 06:30:00+00:00,2026-02-28 08:15:00+00:00,short,0.07103041115906951,0.0718304111590695,target,7,0.14345364193976706,1,True,False,False,0.014293432856955291,0.08478798024504287,0,2,0.01947649881906624,0.64492,0.65404,0.62529,0.64518,14302488.0,2026-02-28 06:44:59.999000+00:00,9163012.12709,107580,6418427.0,4114103.06509,0.00018601190529820373,-0.036120174299899,-0.027909072512458426,-1.7208933571971297,0.009043478260867042,0.30817391304347813,0.6827826086956548,0.04456120772497589,42.82731790301165,-0.006154254692566264,-0.03491008502802292,-0.022393651297368065,-0.00790690781740555,2.712734103105241e-05,0.09786785005193081,-0.8961322981941277,0.01925737029848858,2.5662481102318164,2.1187551414390176,1.0,0.48,-0.0796947435988874,1.0,6.123233995736766e-17,5,0.0,0.6896552,True
PIPPINUSDT,trend_ema__directionshort_only_fast21_rsi_threshold52.0_slow89,trend_ema,2026-02-28 06:30:00+00:00,2026-02-28 08:15:00+00:00,short,0.07103041115906951,0.0718304111590695,target,7,0.14345364193976706,1,True,False,False,0.014293432856955291,0.08478798024504287,0,2,0.01947649881906624,0.64492,0.65404,0.62529,0.64518,14302488.0,2026-02-28 06:44:59.999000+00:00,9163012.12709,107580,6418427.0,4114103.06509,0.00018601190529820373,-0.036120174299899,-0.027909072512458426,-1.7208933571971297,0.009043478260867042,0.30817391304347813,0.6827826086956548,0.04456120772497589,42.82731790301165,-0.006154254692566264,-0.03491008502802292,-0.022393651297368065,-0.00790690781740555,2.712734103105241e-05,0.09786785005193081,-0.8961322981941277,0.01925737029848858,2.5662481102318164,2.1187551414390176,1.0,0.48,-0.0796947435988874,1.0,6.123233995736766e-17,5,0.0,0.6451613,True
PIPPINUSDT,trend_ema__directionshort_only_fast21_rsi_threshold55.0_slow89,trend_ema,2026-02-28 06:30:00+00:00,2026-02-28 08:15:00+00:00,short,0.07103041115906951,0.0718304111590695,target,7,0.14345364193976706,1,True,False,False,0.014293432856955291,0.08478798024504287,0,2,0.016619271743474166,0.64492,0.65404,0.62529,0.64518,14302488.0,2026-02-28 06:44:59.999000+00:00,9163012.12709,107580,6418427.0,4114103.06509,0.00018601190529820373,-0.036120174299899,-0.027909072512458426,-1.7208933571971297,0.009043478260867042,0.30817391304347813,0.6827826086956548,0.04456120772497589,42.82731790301165,-0.006154254692566264,-0.03491008502802292,-0.022393651297368065,-0.00790690781740555,2.712734103105241e-05,0.09786785005193081,-0.8961322981941277,0.01925737029848858,2.5662481102318164,2.1187551414390176,1.0,0.48,-0.0796947435988874,1.0,6.123233995736766e-17,5,0.0,0.6451613,True
PIPPINUSDT,trend_ema__directionshort_only_fast21_rsi_threshold55.0_slow89,trend_ema,2026-02-28 06:30:00+00:00,2026-02-28 08:15:00+00:00,short,0.07103041115906951,0.0718304111590695,target,7,0.14345364193976706,1,True,False,False,0.014293432856955291,0.08478798024504287,0,2,0.016619271743474166,0.64492,0.65404,0.62529,0.64518,14302488.0,2026-02-28 06:44:59.999000+00:00,9163012.12709,107580,6418427.0,4114103.06509,0.00018601190529820373,-0.036120174299899,-0.027909072512458426,-1.7208933571971297,0.009043478260867042,0.30817391304347813,0.6827826086956548,0.04456120772497589,42.82731790301165,-0.006154254692566264,-0.03491008502802292,-0.022393651297368065,-0.00790690781740555,2.712734103105241e-05,0.09786785005193081,-0.8961322981941277,0.01925737029848858,2.5662481102318164,2.1187551414390176,1.0,0.48,-0.0796947435988874,1.0,6.123233995736766e-17,5,0.0,0.6896552,True
PIPPINUSDT,trend_ema__directionshort_only_fast12_rsi_threshold52.0_slow89,trend_ema,2026-02-28 06:45:00+00:00,2026-02-28 08:15:00+00:00,short,0.073811681015686,0.074611681015686,target,6,0.1617609102545407,1,True,False,False,0.007000046675475751,0.08539779068665528,0,2,0.02233372589465832,0.64535,0.64977,0.63113,0.64217,7998237.0,2026-02-28 06:59:59.999000+00:00,5115792.86621,73493,4111585.0,2630992.82836,-0.004676281485412785,-0.04649099429464994,-0.038071903201704206,-2.2980887371475243,0.1706008583690967,0.23712446351931232,0.592274678111591,0.029026581746266548,41.911954487272965,-0.0067208174179174225,-0.035974192007398854,-0.026119736214793715,-0.011053372882184553,-0.001562841145284266,0.10544499422494734,-0.893002259365576,0.01921327242002511,0.37663982685331243,1.155333134222346,1.0,0.37,-0.08398830325939655,1.0,6.123233995736766e-17,5,0.0,0.72,True
PIPPINUSDT,trend_ema__directionshort_only_fast12_rsi_threshold55.0_slow89,trend_ema,2026-02-28 06:45:00+00:00,2026-02-28 08:15:00+00:00,short,0.073811681015686,0.074611681015686,target,6,0.1617609102545407,1,True,False,False,0.007000046675475751,0.08539779068665528,0,2,0.025469079955912043,0.64535,0.64977,0.63113,0.64217,7998237.0,2026-02-28 06:59:59.999000+00:00,5115792.86621,73493,4111585.0,2630992.82836,-0.004676281485412785,-0.04649099429464994,-0.038071903201704206,-2.2980887371475243,0.1706008583690967,0.23712446351931232,0.592274678111591,0.029026581746266548,41.911954487272965,-0.0067208174179174225,-0.035974192007398854,-0.026119736214793715,-0.011053372882184553,-0.001562841145284266,0.10544499422494734,-0.893002259365576,0.01921327242002511,0.37663982685331243,1.155333134222346,1.0,0.37,-0.08398830325939655,1.0,6.123233995736766e-17,5,0.0,0.6896552,True
PIPPINUSDT,trend_ema__directionshort_only_fast12_rsi_threshold52.0_slow89,trend_ema,2026-02-28 06:45:00+00:00,2026-02-28 08:15:00+00:00,short,0.073811681015686,0.074611681015686,target,6,0.1617609102545407,1,True,False,False,0.007000046675475751,0.08539779068665528,0,2,0.02233372589465832,0.64535,0.64977,0.63113,0.64217,7998237.0,2026-02-28 06:59:59.999000+00:00,5115792.86621,73493,4111585.0,2630992.82836,-0.004676281485412785,-0.04649099429464994,-0.038071903201704206,-2.2980887371475243,0.1706008583690967,0.23712446351931232,0.592274678111591,0.029026581746266548,41.911954487272965,-0.0067208174179174225,-0.035974192007398854,-0.026119736214793715,-0.011053372882184553,-0.001562841145284266,0.10544499422494734,-0.893002259365576,0.01921327242002511,0.37663982685331243,1.155333134222346,1.0,0.37,-0.08398830325939655,1.0,6.123233995736766e-17,5,0.0,0.6896552,True
PIPPINUSDT,trend_ema__directionshort_only_fast12_rsi_threshold55.0_slow89,trend_ema,2026-02-28 06:45:00+00:00,2026-02-28 08:15:00+00:00,short,0.073811681015686,0.074611681015686,target,6,0.1617609102545407,1,True,False,False,0.007000046675475751,0.08539779068665528,0,2,0.025469079955912043,0.64535,0.64977,0.63113,0.64217,7998237.0,2026-02-28 06:59:59.999000+00:00,5115792.86621,73493,4111585.0,2630992.82836,-0.004676281485412785,-0.04649099429464994,-0.038071903201704206,-2.2980887371475243,0.1706008583690967,0.23712446351931232,0.592274678111591,0.029026581746266548,41.911954487272965,-0.0067208174179174225,-0.035974192007398854,-0.026119736214793715,-0.011053372882184553,-0.001562841145284266,0.10544499422494734,-0.893002259365576,0.01921327242002511,0.37663982685331243,1.155333134222346,1.0,0.37,-0.08398830325939655,1.0,6.123233995736766e-17,5,0.0,0.72,True
ZECUSDT,trend_ema__directionlong_only_fast12_rsi_threshold58.0_slow55,trend_ema,2026-02-28 19:30:00+00:00,2026-02-28 20:45:00+00:00,long,0.02529442170328999,0.02609442170328999,target,5,0.3554848157702372,1,True,False,False,0.0008038711042972287,0.026145886590874964,0,4,0.004465318984094098,214.07,218.25,213.93,216.66,34145.838,2026-02-28 19:44:59.999000+00:00,7399678.10905,38586,17625.75,3819616.10386,0.012026240178290338,0.02155436839781608,0.03136464114786336,2.9318873089221387,0.5995370370370388,0.3680555555555569,0.032407407407404304,0.019939075048462998,67.77424078851186,0.742030647330542,0.025279533012392736,0.025937020997782674,0.006112610928649342,0.0033724869315532313,0.04569855169859659,1.2759114819327395,2.3836948533248012,1.028078046254984,1.9160438060740488,1.0,0.59,0.0,-0.9659258262890684,0.2588190451025203,5,2.0,0.72,True
ZECUSDT,trend_ema__directionlong_only_fast12_rsi_threshold55.0_slow55,trend_ema,2026-02-28 19:30:00+00:00,2026-02-28 20:45:00+00:00,long,0.02529442170328999,0.02609442170328999,target,5,0.3554848157702372,1,True,False,False,0.0008038711042972287,0.026145886590874964,0,4,0.007614383389946455,214.07,218.25,213.93,216.66,34145.838,2026-02-28 19:44:59.999000+00:00,7399678.10905,38586,17625.75,3819616.10386,0.012026240178290338,0.02155436839781608,0.03136464114786336,2.9318873089221387,0.5995370370370388,0.3680555555555569,0.032407407407404304,0.019939075048462998,67.77424078851186,0.742030647330542,0.025279533012392736,0.025937020997782674,0.006112610928649342,0.0033724869315532313,0.04569855169859659,1.2759114819327395,2.3836948533248012,1.028078046254984,1.9160438060740488,1.0,0.59,0.0,-0.9659258262890684,0.2588190451025203,5,2.0,0.72,True
ZECUSDT,trend_ema__directionlong_only_fast12_rsi_threshold58.0_slow55,trend_ema,2026-02-28 19:30:00+00:00,2026-02-28 20:45:00+00:00,long,0.02529442170328999,0.02609442170328999,target,5,0.3554848157702372,1,True,False,False,0.0008038711042972287,0.026145886590874964,0,4,0.004465318984094098,214.07,218.25,213.93,216.66,34145.838,2026-02-28 19:44:59.999000+00:00,7399678.10905,38586,17625.75,3819616.10386,0.012026240178290338,0.02155436839781608,0.03136464114786336,2.9318873089221387,0.5995370370370388,0.3680555555555569,0.032407407407404304,0.019939075048462998,67.77424078851186,0.742030647330542,0.025279533012392736,0.025937020997782674,0.006112610928649342,0.0033724869315532313,0.04569855169859659,1.2759114819327395,2.3836948533248012,1.028078046254984,1.9160438060740488,1.0,0.59,0.0,-0.9659258262890684,0.2588190451025203,5,2.0,0.6896552,True
ZECUSDT,trend_ema__directionlong_only_fast12_rsi_threshold55.0_slow55,trend_ema,2026-02-28 19:30:00+00:00,2026-02-28 20:45:00+00:00,long,0.02529442170328999,0.02609442170328999,target,5,0.3554848157702372,1,True,False,False,0.0008038711042972287,0.026145886590874964,0,4,0.007614383389946455,214.07,218.25,213.93,216.66,34145.838,2026-02-28 19:44:59.999000+00:00,7399678.10905,38586,17625.75,3819616.10386,0.012026240178290338,0.02155436839781608,0.03136464114786336,2.9318873089221387,0.5995370370370388,0.3680555555555569,0.032407407407404304,0.019939075048462998,67.77424078851186,0.742030647330542,0.025279533012392736,0.025937020997782674,0.006112610928649342,0.0033724869315532313,0.04569855169859659,1.2759114819327395,2.3836948533248012,1.028078046254984,1.9160438060740488,1.0,0.59,0.0,-0.9659258262890684,0.2588190451025203,5,2.0,0.6896552,True
ETHUSDT,trend_ema__directionlong_only_fast12_rsi_threshold58.0_slow55,trend_ema,2026-03-01 14:00:00+00:00,2026-03-01 16:00:00+00:00,long,-0.00998983734572057,-0.00918983734572057,stop,8,0.35472677624711424,0,False,True,False,0.012043340717541737,0.010771379915837726,0,2,-0.0010500202972349535,2005.86,2027.77,2001.16,2015.0,143470.5,2026-03-01 14:14:59.999000+00:00,289170199.57477,243918,81896.06,165122377.08575,0.004546298922497372,0.01847735201538157,0.016205036912935254,4.768073000425968,0.3434798947764049,0.4798947763998508,0.1766253288237443,0.013205955334987543,67.73633881235571,3.3332496704946553,0.012988548588490434,0.014394517767250904,0.0020757914231734897,0.0005778262617630592,0.01934722811105452,1.5825782398384962,13.313657055983331,1.648902362108353,2.7701954980990995,1.0,0.4,0.0,-0.4999999999999997,-0.8660254037844388,6,1.0,0.6896552,True
ETHUSDT,trend_ema__directionlong_only_fast12_rsi_threshold55.0_slow55,trend_ema,2026-03-01 14:00:00+00:00,2026-03-01 16:00:00+00:00,long,-0.00998983734572057,-0.00918983734572057,stop,8,0.35472677624711424,0,False,True,False,0.012043340717541737,0.010771379915837726,0,3,-0.0009756124079675686,2005.86,2027.77,2001.16,2015.0,143470.5,2026-03-01 14:14:59.999000+00:00,289170199.57477,243918,81896.06,165122377.08575,0.004546298922497372,0.01847735201538157,0.016205036912935254,4.768073000425968,0.3434798947764049,0.4798947763998508,0.1766253288237443,0.013205955334987543,67.73633881235571,3.3332496704946553,0.012988548588490434,0.014394517767250904,0.0020757914231734897,0.0005778262617630592,0.01934722811105452,1.5825782398384962,13.313657055983331,1.648902362108353,2.7701954980990995,1.0,0.4,0.0,-0.4999999999999997,-0.8660254037844388,6,1.0,0.6451613,True
ETHUSDT,trend_ema__directionlong_only_fast12_rsi_threshold58.0_slow55,trend_ema,2026-03-01 14:00:00+00:00,2026-03-01 16:00:00+00:00,long,-0.00998983734572057,-0.00918983734572057,stop,8,0.35472677624711424,0,False,True,False,0.012043340717541737,0.010771379915837726,0,2,-0.0010500202972349535,2005.86,2027.77,2001.16,2015.0,143470.5,2026-03-01 14:14:59.999000+00:00,289170199.57477,243918,81896.06,165122377.08575,0.004546298922497372,0.01847735201538157,0.016205036912935254,4.768073000425968,0.3434798947764049,0.4798947763998508,0.1766253288237443,0.013205955334987543,67.73633881235571,3.3332496704946553,0.012988548588490434,0.014394517767250904,0.0020757914231734897,0.0005778262617630592,0.01934722811105452,1.5825782398384962,13.313657055983331,1.648902362108353,2.7701954980990995,1.0,0.4,0.0,-0.4999999999999997,-0.8660254037844388,6,1.0,0.6451613,True
ETHUSDT,trend_ema__directionlong_only_fast12_rsi_threshold55.0_slow55,trend_ema,2026-03-01 14:00:00+00:00,2026-03-01 16:00:00+00:00,long,-0.00998983734572057,-0.00918983734572057,stop,8,0.35472677624711424,0,False,True,False,0.012043340717541737,0.010771379915837726,0,3,-0.0009756124079675686,2005.86,2027.77,2001.16,2015.0,143470.5,2026-03-01 14:14:59.999000+00:00,289170199.57477,243918,81896.06,165122377.08575,0.004546298922497372,0.01847735201538157,0.016205036912935254,4.768073000425968,0.3434798947764049,0.4798947763998508,0.1766253288237443,0.013205955334987543,67.73633881235571,3.3332496704946553,0.012988548588490434,0.014394517767250904,0.0020757914231734897,0.0005778262617630592,0.01934722811105452,1.5825782398384962,13.313657055983331,1.648902362108353,2.7701954980990995,1.0,0.4,0.0,-0.4999999999999997,-0.8660254037844388,6,1.0,0.6896552,True
XRPUSDT,trend_ema__directionlong_only_fast12_rsi_threshold58.0_slow55,trend_ema,2026-03-02 03:30:00+00:00,2026-03-02 05:00:00+00:00,long,-0.010919230844793367,-0.010119230844793367,stop,6,0.18303690795879946,0,False,True,False,0.011154959892542116,0.003566937078397334,0,1,0.0030706413878324222,1.3719,1.377,1.3699,1.3731,5561374.8,2026-03-02 03:44:59.999000+00:00,7639905.63094,14760,3059817.4,4203635.91408,0.0008743169955869156,0.007309439750908746,0.01607787083411584,1.6038488770037853,0.16901408450705238,0.5492957746478812,0.28169014084506644,0.005170781443449207,59.15184539793997,0.001450967443703197,0.006940842494177829,0.006564658240463698,0.0021103968637714576,0.0007246095822415199,0.026970593886634076,0.6562519623287055,0.009102405588789879,-0.46408505032979774,0.7638792530013819,-1.0,0.56,-0.001091226538629475,0.7071067811865476,0.7071067811865476,0,0.0,0.6451613,True
XRPUSDT,trend_ema__directionlong_only_fast12_rsi_threshold55.0_slow55,trend_ema,2026-03-02 03:30:00+00:00,2026-03-02 05:00:00+00:00,long,-0.010919230844793367,-0.010119230844793367,stop,6,0.18303690795879946,0,False,True,False,0.011154959892542116,0.003566937078397334,0,2,0.0027789798065571128,1.3719,1.377,1.3699,1.3731,5561374.8,2026-03-02 03:44:59.999000+00:00,7639905.63094,14760,3059817.4,4203635.91408,0.0008743169955869156,0.007309439750908746,0.01607787083411584,1.6038488770037853,0.16901408450705238,0.5492957746478812,0.28169014084506644,0.005170781443449207,59.15184539793997,0.001450967443703197,0.006940842494177829,0.006564658240463698,0.0021103968637714576,0.0007246095822415199,0.026970593886634076,0.6562519623287055,0.009102405588789879,-0.46408505032979774,0.7638792530013819,-1.0,0.56,-0.001091226538629475,0.7071067811865476,0.7071067811865476,0,0.0,0.6771682,True
XRPUSDT,trend_ema__directionlong_only_fast12_rsi_threshold55.0_slow55,trend_ema,2026-03-02 03:30:00+00:00,2026-03-02 05:00:00+00:00,long,-0.010919230844793367,-0.010119230844793367,stop,6,0.18303690795879946,0,False,True,False,0.011154959892542116,0.003566937078397334,0,2,0.0027789798065571128,1.3719,1.377,1.3699,1.3731,5561374.8,2026-03-02 03:44:59.999000+00:00,7639905.63094,14760,3059817.4,4203635.91408,0.0008743169955869156,0.007309439750908746,0.01607787083411584,1.6038488770037853,0.16901408450705238,0.5492957746478812,0.28169014084506644,0.005170781443449207,59.15184539793997,0.001450967443703197,0.006940842494177829,0.006564658240463698,0.0021103968637714576,0.0007246095822415199,0.026970593886634076,0.6562519623287055,0.009102405588789879,-0.46408505032979774,0.7638792530013819,-1.0,0.56,-0.001091226538629475,0.7071067811865476,0.7071067811865476,0,0.0,0.6451613,True
XRPUSDT,trend_ema__directionlong_only_fast12_rsi_threshold58.0_slow55,trend_ema,2026-03-02 03:30:00+00:00,2026-03-02 05:00:00+00:00,long,-0.010919230844793367,-0.010119230844793367,stop,6,0.18303690795879946,0,False,True,False,0.011154959892542116,0.003566937078397334,0,1,0.0030706413878324222,1.3719,1.377,1.3699,1.3731,5561374.8,2026-03-02 03:44:59.999000+00:00,7639905.63094,14760,3059817.4,4203635.91408,0.0008743169955869156,0.007309439750908746,0.01607787083411584,1.6038488770037853,0.16901408450705238,0.5492957746478812,0.28169014084506644,0.005170781443449207,59.15184539793997,0.001450967443703197,0.006940842494177829,0.006564658240463698,0.0021103968637714576,0.0007246095822415199,0.026970593886634076,0.6562519623287055,0.009102405588789879,-0.46408505032979774,0.7638792530013819,-1.0,0.56,-0.001091226538629475,0.7071067811865476,0.7071067811865476,0,0.0,0.6821201,True
SOLUSDT,trend_ema__directionshort_only_fast21_rsi_threshold52.0_slow89,trend_ema,2026-03-02 06:15:00+00:00,2026-03-02 07:00:00+00:00,short,0.015896592680500532,0.01669659268050053,target,3,0.2159694264568178,1,True,False,False,0.001103909029368152,0.017735349858988208,0,0,0.017599701518414928,83.88,83.96,82.82,83.32,604915.18,2026-03-02 06:29:59.999000+00:00,50355417.9111,42619,250622.72,20861006.6842,-0.006698589640947966,-0.010387532956801464,-0.009080110175924482,-2.7224370652077257,0.49122807017544035,0.0701754385964897,0.43859649122806993,0.01368218915026405,39.20152867715911,-0.12951538033977847,-0.01028673059595714,-0.010588271543611737,-0.0017258038473201287,-0.0005149806250585032,0.01862847090694557,-1.2632085846489054,0.6015400436470464,2.158324228862952,2.2964445091397243,-1.0,0.19,-0.017916077322018054,1.0,6.123233995736766e-17,0,0.0,0.6896552,True
SOLUSDT,trend_ema__directionshort_only_fast12_rsi_threshold52.0_slow89,trend_ema,2026-03-02 06:15:00+00:00,2026-03-02 07:00:00+00:00,short,0.015896592680500532,0.01669659268050053,target,3,0.2159694264568178,1,True,False,False,0.001103909029368152,0.017735349858988208,0,0,0.017443209137795658,83.88,83.96,82.82,83.32,604915.18,2026-03-02 06:29:59.999000+00:00,50355417.9111,42619,250622.72,20861006.6842,-0.006698589640947966,-0.010387532956801464,-0.009080110175924482,-2.7224370652077257,0.49122807017544035,0.0701754385964897,0.43859649122806993,0.01368218915026405,39.20152867715911,-0.12951538033977847,-0.01028673059595714,-0.010588271543611737,-0.0017258038473201287,-0.0005149806250585032,0.01862847090694557,-1.2632085846489054,0.6015400436470464,2.158324228862952,2.2964445091397243,-1.0,0.19,-0.017916077322018054,1.0,6.123233995736766e-17,0,0.0,0.6896552,True
SOLUSDT,trend_ema__directionshort_only_fast21_rsi_threshold52.0_slow89,trend_ema,2026-03-02 06:15:00+00:00,2026-03-02 07:00:00+00:00,short,0.015896592680500532,0.01669659268050053,target,3,0.2159694264568178,1,True,False,False,0.001103909029368152,0.017735349858988208,0,0,0.017599701518414928,83.88,83.96,82.82,83.32,604915.18,2026-03-02 06:29:59.999000+00:00,50355417.9111,42619,250622.72,20861006.6842,-0.006698589640947966,-0.010387532956801464,-0.009080110175924482,-2.7224370652077257,0.49122807017544035,0.0701754385964897,0.43859649122806993,0.01368218915026405,39.20152867715911,-0.12951538033977847,-0.01028673059595714,-0.010588271543611737,-0.0017258038473201287,-0.0005149806250585032,0.01862847090694557,-1.2632085846489054,0.6015400436470464,2.158324228862952,2.2964445091397243,-1.0,0.19,-0.017916077322018054,1.0,6.123233995736766e-17,0,0.0,0.6451613,True
SOLUSDT,trend_ema__directionshort_only_fast12_rsi_threshold52.0_slow89,trend_ema,2026-03-02 06:15:00+00:00,2026-03-02 07:00:00+00:00,short,0.015896592680500532,0.01669659268050053,target,3,0.2159694264568178,1,True,False,False,0.001103909029368152,0.017735349858988208,0,0,0.017443209137795658,83.88,83.96,82.82,83.32,604915.18,2026-03-02 06:29:59.999000+00:00,50355417.9111,42619,250622.72,20861006.6842,-0.006698589640947966,-0.010387532956801464,-0.009080110175924482,-2.7224370652077257,0.49122807017544035,0.0701754385964897,0.43859649122806993,0.01368218915026405,39.20152867715911,-0.12951538033977847,-0.01028673059595714,-0.010588271543611737,-0.0017258038473201287,-0.0005149806250585032,0.01862847090694557,-1.2632085846489054,0.6015400436470464,2.158324228862952,2.2964445091397243,-1.0,0.19,-0.017916077322018054,1.0,6.123233995736766e-17,0,0.0,0.6451613,True
ETHUSDT,trend_ema__directionshort_only_fast21_rsi_threshold52.0_slow89,trend_ema,2026-03-02 06:45:00+00:00,2026-03-02 14:45:00+00:00,short,-0.010996504234702121,-0.010196504234702121,stop,32,0.21481773770195958,0,False,True,False,0.01915574869604851,0.016077509182343613,0,0,0.015822266990777087,1947.6,1948.21,1936.12,1942.38,55011.599,2026-03-02 06:59:59.999000+00:00,106818093.03173,107412,24694.476,47962851.59799,-0.00267868549901402,-0.014114441305211571,-0.0062050316492350665,-3.302189768223806,0.43176178660047454,0.050454921422673285,0.5177832919768521,0.00622432273808428,39.25911311490202,-3.5906824748784727,-0.009489465507613221,-0.009541538331233642,-0.0026082575715670187,-0.0006811536660397133,0.024261830537584954,-0.8808287797016857,13.155215568088781,0.38785469810506246,1.216727031004198,-1.0,0.39,-0.018960362034829648,1.0,6.123233995736766e-17,0,0.0,0.6896552,True
ETHUSDT,trend_ema__directionshort_only_fast12_rsi_threshold52.0_slow89,trend_ema,2026-03-02 07:00:00+00:00,2026-03-02 09:15:00+00:00,short,-0.010960671612355609,-0.010160671612355609,stop,9,0.32537514494714287,0,False,True,False,0.012796266294560033,0.013428212381540293,0,2,0.011160722316337749,1942.37,1944.11,1924.14,1928.64,94246.764,2026-03-02 07:14:59.999000+00:00,182067037.80518,187228,41161.089,79516967.42707,-0.007098933977127688,-0.020314489687523685,-0.018753486973110023,-5.040372082277703,0.6875312969454146,0.08713069604406742,0.22533800701051804,0.01035444665671136,33.731242752642856,-4.8522980218637795,-0.015092569850377685,-0.016077481480064226,-0.0033600350827063252,-0.0014805950561553871,0.027741343884906407,-1.2468439935417168,13.641985884653854,1.7707548386172525,2.0146067517261725,-1.0,0.37,-0.025900036365105628,0.9659258262890683,-0.25881904510252063,0,0.0,0.6666667,True
SOLUSDT,trend_ema__directionlong_only_fast12_rsi_threshold55.0_slow55,trend_ema,2026-03-02 15:00:00+00:00,2026-03-02 15:00:00+00:00,long,0.018977806112491318,0.019777806112491317,target,0,0.6182781197468075,1,True,False,False,0.002369270777607763,0.02683195651493387,0,4,-0.0015646361276030647,85.6,87.91,85.41,87.78,1709746.6,2026-03-02 15:14:59.999000+00:00,148328267.2169,123329,933960.75,81054140.2065,0.02503158550569377,0.052865442493258606,0.049029427240318606,7.083630110114144,0.8720000000000028,0.05199999999999818,0.0759999999999991,0.028480291638186373,80.91390598734037,0.37209882963263097,0.04124834236777076,0.04390536097516554,0.00833320465229459,0.00284837242473035,0.05123652851572435,1.7837715686347928,0.8074869700964764,3.2814684460008423,4.573242146607321,1.0,1.0,0.0,-0.7071067811865471,-0.7071067811865479,0,1.0,1.0,True
SOLUSDT,trend_ema__directionlong_only_fast12_rsi_threshold58.0_slow55,trend_ema,2026-03-02 15:00:00+00:00,2026-03-02 15:00:00+00:00,long,0.018977806112491318,0.019777806112491317,target,0,0.6182781197468075,1,True,False,False,0.002369270777607763,0.02683195651493387,0,4,-0.0012153498516757628,85.6,87.91,85.41,87.78,1709746.6,2026-03-02 15:14:59.999000+00:00,148328267.2169,123329,933960.75,81054140.2065,0.02503158550569377,0.052865442493258606,0.049029427240318606,7.083630110114144,0.8720000000000028,0.05199999999999818,0.0759999999999991,0.028480291638186373,80.91390598734037,0.37209882963263097,0.04124834236777076,0.04390536097516554,0.00833320465229459,0.00284837242473035,0.05123652851572435,1.7837715686347928,0.8074869700964764,3.2814684460008423,4.573242146607321,1.0,1.0,0.0,-0.7071067811865471,-0.7071067811865479,0,1.0,1.0,True
SOLUSDT,trend_ema__directionlong_only_fast12_rsi_threshold58.0_slow55,trend_ema,2026-03-02 15:00:00+00:00,2026-03-02 15:00:00+00:00,long,0.018977806112491318,0.019777806112491317,target,0,0.6182781197468075,1,True,False,False,0.002369270777607763,0.02683195651493387,0,4,-0.0012153498516757628,85.6,87.91,85.41,87.78,1709746.6,2026-03-02 15:14:59.999000+00:00,148328267.2169,123329,933960.75,81054140.2065,0.02503158550569377,0.052865442493258606,0.049029427240318606,7.083630110114144,0.8720000000000028,0.05199999999999818,0.0759999999999991,0.028480291638186373,80.91390598734037,0.37209882963263097,0.04124834236777076,0.04390536097516554,0.00833320465229459,0.00284837242473035,0.05123652851572435,1.7837715686347928,0.8074869700964764,3.2814684460008423,4.573242146607321,1.0,1.0,0.0,-0.7071067811865471,-0.7071067811865479,0,1.0,0.72,True
SOLUSDT,trend_ema__directionlong_only_fast12_rsi_threshold55.0_slow55,trend_ema,2026-03-02 15:00:00+00:00,2026-03-02 15:00:00+00:00,long,0.018977806112491318,0.019777806112491317,target,0,0.6182781197468075,1,True,False,False,0.002369270777607763,0.02683195651493387,0,4,-0.0015646361276030647,85.6,87.91,85.41,87.78,1709746.6,2026-03-02 15:14:59.999000+00:00,148328267.2169,123329,933960.75,81054140.2065,0.02503158550569377,0.052865442493258606,0.049029427240318606,7.083630110114144,0.8720000000000028,0.05199999999999818,0.0759999999999991,0.028480291638186373,80.91390598734037,0.37209882963263097,0.04124834236777076,0.04390536097516554,0.00833320465229459,0.00284837242473035,0.05123652851572435,1.7837715686347928,0.8074869700964764,3.2814684460008423,4.573242146607321,1.0,1.0,0.0,-0.7071067811865471,-0.7071067811865479,0,1.0,0.72,True
BTCUSDT,trend_ema__directionlong_only_fast12_rsi_threshold58.0_slow55,trend_ema,2026-03-02 15:15:00+00:00,2026-03-02 15:45:00+00:00,long,0.0159629639124354,0.0167629639124354,target,2,0.592601166299381,1,True,False,False,0.0024449783810440067,0.01722624888697929,0,2,0.00261972681650659,68399.3,68777.0,68242.3,68525.3,13880.153,2026-03-02 15:29:59.999000+00:00,950960157.6454,306646,6700.478,459149077.2046,0.0018404294855036234,0.04436082484662941,0.03685306528808327,7.486593997800371,0.2356461567233976,0.4707312511688769,0.29362259210772557,0.007802957447833094,79.63005831496905,298.42184456127245,0.02939151840430855,0.03214958649206902,0.008241145843434383,0.0032721065934511184,0.05093421716925032,1.3235471657628104,464.1274511203159,2.5854516061254067,4.219109198816105,1.0,1.0,0.0,-0.7071067811865471,-0.7071067811865479,0,1.0,0.72,True
XRPUSDT,trend_ema__directionlong_only_fast12_rsi_threshold58.0_slow55,trend_ema,2026-03-02 15:15:00+00:00,2026-03-02 17:30:00+00:00,long,-0.011782641685540694,-0.010982641685540693,stop,9,0.5287930733811589,0,False,True,False,0.012780112671937427,0.015120355412289089,0,4,0.002586915698899789,1.4012,1.4122,1.3964,1.3983,40685025.1,2026-03-02 15:29:59.999000+00:00,57087743.68452,84274,18716657.6,26272140.3403,-0.002071799276526741,0.044230739362497204,0.03700618926365282,6.433025829156041,0.18354430379746436,0.6962025316455714,0.12025316455696425,0.011299435028248454,76.43965366905795,0.00643710526417212,0.02805686408257206,0.02977601659356853,0.008405869049282533,0.003206505808399873,0.052812114476132065,1.2449512318722284,0.010656448390396053,3.0788533803511293,4.448741608395237,1.0,1.0,-0.002069654581786984,-0.7071067811865471,-0.7071067811865479,0,1.0,0.6451613,True
BTCUSDT,trend_ema__directionlong_only_fast12_rsi_threshold55.0_slow55,trend_ema,2026-03-02 15:15:00+00:00,2026-03-02 15:45:00+00:00,long,0.0159629639124354,0.0167629639124354,target,2,0.592601166299381,1,True,False,False,0.0024449783810440067,0.01722624888697929,0,3,0.00038144365212931553,68399.3,68777.0,68242.3,68525.3,13880.153,2026-03-02 15:29:59.999000+00:00,950960157.6454,306646,6700.478,459149077.2046,0.0018404294855036234,0.04436082484662941,0.03685306528808327,7.486593997800371,0.2356461567233976,0.4707312511688769,0.29362259210772557,0.007802957447833094,79.63005831496905,298.42184456127245,0.02939151840430855,0.03214958649206902,0.008241145843434383,0.0032721065934511184,0.05093421716925032,1.3235471657628104,464.1274511203159,2.5854516061254067,4.219109198816105,1.0,1.0,0.0,-0.7071067811865471,-0.7071067811865479,0,1.0,0.6451613,True
BTCUSDT,trend_ema__directionlong_only_fast12_rsi_threshold58.0_slow55,trend_ema,2026-03-02 15:15:00+00:00,2026-03-02 15:45:00+00:00,long,0.0159629639124354,0.0167629639124354,target,2,0.592601166299381,1,True,False,False,0.0024449783810440067,0.01722624888697929,0,2,0.00261972681650659,68399.3,68777.0,68242.3,68525.3,13880.153,2026-03-02 15:29:59.999000+00:00,950960157.6454,306646,6700.478,459149077.2046,0.0018404294855036234,0.04436082484662941,0.03685306528808327,7.486593997800371,0.2356461567233976,0.4707312511688769,0.29362259210772557,0.007802957447833094,79.63005831496905,298.42184456127245,0.02939151840430855,0.03214958649206902,0.008241145843434383,0.0032721065934511184,0.05093421716925032,1.3235471657628104,464.1274511203159,2.5854516061254067,4.219109198816105,1.0,1.0,0.0,-0.7071067811865471,-0.7071067811865479,0,1.0,0.6720596,True
ZECUSDT,trend_ema__directionlong_only_fast12_rsi_threshold58.0_slow55,trend_ema,2026-03-02 15:15:00+00:00,2026-03-02 16:30:00+00:00,long,-0.01440486265667969,-0.01360486265667969,stop,5,0.58573204912812,0,False,True,False,0.014509597082875051,0.01183873915490004,0,3,0.0004027089534646835,223.51,225.0,222.41,223.35,51667.8,2026-03-02 15:29:59.999000+00:00,11557869.57361,52110,28639.692,6410131.07976,-0.000671366255495828,0.0441668854730258,0.04805839705354111,6.674253624255289,0.061776061776060376,0.575289575289578,0.3629343629343616,0.01159614954107904,79.286602456406,1.2696900321940199,0.03305809841835374,0.03555473624250203,0.010092558594207768,0.004461308146756826,0.06482723783007324,1.2526776441319276,2.0676965088424017,2.335030065981852,3.20734233698589,1.0,0.88,-0.0006711409395973034,-0.7071067811865471,-0.7071067811865479,0,1.0,0.6666667,True
ZECUSDT,trend_ema__directionlong_only_fast12_rsi_threshold55.0_slow55,trend_ema,2026-03-02 15:15:00+00:00,2026-03-02 16:30:00+00:00,long,-0.01440486265667969,-0.01360486265667969,stop,5,0.58573204912812,0,False,True,False,0.014509597082875051,0.01183873915490004,0,3,0.003693012064027701,223.51,225.0,222.41,223.35,51667.8,2026-03-02 15:29:59.999000+00:00,11557869.57361,52110,28639.692,6410131.07976,-0.000671366255495828,0.0441668854730258,0.04805839705354111,6.674253624255289,0.061776061776060376,0.575289575289578,0.3629343629343616,0.01159614954107904,79.286602456406,1.2696900321940199,0.03305809841835374,0.03555473624250203,0.010092558594207768,0.004461308146756826,0.06482723783007324,1.2526776441319276,2.0676965088424017,2.335030065981852,3.20734233698589,1.0,0.88,-0.0006711409395973034,-0.7071067811865471,-0.7071067811865479,0,1.0,0.6711911,True
XRPUSDT,trend_ema__directionlong_only_fast12_rsi_threshold55.0_slow55,trend_ema,2026-03-02 15:15:00+00:00,2026-03-02 17:30:00+00:00,long,-0.011782641685540694,-0.010982641685540693,stop,9,0.5287930733811589,0,False,True,False,0.012780112671937427,0.015120355412289089,0,3,0.0024873182252818037,1.4012,1.4122,1.3964,1.3983,40685025.1,2026-03-02 15:29:59.999000+00:00,57087743.68452,84274,18716657.6,26272140.3403,-0.002071799276526741,0.044230739362497204,0.03700618926365282,6.433025829156041,0.18354430379746436,0.6962025316455714,0.12025316455696425,0.011299435028248454,76.43965366905795,0.00643710526417212,0.02805686408257206,0.02977601659356853,0.008405869049282533,0.003206505808399873,0.052812114476132065,1.2449512318722284,0.010656448390396053,3.0788533803511293,4.448741608395237,1.0,1.0,-0.002069654581786984,-0.7071067811865471,-0.7071067811865479,0,1.0,0.6451613,True
ETHUSDT,trend_ema__directionlong_only_fast12_rsi_threshold58.0_slow55,trend_ema,2026-03-02 15:15:00+00:00,2026-03-02 16:00:00+00:00,long,0.021412070462343422,0.02221207046234342,target,3,0.5903305572661378,1,True,False,False,0.0036608011222234327,0.023799559458351383,0,4,0.0006009240516289821,2027.71,2045.0,2025.0,2030.46,303448.063,2026-03-02 15:29:59.999000+00:00,617273399.47161,406593,138738.403,282269726.574,0.0013552908926616355,0.05266130388281687,0.04700841269592146,6.958248627179125,0.1375,0.7269999999999982,0.1355000000000018,0.009849984732523664,79.51652786330689,10.863113939118506,0.0350353277494949,0.03774700641408794,0.00985775679269807,0.0038628790812529346,0.06132254939963958,1.3432922781190315,18.160088955900086,2.1396228622554285,3.3121631039545307,1.0,1.0,0.0,-0.7071067811865471,-0.7071067811865479,0,1.0,0.6729795,True
ETHUSDT,trend_ema__directionlong_only_fast12_rsi_threshold55.0_slow55,trend_ema,2026-03-02 15:15:00+00:00,2026-03-02 16:00:00+00:00,long,0.021412070462343422,0.02221207046234342,target,3,0.5903305572661378,1,True,False,False,0.0036608011222234327,0.023799559458351383,0,4,-0.002318611239232026,2027.71,2045.0,2025.0,2030.46,303448.063,2026-03-02 15:29:59.999000+00:00,617273399.47161,406593,138738.403,282269726.574,0.0013552908926616355,0.05266130388281687,0.04700841269592146,6.958248627179125,0.1375,0.7269999999999982,0.1355000000000018,0.009849984732523664,79.51652786330689,10.863113939118506,0.0350353277494949,0.03774700641408794,0.00985775679269807,0.0038628790812529346,0.06132254939963958,1.3432922781190315,18.160088955900086,2.1396228622554285,3.3121631039545307,1.0,1.0,0.0,-0.7071067811865471,-0.7071067811865479,0,1.0,0.6684588,True
XRPUSDT,trend_ema__directionshort_only_fast12_rsi_threshold52.0_slow89,trend_ema,2026-03-03 03:45:00+00:00,2026-03-03 08:30:00+00:00,short,0.013399118883564912,0.014199118883564912,target,19,0.26416296030086883,1,True,False,False,0.0021148108188288714,0.017460302398095404,0,0,0.008680249635639629,1.3744,1.3752,1.3718,1.3727,2184033.7,2026-03-03 03:59:59.999000+00:00,2999319.04079,7812,873069.0,1199020.81175,-0.0012376689723770712,-0.003780997742243508,-0.012020419897202041,-1.4021870893278512,0.5,0.2352941176470281,0.26470588235297193,0.002476870401398754,36.79185198495656,-0.0015486849796588677,-0.007011189982568944,-0.00823839341738324,-0.002403554147658249,-0.0016018603872746118,0.021398607640823353,-0.761769824896183,0.00749029834691121,-1.170281946126608,0.3762387374539725,-1.0,0.09,-0.015138470368775914,0.7071067811865476,0.7071067811865476,1,0.0,0.6896552,True
XRPUSDT,trend_ema__directionshort_only_fast12_rsi_threshold55.0_slow89,trend_ema,2026-03-03 03:45:00+00:00,2026-03-03 08:30:00+00:00,short,0.013399118883564912,0.014199118883564912,target,19,0.26416296030086883,1,True,False,False,0.0021148108188288714,0.017460302398095404,0,0,0.011006945741002966,1.3744,1.3752,1.3718,1.3727,2184033.7,2026-03-03 03:59:59.999000+00:00,2999319.04079,7812,873069.0,1199020.81175,-0.0012376689723770712,-0.003780997742243508,-0.012020419897202041,-1.4021870893278512,0.5,0.2352941176470281,0.26470588235297193,0.002476870401398754,36.79185198495656,-0.0015486849796588677,-0.007011189982568944,-0.00823839341738324,-0.002403554147658249,-0.0016018603872746118,0.021398607640823353,-0.761769824896183,0.00749029834691121,-1.170281946126608,0.3762387374539725,-1.0,0.09,-0.015138470368775914,0.7071067811865476,0.7071067811865476,1,0.0,0.6451613,True
XRPUSDT,trend_ema__directionshort_only_fast12_rsi_threshold58.0_slow89,trend_ema,2026-03-03 03:45:00+00:00,2026-03-03 08:30:00+00:00,short,0.013399118883564912,0.014199118883564912,target,19,0.26416296030086883,1,True,False,False,0.0021148108188288714,0.017460302398095404,0,0,0.00883743266413142,1.3744,1.3752,1.3718,1.3727,2184033.7,2026-03-03 03:59:59.999000+00:00,2999319.04079,7812,873069.0,1199020.81175,-0.0012376689723770712,-0.003780997742243508,-0.012020419897202041,-1.4021870893278512,0.5,0.2352941176470281,0.26470588235297193,0.002476870401398754,36.79185198495656,-0.0015486849796588677,-0.007011189982568944,-0.00823839341738324,-0.002403554147658249,-0.0016018603872746118,0.021398607640823353,-0.761769824896183,0.00749029834691121,-1.170281946126608,0.3762387374539725,-1.0,0.09,-0.015138470368775914,0.7071067811865476,0.7071067811865476,1,0.0,0.6451613,True
XRPUSDT,trend_ema__directionshort_only_fast12_rsi_threshold52.0_slow89,trend_ema,2026-03-03 03:45:00+00:00,2026-03-03 08:30:00+00:00,short,0.013399118883564912,0.014199118883564912,target,19,0.26416296030086883,1,True,False,False,0.0021148108188288714,0.017460302398095404,0,0,0.008680249635639629,1.3744,1.3752,1.3718,1.3727,2184033.7,2026-03-03 03:59:59.999000+00:00,2999319.04079,7812,873069.0,1199020.81175,-0.0012376689723770712,-0.003780997742243508,-0.012020419897202041,-1.4021870893278512,0.5,0.2352941176470281,0.26470588235297193,0.002476870401398754,36.79185198495656,-0.0015486849796588677,-0.007011189982568944,-0.00823839341738324,-0.002403554147658249,-0.0016018603872746118,0.021398607640823353,-0.761769824896183,0.00749029834691121,-1.170281946126608,0.3762387374539725,-1.0,0.09,-0.015138470368775914,0.7071067811865476,0.7071067811865476,1,0.0,0.6451613,True
XRPUSDT,trend_ema__directionshort_only_fast12_rsi_threshold58.0_slow89,trend_ema,2026-03-03 03:45:00+00:00,2026-03-03 08:30:00+00:00,short,0.013399118883564912,0.014199118883564912,target,19,0.26416296030086883,1,True,False,False,0.0021148108188288714,0.017460302398095404,0,0,0.00883743266413142,1.3744,1.3752,1.3718,1.3727,2184033.7,2026-03-03 03:59:59.999000+00:00,2999319.04079,7812,873069.0,1199020.81175,-0.0012376689723770712,-0.003780997742243508,-0.012020419897202041,-1.4021870893278512,0.5,0.2352941176470281,0.26470588235297193,0.002476870401398754,36.79185198495656,-0.0015486849796588677,-0.007011189982568944,-0.00823839341738324,-0.002403554147658249,-0.0016018603872746118,0.021398607640823353,-0.761769824896183,0.00749029834691121,-1.170281946126608,0.3762387374539725,-1.0,0.09,-0.015138470368775914,0.7071067811865476,0.7071067811865476,1,0.0,0.6896552,True
XRPUSDT,trend_ema__directionshort_only_fast12_rsi_threshold55.0_slow89,trend_ema,2026-03-03 03:45:00+00:00,2026-03-03 08:30:00+00:00,short,0.013399118883564912,0.014199118883564912,target,19,0.26416296030086883,1,True,False,False,0.0021148108188288714,0.017460302398095404,0,0,0.011006945741002966,1.3744,1.3752,1.3718,1.3727,2184033.7,2026-03-03 03:59:59.999000+00:00,2999319.04079,7812,873069.0,1199020.81175,-0.0012376689723770712,-0.003780997742243508,-0.012020419897202041,-1.4021870893278512,0.5,0.2352941176470281,0.26470588235297193,0.002476870401398754,36.79185198495656,-0.0015486849796588677,-0.007011189982568944,-0.00823839341738324,-0.002403554147658249,-0.0016018603872746118,0.021398607640823353,-0.761769824896183,0.00749029834691121,-1.170281946126608,0.3762387374539725,-1.0,0.09,-0.015138470368775914,0.7071067811865476,0.7071067811865476,1,0.0,0.6896552,True
XRPUSDT,trend_ema__directionshort_only_fast21_rsi_threshold55.0_slow89,trend_ema,2026-03-03 04:45:00+00:00,2026-03-03 08:45:00+00:00,short,0.01196973480071608,0.01276973480071608,target,16,0.37700794784229147,1,True,False,False,0.007318508000730139,0.01521101784809887,0,0,0.013176458817874511,1.3673,1.368,1.3638,1.3658,5666212.7,2026-03-03 04:59:59.999000+00:00,7737938.51644,12303,2944141.0,4021843.63074,-0.0010976547880471121,-0.005039265730625066,-0.017419514353238144,-1.9666320552612127,0.3571428571428534,0.1666666666666931,0.4761904761904535,0.0030751208083176188,31.149602607885427,-0.0013185358462104073,-0.008671281942905265,-0.011627311406958026,-0.0025944147782888116,-0.0020150998402864717,0.02501817780151223,-0.7910446703701252,0.006784191771296633,0.04068450893986851,1.0225208205121632,-1.0,0.05,-0.019314999640985264,0.8660254037844386,0.5000000000000001,1,0.0,0.6896552,True
XRPUSDT,trend_ema__directionshort_only_fast21_rsi_threshold52.0_slow89,trend_ema,2026-03-03 04:45:00+00:00,2026-03-03 08:45:00+00:00,short,0.01196973480071608,0.01276973480071608,target,16,0.37700794784229147,1,True,False,False,0.007318508000730139,0.01521101784809887,0,0,0.015203033486461173,1.3673,1.368,1.3638,1.3658,5666212.7,2026-03-03 04:59:59.999000+00:00,7737938.51644,12303,2944141.0,4021843.63074,-0.0010976547880471121,-0.005039265730625066,-0.017419514353238144,-1.9666320552612127,0.3571428571428534,0.1666666666666931,0.4761904761904535,0.0030751208083176188,31.149602607885427,-0.0013185358462104073,-0.008671281942905265,-0.011627311406958026,-0.0025944147782888116,-0.0020150998402864717,0.02501817780151223,-0.7910446703701252,0.006784191771296633,0.04068450893986851,1.0225208205121632,-1.0,0.05,-0.019314999640985264,0.8660254037844386,0.5000000000000001,1,0.0,0.6896552,True
PIPPINUSDT,trend_ema__directionshort_only_fast21_rsi_threshold52.0_slow89,trend_ema,2026-03-03 05:45:00+00:00,2026-03-03 06:15:00+00:00,short,-0.021415441234098487,-0.02061544123409849,stop,2,0.514801891990154,0,False,True,False,0.02462954529899776,0.02795194683866259,0,1,0.0357894071410607,0.53563,0.53857,0.52058,0.53486,9960782.0,2026-03-03 05:59:59.999000+00:00,5279326.60595,63800,4317826.0,2291384.01151,-0.0014385937893792275,-0.04995934595554376,-0.06456072296267887,-5.8962955862491535,0.042801556420236274,0.16342412451361593,0.7937743190661478,0.033634969898664976,24.2599054004923,-0.003887417857295525,-0.04209219396760429,-0.04420559850705643,-0.011562136456702343,-0.004467557306164438,0.07475646017682695,-1.2942647474369202,0.008119652469605977,3.5734418301745055,4.377291433970417,-1.0,0.58,-0.06252081397998344,0.9659258262890683,0.25881904510252074,1,0.0,0.6451613,True
PIPPINUSDT,trend_ema__directionshort_only_fast12_rsi_threshold52.0_slow89,trend_ema,2026-03-03 05:45:00+00:00,2026-03-03 06:15:00+00:00,short,-0.021415441234098487,-0.02061544123409849,stop,2,0.514801891990154,0,False,True,False,0.02462954529899776,0.02795194683866259,0,2,0.028644243501382137,0.53563,0.53857,0.52058,0.53486,9960782.0,2026-03-03 05:59:59.999000+00:00,5279326.60595,63800,4317826.0,2291384.01151,-0.0014385937893792275,-0.04995934595554376,-0.06456072296267887,-5.8962955862491535,0.042801556420236274,0.16342412451361593,0.7937743190661478,0.033634969898664976,24.2599054004923,-0.003887417857295525,-0.04209219396760429,-0.04420559850705643,-0.011562136456702343,-0.004467557306164438,0.07475646017682695,-1.2942647474369202,0.008119652469605977,3.5734418301745055,4.377291433970417,-1.0,0.58,-0.06252081397998344,0.9659258262890683,0.25881904510252074,1,0.0,0.6896552,True
PIPPINUSDT,trend_ema__directionshort_only_fast12_rsi_threshold58.0_slow89,trend_ema,2026-03-03 05:45:00+00:00,2026-03-03 06:15:00+00:00,short,-0.021415441234098487,-0.02061544123409849,stop,2,0.514801891990154,0,False,True,False,0.02462954529899776,0.02795194683866259,0,1,0.035390599660975595,0.53563,0.53857,0.52058,0.53486,9960782.0,2026-03-03 05:59:59.999000+00:00,5279326.60595,63800,4317826.0,2291384.01151,-0.0014385937893792275,-0.04995934595554376,-0.06456072296267887,-5.8962955862491535,0.042801556420236274,0.16342412451361593,0.7937743190661478,0.033634969898664976,24.2599054004923,-0.003887417857295525,-0.04209219396760429,-0.04420559850705643,-0.011562136456702343,-0.004467557306164438,0.07475646017682695,-1.2942647474369202,0.008119652469605977,3.5734418301745055,4.377291433970417,-1.0,0.58,-0.06252081397998344,0.9659258262890683,0.25881904510252074,1,0.0,0.6896552,True
PIPPINUSDT,trend_ema__directionshort_only_fast21_rsi_threshold52.0_slow89,trend_ema,2026-03-03 05:45:00+00:00,2026-03-03 06:15:00+00:00,short,-0.021415441234098487,-0.02061544123409849,stop,2,0.514801891990154,0,False,True,False,0.02462954529899776,0.02795194683866259,0,1,0.0357894071410607,0.53563,0.53857,0.52058,0.53486,9960782.0,2026-03-03 05:59:59.999000+00:00,5279326.60595,63800,4317826.0,2291384.01151,-0.0014385937893792275,-0.04995934595554376,-0.06456072296267887,-5.8962955862491535,0.042801556420236274,0.16342412451361593,0.7937743190661478,0.033634969898664976,24.2599054004923,-0.003887417857295525,-0.04209219396760429,-0.04420559850705643,-0.011562136456702343,-0.004467557306164438,0.07475646017682695,-1.2942647474369202,0.008119652469605977,3.5734418301745055,4.377291433970417,-1.0,0.58,-0.06252081397998344,0.9659258262890683,0.25881904510252074,1,0.0,0.6896552,True
PIPPINUSDT,trend_ema__directionshort_only_fast21_rsi_threshold55.0_slow89,trend_ema,2026-03-03 05:45:00+00:00,2026-03-03 06:15:00+00:00,short,-0.021415441234098487,-0.02061544123409849,stop,2,0.514801891990154,0,False,True,False,0.02462954529899776,0.02795194683866259,0,3,0.021499079861703584,0.53563,0.53857,0.52058,0.53486,9960782.0,2026-03-03 05:59:59.999000+00:00,5279326.60595,63800,4317826.0,2291384.01151,-0.0014385937893792275,-0.04995934595554376,-0.06456072296267887,-5.8962955862491535,0.042801556420236274,0.16342412451361593,0.7937743190661478,0.033634969898664976,24.2599054004923,-0.003887417857295525,-0.04209219396760429,-0.04420559850705643,-0.011562136456702343,-0.004467557306164438,0.07475646017682695,-1.2942647474369202,0.008119652469605977,3.5734418301745055,4.377291433970417,-1.0,0.58,-0.06252081397998344,0.9659258262890683,0.25881904510252074,1,0.0,0.6896552,True
PIPPINUSDT,trend_ema__directionshort_only_fast12_rsi_threshold55.0_slow89,trend_ema,2026-03-03 05:45:00+00:00,2026-03-03 06:15:00+00:00,short,-0.021415441234098487,-0.02061544123409849,stop,2,0.514801891990154,0,False,True,False,0.02462954529899776,0.02795194683866259,0,4,0.014353916222025028,0.53563,0.53857,0.52058,0.53486,9960782.0,2026-03-03 05:59:59.999000+00:00,5279326.60595,63800,4317826.0,2291384.01151,-0.0014385937893792275,-0.04995934595554376,-0.06456072296267887,-5.8962955862491535,0.042801556420236274,0.16342412451361593,0.7937743190661478,0.033634969898664976,24.2599054004923,-0.003887417857295525,-0.04209219396760429,-0.04420559850705643,-0.011562136456702343,-0.004467557306164438,0.07475646017682695,-1.2942647474369202,0.008119652469605977,3.5734418301745055,4.377291433970417,-1.0,0.58,-0.06252081397998344,0.9659258262890683,0.25881904510252074,1,0.0,0.6896552,True
PIPPINUSDT,trend_ema__directionshort_only_fast12_rsi_threshold52.0_slow89,trend_ema,2026-03-03 05:45:00+00:00,2026-03-03 06:15:00+00:00,short,-0.021415441234098487,-0.02061544123409849,stop,2,0.514801891990154,0,False,True,False,0.02462954529899776,0.02795194683866259,0,2,0.028644243501382137,0.53563,0.53857,0.52058,0.53486,9960782.0,2026-03-03 05:59:59.999000+00:00,5279326.60595,63800,4317826.0,2291384.01151,-0.0014385937893792275,-0.04995934595554376,-0.06456072296267887,-5.8962955862491535,0.042801556420236274,0.16342412451361593,0.7937743190661478,0.033634969898664976,24.2599054004923,-0.003887417857295525,-0.04209219396760429,-0.04420559850705643,-0.011562136456702343,-0.004467557306164438,0.07475646017682695,-1.2942647474369202,0.008119652469605977,3.5734418301745055,4.377291433970417,-1.0,0.58,-0.06252081397998344,0.9659258262890683,0.25881904510252074,1,0.0,0.6451613,True
PIPPINUSDT,trend_ema__directionshort_only_fast21_rsi_threshold55.0_slow89,trend_ema,2026-03-03 05:45:00+00:00,2026-03-03 06:15:00+00:00,short,-0.021415441234098487,-0.02061544123409849,stop,2,0.514801891990154,0,False,True,False,0.02462954529899776,0.02795194683866259,0,3,0.021499079861703584,0.53563,0.53857,0.52058,0.53486,9960782.0,2026-03-03 05:59:59.999000+00:00,5279326.60595,63800,4317826.0,2291384.01151,-0.0014385937893792275,-0.04995934595554376,-0.06456072296267887,-5.8962955862491535,0.042801556420236274,0.16342412451361593,0.7937743190661478,0.033634969898664976,24.2599054004923,-0.003887417857295525,-0.04209219396760429,-0.04420559850705643,-0.011562136456702343,-0.004467557306164438,0.07475646017682695,-1.2942647474369202,0.008119652469605977,3.5734418301745055,4.377291433970417,-1.0,0.58,-0.06252081397998344,0.9659258262890683,0.25881904510252074,1,0.0,0.6451613,True
PIPPINUSDT,trend_ema__directionshort_only_fast12_rsi_threshold58.0_slow89,trend_ema,2026-03-03 05:45:00+00:00,2026-03-03 06:15:00+00:00,short,-0.021415441234098487,-0.02061544123409849,stop,2,0.514801891990154,0,False,True,False,0.02462954529899776,0.02795194683866259,0,1,0.035390599660975595,0.53563,0.53857,0.52058,0.53486,9960782.0,2026-03-03 05:59:59.999000+00:00,5279326.60595,63800,4317826.0,2291384.01151,-0.0014385937893792275,-0.04995934595554376,-0.06456072296267887,-5.8962955862491535,0.042801556420236274,0.16342412451361593,0.7937743190661478,0.033634969898664976,24.2599054004923,-0.003887417857295525,-0.04209219396760429,-0.04420559850705643,-0.011562136456702343,-0.004467557306164438,0.07475646017682695,-1.2942647474369202,0.008119652469605977,3.5734418301745055,4.377291433970417,-1.0,0.58,-0.06252081397998344,0.9659258262890683,0.25881904510252074,1,0.0,0.6451613,True
PIPPINUSDT,trend_ema__directionshort_only_fast12_rsi_threshold55.0_slow89,trend_ema,2026-03-03 05:45:00+00:00,2026-03-03 06:15:00+00:00,short,-0.021415441234098487,-0.02061544123409849,stop,2,0.514801891990154,0,False,True,False,0.02462954529899776,0.02795194683866259,0,4,0.014353916222025028,0.53563,0.53857,0.52058,0.53486,9960782.0,2026-03-03 05:59:59.999000+00:00,5279326.60595,63800,4317826.0,2291384.01151,-0.0014385937893792275,-0.04995934595554376,-0.06456072296267887,-5.8962955862491535,0.042801556420236274,0.16342412451361593,0.7937743190661478,0.033634969898664976,24.2599054004923,-0.003887417857295525,-0.04209219396760429,-0.04420559850705643,-0.011562136456702343,-0.004467557306164438,0.07475646017682695,-1.2942647474369202,0.008119652469605977,3.5734418301745055,4.377291433970417,-1.0,0.58,-0.06252081397998344,0.9659258262890683,0.25881904510252074,1,0.0,0.6451613,True
ETHUSDT,trend_ema__directionshort_only_fast12_rsi_threshold58.0_slow89,trend_ema,2026-03-03 06:00:00+00:00,2026-03-03 08:30:00+00:00,short,0.013655828856304767,0.014455828856304767,target,10,0.33093135794371337,1,True,False,False,0.005355398611101051,0.0176145156308973,0,4,0.003630640708701757,1992.47,1995.0,1988.81,1993.09,38439.848,2026-03-03 06:14:59.999000+00:00,76579887.70518,79993,19159.386,38175047.29419,0.00031614206583630114,-0.00823954674866973,-0.007517742505479426,-3.1773725963513653,0.10016155088851138,0.30856219709209454,0.5912762520193942,0.00310573029818024,33.45343210281433,-1.272575352908448,-0.007847892659980775,-0.010220629829980267,-0.0024867974668156823,-0.0015321627145742367,0.019168927484702752,-0.8287181095929266,11.138722963051565,-0.2320632705758605,0.8584061892587476,-1.0,0.05,-0.01816291946639348,1.0,6.123233995736766e-17,1,0.0,0.6896552,True
ETHUSDT,trend_ema__directionshort_only_fast12_rsi_threshold55.0_slow89,trend_ema,2026-03-03 06:00:00+00:00,2026-03-03 08:30:00+00:00,short,0.013655828856304767,0.014455828856304767,target,10,0.33093135794371337,1,True,False,False,0.005355398611101051,0.0176145156308973,0,3,0.0030821263260208225,1992.47,1995.0,1988.81,1993.09,38439.848,2026-03-03 06:14:59.999000+00:00,76579887.70518,79993,19159.386,38175047.29419,0.00031614206583630114,-0.00823954674866973,-0.007517742505479426,-3.1773725963513653,0.10016155088851138,0.30856219709209454,0.5912762520193942,0.00310573029818024,33.45343210281433,-1.272575352908448,-0.007847892659980775,-0.010220629829980267,-0.0024867974668156823,-0.0015321627145742367,0.019168927484702752,-0.8287181095929266,11.138722963051565,-0.2320632705758605,0.8584061892587476,-1.0,0.05,-0.01816291946639348,1.0,6.123233995736766e-17,1,0.0,0.6896552,True
SOLUSDT,trend_ema__directionshort_only_fast12_rsi_threshold55.0_slow89,trend_ema,2026-03-03 06:15:00+00:00,2026-03-03 08:30:00+00:00,short,0.014691581112592276,0.015491581112592277,target,9,0.19040679151749104,1,True,False,False,0.005629338397728945,0.01780348063982543,0,0,0.017792185122862646,85.79,85.79,85.5,85.66,159626.79,2026-03-03 06:29:59.999000+00:00,13667681.0313,14437,68750.79,5887745.8943,-0.0015164773976490615,-0.007559494044341381,-0.001982623542903726,-2.121936495602542,0.4482758620689892,0.0,0.5517241379310108,0.0033854774690638134,40.47966042412545,-0.012221489521900386,-0.0054162569185903404,-0.007616246613300358,-0.0016227295117444696,-0.0011515949131685188,0.013897239550254148,-0.6339358433650375,0.5142772592311629,-0.5235445825035534,0.7079791195758954,-1.0,0.23,-0.011425274091171445,1.0,6.123233995736766e-17,1,0.0,0.6451613,True
SOLUSDT,trend_ema__directionshort_only_fast12_rsi_threshold52.0_slow89,trend_ema,2026-03-03 06:15:00+00:00,2026-03-03 08:30:00+00:00,short,0.014691581112592276,0.015491581112592277,target,9,0.19040679151749104,1,True,False,False,0.005629338397728945,0.01780348063982543,0,0,0.0177561938990342,85.79,85.79,85.5,85.66,159626.79,2026-03-03 06:29:59.999000+00:00,13667681.0313,14437,68750.79,5887745.8943,-0.0015164773976490615,-0.007559494044341381,-0.001982623542903726,-2.121936495602542,0.4482758620689892,0.0,0.5517241379310108,0.0033854774690638134,40.47966042412545,-0.012221489521900386,-0.0054162569185903404,-0.007616246613300358,-0.0016227295117444696,-0.0011515949131685188,0.013897239550254148,-0.6339358433650375,0.5142772592311629,-0.5235445825035534,0.7079791195758954,-1.0,0.23,-0.011425274091171445,1.0,6.123233995736766e-17,1,0.0,0.6451613,True
SOLUSDT,trend_ema__directionshort_only_fast12_rsi_threshold52.0_slow89,trend_ema,2026-03-03 06:15:00+00:00,2026-03-03 08:30:00+00:00,short,0.014691581112592276,0.015491581112592277,target,9,0.19040679151749104,1,True,False,False,0.005629338397728945,0.01780348063982543,0,0,0.0177561938990342,85.79,85.79,85.5,85.66,159626.79,2026-03-03 06:29:59.999000+00:00,13667681.0313,14437,68750.79,5887745.8943,-0.0015164773976490615,-0.007559494044341381,-0.001982623542903726,-2.121936495602542,0.4482758620689892,0.0,0.5517241379310108,0.0033854774690638134,40.47966042412545,-0.012221489521900386,-0.0054162569185903404,-0.007616246613300358,-0.0016227295117444696,-0.0011515949131685188,0.013897239550254148,-0.6339358433650375,0.5142772592311629,-0.5235445825035534,0.7079791195758954,-1.0,0.23,-0.011425274091171445,1.0,6.123233995736766e-17,1,0.0,0.6896552,True
SOLUSDT,trend_ema__directionshort_only_fast12_rsi_threshold55.0_slow89,trend_ema,2026-03-03 06:15:00+00:00,2026-03-03 08:30:00+00:00,short,0.014691581112592276,0.015491581112592277,target,9,0.19040679151749104,1,True,False,False,0.005629338397728945,0.01780348063982543,0,0,0.017792185122862646,85.79,85.79,85.5,85.66,159626.79,2026-03-03 06:29:59.999000+00:00,13667681.0313,14437,68750.79,5887745.8943,-0.0015164773976490615,-0.007559494044341381,-0.001982623542903726,-2.121936495602542,0.4482758620689892,0.0,0.5517241379310108,0.0033854774690638134,40.47966042412545,-0.012221489521900386,-0.0054162569185903404,-0.007616246613300358,-0.0016227295117444696,-0.0011515949131685188,0.013897239550254148,-0.6339358433650375,0.5142772592311629,-0.5235445825035534,0.7079791195758954,-1.0,0.23,-0.011425274091171445,1.0,6.123233995736766e-17,1,0.0,0.6896552,True
SOLUSDT,trend_ema__directionshort_only_fast21_rsi_threshold55.0_slow89,trend_ema,2026-03-03 07:45:00+00:00,2026-03-03 08:30:00+00:00,short,0.014043834721657603,0.014843834721657604,target,3,0.19257307700946896,1,True,False,False,0.0008504894270384431,0.016427694689980347,0,0,0.01778345426767742,85.67,85.71,85.33,85.53,132368.7,2026-03-03 07:59:59.999000+00:00,11318690.1937,12882,74622.12,6381287.9003,-0.0017522345468031174,-0.0029186874960441204,-0.008150953371542783,-1.0493818857595774,0.36842105263158487,0.10526315789471716,0.526315789473698,0.004442885537238343,40.37134614952655,0.003640025347652398,-0.00497765008805989,-0.007762037882570737,-0.0010650029803394023,-0.0010498184481354533,0.012889889441871534,-0.7806527208921338,0.4994070688223433,-0.6689411680682407,0.648379130383267,-1.0,0.06,-0.011556685542586376,0.9659258262890683,-0.25881904510252063,1,0.0,0.6666667,True
SOLUSDT,trend_ema__directionshort_only_fast21_rsi_threshold52.0_slow89,trend_ema,2026-03-03 07:45:00+00:00,2026-03-03 08:30:00+00:00,short,0.014043834721657603,0.014843834721657604,target,3,0.19257307700946896,1,True,False,False,0.0008504894270384431,0.016427694689980347,0,0,0.01770994877339872,85.67,85.71,85.33,85.53,132368.7,2026-03-03 07:59:59.999000+00:00,11318690.1937,12882,74622.12,6381287.9003,-0.0017522345468031174,-0.0029186874960441204,-0.008150953371542783,-1.0493818857595774,0.36842105263158487,0.10526315789471716,0.526315789473698,0.004442885537238343,40.37134614952655,0.003640025347652398,-0.00497765008805989,-0.007762037882570737,-0.0010650029803394023,-0.0010498184481354533,0.012889889441871534,-0.7806527208921338,0.4994070688223433,-0.6689411680682407,0.648379130383267,-1.0,0.06,-0.011556685542586376,0.9659258262890683,-0.25881904510252063,1,0.0,0.6666667,True
BTCUSDT,trend_ema__directionshort_only_fast12_rsi_threshold52.0_slow89,trend_ema,2026-03-03 08:30:00+00:00,2026-03-03 08:45:00+00:00,short,0.009014915711265893,0.009814915711265894,target,1,0.4986317713307182,1,True,False,False,0.00023272981841953027,0.012629734587302127,0,3,-0.0049323763372637495,67718.8,67724.4,67274.4,67310.1,6002.99,2026-03-03 08:44:59.999000+00:00,405148449.9894,119449,2433.25,164256364.4043,-0.006052060703546479,-0.012904033384654751,-0.012647343118186927,-5.5936304116456075,0.9082222222222157,0.012444444444425043,0.07933333333335921,0.006685475136717966,25.068411433464092,-37.72679500098104,-0.01135346418652995,-0.014004271255299688,-0.0021924607575962707,-0.0013087911049810552,0.015024847468364473,-1.4897477870258256,278.97742877064354,3.451452556441694,3.3043671829058634,-1.0,0.4,-0.015574405850091289,0.8660254037844387,-0.4999999999999998,1,1.0,0.72,True
BTCUSDT,trend_ema__directionshort_only_fast12_rsi_threshold55.0_slow89,trend_ema,2026-03-03 08:30:00+00:00,2026-03-03 08:45:00+00:00,short,0.009014915711265893,0.009814915711265894,target,1,0.4986317713307182,1,True,False,False,0.00023272981841953027,0.012629734587302127,0,5,-0.008441641882450654,67718.8,67724.4,67274.4,67310.1,6002.99,2026-03-03 08:44:59.999000+00:00,405148449.9894,119449,2433.25,164256364.4043,-0.006052060703546479,-0.012904033384654751,-0.012647343118186927,-5.5936304116456075,0.9082222222222157,0.012444444444425043,0.07933333333335921,0.006685475136717966,25.068411433464092,-37.72679500098104,-0.01135346418652995,-0.014004271255299688,-0.0021924607575962707,-0.0013087911049810552,0.015024847468364473,-1.4897477870258256,278.97742877064354,3.451452556441694,3.3043671829058634,-1.0,0.4,-0.015574405850091289,0.8660254037844387,-0.4999999999999998,1,1.0,0.6896552,True
BTCUSDT,trend_ema__directionshort_only_fast12_rsi_threshold52.0_slow89,trend_ema,2026-03-03 08:30:00+00:00,2026-03-03 08:45:00+00:00,short,0.009014915711265893,0.009814915711265894,target,1,0.4986317713307182,1,True,False,False,0.00023272981841953027,0.012629734587302127,0,3,-0.0049323763372637495,67718.8,67724.4,67274.4,67310.1,6002.99,2026-03-03 08:44:59.999000+00:00,405148449.9894,119449,2433.25,164256364.4043,-0.006052060703546479,-0.012904033384654751,-0.012647343118186927,-5.5936304116456075,0.9082222222222157,0.012444444444425043,0.07933333333335921,0.006685475136717966,25.068411433464092,-37.72679500098104,-0.01135346418652995,-0.014004271255299688,-0.0021924607575962707,-0.0013087911049810552,0.015024847468364473,-1.4897477870258256,278.97742877064354,3.451452556441694,3.3043671829058634,-1.0,0.4,-0.015574405850091289,0.8660254037844387,-0.4999999999999998,1,1.0,0.6896552,True
BTCUSDT,trend_ema__directionshort_only_fast12_rsi_threshold58.0_slow89,trend_ema,2026-03-03 08:30:00+00:00,2026-03-03 08:45:00+00:00,short,0.009014915711265893,0.009814915711265894,target,1,0.4986317713307182,1,True,False,False,0.00023272981841953027,0.012629734587302127,0,4,-0.006687009109857202,67718.8,67724.4,67274.4,67310.1,6002.99,2026-03-03 08:44:59.999000+00:00,405148449.9894,119449,2433.25,164256364.4043,-0.006052060703546479,-0.012904033384654751,-0.012647343118186927,-5.5936304116456075,0.9082222222222157,0.012444444444425043,0.07933333333335921,0.006685475136717966,25.068411433464092,-37.72679500098104,-0.01135346418652995,-0.014004271255299688,-0.0021924607575962707,-0.0013087911049810552,0.015024847468364473,-1.4897477870258256,278.97742877064354,3.451452556441694,3.3043671829058634,-1.0,0.4,-0.015574405850091289,0.8660254037844387,-0.4999999999999998,1,1.0,0.6896552,True
BTCUSDT,trend_ema__directionshort_only_fast12_rsi_threshold58.0_slow89,trend_ema,2026-03-03 08:30:00+00:00,2026-03-03 08:45:00+00:00,short,0.009014915711265893,0.009814915711265894,target,1,0.4986317713307182,1,True,False,False,0.00023272981841953027,0.012629734587302127,0,4,-0.006687009109857202,67718.8,67724.4,67274.4,67310.1,6002.99,2026-03-03 08:44:59.999000+00:00,405148449.9894,119449,2433.25,164256364.4043,-0.006052060703546479,-0.012904033384654751,-0.012647343118186927,-5.5936304116456075,0.9082222222222157,0.012444444444425043,0.07933333333335921,0.006685475136717966,25.068411433464092,-37.72679500098104,-0.01135346418652995,-0.014004271255299688,-0.0021924607575962707,-0.0013087911049810552,0.015024847468364473,-1.4897477870258256,278.97742877064354,3.451452556441694,3.3043671829058634,-1.0,0.4,-0.015574405850091289,0.8660254037844387,-0.4999999999999998,1,1.0,0.7045851,True
BTCUSDT,trend_ema__directionshort_only_fast12_rsi_threshold55.0_slow89,trend_ema,2026-03-03 08:30:00+00:00,2026-03-03 08:45:00+00:00,short,0.009014915711265893,0.009814915711265894,target,1,0.4986317713307182,1,True,False,False,0.00023272981841953027,0.012629734587302127,0,5,-0.008441641882450654,67718.8,67724.4,67274.4,67310.1,6002.99,2026-03-03 08:44:59.999000+00:00,405148449.9894,119449,2433.25,164256364.4043,-0.006052060703546479,-0.012904033384654751,-0.012647343118186927,-5.5936304116456075,0.9082222222222157,0.012444444444425043,0.07933333333335921,0.006685475136717966,25.068411433464092,-37.72679500098104,-0.01135346418652995,-0.014004271255299688,-0.0021924607575962707,-0.0013087911049810552,0.015024847468364473,-1.4897477870258256,278.97742877064354,3.451452556441694,3.3043671829058634,-1.0,0.4,-0.015574405850091289,0.8660254037844387,-0.4999999999999998,1,1.0,0.6451613,True
ZECUSDT,trend_ema__directionshort_only_fast12_rsi_threshold52.0_slow89,trend_ema,2026-03-03 08:45:00+00:00,2026-03-03 14:45:00+00:00,short,0.021837758692656327,0.022637758692656326,target,24,0.4107242013628689,1,True,False,False,0.012221197341450926,0.024084826596821998,0,0,0.011426892187967632,216.25,216.26,213.87,214.35,40630.077,2026-03-03 08:59:59.999000+00:00,8737354.14347,35290,17986.882,3870290.98561,-0.008824952768002594,-0.030959665393142103,-0.025835518595627865,-4.903843627326861,0.7949790794979149,0.004184100418406261,0.20083682008367887,0.01114998833683222,29.463789931856553,-0.6853204120952001,-0.026538886853740593,-0.0290123783599433,-0.005838019876714617,-0.002630823717095221,0.03793512697807467,-1.4808070696761817,1.9887386589960347,3.0600685207689002,3.2202110482005915,-1.0,0.8,-0.03775363620039507,0.8660254037844387,-0.4999999999999998,1,1.0,0.72,True
ZECUSDT,trend_ema__directionshort_only_fast12_rsi_threshold58.0_slow89,trend_ema,2026-03-03 08:45:00+00:00,2026-03-03 14:45:00+00:00,short,0.021837758692656327,0.022637758692656326,target,24,0.4107242013628689,1,True,False,False,0.012221197341450926,0.024084826596821998,0,0,0.011481360559582331,216.25,216.26,213.87,214.35,40630.077,2026-03-03 08:59:59.999000+00:00,8737354.14347,35290,17986.882,3870290.98561,-0.008824952768002594,-0.030959665393142103,-0.025835518595627865,-4.903843627326861,0.7949790794979149,0.004184100418406261,0.20083682008367887,0.01114998833683222,29.463789931856553,-0.6853204120952001,-0.026538886853740593,-0.0290123783599433,-0.005838019876714617,-0.002630823717095221,0.03793512697807467,-1.4808070696761817,1.9887386589960347,3.0600685207689002,3.2202110482005915,-1.0,0.8,-0.03775363620039507,0.8660254037844387,-0.4999999999999998,1,1.0,0.6896552,True
ZECUSDT,trend_ema__directionshort_only_fast12_rsi_threshold52.0_slow89,trend_ema,2026-03-03 08:45:00+00:00,2026-03-03 14:45:00+00:00,short,0.021837758692656327,0.022637758692656326,target,24,0.4107242013628689,1,True,False,False,0.012221197341450926,0.024084826596821998,0,0,0.011426892187967632,216.25,216.26,213.87,214.35,40630.077,2026-03-03 08:59:59.999000+00:00,8737354.14347,35290,17986.882,3870290.98561,-0.008824952768002594,-0.030959665393142103,-0.025835518595627865,-4.903843627326861,0.7949790794979149,0.004184100418406261,0.20083682008367887,0.01114998833683222,29.463789931856553,-0.6853204120952001,-0.026538886853740593,-0.0290123783599433,-0.005838019876714617,-0.002630823717095221,0.03793512697807467,-1.4808070696761817,1.9887386589960347,3.0600685207689002,3.2202110482005915,-1.0,0.8,-0.03775363620039507,0.8660254037844387,-0.4999999999999998,1,1.0,0.6896552,True
ZECUSDT,trend_ema__directionshort_only_fast12_rsi_threshold55.0_slow89,trend_ema,2026-03-03 08:45:00+00:00,2026-03-03 14:45:00+00:00,short,0.021837758692656327,0.022637758692656326,target,24,0.4107242013628689,1,True,False,False,0.012221197341450926,0.024084826596821998,0,1,0.011372423816352933,216.25,216.26,213.87,214.35,40630.077,2026-03-03 08:59:59.999000+00:00,8737354.14347,35290,17986.882,3870290.98561,-0.008824952768002594,-0.030959665393142103,-0.025835518595627865,-4.903843627326861,0.7949790794979149,0.004184100418406261,0.20083682008367887,0.01114998833683222,29.463789931856553,-0.6853204120952001,-0.026538886853740593,-0.0290123783599433,-0.005838019876714617,-0.002630823717095221,0.03793512697807467,-1.4808070696761817,1.9887386589960347,3.0600685207689002,3.2202110482005915,-1.0,0.8,-0.03775363620039507,0.8660254037844387,-0.4999999999999998,1,1.0,0.72,True
ZECUSDT,trend_ema__directionshort_only_fast12_rsi_threshold55.0_slow89,trend_ema,2026-03-03 08:45:00+00:00,2026-03-03 14:45:00+00:00,short,0.021837758692656327,0.022637758692656326,target,24,0.4107242013628689,1,True,False,False,0.012221197341450926,0.024084826596821998,0,1,0.011372423816352933,216.25,216.26,213.87,214.35,40630.077,2026-03-03 08:59:59.999000+00:00,8737354.14347,35290,17986.882,3870290.98561,-0.008824952768002594,-0.030959665393142103,-0.025835518595627865,-4.903843627326861,0.7949790794979149,0.004184100418406261,0.20083682008367887,0.01114998833683222,29.463789931856553,-0.6853204120952001,-0.026538886853740593,-0.0290123783599433,-0.005838019876714617,-0.002630823717095221,0.03793512697807467,-1.4808070696761817,1.9887386589960347,3.0600685207689002,3.2202110482005915,-1.0,0.8,-0.03775363620039507,0.8660254037844387,-0.4999999999999998,1,1.0,0.6896552,True
ZECUSDT,trend_ema__directionshort_only_fast12_rsi_threshold58.0_slow89,trend_ema,2026-03-03 08:45:00+00:00,2026-03-03 14:45:00+00:00,short,0.021837758692656327,0.022637758692656326,target,24,0.4107242013628689,1,True,False,False,0.012221197341450926,0.024084826596821998,0,0,0.011481360559582331,216.25,216.26,213.87,214.35,40630.077,2026-03-03 08:59:59.999000+00:00,8737354.14347,35290,17986.882,3870290.98561,-0.008824952768002594,-0.030959665393142103,-0.025835518595627865,-4.903843627326861,0.7949790794979149,0.004184100418406261,0.20083682008367887,0.01114998833683222,29.463789931856553,-0.6853204120952001,-0.026538886853740593,-0.0290123783599433,-0.005838019876714617,-0.002630823717095221,0.03793512697807467,-1.4808070696761817,1.9887386589960347,3.0600685207689002,3.2202110482005915,-1.0,0.8,-0.03775363620039507,0.8660254037844387,-0.4999999999999998,1,1.0,0.72,True
ZECUSDT,trend_ema__directionshort_only_fast21_rsi_threshold55.0_slow89,trend_ema,2026-03-03 09:15:00+00:00,2026-03-03 12:00:00+00:00,short,-0.014604305522655694,-0.013804305522655694,stop,11,0.42096695003677637,0,False,True,False,0.01857996242479645,0.011531580830656628,0,1,0.01200417325290564,214.9,215.65,212.76,213.38,20104.958,2026-03-03 09:29:59.999000+00:00,4304476.78567,23581,8437.309,1807436.25835,-0.007191252097305447,-0.025540390765502137,-0.041537831602323716,-3.928207239700383,0.5259515570934264,0.2595155709342547,0.21453287197231882,0.013543912269191183,28.95165249816118,-0.8583167903558968,-0.026166452463447617,-0.031371519701069564,-0.007587171430102679,-0.004619309141138062,0.05164462319826304,-1.132069931104759,2.0425858845425013,0.7185475501952343,1.4779232574487557,-1.0,0.8,-0.042108098401867466,0.7071067811865476,-0.7071067811865475,1,1.0,0.6896552,True
ZECUSDT,trend_ema__directionshort_only_fast21_rsi_threshold55.0_slow89,trend_ema,2026-03-03 09:15:00+00:00,2026-03-03 12:00:00+00:00,short,-0.014604305522655694,-0.013804305522655694,stop,11,0.42096695003677637,0,False,True,False,0.01857996242479645,0.011531580830656628,0,1,0.01200417325290564,214.9,215.65,212.76,213.38,20104.958,2026-03-03 09:29:59.999000+00:00,4304476.78567,23581,8437.309,1807436.25835,-0.007191252097305447,-0.025540390765502137,-0.041537831602323716,-3.928207239700383,0.5259515570934264,0.2595155709342547,0.21453287197231882,0.013543912269191183,28.95165249816118,-0.8583167903558968,-0.026166452463447617,-0.031371519701069564,-0.007587171430102679,-0.004619309141138062,0.05164462319826304,-1.132069931104759,2.0425858845425013,0.7185475501952343,1.4779232574487557,-1.0,0.8,-0.042108098401867466,0.7071067811865476,-0.7071067811865475,1,1.0,0.72,True
ZECUSDT,trend_ema__directionshort_only_fast21_rsi_threshold52.0_slow89,trend_ema,2026-03-03 09:15:00+00:00,2026-03-03 12:00:00+00:00,short,-0.014604305522655694,-0.013804305522655694,stop,11,0.42096695003677637,0,False,True,False,0.01857996242479645,0.011531580830656628,0,0,0.012165894827997079,214.9,215.65,212.76,213.38,20104.958,2026-03-03 09:29:59.999000+00:00,4304476.78567,23581,8437.309,1807436.25835,-0.007191252097305447,-0.025540390765502137,-0.041537831602323716,-3.928207239700383,0.5259515570934264,0.2595155709342547,0.21453287197231882,0.013543912269191183,28.95165249816118,-0.8583167903558968,-0.026166452463447617,-0.031371519701069564,-0.007587171430102679,-0.004619309141138062,0.05164462319826304,-1.132069931104759,2.0425858845425013,0.7185475501952343,1.4779232574487557,-1.0,0.8,-0.042108098401867466,0.7071067811865476,-0.7071067811865475,1,1.0,0.72,True
ZECUSDT,trend_ema__directionshort_only_fast21_rsi_threshold52.0_slow89,trend_ema,2026-03-03 09:15:00+00:00,2026-03-03 12:00:00+00:00,short,-0.014604305522655694,-0.013804305522655694,stop,11,0.42096695003677637,0,False,True,False,0.01857996242479645,0.011531580830656628,0,0,0.012165894827997079,214.9,215.65,212.76,213.38,20104.958,2026-03-03 09:29:59.999000+00:00,4304476.78567,23581,8437.309,1807436.25835,-0.007191252097305447,-0.025540390765502137,-0.041537831602323716,-3.928207239700383,0.5259515570934264,0.2595155709342547,0.21453287197231882,0.013543912269191183,28.95165249816118,-0.8583167903558968,-0.026166452463447617,-0.031371519701069564,-0.007587171430102679,-0.004619309141138062,0.05164462319826304,-1.132069931104759,2.0425858845425013,0.7185475501952343,1.4779232574487557,-1.0,0.8,-0.042108098401867466,0.7071067811865476,-0.7071067811865475,1,1.0,0.6896552,True
ETHUSDT,trend_ema__directionshort_only_fast12_rsi_threshold55.0_slow89,trend_ema,2026-03-03 21:15:00+00:00,2026-03-03 23:00:00+00:00,short,-0.012869642011066374,-0.012069642011066374,stop,7,0.15177639118159306,0,False,True,False,0.017437997350661618,0.004334681559949815,0,0,0.0009891468025963273,1966.98,1968.73,1958.16,1962.28,42214.877,2026-03-03 21:29:59.999000+00:00,82857408.04147,71879,15685.027,30785370.9535,-0.0023973930302020117,-0.009555278869020642,-0.006552470960953704,-1.7974029761952783,0.44465468306528605,0.16556291390728575,0.38978240302742817,0.005386591108302554,42.41118044092035,-2.560963218518945,-0.00709633115797376,-0.007155240722369417,-0.0013872763743866257,-0.000280610543195281,0.015833019118669616,-1.0661508980742678,15.449446824113812,-0.6980665180521174,0.4333364575370777,-1.0,0.77,-0.014924623872370146,-0.7071067811865477,0.7071067811865474,1,2.0,0.6451613,True
ETHUSDT,trend_ema__directionshort_only_fast12_rsi_threshold55.0_slow89,trend_ema,2026-03-03 21:15:00+00:00,2026-03-03 23:00:00+00:00,short,-0.012869642011066374,-0.012069642011066374,stop,7,0.15177639118159306,0,False,True,False,0.017437997350661618,0.004334681559949815,0,0,0.0009891468025963273,1966.98,1968.73,1958.16,1962.28,42214.877,2026-03-03 21:29:59.999000+00:00,82857408.04147,71879,15685.027,30785370.9535,-0.0023973930302020117,-0.009555278869020642,-0.006552470960953704,-1.7974029761952783,0.44465468306528605,0.16556291390728575,0.38978240302742817,0.005386591108302554,42.41118044092035,-2.560963218518945,-0.00709633115797376,-0.007155240722369417,-0.0013872763743866257,-0.000280610543195281,0.015833019118669616,-1.0661508980742678,15.449446824113812,-0.6980665180521174,0.4333364575370777,-1.0,0.77,-0.014924623872370146,-0.7071067811865477,0.7071067811865474,1,2.0,0.6896552,True
SOLUSDT,trend_ema__directionlong_only_fast12_rsi_threshold55.0_slow55,trend_ema,2026-03-03 22:15:00+00:00,2026-03-04 01:00:00+00:00,long,0.020639791296011147,0.021439791296011146,target,11,0.18376199324306142,1,True,False,False,0.0010839803268184298,0.022616341318068896,0,3,0.0012357959236931918,85.64,86.17,85.56,85.82,270136.18,2026-03-03 22:29:59.999000+00:00,23191630.2123,22673,154850.86,13295232.1747,0.0019828547932495967,0.017158723952804752,0.0050230816438637665,4.225715516366832,0.2950819672131029,0.5737704918032932,0.13114754098360387,0.007107900256350495,59.18809966215307,0.0526399096548298,0.009278671484034983,0.010147877193190503,0.002135569040815355,0.000536552344835961,0.018301711852032655,0.9776933616777562,0.7256551099411992,-0.5114118704169648,0.6250478079599596,1.0,0.46,0.0,-0.5000000000000004,0.8660254037844384,1,2.0,0.6896552,True
SOLUSDT,trend_ema__directionshort_only_fast12_rsi_threshold52.0_slow89,trend_ema,2026-03-04 06:15:00+00:00,2026-03-04 07:15:00+00:00,short,-0.01278372351703496,-0.01198372351703496,stop,4,0.1720816572725292,0,False,True,False,0.013543315416025024,0.0023171630331650563,0,2,0.01034346169099538,85.13,85.21,84.92,85.13,140461.61,2026-03-04 06:29:59.999000+00:00,11950545.8523,15291,72840.14,6197263.7085,0.0,-0.00023490721273177967,-0.018389717493103377,-0.05378163224124421,0.0,0.27586206896551896,0.7241379310344811,0.003406554681075908,41.39591713637354,-0.09920723829173256,-0.006881154867107227,-0.007267098941301101,-0.0017638684577220287,-0.0010366572046429656,0.03940475184437398,-0.502060148780568,0.6521560780486009,-1.0492698316395819,0.47578701262404577,-1.0,0.52,-0.028639890460976813,1.0,6.123233995736766e-17,2,0.0,0.6666667,True
SOLUSDT,trend_ema__directionshort_only_fast12_rsi_threshold58.0_slow89,trend_ema,2026-03-04 06:15:00+00:00,2026-03-04 07:15:00+00:00,short,-0.01278372351703496,-0.01198372351703496,stop,4,0.1720816572725292,0,False,True,False,0.013543315416025024,0.0023171630331650563,0,1,0.01369320932641958,85.13,85.21,84.92,85.13,140461.61,2026-03-04 06:29:59.999000+00:00,11950545.8523,15291,72840.14,6197263.7085,0.0,-0.00023490721273177967,-0.018389717493103377,-0.05378163224124421,0.0,0.27586206896551896,0.7241379310344811,0.003406554681075908,41.39591713637354,-0.09920723829173256,-0.006881154867107227,-0.007267098941301101,-0.0017638684577220287,-0.0010366572046429656,0.03940475184437398,-0.502060148780568,0.6521560780486009,-1.0492698316395819,0.47578701262404577,-1.0,0.52,-0.028639890460976813,1.0,6.123233995736766e-17,2,0.0,0.6666667,True
SOLUSDT,trend_ema__directionshort_only_fast12_rsi_threshold55.0_slow89,trend_ema,2026-03-04 06:15:00+00:00,2026-03-04 07:15:00+00:00,short,-0.01278372351703496,-0.01198372351703496,stop,4,0.1720816572725292,0,False,True,False,0.013543315416025024,0.0023171630331650563,0,0,0.01704295696184378,85.13,85.21,84.92,85.13,140461.61,2026-03-04 06:29:59.999000+00:00,11950545.8523,15291,72840.14,6197263.7085,0.0,-0.00023490721273177967,-0.018389717493103377,-0.05378163224124421,0.0,0.27586206896551896,0.7241379310344811,0.003406554681075908,41.39591713637354,-0.09920723829173256,-0.006881154867107227,-0.007267098941301101,-0.0017638684577220287,-0.0010366572046429656,0.03940475184437398,-0.502060148780568,0.6521560780486009,-1.0492698316395819,0.47578701262404577,-1.0,0.52,-0.028639890460976813,1.0,6.123233995736766e-17,2,0.0,0.6896552,True
ETHUSDT,trend_ema__directionlong_only_fast12_rsi_threshold55.0_slow55,trend_ema,2026-03-04 07:45:00+00:00,2026-03-04 08:00:00+00:00,long,0.01318160156264314,0.01398160156264314,target,1,0.3436706676844273,1,True,False,False,0.0017509902440088793,0.01588524414655202,0,3,-0.00232839406846565,1992.19,2010.0,1989.0,2005.72,155515.442,2026-03-04 07:59:59.999000+00:00,311328905.33432,202354,76090.241,152326366.42746,0.006768562401160023,0.01328511347173633,0.023267830854142118,3.0762215729442492,0.644285714285713,0.2038095238095225,0.1519047619047645,0.01047005564086712,67.18353338422136,4.427192002980287,0.014622988232401565,0.015546422537321249,0.003300298785430922,0.0014999499864538635,0.02888487370538025,1.2732548792049567,11.847325826724525,2.9282836641830636,3.2977566172877393,1.0,0.63,0.0,0.9659258262890683,-0.25881904510252063,2,0.0,0.6896552,True
ETHUSDT,trend_ema__directionlong_only_fast12_rsi_threshold58.0_slow55,trend_ema,2026-03-04 07:45:00+00:00,2026-03-04 08:00:00+00:00,long,0.01318160156264314,0.01398160156264314,target,1,0.3436706676844273,1,True,False,False,0.0017509902440088793,0.01588524414655202,0,2,-0.00012740726690763717,1992.19,2010.0,1989.0,2005.72,155515.442,2026-03-04 07:59:59.999000+00:00,311328905.33432,202354,76090.241,152326366.42746,0.006768562401160023,0.01328511347173633,0.023267830854142118,3.0762215729442492,0.644285714285713,0.2038095238095225,0.1519047619047645,0.01047005564086712,67.18353338422136,4.427192002980287,0.014622988232401565,0.015546422537321249,0.003300298785430922,0.0014999499864538635,0.02888487370538025,1.2732548792049567,11.847325826724525,2.9282836641830636,3.2977566172877393,1.0,0.63,0.0,0.9659258262890683,-0.25881904510252063,2,0.0,0.6896552,True
SOLUSDT,trend_ema__directionlong_only_fast12_rsi_threshold55.0_slow55,trend_ema,2026-03-04 07:45:00+00:00,2026-03-04 08:45:00+00:00,long,0.01780512228925591,0.01860512228925591,target,4,0.30066200717996594,1,True,False,False,0.002226030151308463,0.037795651450528996,0,1,0.0036337773851898834,86.69,87.49,86.51,87.38,687827.68,2026-03-04 07:59:59.999000+00:00,59968720.7207,44581,392241.83,34194671.0987,0.007812539736793625,0.021048539309084808,0.019296918612498434,4.125122097206308,0.7040816326530662,0.11224489795918427,0.18367346938774948,0.011215381094071754,65.0331003589983,0.19012201673895804,0.01583919112864229,0.017381935240431825,0.003356432079528293,0.001261199108756994,0.02928311389068794,1.3145098948202425,0.6691588508149351,2.4385708685672673,2.3653869381792028,1.0,0.76,0.0,0.9659258262890683,-0.25881904510252063,2,0.0,0.6896552,True
XRPUSDT,trend_ema__directionlong_only_fast12_rsi_threshold55.0_slow55,trend_ema,2026-03-04 07:45:00+00:00,2026-03-04 08:45:00+00:00,long,0.010400604004728657,0.011200604004728658,target,4,0.3363646810966472,1,True,False,False,0.0012467051331696765,0.027926249819382562,0,4,-0.002592032110676454,1.3675,1.3765,1.366,1.3742,11640007.2,2026-03-04 07:59:59.999000+00:00,15977502.52413,24955,6564602.6,9012004.73453,0.004887488300839465,0.011343383366697676,0.01621280423226327,3.463742316231057,0.6380952380952553,0.21904761904761702,0.14285714285712775,0.007640809198078848,66.81823405483236,0.0022436002991334503,0.010994781123079299,0.011530883628617464,0.00252044019559583,0.001074499658719752,0.020509136275243166,1.3136008787986102,0.006439960157277645,2.464487461213925,2.4653643353262122,1.0,0.61,0.0,0.9659258262890683,-0.25881904510252063,2,0.0,0.6708286,True
ETHUSDT,trend_ema__directionlong_only_fast12_rsi_threshold55.0_slow55,trend_ema,2026-03-04 07:45:00+00:00,2026-03-04 08:00:00+00:00,long,0.01318160156264314,0.01398160156264314,target,1,0.3436706676844273,1,True,False,False,0.0017509902440088793,0.01588524414655202,0,3,-0.00232839406846565,1992.19,2010.0,1989.0,2005.72,155515.442,2026-03-04 07:59:59.999000+00:00,311328905.33432,202354,76090.241,152326366.42746,0.006768562401160023,0.01328511347173633,0.023267830854142118,3.0762215729442492,0.644285714285713,0.2038095238095225,0.1519047619047645,0.01047005564086712,67.18353338422136,4.427192002980287,0.014622988232401565,0.015546422537321249,0.003300298785430922,0.0014999499864538635,0.02888487370538025,1.2732548792049567,11.847325826724525,2.9282836641830636,3.2977566172877393,1.0,0.63,0.0,0.9659258262890683,-0.25881904510252063,2,0.0,0.6451613,True
ZECUSDT,trend_ema__directionlong_only_fast12_rsi_threshold55.0_slow55,trend_ema,2026-03-04 07:45:00+00:00,2026-03-04 08:45:00+00:00,long,0.017469573128206888,0.018269573128206887,target,4,0.2634219028220848,1,True,False,False,0.006548219001605716,0.03796720589034263,0,3,-0.002887594157098332,220.34,222.72,219.9,222.12,24451.985,2026-03-04 07:59:59.999000+00:00,5422757.92792,29002,13107.202,2907020.42892,0.008000585085410494,0.014191709699907682,0.02576580666164248,2.4845748957673193,0.6312056737588672,0.212765957446807,0.1560283687943258,0.012695840086439732,63.17109514110424,0.5101260334240665,0.014537819159668529,0.015292429713274817,0.003109774435714918,0.0013488088353903471,0.03001786894110157,1.2465792878772466,1.6968451548427774,3.097011295957044,2.6681484800442883,1.0,0.46,0.0,0.9659258262890683,-0.25881904510252063,2,0.0,0.6896552,True
SOLUSDT,trend_ema__directionlong_only_fast12_rsi_threshold55.0_slow55,trend_ema,2026-03-04 07:45:00+00:00,2026-03-04 08:45:00+00:00,long,0.01780512228925591,0.01860512228925591,target,4,0.30066200717996594,1,True,False,False,0.002226030151308463,0.037795651450528996,0,1,0.0036337773851898834,86.69,87.49,86.51,87.38,687827.68,2026-03-04 07:59:59.999000+00:00,59968720.7207,44581,392241.83,34194671.0987,0.007812539736793625,0.021048539309084808,0.019296918612498434,4.125122097206308,0.7040816326530662,0.11224489795918427,0.18367346938774948,0.011215381094071754,65.0331003589983,0.19012201673895804,0.01583919112864229,0.017381935240431825,0.003356432079528293,0.001261199108756994,0.02928311389068794,1.3145098948202425,0.6691588508149351,2.4385708685672673,2.3653869381792028,1.0,0.76,0.0,0.9659258262890683,-0.25881904510252063,2,0.0,0.6451613,True
SOLUSDT,trend_ema__directionlong_only_fast12_rsi_threshold58.0_slow55,trend_ema,2026-03-04 07:45:00+00:00,2026-03-04 08:45:00+00:00,long,0.01780512228925591,0.01860512228925591,target,4,0.30066200717996594,1,True,False,False,0.002226030151308463,0.037795651450528996,0,2,0.004155392752840123,86.69,87.49,86.51,87.38,687827.68,2026-03-04 07:59:59.999000+00:00,59968720.7207,44581,392241.83,34194671.0987,0.007812539736793625,0.021048539309084808,0.019296918612498434,4.125122097206308,0.7040816326530662,0.11224489795918427,0.18367346938774948,0.011215381094071754,65.0331003589983,0.19012201673895804,0.01583919112864229,0.017381935240431825,0.003356432079528293,0.001261199108756994,0.02928311389068794,1.3145098948202425,0.6691588508149351,2.4385708685672673,2.3653869381792028,1.0,0.76,0.0,0.9659258262890683,-0.25881904510252063,2,0.0,0.6451613,True
ETHUSDT,trend_ema__directionlong_only_fast12_rsi_threshold58.0_slow55,trend_ema,2026-03-04 07:45:00+00:00,2026-03-04 08:00:00+00:00,long,0.01318160156264314,0.01398160156264314,target,1,0.3436706676844273,1,True,False,False,0.0017509902440088793,0.01588524414655202,0,2,-0.00012740726690763717,1992.19,2010.0,1989.0,2005.72,155515.442,2026-03-04 07:59:59.999000+00:00,311328905.33432,202354,76090.241,152326366.42746,0.006768562401160023,0.01328511347173633,0.023267830854142118,3.0762215729442492,0.644285714285713,0.2038095238095225,0.1519047619047645,0.01047005564086712,67.18353338422136,4.427192002980287,0.014622988232401565,0.015546422537321249,0.003300298785430922,0.0014999499864538635,0.02888487370538025,1.2732548792049567,11.847325826724525,2.9282836641830636,3.2977566172877393,1.0,0.63,0.0,0.9659258262890683,-0.25881904510252063,2,0.0,0.6451613,True
SOLUSDT,trend_ema__directionlong_only_fast12_rsi_threshold58.0_slow55,trend_ema,2026-03-04 07:45:00+00:00,2026-03-04 08:45:00+00:00,long,0.01780512228925591,0.01860512228925591,target,4,0.30066200717996594,1,True,False,False,0.002226030151308463,0.037795651450528996,0,2,0.004155392752840123,86.69,87.49,86.51,87.38,687827.68,2026-03-04 07:59:59.999000+00:00,59968720.7207,44581,392241.83,34194671.0987,0.007812539736793625,0.021048539309084808,0.019296918612498434,4.125122097206308,0.7040816326530662,0.11224489795918427,0.18367346938774948,0.011215381094071754,65.0331003589983,0.19012201673895804,0.01583919112864229,0.017381935240431825,0.003356432079528293,0.001261199108756994,0.02928311389068794,1.3145098948202425,0.6691588508149351,2.4385708685672673,2.3653869381792028,1.0,0.76,0.0,0.9659258262890683,-0.25881904510252063,2,0.0,0.6896552,True
PIPPINUSDT,trend_ema__directionlong_only_fast12_rsi_threshold55.0_slow55,trend_ema,2026-03-04 21:15:00+00:00,2026-03-04 21:30:00+00:00,long,0.06546963290230391,0.06626963290230391,target,1,0.34698114124348534,1,True,False,False,0.009719291146387697,0.09098770722244834,0,5,-0.02556585158336862,0.34898,0.35732,0.34564,0.35635,7165752.0,2026-03-04 21:29:59.999000+00:00,2525766.73249,51231,3907975.0,1377976.7256,0.0208987799777958,0.05417012165811379,0.07488322374440286,2.261130088958354,0.6309931506849291,0.08304794520548155,0.2859589041095893,0.03277676441700582,67.34905706217427,0.003044036295803656,0.057838635825041625,0.05774568791484151,0.016156973998872726,0.007941805476590735,0.14088146483342678,1.0252517017847715,0.009425519759638684,-0.3437893492982421,0.7722449066686669,-1.0,0.83,0.0,-0.7071067811865477,0.7071067811865474,2,2.0,0.6896552,True
PIPPINUSDT,trend_ema__directionlong_only_fast12_rsi_threshold58.0_slow55,trend_ema,2026-03-04 21:15:00+00:00,2026-03-04 21:30:00+00:00,long,0.06546963290230391,0.06626963290230391,target,1,0.34698114124348534,1,True,False,False,0.009719291146387697,0.09098770722244834,0,4,-0.016167303950253103,0.34898,0.35732,0.34564,0.35635,7165752.0,2026-03-04 21:29:59.999000+00:00,2525766.73249,51231,3907975.0,1377976.7256,0.0208987799777958,0.05417012165811379,0.07488322374440286,2.261130088958354,0.6309931506849291,0.08304794520548155,0.2859589041095893,0.03277676441700582,67.34905706217427,0.003044036295803656,0.057838635825041625,0.05774568791484151,0.016156973998872726,0.007941805476590735,0.14088146483342678,1.0252517017847715,0.009425519759638684,-0.3437893492982421,0.7722449066686669,-1.0,0.83,0.0,-0.7071067811865477,0.7071067811865474,2,2.0,1.0,True
PIPPINUSDT,trend_ema__directionlong_only_fast12_rsi_threshold55.0_slow55,trend_ema,2026-03-04 21:15:00+00:00,2026-03-04 21:30:00+00:00,long,0.06546963290230391,0.06626963290230391,target,1,0.34698114124348534,1,True,False,False,0.009719291146387697,0.09098770722244834,0,5,-0.02556585158336862,0.34898,0.35732,0.34564,0.35635,7165752.0,2026-03-04 21:29:59.999000+00:00,2525766.73249,51231,3907975.0,1377976.7256,0.0208987799777958,0.05417012165811379,0.07488322374440286,2.261130088958354,0.6309931506849291,0.08304794520548155,0.2859589041095893,0.03277676441700582,67.34905706217427,0.003044036295803656,0.057838635825041625,0.05774568791484151,0.016156973998872726,0.007941805476590735,0.14088146483342678,1.0252517017847715,0.009425519759638684,-0.3437893492982421,0.7722449066686669,-1.0,0.83,0.0,-0.7071067811865477,0.7071067811865474,2,2.0,0.6451613,True
PIPPINUSDT,trend_ema__directionlong_only_fast12_rsi_threshold58.0_slow55,trend_ema,2026-03-04 21:15:00+00:00,2026-03-04 21:30:00+00:00,long,0.06546963290230391,0.06626963290230391,target,1,0.34698114124348534,1,True,False,False,0.009719291146387697,0.09098770722244834,0,4,-0.016167303950253103,0.34898,0.35732,0.34564,0.35635,7165752.0,2026-03-04 21:29:59.999000+00:00,2525766.73249,51231,3907975.0,1377976.7256,0.0208987799777958,0.05417012165811379,0.07488322374440286,2.261130088958354,0.6309931506849291,0.08304794520548155,0.2859589041095893,0.03277676441700582,67.34905706217427,0.003044036295803656,0.057838635825041625,0.05774568791484151,0.016156973998872726,0.007941805476590735,0.14088146483342678,1.0252517017847715,0.009425519759638684,-0.3437893492982421,0.7722449066686669,-1.0,0.83,0.0,-0.7071067811865477,0.7071067811865474,2,2.0,0.72,True
XRPUSDT,trend_ema__directionshort_only_fast12_rsi_threshold58.0_slow89,trend_ema,2026-03-05 08:15:00+00:00,2026-03-05 09:00:00+00:00,short,-0.008143183533394648,-0.007343183533394648,stop,3,0.22441534729850104,0,False,True,False,0.01170302751138693,0.0018345427740743192,0,0,0.014639340985431413,1.4111,1.4134,1.4086,1.4098,3166780.7,2026-03-05 08:29:59.999000+00:00,4469090.49761,12265,1651342.7,2330548.93164,-0.0009216917239398151,-0.010092184885606858,-0.012126488137061256,-3.1660066222152703,0.2708333333333545,0.4791666666666686,0.24999999999997688,0.003404738260746145,38.77923263507495,-0.0004662940726847895,-0.006348819446974512,-0.009196245239755893,-0.0019209410791555248,-0.0013100695232275417,0.017717694348102973,-0.7381827414616062,0.006756445517018995,-0.97424333843303,0.6379353072566307,-1.0,0.29,-0.012952460967583845,0.8660254037844387,-0.4999999999999998,3,1.0,0.6896552,True
BTCUSDT,trend_ema__directionlong_only_fast12_rsi_threshold55.0_slow55,trend_ema,2026-03-05 10:15:00+00:00,2026-03-05 10:45:00+00:00,long,0.010347228556084468,0.011147228556084469,target,2,0.28098622006774177,1,True,False,False,0.0010702102031567961,0.011555822608949466,0,2,0.0036948279549607463,72688.1,73424.9,72621.2,73122.3,5461.915,2026-03-05 10:29:59.999000+00:00,399030538.1364,122698,3211.384,234625998.9768,0.005955697034421561,0.00637676241861089,0.010291789783383989,2.2809082660672892,0.5402513375637659,0.3765086475052785,0.08324001493095555,0.01099117505877136,64.04931100338709,97.96677359060344,0.008529450219556589,0.008840743587363451,0.0015063820874476885,0.00075115830039163,0.017352830959084648,1.1779706694556311,358.41003600807664,2.8171529845319383,2.6962387082140054,1.0,0.46,0.0,0.49999999999999994,-0.8660254037844387,3,1.0,0.6822818,True
SOLUSDT,trend_ema__directionshort_only_fast21_rsi_threshold55.0_slow89,trend_ema,2026-03-05 16:00:00+00:00,2026-03-06 04:00:00+00:00,short,0.013344216317574896,0.014144216317574896,horizon,48,0.36583520717924783,1,False,False,True,0.002941866023092429,0.019057860912276584,0,2,0.004120594861577594,89.56,89.58,87.85,88.18,1598369.62,2026-03-05 16:14:59.999000+00:00,141293154.3877,71026,662845.48,58541231.7234,-0.015528611800762402,-0.01753642061804555,-0.03826940852880452,-2.6815918041455196,0.7976878612716718,0.01156069364161617,0.190751445086712,0.019618961215695212,31.708239641037608,-0.29740224669789017,-0.024328259716274718,-0.02848092316299627,-0.005103535375820201,-0.003727631351540972,0.04872005899589828,-1.1625420745502084,0.8771651249923453,3.689929870708086,3.5734883183601127,-1.0,0.82,-0.04411924119241184,-0.8660254037844385,-0.5000000000000004,3,2.0,0.6896552,True
SOLUSDT,trend_ema__directionshort_only_fast21_rsi_threshold52.0_slow89,trend_ema,2026-03-05 16:00:00+00:00,2026-03-06 04:00:00+00:00,short,0.013344216317574896,0.014144216317574896,horizon,48,0.36583520717924783,1,False,False,True,0.002941866023092429,0.019057860912276584,0,1,0.003985858382075856,89.56,89.58,87.85,88.18,1598369.62,2026-03-05 16:14:59.999000+00:00,141293154.3877,71026,662845.48,58541231.7234,-0.015528611800762402,-0.01753642061804555,-0.03826940852880452,-2.6815918041455196,0.7976878612716718,0.01156069364161617,0.190751445086712,0.019618961215695212,31.708239641037608,-0.29740224669789017,-0.024328259716274718,-0.02848092316299627,-0.005103535375820201,-0.003727631351540972,0.04872005899589828,-1.1625420745502084,0.8771651249923453,3.689929870708086,3.5734883183601127,-1.0,0.82,-0.04411924119241184,-0.8660254037844385,-0.5000000000000004,3,2.0,0.6896552,True
ZECUSDT,trend_ema__directionlong_only_fast12_rsi_threshold58.0_slow55,trend_ema,2026-03-08 19:30:00+00:00,2026-03-08 22:00:00+00:00,long,-0.012116032791571162,-0.011316032791571161,stop,10,0.39135955256754046,0,False,True,False,0.021903241471866734,0.018502821255815156,0,4,-0.002182612110436382,199.94,202.49,199.42,201.49,30116.824,2026-03-08 19:44:59.999000+00:00,6057690.56855,27913,18668.332,3754123.54278,0.007772447079933618,0.02619754114197221,0.02619754114197221,6.6882393979151535,0.5048859934853421,0.325732899022799,0.1693811074918588,0.015236488163184384,69.56797762837702,0.3310108594789273,0.017827683090991076,0.019725187670912758,0.0036120048925496473,0.001240310502556241,0.025534342978983524,1.5486114374888893,1.6201081276819276,1.9611688851954554,2.1812672372173667,1.0,0.2,0.0,-0.9659258262890684,0.2588190451025203,6,2.0,0.6896552,True
ZECUSDT,trend_ema__directionlong_only_fast12_rsi_threshold55.0_slow55,trend_ema,2026-03-08 19:30:00+00:00,2026-03-08 22:00:00+00:00,long,-0.012116032791571162,-0.011316032791571161,stop,10,0.39135955256754046,0,False,True,False,0.021903241471866734,0.018502821255815156,0,4,-0.0017272716177440706,199.94,202.49,199.42,201.49,30116.824,2026-03-08 19:44:59.999000+00:00,6057690.56855,27913,18668.332,3754123.54278,0.007772447079933618,0.02619754114197221,0.02619754114197221,6.6882393979151535,0.5048859934853421,0.325732899022799,0.1693811074918588,0.015236488163184384,69.56797762837702,0.3310108594789273,0.017827683090991076,0.019725187670912758,0.0036120048925496473,0.001240310502556241,0.025534342978983524,1.5486114374888893,1.6201081276819276,1.9611688851954554,2.1812672372173667,1.0,0.2,0.0,-0.9659258262890684,0.2588190451025203,6,2.0,0.6896552,True
SOLUSDT,trend_ema__directionlong_only_fast12_rsi_threshold55.0_slow55,trend_ema,2026-03-09 01:30:00+00:00,2026-03-09 02:15:00+00:00,long,-0.008705449741864893,-0.007905449741864893,signal_exit,3,0.16234891428435091,0,False,False,False,0.011177289592478143,0.0033642208546913336,0,0,0.012656566990890137,82.51,82.8,82.17,82.64,208524.99,2026-03-09 01:44:59.999000+00:00,17211117.0192,24866,108963.25,8996131.6764,0.0014531366083321792,0.0004841442844509083,0.0059469803281059835,0.104183882265011,0.20634920634920062,0.2539682539682504,0.539682539682549,0.007623426911907012,58.117445714217546,0.08015303442148317,0.006090484384017425,0.0061586396231440846,0.001401220917302215,0.0008625149192267312,0.01909214417636378,0.7802774992297783,0.6335082604412512,-0.29135607959930965,0.7223238532416786,1.0,0.94,0.0,0.25881904510252074,0.9659258262890683,0,0.0,0.6896552,True
BTCUSDT,trend_ema__directionlong_only_fast12_rsi_threshold55.0_slow55,trend_ema,2026-03-09 04:00:00+00:00,2026-03-09 09:30:00+00:00,long,0.013912375719934703,0.014712375719934704,target,22,0.17408716387952225,1,True,False,False,0.005083332933267581,0.018848055688023186,0,2,0.00450061133035172,67165.3,67259.1,67124.5,67140.0,1139.067,2026-03-09 04:14:59.999000+00:00,76545897.4095,41988,546.268,36712819.9033,-0.00037675356518715187,-0.004197315365917178,0.012846537495212616,-0.9306966274662889,0.18796433878158852,0.6968796433878073,0.11515601783060424,0.0020047661602622256,58.70435819397611,125.01708985885432,0.006465623676173569,0.005796492008006654,0.002219132601099183,0.0014674472705249464,0.026521716043974294,0.7071951722196506,376.70061686997497,-0.5529785946963423,0.4027804288372693,-1.0,0.93,-0.004188518949191922,0.8660254037844386,0.5000000000000001,0,0.0,0.6666667,True
BTCUSDT,trend_ema__directionlong_only_fast12_rsi_threshold58.0_slow55,trend_ema,2026-03-09 04:00:00+00:00,2026-03-09 09:30:00+00:00,long,0.013912375719934703,0.014712375719934704,target,22,0.17408716387952225,1,True,False,False,0.005083332933267581,0.018848055688023186,0,2,0.002023667769666973,67165.3,67259.1,67124.5,67140.0,1139.067,2026-03-09 04:14:59.999000+00:00,76545897.4095,41988,546.268,36712819.9033,-0.00037675356518715187,-0.004197315365917178,0.012846537495212616,-0.9306966274662889,0.18796433878158852,0.6968796433878073,0.11515601783060424,0.0020047661602622256,58.70435819397611,125.01708985885432,0.006465623676173569,0.005796492008006654,0.002219132601099183,0.0014674472705249464,0.026521716043974294,0.7071951722196506,376.70061686997497,-0.5529785946963423,0.4027804288372693,-1.0,0.93,-0.004188518949191922,0.8660254037844386,0.5000000000000001,0,0.0,0.6726828,True
PIPPINUSDT,trend_ema__directionlong_only_fast12_rsi_threshold58.0_slow55,trend_ema,2026-03-09 15:15:00+00:00,2026-03-09 15:30:00+00:00,long,0.03166670633098969,0.03246670633098969,target,1,0.5077912787070841,1,True,False,False,0.005165602155162129,0.03708365961754192,0,3,0.0031305823461353485,0.33889,0.34559,0.33719,0.34297,8834794.0,2026-03-09 15:29:59.999000+00:00,3016240.4789,52351,4670246.0,1595301.71489,0.011790375906954063,0.03401517015801148,0.06869717922131441,3.8995879722949907,0.4857142857142814,0.3119047619047626,0.20238095238095608,0.02449193807038522,75.3895639353542,0.002217155926666098,0.04383061713666867,0.045406746058924044,0.010915263789094354,0.00563867481001612,0.08347171721052353,1.3017298595716167,0.004687308644649437,3.293081765136705,3.2261719794861556,1.0,1.0,0.0,-0.7071067811865471,-0.7071067811865479,0,1.0,1.0,True
PIPPINUSDT,trend_ema__directionlong_only_fast12_rsi_threshold55.0_slow55,trend_ema,2026-03-09 15:15:00+00:00,2026-03-09 15:30:00+00:00,long,0.03166670633098969,0.03246670633098969,target,1,0.5077912787070841,1,True,False,False,0.005165602155162129,0.03708365961754192,0,3,0.006510875003266771,0.33889,0.34559,0.33719,0.34297,8834794.0,2026-03-09 15:29:59.999000+00:00,3016240.4789,52351,4670246.0,1595301.71489,0.011790375906954063,0.03401517015801148,0.06869717922131441,3.8995879722949907,0.4857142857142814,0.3119047619047626,0.20238095238095608,0.02449193807038522,75.3895639353542,0.002217155926666098,0.04383061713666867,0.045406746058924044,0.010915263789094354,0.00563867481001612,0.08347171721052353,1.3017298595716167,0.004687308644649437,3.293081765136705,3.2261719794861556,1.0,1.0,0.0,-0.7071067811865471,-0.7071067811865479,0,1.0,1.0,True
BTCUSDT,trend_ema__directionshort_only_fast12_rsi_threshold58.0_slow89,trend_ema,2026-03-10 22:00:00+00:00,2026-03-11 04:45:00+00:00,short,-0.00852932277641161,-0.00772932277641161,stop,27,0.3420018490886511,0,False,True,False,0.007842722736278116,0.004511220140544718,0,2,-0.002942973060874781,69712.9,69830.2,69388.0,69560.0,2221.511,2026-03-10 22:14:59.999000+00:00,154531064.4102,54357,977.659,68000662.9571,-0.0021942556092490284,-0.007003880104402885,-0.01106279037095264,-2.9584796737628727,0.34577114427859607,0.2652645861601169,0.38896426956128705,0.006357101782633655,32.899907545567444,-53.96644867555216,-0.007932626715507011,-0.010103533523280717,-0.0022908638022760552,-0.0015382783085396978,0.02070602668515904,-0.7872892229987777,365.099278561897,-0.34780642653300403,0.7335792652659682,-1.0,0.11,-0.02031894561756098,-0.5000000000000004,0.8660254037844384,1,2.0,0.68064517,True
BTCUSDT,trend_ema__directionshort_only_fast12_rsi_threshold55.0_slow89,trend_ema,2026-03-10 22:00:00+00:00,2026-03-11 04:45:00+00:00,short,-0.00852932277641161,-0.00772932277641161,stop,27,0.3420018490886511,0,False,True,False,0.007842722736278116,0.004511220140544718,0,3,-0.002905561828704912,69712.9,69830.2,69388.0,69560.0,2221.511,2026-03-10 22:14:59.999000+00:00,154531064.4102,54357,977.659,68000662.9571,-0.0021942556092490284,-0.007003880104402885,-0.01106279037095264,-2.9584796737628727,0.34577114427859607,0.2652645861601169,0.38896426956128705,0.006357101782633655,32.899907545567444,-53.96644867555216,-0.007932626715507011,-0.010103533523280717,-0.0022908638022760552,-0.0015382783085396978,0.02070602668515904,-0.7872892229987777,365.099278561897,-0.34780642653300403,0.7335792652659682,-1.0,0.11,-0.02031894561756098,-0.5000000000000004,0.8660254037844384,1,2.0,0.6796979,True
BTCUSDT,trend_ema__directionshort_only_fast12_rsi_threshold52.0_slow89,trend_ema,2026-03-10 22:00:00+00:00,2026-03-11 04:45:00+00:00,short,-0.00852932277641161,-0.00772932277641161,stop,27,0.3420018490886511,0,False,True,False,0.007842722736278116,0.004511220140544718,0,4,-0.0028681505965350435,69712.9,69830.2,69388.0,69560.0,2221.511,2026-03-10 22:14:59.999000+00:00,154531064.4102,54357,977.659,68000662.9571,-0.0021942556092490284,-0.007003880104402885,-0.01106279037095264,-2.9584796737628727,0.34577114427859607,0.2652645861601169,0.38896426956128705,0.006357101782633655,32.899907545567444,-53.96644867555216,-0.007932626715507011,-0.010103533523280717,-0.0022908638022760552,-0.0015382783085396978,0.02070602668515904,-0.7872892229987777,365.099278561897,-0.34780642653300403,0.7335792652659682,-1.0,0.11,-0.02031894561756098,-0.5000000000000004,0.8660254037844384,1,2.0,0.6796979,True
SOLUSDT,trend_ema__directionshort_only_fast21_rsi_threshold55.0_slow89,trend_ema,2026-03-10 22:00:00+00:00,2026-03-11 04:30:00+00:00,short,-0.010484797591526525,-0.009684797591526524,stop,26,0.338357269424271,0,False,True,False,0.011008527300575471,0.00813980373964793,0,0,0.0067880118188226425,85.66,85.81,85.05,85.27,370350.24,2026-03-10 22:14:59.999000+00:00,31595687.1082,26078,152803.21,13040070.367,-0.004680013221994467,-0.00782668559289089,-0.020200361823974992,-2.4823869120654476,0.5131578947368394,0.19736842105263774,0.2894736842105229,0.008912865017004869,33.08213652878645,-0.09510626294625324,-0.011249021149030992,-0.014826900444320373,-0.0030049926988058306,-0.002253937771138692,0.03686808619830177,-0.6741429376845955,0.5677704372588921,-0.026673519474577367,0.9825646311878151,-1.0,0.28,-0.03343912944910454,-0.5000000000000004,0.8660254037844384,1,2.0,0.6896552,True
ZECUSDT,trend_ema__directionshort_only_fast12_rsi_threshold52.0_slow89,trend_ema,2026-03-11 01:00:00+00:00,2026-03-11 02:45:00+00:00,short,0.01752831622707668,0.018328316227076678,target,7,0.27282783880609146,1,True,False,False,0.0006954597088854588,0.024849182749162965,0,0,0.00998924246552709,220.04,220.16,218.8,218.85,15063.346,2026-03-11 01:14:59.999000+00:00,3303205.09618,17629,6113.936,1340595.54665,-0.005377337055145387,-0.00973088798830931,-0.022991595195146586,-2.525687504199513,0.8750000000000079,0.08823529411765137,0.0367647058823408,0.006214302033356113,36.35860805969543,-0.2635827673986666,-0.011962026035637088,-0.01570778042093311,-0.0035450695766413576,-0.0024683109957016613,0.029867585074680028,-0.9007423758207883,1.594875738760203,0.5952273007249497,1.2978456842388042,-1.0,0.15,-0.025340696535138485,0.25881904510252074,0.9659258262890683,2,0.0,0.6896552,True
ZECUSDT,trend_ema__directionshort_only_fast12_rsi_threshold55.0_slow89,trend_ema,2026-03-11 01:00:00+00:00,2026-03-11 02:45:00+00:00,short,0.01752831622707668,0.018328316227076678,target,7,0.27282783880609146,1,True,False,False,0.0006954597088854588,0.024849182749162965,0,0,0.0038380953411358233,220.04,220.16,218.8,218.85,15063.346,2026-03-11 01:14:59.999000+00:00,3303205.09618,17629,6113.936,1340595.54665,-0.005377337055145387,-0.00973088798830931,-0.022991595195146586,-2.525687504199513,0.8750000000000079,0.08823529411765137,0.0367647058823408,0.006214302033356113,36.35860805969543,-0.2635827673986666,-0.011962026035637088,-0.01570778042093311,-0.0035450695766413576,-0.0024683109957016613,0.029867585074680028,-0.9007423758207883,1.594875738760203,0.5952273007249497,1.2978456842388042,-1.0,0.15,-0.025340696535138485,0.25881904510252074,0.9659258262890683,2,0.0,0.6896552,True
ZECUSDT,trend_ema__directionshort_only_fast12_rsi_threshold58.0_slow89,trend_ema,2026-03-11 01:00:00+00:00,2026-03-11 02:45:00+00:00,short,0.01752831622707668,0.018328316227076678,target,7,0.27282783880609146,1,True,False,False,0.0006954597088854588,0.024849182749162965,0,0,0.006913668903331458,220.04,220.16,218.8,218.85,15063.346,2026-03-11 01:14:59.999000+00:00,3303205.09618,17629,6113.936,1340595.54665,-0.005377337055145387,-0.00973088798830931,-0.022991595195146586,-2.525687504199513,0.8750000000000079,0.08823529411765137,0.0367647058823408,0.006214302033356113,36.35860805969543,-0.2635827673986666,-0.011962026035637088,-0.01570778042093311,-0.0035450695766413576,-0.0024683109957016613,0.029867585074680028,-0.9007423758207883,1.594875738760203,0.5952273007249497,1.2978456842388042,-1.0,0.15,-0.025340696535138485,0.25881904510252074,0.9659258262890683,2,0.0,0.6896552,True
XRPUSDT,trend_ema__directionlong_only_fast12_rsi_threshold55.0_slow55,trend_ema,2026-03-11 13:30:00+00:00,2026-03-11 13:30:00+00:00,long,0.009919319225262133,0.010719319225262133,target,0,0.4375310378639188,1,True,False,False,0.0002933457314354517,0.011104428399405078,0,4,-0.0031858634934737416,1.3948,1.4105,1.3946,1.3979,23593301.2,2026-03-11 13:44:59.999000+00:00,33113305.28316,45114,11488250.9,16123305.11629,0.002291772112433899,0.013539997996790799,0.015572371491595793,5.57608230801699,0.19496855345911168,0.7924528301886885,0.012578616352199853,0.011374204163387958,71.87655189319594,0.0026610809729557846,0.01118678635877039,0.011429534043646704,0.0033304637285558325,0.0013221289527456381,0.021496073938417466,1.2457705989996621,0.0066898896847922785,3.979373298741915,4.659927112043852,1.0,0.58,0.0,-0.2588190451025208,-0.9659258262890683,2,1.0,0.6896552,True
ETHUSDT,trend_ema__directionlong_only_fast12_rsi_threshold58.0_slow55,trend_ema,2026-03-11 13:30:00+00:00,2026-03-11 13:30:00+00:00,long,0.011119322679916015,0.011919322679916015,target,0,0.4778828750908451,1,True,False,False,0.00014997750337455106,0.01768423373302125,0,3,-0.003231292591540702,2045.2,2081.68,2045.2,2062.0,360362.128,2026-03-11 13:44:59.999000+00:00,744917677.49997,414905,185402.251,383192370.98059,0.008190580413594956,0.0199206750006843,0.02059867635791456,6.385346558978503,0.46052631578947506,0.5394736842105249,0.0,0.01769156159068855,73.89414375454226,3.789109331542685,0.016248097050489047,0.016804996284122794,0.0033437392445303527,0.0011236846840469994,0.021687877690437583,1.656195432325283,11.662963417488193,4.847328874055957,7.609759730505556,1.0,0.69,0.0,-0.2588190451025208,-0.9659258262890683,2,1.0,0.6896552,True
XRPUSDT,trend_ema__directionlong_only_fast12_rsi_threshold58.0_slow55,trend_ema,2026-03-11 13:30:00+00:00,2026-03-11 13:30:00+00:00,long,0.009919319225262133,0.010719319225262133,target,0,0.4375310378639188,1,True,False,False,0.0002933457314354517,0.011104428399405078,0,5,-0.004607539289068423,1.3948,1.4105,1.3946,1.3979,23593301.2,2026-03-11 13:44:59.999000+00:00,33113305.28316,45114,11488250.9,16123305.11629,0.002291772112433899,0.013539997996790799,0.015572371491595793,5.57608230801699,0.19496855345911168,0.7924528301886885,0.012578616352199853,0.011374204163387958,71.87655189319594,0.0026610809729557846,0.01118678635877039,0.011429534043646704,0.0033304637285558325,0.0013221289527456381,0.021496073938417466,1.2457705989996621,0.0066898896847922785,3.979373298741915,4.659927112043852,1.0,0.58,0.0,-0.2588190451025208,-0.9659258262890683,2,1.0,0.6896552,True
ETHUSDT,trend_ema__directionlong_only_fast12_rsi_threshold55.0_slow55,trend_ema,2026-03-11 13:30:00+00:00,2026-03-11 13:30:00+00:00,long,0.011119322679916015,0.011919322679916015,target,0,0.4778828750908451,1,True,False,False,0.00014997750337455106,0.01768423373302125,0,4,-0.003025064703267989,2045.2,2081.68,2045.2,2062.0,360362.128,2026-03-11 13:44:59.999000+00:00,744917677.49997,414905,185402.251,383192370.98059,0.008190580413594956,0.0199206750006843,0.02059867635791456,6.385346558978503,0.46052631578947506,0.5394736842105249,0.0,0.01769156159068855,73.89414375454226,3.789109331542685,0.016248097050489047,0.016804996284122794,0.0033437392445303527,0.0011236846840469994,0.021687877690437583,1.656195432325283,11.662963417488193,4.847328874055957,7.609759730505556,1.0,0.69,0.0,-0.2588190451025208,-0.9659258262890683,2,1.0,0.6896552,True
SOLUSDT,trend_ema__directionlong_only_fast12_rsi_threshold58.0_slow55,trend_ema,2026-03-11 14:30:00+00:00,2026-03-11 15:00:00+00:00,long,-0.011648802301125574,-0.010848802301125574,stop,2,0.37820871944574236,0,False,True,False,0.011930583058954572,0.006202309806006838,0,1,0.01298213261879031,86.57,87.01,86.25,86.87,513219.83,2026-03-11 14:44:59.999000+00:00,44491024.5695,40767,235560.53,20423803.2785,0.0033439062579947495,0.00762656804999561,0.016598373059944594,2.0284228496098096,0.3947368421052755,0.184210526315789,0.4210526315789356,0.008748704961436688,68.91043597228712,0.20539966017987293,0.01333702296378092,0.013904551502122255,0.0032947185109395427,0.001735104899130091,0.03215785573885948,1.0553560971224811,0.6357705714428281,0.6231956030935359,1.5015774438779321,1.0,0.73,0.0,-0.4999999999999997,-0.8660254037844388,2,1.0,0.6896552,True
SOLUSDT,trend_ema__directionlong_only_fast12_rsi_threshold55.0_slow55,trend_ema,2026-03-11 14:30:00+00:00,2026-03-11 15:00:00+00:00,long,-0.011648802301125574,-0.010848802301125574,stop,2,0.37820871944574236,0,False,True,False,0.011930583058954572,0.006202309806006838,0,2,0.009753273259076638,86.57,87.01,86.25,86.87,513219.83,2026-03-11 14:44:59.999000+00:00,44491024.5695,40767,235560.53,20423803.2785,0.0033439062579947495,0.00762656804999561,0.016598373059944594,2.0284228496098096,0.3947368421052755,0.184210526315789,0.4210526315789356,0.008748704961436688,68.91043597228712,0.20539966017987293,0.01333702296378092,0.013904551502122255,0.0032947185109395427,0.001735104899130091,0.03215785573885948,1.0553560971224811,0.6357705714428281,0.6231956030935359,1.5015774438779321,1.0,0.73,0.0,-0.4999999999999997,-0.8660254037844388,2,1.0,0.6896552,True
XRPUSDT,trend_ema__directionshort_only_fast12_rsi_threshold58.0_slow89,trend_ema,2026-03-12 00:15:00+00:00,2026-03-12 02:45:00+00:00,short,0.00817709772555329,0.008977097725553291,target,10,0.24165029903862603,1,True,False,False,0.0016685786795428018,0.009684436542279948,0,0,0.001860735099014125,1.3831,1.3852,1.3805,1.3825,3314737.8,2026-03-12 00:29:59.999000+00:00,4583643.07378,9292,1757825.7,2430921.08856,-0.00036159826826830186,-0.004546610509595841,-0.00389835896530419,-3.486928758041245,0.12765957446807305,0.4468085106383029,0.4255319148936241,0.0033996383363471437,37.9174850480687,-0.0010097507056177875,-0.004011002272712686,-0.00412027975720826,-0.0012493869498815258,-0.0005853792624362919,0.00828342417020735,-1.038144781723479,0.004946762817092339,-0.460933673832659,0.6904110209445845,-1.0,0.01,-0.007822592220467883,0.0,1.0,3,0.0,1.0,True
XRPUSDT,trend_ema__directionshort_only_fast12_rsi_threshold52.0_slow89,trend_ema,2026-03-12 00:15:00+00:00,2026-03-12 02:45:00+00:00,short,0.00817709772555329,0.008977097725553291,target,10,0.24165029903862603,1,True,False,False,0.0016685786795428018,0.009684436542279948,0,0,0.0021149165692606964,1.3831,1.3852,1.3805,1.3825,3314737.8,2026-03-12 00:29:59.999000+00:00,4583643.07378,9292,1757825.7,2430921.08856,-0.00036159826826830186,-0.004546610509595841,-0.00389835896530419,-3.486928758041245,0.12765957446807305,0.4468085106383029,0.4255319148936241,0.0033996383363471437,37.9174850480687,-0.0010097507056177875,-0.004011002272712686,-0.00412027975720826,-0.0012493869498815258,-0.0005853792624362919,0.00828342417020735,-1.038144781723479,0.004946762817092339,-0.460933673832659,0.6904110209445845,-1.0,0.01,-0.007822592220467883,0.0,1.0,3,0.0,1.0,True
XRPUSDT,trend_ema__directionshort_only_fast12_rsi_threshold55.0_slow89,trend_ema,2026-03-12 00:15:00+00:00,2026-03-12 02:45:00+00:00,short,0.00817709772555329,0.008977097725553291,target,10,0.24165029903862603,1,True,False,False,0.0016685786795428018,0.009684436542279948,0,0,0.0019878258341374105,1.3831,1.3852,1.3805,1.3825,3314737.8,2026-03-12 00:29:59.999000+00:00,4583643.07378,9292,1757825.7,2430921.08856,-0.00036159826826830186,-0.004546610509595841,-0.00389835896530419,-3.486928758041245,0.12765957446807305,0.4468085106383029,0.4255319148936241,0.0033996383363471437,37.9174850480687,-0.0010097507056177875,-0.004011002272712686,-0.00412027975720826,-0.0012493869498815258,-0.0005853792624362919,0.00828342417020735,-1.038144781723479,0.004946762817092339,-0.460933673832659,0.6904110209445845,-1.0,0.01,-0.007822592220467883,0.0,1.0,3,0.0,1.0,True
XRPUSDT,trend_ema__directionshort_only_fast21_rsi_threshold55.0_slow89,trend_ema,2026-03-12 01:15:00+00:00,2026-03-12 05:15:00+00:00,short,0.008064561144001774,0.008864561144001774,target,16,0.32612961159392,1,True,False,False,0.0016736460414654307,0.009136825728792406,0,0,0.0036311793877828653,1.3785,1.3798,1.3777,1.3789,1717268.4,2026-03-12 01:29:59.999000+00:00,2367942.23809,6845,995014.2,1372099.6777,0.0002901283838440313,-0.0026073745487944205,-0.007081977857639049,-1.760093331107517,0.19047619047617034,0.42857142857138325,0.38095238095244643,0.0015229530785408592,33.693519420304,-0.0010351046886143793,-0.004882330327906991,-0.005955290955269658,-0.0014064136333467037,-0.0009485812868733623,0.012240879868815979,-0.9336733626927598,0.0046881011250253495,-0.9636288784548965,0.42786286116674244,-1.0,0.06,-0.010406200660255438,0.25881904510252074,0.9659258262890683,3,0.0,0.6896552,True
XRPUSDT,trend_ema__directionshort_only_fast21_rsi_threshold52.0_slow89,trend_ema,2026-03-12 01:15:00+00:00,2026-03-12 05:15:00+00:00,short,0.008064561144001774,0.008864561144001774,target,16,0.32612961159392,1,True,False,False,0.0016736460414654307,0.009136825728792406,0,0,0.005362763066707365,1.3785,1.3798,1.3777,1.3789,1717268.4,2026-03-12 01:29:59.999000+00:00,2367942.23809,6845,995014.2,1372099.6777,0.0002901283838440313,-0.0026073745487944205,-0.007081977857639049,-1.760093331107517,0.19047619047617034,0.42857142857138325,0.38095238095244643,0.0015229530785408592,33.693519420304,-0.0010351046886143793,-0.004882330327906991,-0.005955290955269658,-0.0014064136333467037,-0.0009485812868733623,0.012240879868815979,-0.9336733626927598,0.0046881011250253495,-0.9636288784548965,0.42786286116674244,-1.0,0.06,-0.010406200660255438,0.25881904510252074,0.9659258262890683,3,0.0,0.6896552,True
SOLUSDT,trend_ema__directionshort_only_fast12_rsi_threshold55.0_slow89,trend_ema,2026-03-12 02:15:00+00:00,2026-03-12 03:45:00+00:00,short,0.010156107519792523,0.010956107519792523,target,6,0.377655535198347,1,True,False,False,0.0006152085603539155,0.015782599948131786,0,3,-0.0018039671804317696,86.0,86.04,85.62,85.73,276942.04,2026-03-12 02:29:59.999000+00:00,23748407.8243,17777,107687.58,9232592.5655,-0.003260745872723596,-0.006742643540901693,-0.015968865140135992,-2.78715582562133,0.6428571428571308,0.09523809523810974,0.2619047619047595,0.004899101831330942,31.11722324008265,-0.11868971522088906,-0.008821856218589469,-0.009425628110480033,-0.0023636591670266327,-0.0013093770746742672,0.02437970386759778,-0.890671150821444,0.3799168819399135,1.9426125971499566,1.8456212814360586,-1.0,0.14,-0.02279721873931384,0.49999999999999994,0.8660254037844387,3,0.0,0.6896552,True
SOLUSDT,trend_ema__directionshort_only_fast12_rsi_threshold58.0_slow89,trend_ema,2026-03-12 02:15:00+00:00,2026-03-12 03:45:00+00:00,short,0.010156107519792523,0.010956107519792523,target,6,0.377655535198347,1,True,False,False,0.0006152085603539155,0.015782599948131786,0,4,-0.0017841996572882097,86.0,86.04,85.62,85.73,276942.04,2026-03-12 02:29:59.999000+00:00,23748407.8243,17777,107687.58,9232592.5655,-0.003260745872723596,-0.006742643540901693,-0.015968865140135992,-2.78715582562133,0.6428571428571308,0.09523809523810974,0.2619047619047595,0.004899101831330942,31.11722324008265,-0.11868971522088906,-0.008821856218589469,-0.009425628110480033,-0.0023636591670266327,-0.0013093770746742672,0.02437970386759778,-0.890671150821444,0.3799168819399135,1.9426125971499566,1.8456212814360586,-1.0,0.14,-0.02279721873931384,0.49999999999999994,0.8660254037844387,3,0.0,0.6896552,True
BTCUSDT,trend_ema__directionshort_only_fast21_rsi_threshold52.0_slow89,trend_ema,2026-03-12 02:15:00+00:00,2026-03-12 05:15:00+00:00,short,0.007428848398853667,0.008228848398853668,target,12,0.4293722550174439,1,True,False,False,0.0007924763232966154,0.00835532036705551,0,2,-0.0031312707956195106,69743.1,69787.9,69460.8,69560.2,2748.603,2026-03-12 02:29:59.999000+00:00,191246841.126,60649,1177.45,81918279.0245,-0.0026273602118981657,-0.004309263249997157,-0.012692220673437466,-2.376966344021373,0.5591562213390817,0.13696117395288765,0.3038826047080307,0.0047024016607196545,28.531387249127803,-69.67952422708012,-0.007612059034749927,-0.009126763620898901,-0.001976558660635064,-0.001334486227684284,0.018021024677215603,-0.9926949533738862,236.49717264101332,2.536554657225645,2.5239156958349747,-1.0,0.29,-0.016980913430692968,0.49999999999999994,0.8660254037844387,3,0.0,0.6896552,True
BTCUSDT,trend_ema__directionshort_only_fast21_rsi_threshold55.0_slow89,trend_ema,2026-03-12 02:15:00+00:00,2026-03-12 05:15:00+00:00,short,0.007428848398853667,0.008228848398853668,target,12,0.4293722550174439,1,True,False,False,0.0007924763232966154,0.00835532036705551,0,1,-0.0017534773542832148,69743.1,69787.9,69460.8,69560.2,2748.603,2026-03-12 02:29:59.999000+00:00,191246841.126,60649,1177.45,81918279.0245,-0.0026273602118981657,-0.004309263249997157,-0.012692220673437466,-2.376966344021373,0.5591562213390817,0.13696117395288765,0.3038826047080307,0.0047024016607196545,28.531387249127803,-69.67952422708012,-0.007612059034749927,-0.009126763620898901,-0.001976558660635064,-0.001334486227684284,0.018021024677215603,-0.9926949533738862,236.49717264101332,2.536554657225645,2.5239156958349747,-1.0,0.29,-0.016980913430692968,0.49999999999999994,0.8660254037844387,3,0.0,0.6896552,True
ETHUSDT,trend_ema__directionshort_only_fast12_rsi_threshold58.0_slow89,trend_ema,2026-03-12 02:30:00+00:00,2026-03-12 03:45:00+00:00,short,0.009600859841754596,0.010400859841754597,target,5,0.43658414277871743,1,True,False,False,0.0005965070972963423,0.010781490411523155,0,0,0.0016624002438207035,2038.45,2039.36,2024.4,2031.65,98410.272,2026-03-12 02:44:59.999000+00:00,199849432.53032,101174,41830.052,84950121.65534,-0.003346350027344172,-0.009269532496376746,-0.015395364173672682,-4.209991612233048,0.4545454545454573,0.06082887700533864,0.4846256684492041,0.007363473039155272,28.17079286106413,-2.3481900836383187,-0.009570292702009485,-0.01071127171967321,-0.0023341946044815876,-0.0012825526974932222,0.02174700562290226,-1.011424813186955,8.942282356961934,3.394430791740436,3.5249131403770906,-1.0,0.2,-0.022718964057569457,0.49999999999999994,0.8660254037844387,3,0.0,0.6896552,True
ETHUSDT,trend_ema__directionshort_only_fast12_rsi_threshold52.0_slow89,trend_ema,2026-03-12 02:30:00+00:00,2026-03-12 03:45:00+00:00,short,0.009600859841754596,0.010400859841754597,target,5,0.43658414277871743,1,True,False,False,0.0005965070972963423,0.010781490411523155,0,0,-0.0006321103317144191,2038.45,2039.36,2024.4,2031.65,98410.272,2026-03-12 02:44:59.999000+00:00,199849432.53032,101174,41830.052,84950121.65534,-0.003346350027344172,-0.009269532496376746,-0.015395364173672682,-4.209991612233048,0.4545454545454573,0.06082887700533864,0.4846256684492041,0.007363473039155272,28.17079286106413,-2.3481900836383187,-0.009570292702009485,-0.01071127171967321,-0.0023341946044815876,-0.0012825526974932222,0.02174700562290226,-1.011424813186955,8.942282356961934,3.394430791740436,3.5249131403770906,-1.0,0.2,-0.022718964057569457,0.49999999999999994,0.8660254037844387,3,0.0,0.6896552,True
ETHUSDT,trend_ema__directionshort_only_fast12_rsi_threshold55.0_slow89,trend_ema,2026-03-12 02:30:00+00:00,2026-03-12 03:45:00+00:00,short,0.009600859841754596,0.010400859841754597,target,5,0.43658414277871743,1,True,False,False,0.0005965070972963423,0.010781490411523155,0,1,-0.002638808065669857,2038.45,2039.36,2024.4,2031.65,98410.272,2026-03-12 02:44:59.999000+00:00,199849432.53032,101174,41830.052,84950121.65534,-0.003346350027344172,-0.009269532496376746,-0.015395364173672682,-4.209991612233048,0.4545454545454573,0.06082887700533864,0.4846256684492041,0.007363473039155272,28.17079286106413,-2.3481900836383187,-0.009570292702009485,-0.01071127171967321,-0.0023341946044815876,-0.0012825526974932222,0.02174700562290226,-1.011424813186955,8.942282356961934,3.394430791740436,3.5249131403770906,-1.0,0.2,-0.022718964057569457,0.49999999999999994,0.8660254037844387,3,0.0,0.6666667,True
