strategy_id,family,trade_count,expectancy,profit_factor,max_drawdown,positive_symbol_count,non_negative_symbol_count,pine_script,strict_survived,ml_candidate_survived,survived,survival_tier
breakout__atr_filter1.2_directionlong_only_window30,breakout,1442.0,-0.00011320845064728821,0.92613216574861,0.4436216860195048,4,4,"//@version=5
strategy(""breakout__atr_filter1.2_directionlong_only_window30"", overlay=true, process_orders_on_close=true)
breakoutHigh = ta.highest(high, 30)[1]
breakoutLow = ta.lowest(low, 30)[1]
atr14 = ta.atr(14)
rangeRatio = (high - low) / atr14
trendFast = ta.ema(close, 20)
trendSlow = ta.ema(close, 55)
volMean = ta.sma(volume, 30)
longCondition = close > breakoutHigh and rangeRatio > 1.2 and trendFast > trendSlow and volume > volMean
shortCondition = close < breakoutLow and rangeRatio > 1.2 and trendFast < trendSlow and volume > volMean
if longCondition and ""long_only"" != ""short_only""
    strategy.entry(""Long"", strategy.long)
if shortCondition and ""long_only"" != ""long_only""
    strategy.entry(""Short"", strategy.short)",False,True,True,ml_candidate
trend_ema__directionlong_only_fast12_rsi_threshold58.0_slow55,trend_ema,827.0,-0.0002084884609703509,0.9536487637025927,0.336571793287464,4,4,"//@version=5
strategy(""trend_ema__directionlong_only_fast12_rsi_threshold58.0_slow55"", overlay=true, process_orders_on_close=true)
fast = ta.ema(close, 12)
slow = ta.ema(close, 55)
r = ta.rsi(close, 14)
longCondition = ta.crossover(fast, slow) and r > 58.0
shortCondition = ta.crossunder(fast, slow) and r < 42.0
if longCondition and ""long_only"" != ""short_only""
    strategy.entry(""Long"", strategy.long)
if shortCondition and ""long_only"" != ""long_only""
    strategy.entry(""Short"", strategy.short)
if ta.crossunder(fast, slow)
    strategy.close(""Long"")
if ta.crossover(fast, slow)
    strategy.close(""Short"")",False,True,True,ml_candidate
trend_ema__directionlong_only_fast21_rsi_threshold58.0_slow34,trend_ema,810.0,-0.00013798676008431186,0.9247635918678508,0.47945696645875,5,5,"//@version=5
strategy(""trend_ema__directionlong_only_fast21_rsi_threshold58.0_slow34"", overlay=true, process_orders_on_close=true)
fast = ta.ema(close, 21)
slow = ta.ema(close, 34)
r = ta.rsi(close, 14)
longCondition = ta.crossover(fast, slow) and r > 58.0
shortCondition = ta.crossunder(fast, slow) and r < 42.0
if longCondition and ""long_only"" != ""short_only""
    strategy.entry(""Long"", strategy.long)
if shortCondition and ""long_only"" != ""long_only""
    strategy.entry(""Short"", strategy.short)
if ta.crossunder(fast, slow)
    strategy.close(""Long"")
if ta.crossover(fast, slow)
    strategy.close(""Short"")",False,False,False,rejected
breakout__atr_filter1.2_directionlong_only_window20,breakout,1580.0,-0.0002002227953902534,0.9009630879636179,0.5435630495239521,3,3,"//@version=5
strategy(""breakout__atr_filter1.2_directionlong_only_window20"", overlay=true, process_orders_on_close=true)
breakoutHigh = ta.highest(high, 20)[1]
breakoutLow = ta.lowest(low, 20)[1]
atr14 = ta.atr(14)
rangeRatio = (high - low) / atr14
trendFast = ta.ema(close, 20)
trendSlow = ta.ema(close, 55)
volMean = ta.sma(volume, 30)
longCondition = close > breakoutHigh and rangeRatio > 1.2 and trendFast > trendSlow and volume > volMean
shortCondition = close < breakoutLow and rangeRatio > 1.2 and trendFast < trendSlow and volume > volMean
if longCondition and ""long_only"" != ""short_only""
    strategy.entry(""Long"", strategy.long)
if shortCondition and ""long_only"" != ""long_only""
    strategy.entry(""Short"", strategy.short)",False,False,False,rejected
trend_ema__directionlong_only_fast21_rsi_threshold55.0_slow34,trend_ema,1119.0,-0.0002232747273590954,0.9066669129975219,0.5161123965078258,4,4,"//@version=5
strategy(""trend_ema__directionlong_only_fast21_rsi_threshold55.0_slow34"", overlay=true, process_orders_on_close=true)
fast = ta.ema(close, 21)
slow = ta.ema(close, 34)
r = ta.rsi(close, 14)
longCondition = ta.crossover(fast, slow) and r > 55.0
shortCondition = ta.crossunder(fast, slow) and r < 45.0
if longCondition and ""long_only"" != ""short_only""
    strategy.entry(""Long"", strategy.long)
if shortCondition and ""long_only"" != ""long_only""
    strategy.entry(""Short"", strategy.short)
if ta.crossunder(fast, slow)
    strategy.close(""Long"")
if ta.crossover(fast, slow)
    strategy.close(""Short"")",False,False,False,rejected
breakout__atr_filter1.0_directionlong_only_window30,breakout,1517.0,-0.00024533589561555856,0.9175482523926457,0.46819192776863405,4,4,"//@version=5
strategy(""breakout__atr_filter1.0_directionlong_only_window30"", overlay=true, process_orders_on_close=true)
breakoutHigh = ta.highest(high, 30)[1]
breakoutLow = ta.lowest(low, 30)[1]
atr14 = ta.atr(14)
rangeRatio = (high - low) / atr14
trendFast = ta.ema(close, 20)
trendSlow = ta.ema(close, 55)
volMean = ta.sma(volume, 30)
longCondition = close > breakoutHigh and rangeRatio > 1.0 and trendFast > trendSlow and volume > volMean
shortCondition = close < breakoutLow and rangeRatio > 1.0 and trendFast < trendSlow and volume > volMean
if longCondition and ""long_only"" != ""short_only""
    strategy.entry(""Long"", strategy.long)
if shortCondition and ""long_only"" != ""long_only""
    strategy.entry(""Short"", strategy.short)",False,False,False,rejected
breakout__atr_filter0.8_directionlong_only_window30,breakout,1558.0,-0.0002633174055169052,0.9158318473971134,0.46819192776863394,4,4,"//@version=5
strategy(""breakout__atr_filter0.8_directionlong_only_window30"", overlay=true, process_orders_on_close=true)
breakoutHigh = ta.highest(high, 30)[1]
breakoutLow = ta.lowest(low, 30)[1]
atr14 = ta.atr(14)
rangeRatio = (high - low) / atr14
trendFast = ta.ema(close, 20)
trendSlow = ta.ema(close, 55)
volMean = ta.sma(volume, 30)
longCondition = close > breakoutHigh and rangeRatio > 0.8 and trendFast > trendSlow and volume > volMean
shortCondition = close < breakoutLow and rangeRatio > 0.8 and trendFast < trendSlow and volume > volMean
if longCondition and ""long_only"" != ""short_only""
    strategy.entry(""Long"", strategy.long)
if shortCondition and ""long_only"" != ""long_only""
    strategy.entry(""Short"", strategy.short)",False,False,False,rejected
breakout__atr_filter1.0_directionlong_only_window20,breakout,1683.0,-0.00029118967477548963,0.8919634806678554,0.5391666175284483,3,3,"//@version=5
strategy(""breakout__atr_filter1.0_directionlong_only_window20"", overlay=true, process_orders_on_close=true)
breakoutHigh = ta.highest(high, 20)[1]
breakoutLow = ta.lowest(low, 20)[1]
atr14 = ta.atr(14)
rangeRatio = (high - low) / atr14
trendFast = ta.ema(close, 20)
trendSlow = ta.ema(close, 55)
volMean = ta.sma(volume, 30)
longCondition = close > breakoutHigh and rangeRatio > 1.0 and trendFast > trendSlow and volume > volMean
shortCondition = close < breakoutLow and rangeRatio > 1.0 and trendFast < trendSlow and volume > volMean
if longCondition and ""long_only"" != ""short_only""
    strategy.entry(""Long"", strategy.long)
if shortCondition and ""long_only"" != ""long_only""
    strategy.entry(""Short"", strategy.short)",False,False,False,rejected
breakout__atr_filter0.8_directionlong_only_window20,breakout,1739.0,-0.0003346166020612673,0.8898098082285439,0.5493302325455782,3,3,"//@version=5
strategy(""breakout__atr_filter0.8_directionlong_only_window20"", overlay=true, process_orders_on_close=true)
breakoutHigh = ta.highest(high, 20)[1]
breakoutLow = ta.lowest(low, 20)[1]
atr14 = ta.atr(14)
rangeRatio = (high - low) / atr14
trendFast = ta.ema(close, 20)
trendSlow = ta.ema(close, 55)
volMean = ta.sma(volume, 30)
longCondition = close > breakoutHigh and rangeRatio > 0.8 and trendFast > trendSlow and volume > volMean
shortCondition = close < breakoutLow and rangeRatio > 0.8 and trendFast < trendSlow and volume > volMean
if longCondition and ""long_only"" != ""short_only""
    strategy.entry(""Long"", strategy.long)
if shortCondition and ""long_only"" != ""long_only""
    strategy.entry(""Short"", strategy.short)",False,False,False,rejected
trend_ema__directionlong_only_fast9_rsi_threshold58.0_slow55,trend_ema,913.0,-0.00036661530858797027,0.9139168320485285,0.5069523973818112,5,5,"//@version=5
strategy(""trend_ema__directionlong_only_fast9_rsi_threshold58.0_slow55"", overlay=true, process_orders_on_close=true)
fast = ta.ema(close, 9)
slow = ta.ema(close, 55)
r = ta.rsi(close, 14)
longCondition = ta.crossover(fast, slow) and r > 58.0
shortCondition = ta.crossunder(fast, slow) and r < 42.0
if longCondition and ""long_only"" != ""short_only""
    strategy.entry(""Long"", strategy.long)
if shortCondition and ""long_only"" != ""long_only""
    strategy.entry(""Short"", strategy.short)
if ta.crossunder(fast, slow)
    strategy.close(""Long"")
if ta.crossover(fast, slow)
    strategy.close(""Short"")",False,False,False,rejected
trend_ema__directionshort_only_fast21_rsi_threshold55.0_slow89,trend_ema,711.0,-0.0003857814205145044,1.0285535964294117,0.5273662611389114,5,5,"//@version=5
strategy(""trend_ema__directionshort_only_fast21_rsi_threshold55.0_slow89"", overlay=true, process_orders_on_close=true)
fast = ta.ema(close, 21)
slow = ta.ema(close, 89)
r = ta.rsi(close, 14)
longCondition = ta.crossover(fast, slow) and r > 55.0
shortCondition = ta.crossunder(fast, slow) and r < 45.0
if longCondition and ""short_only"" != ""short_only""
    strategy.entry(""Long"", strategy.long)
if shortCondition and ""short_only"" != ""long_only""
    strategy.entry(""Short"", strategy.short)
if ta.crossunder(fast, slow)
    strategy.close(""Long"")
if ta.crossover(fast, slow)
    strategy.close(""Short"")",False,False,False,rejected
trend_ema__directionlong_only_fast12_rsi_threshold55.0_slow55,trend_ema,1139.0,-0.00043986125139288366,0.902385684437704,0.4148495335987089,3,3,"//@version=5
strategy(""trend_ema__directionlong_only_fast12_rsi_threshold55.0_slow55"", overlay=true, process_orders_on_close=true)
fast = ta.ema(close, 12)
slow = ta.ema(close, 55)
r = ta.rsi(close, 14)
longCondition = ta.crossover(fast, slow) and r > 55.0
shortCondition = ta.crossunder(fast, slow) and r < 45.0
if longCondition and ""long_only"" != ""short_only""
    strategy.entry(""Long"", strategy.long)
if shortCondition and ""long_only"" != ""long_only""
    strategy.entry(""Short"", strategy.short)
if ta.crossunder(fast, slow)
    strategy.close(""Long"")
if ta.crossover(fast, slow)
    strategy.close(""Short"")",False,False,False,rejected
breakout__atr_filter1.0_directionlong_only_window55,breakout,1257.0,-0.0004491147849216455,0.9181649465996442,0.561151468435118,3,3,"//@version=5
strategy(""breakout__atr_filter1.0_directionlong_only_window55"", overlay=true, process_orders_on_close=true)
breakoutHigh = ta.highest(high, 55)[1]
breakoutLow = ta.lowest(low, 55)[1]
atr14 = ta.atr(14)
rangeRatio = (high - low) / atr14
trendFast = ta.ema(close, 20)
trendSlow = ta.ema(close, 55)
volMean = ta.sma(volume, 30)
longCondition = close > breakoutHigh and rangeRatio > 1.0 and trendFast > trendSlow and volume > volMean
shortCondition = close < breakoutLow and rangeRatio > 1.0 and trendFast < trendSlow and volume > volMean
if longCondition and ""long_only"" != ""short_only""
    strategy.entry(""Long"", strategy.long)
if shortCondition and ""long_only"" != ""long_only""
    strategy.entry(""Short"", strategy.short)",False,False,False,rejected
trend_ema__directionshort_only_fast21_rsi_threshold52.0_slow89,trend_ema,783.0,-0.0004980865988449677,1.013158267161751,0.5287547521897786,5,5,"//@version=5
strategy(""trend_ema__directionshort_only_fast21_rsi_threshold52.0_slow89"", overlay=true, process_orders_on_close=true)
fast = ta.ema(close, 21)
slow = ta.ema(close, 89)
r = ta.rsi(close, 14)
longCondition = ta.crossover(fast, slow) and r > 52.0
shortCondition = ta.crossunder(fast, slow) and r < 48.0
if longCondition and ""short_only"" != ""short_only""
    strategy.entry(""Long"", strategy.long)
if shortCondition and ""short_only"" != ""long_only""
    strategy.entry(""Short"", strategy.short)
if ta.crossunder(fast, slow)
    strategy.close(""Long"")
if ta.crossover(fast, slow)
    strategy.close(""Short"")",False,False,False,rejected
trend_ema__directionboth_fast21_rsi_threshold55.0_slow34,trend_ema,2116.0,-0.0005335146512495555,0.8920403418756407,0.737300265888723,2,2,"//@version=5
strategy(""trend_ema__directionboth_fast21_rsi_threshold55.0_slow34"", overlay=true, process_orders_on_close=true)
fast = ta.ema(close, 21)
slow = ta.ema(close, 34)
r = ta.rsi(close, 14)
longCondition = ta.crossover(fast, slow) and r > 55.0
shortCondition = ta.crossunder(fast, slow) and r < 45.0
if longCondition and ""both"" != ""short_only""
    strategy.entry(""Long"", strategy.long)
if shortCondition and ""both"" != ""long_only""
    strategy.entry(""Short"", strategy.short)
if ta.crossunder(fast, slow)
    strategy.close(""Long"")
if ta.crossover(fast, slow)
    strategy.close(""Short"")",False,False,False,rejected
trend_pullback__fast34_pullback_rsi45.0_slow55,trend_pullback,1189.0,-0.0005444708521436004,0.8211253734456584,0.3069730916102831,3,3,"//@version=5
strategy(""trend_pullback__fast34_pullback_rsi45.0_slow55"", overlay=true, process_orders_on_close=true)
fast = ta.ema(close, 34)
slow = ta.ema(close, 55)
r = ta.rsi(close, 14)
uptrend = fast > slow
downtrend = fast < slow
longResume = close > fast and close[1] <= fast[1]
shortResume = close < fast and close[1] >= fast[1]
longCondition = uptrend and r[1] < 45.0 and longResume
shortCondition = downtrend and r[1] > 55.0 and shortResume
if longCondition
    strategy.entry(""Long"", strategy.long)
if shortCondition
    strategy.entry(""Short"", strategy.short)",False,False,False,rejected
breakout__atr_filter0.8_directionlong_only_window55,breakout,1285.0,-0.0005551965358026746,0.9110807535024483,0.5627263243520102,3,3,"//@version=5
strategy(""breakout__atr_filter0.8_directionlong_only_window55"", overlay=true, process_orders_on_close=true)
breakoutHigh = ta.highest(high, 55)[1]
breakoutLow = ta.lowest(low, 55)[1]
atr14 = ta.atr(14)
rangeRatio = (high - low) / atr14
trendFast = ta.ema(close, 20)
trendSlow = ta.ema(close, 55)
volMean = ta.sma(volume, 30)
longCondition = close > breakoutHigh and rangeRatio > 0.8 and trendFast > trendSlow and volume > volMean
shortCondition = close < breakoutLow and rangeRatio > 0.8 and trendFast < trendSlow and volume > volMean
if longCondition and ""long_only"" != ""short_only""
    strategy.entry(""Long"", strategy.long)
if shortCondition and ""long_only"" != ""long_only""
    strategy.entry(""Short"", strategy.short)",False,False,False,rejected
breakout__atr_filter1.2_directionlong_only_window55,breakout,1208.0,-0.000563001323389983,0.8942956223730076,0.5117990248628623,2,2,"//@version=5
strategy(""breakout__atr_filter1.2_directionlong_only_window55"", overlay=true, process_orders_on_close=true)
breakoutHigh = ta.highest(high, 55)[1]
breakoutLow = ta.lowest(low, 55)[1]
atr14 = ta.atr(14)
rangeRatio = (high - low) / atr14
trendFast = ta.ema(close, 20)
trendSlow = ta.ema(close, 55)
volMean = ta.sma(volume, 30)
longCondition = close > breakoutHigh and rangeRatio > 1.2 and trendFast > trendSlow and volume > volMean
shortCondition = close < breakoutLow and rangeRatio > 1.2 and trendFast < trendSlow and volume > volMean
if longCondition and ""long_only"" != ""short_only""
    strategy.entry(""Long"", strategy.long)
if shortCondition and ""long_only"" != ""long_only""
    strategy.entry(""Short"", strategy.short)",False,False,False,rejected
trend_ema__directionlong_only_fast21_rsi_threshold58.0_slow55,trend_ema,707.0,-0.0005945568031774449,0.8802958000171988,0.4605878132380289,4,4,"//@version=5
strategy(""trend_ema__directionlong_only_fast21_rsi_threshold58.0_slow55"", overlay=true, process_orders_on_close=true)
fast = ta.ema(close, 21)
slow = ta.ema(close, 55)
r = ta.rsi(close, 14)
longCondition = ta.crossover(fast, slow) and r > 58.0
shortCondition = ta.crossunder(fast, slow) and r < 42.0
if longCondition and ""long_only"" != ""short_only""
    strategy.entry(""Long"", strategy.long)
if shortCondition and ""long_only"" != ""long_only""
    strategy.entry(""Short"", strategy.short)
if ta.crossunder(fast, slow)
    strategy.close(""Long"")
if ta.crossover(fast, slow)
    strategy.close(""Short"")",False,False,False,rejected
trend_ema__directionshort_only_fast12_rsi_threshold52.0_slow89,trend_ema,986.0,-0.0005989548591761212,1.0012450309688932,0.5916252016728654,5,5,"//@version=5
strategy(""trend_ema__directionshort_only_fast12_rsi_threshold52.0_slow89"", overlay=true, process_orders_on_close=true)
fast = ta.ema(close, 12)
slow = ta.ema(close, 89)
r = ta.rsi(close, 14)
longCondition = ta.crossover(fast, slow) and r > 52.0
shortCondition = ta.crossunder(fast, slow) and r < 48.0
if longCondition and ""short_only"" != ""short_only""
    strategy.entry(""Long"", strategy.long)
if shortCondition and ""short_only"" != ""long_only""
    strategy.entry(""Short"", strategy.short)
if ta.crossunder(fast, slow)
    strategy.close(""Long"")
if ta.crossover(fast, slow)
    strategy.close(""Short"")",False,False,False,rejected
trend_ema__directionshort_only_fast9_rsi_threshold52.0_slow34,trend_ema,1935.0,-0.0005992953869139895,0.9274277026762162,0.7147830242435984,4,4,"//@version=5
strategy(""trend_ema__directionshort_only_fast9_rsi_threshold52.0_slow34"", overlay=true, process_orders_on_close=true)
fast = ta.ema(close, 9)
slow = ta.ema(close, 34)
r = ta.rsi(close, 14)
longCondition = ta.crossover(fast, slow) and r > 52.0
shortCondition = ta.crossunder(fast, slow) and r < 48.0
if longCondition and ""short_only"" != ""short_only""
    strategy.entry(""Long"", strategy.long)
if shortCondition and ""short_only"" != ""long_only""
    strategy.entry(""Short"", strategy.short)
if ta.crossunder(fast, slow)
    strategy.close(""Long"")
if ta.crossover(fast, slow)
    strategy.close(""Short"")",False,False,False,rejected
trend_pullback__fast34_pullback_rsi45.0_slow89,trend_pullback,1219.0,-0.0006107888284493144,0.8017782160060809,0.3073429046337258,3,3,"//@version=5
strategy(""trend_pullback__fast34_pullback_rsi45.0_slow89"", overlay=true, process_orders_on_close=true)
fast = ta.ema(close, 34)
slow = ta.ema(close, 89)
r = ta.rsi(close, 14)
uptrend = fast > slow
downtrend = fast < slow
longResume = close > fast and close[1] <= fast[1]
shortResume = close < fast and close[1] >= fast[1]
longCondition = uptrend and r[1] < 45.0 and longResume
shortCondition = downtrend and r[1] > 55.0 and shortResume
if longCondition
    strategy.entry(""Long"", strategy.long)
if shortCondition
    strategy.entry(""Short"", strategy.short)",False,False,False,rejected
trend_ema__directionshort_only_fast12_rsi_threshold55.0_slow89,trend_ema,869.0,-0.0006302574829460967,1.0049740018021849,0.5727185800303269,6,6,"//@version=5
strategy(""trend_ema__directionshort_only_fast12_rsi_threshold55.0_slow89"", overlay=true, process_orders_on_close=true)
fast = ta.ema(close, 12)
slow = ta.ema(close, 89)
r = ta.rsi(close, 14)
longCondition = ta.crossover(fast, slow) and r > 55.0
shortCondition = ta.crossunder(fast, slow) and r < 45.0
if longCondition and ""short_only"" != ""short_only""
    strategy.entry(""Long"", strategy.long)
if shortCondition and ""short_only"" != ""long_only""
    strategy.entry(""Short"", strategy.short)
if ta.crossunder(fast, slow)
    strategy.close(""Long"")
if ta.crossover(fast, slow)
    strategy.close(""Short"")",False,False,False,rejected
trend_ema__directionlong_only_fast21_rsi_threshold52.0_slow34,trend_ema,1316.0,-0.0006590311115394458,0.8641927460385821,0.608089861832264,4,4,"//@version=5
strategy(""trend_ema__directionlong_only_fast21_rsi_threshold52.0_slow34"", overlay=true, process_orders_on_close=true)
fast = ta.ema(close, 21)
slow = ta.ema(close, 34)
r = ta.rsi(close, 14)
longCondition = ta.crossover(fast, slow) and r > 52.0
shortCondition = ta.crossunder(fast, slow) and r < 48.0
if longCondition and ""long_only"" != ""short_only""
    strategy.entry(""Long"", strategy.long)
if shortCondition and ""long_only"" != ""long_only""
    strategy.entry(""Short"", strategy.short)
if ta.crossunder(fast, slow)
    strategy.close(""Long"")
if ta.crossover(fast, slow)
    strategy.close(""Short"")",False,False,False,rejected
trend_ema__directionlong_only_fast12_rsi_threshold52.0_slow55,trend_ema,1358.0,-0.0006895033319567278,0.8685975160077358,0.5029214836750208,3,3,"//@version=5
strategy(""trend_ema__directionlong_only_fast12_rsi_threshold52.0_slow55"", overlay=true, process_orders_on_close=true)
fast = ta.ema(close, 12)
slow = ta.ema(close, 55)
r = ta.rsi(close, 14)
longCondition = ta.crossover(fast, slow) and r > 52.0
shortCondition = ta.crossunder(fast, slow) and r < 48.0
if longCondition and ""long_only"" != ""short_only""
    strategy.entry(""Long"", strategy.long)
if shortCondition and ""long_only"" != ""long_only""
    strategy.entry(""Short"", strategy.short)
if ta.crossunder(fast, slow)
    strategy.close(""Long"")
if ta.crossover(fast, slow)
    strategy.close(""Short"")",False,False,False,rejected
trend_ema__directionshort_only_fast9_rsi_threshold55.0_slow34,trend_ema,1474.0,-0.0006913751217922976,0.90915984553705,0.6427318849384613,4,4,"//@version=5
strategy(""trend_ema__directionshort_only_fast9_rsi_threshold55.0_slow34"", overlay=true, process_orders_on_close=true)
fast = ta.ema(close, 9)
slow = ta.ema(close, 34)
r = ta.rsi(close, 14)
longCondition = ta.crossover(fast, slow) and r > 55.0
shortCondition = ta.crossunder(fast, slow) and r < 45.0
if longCondition and ""short_only"" != ""short_only""
    strategy.entry(""Long"", strategy.long)
if shortCondition and ""short_only"" != ""long_only""
    strategy.entry(""Short"", strategy.short)
if ta.crossunder(fast, slow)
    strategy.close(""Long"")
if ta.crossover(fast, slow)
    strategy.close(""Short"")",False,False,False,rejected
trend_ema__directionshort_only_fast21_rsi_threshold58.0_slow89,trend_ema,575.0,-0.0007036682495213666,0.9888069164447805,0.49431612122874635,3,3,"//@version=5
strategy(""trend_ema__directionshort_only_fast21_rsi_threshold58.0_slow89"", overlay=true, process_orders_on_close=true)
fast = ta.ema(close, 21)
slow = ta.ema(close, 89)
r = ta.rsi(close, 14)
longCondition = ta.crossover(fast, slow) and r > 58.0
shortCondition = ta.crossunder(fast, slow) and r < 42.0
if longCondition and ""short_only"" != ""short_only""
    strategy.entry(""Long"", strategy.long)
if shortCondition and ""short_only"" != ""long_only""
    strategy.entry(""Short"", strategy.short)
if ta.crossunder(fast, slow)
    strategy.close(""Long"")
if ta.crossover(fast, slow)
    strategy.close(""Short"")",False,False,False,rejected
trend_ema__directionboth_fast21_rsi_threshold52.0_slow34,trend_ema,2342.0,-0.0007057183907527732,0.8813589906384607,0.7994676570742763,2,2,"//@version=5
strategy(""trend_ema__directionboth_fast21_rsi_threshold52.0_slow34"", overlay=true, process_orders_on_close=true)
fast = ta.ema(close, 21)
slow = ta.ema(close, 34)
r = ta.rsi(close, 14)
longCondition = ta.crossover(fast, slow) and r > 52.0
shortCondition = ta.crossunder(fast, slow) and r < 48.0
if longCondition and ""both"" != ""short_only""
    strategy.entry(""Long"", strategy.long)
if shortCondition and ""both"" != ""long_only""
    strategy.entry(""Short"", strategy.short)
if ta.crossunder(fast, slow)
    strategy.close(""Long"")
if ta.crossover(fast, slow)
    strategy.close(""Short"")",False,False,False,rejected
trend_ema__directionboth_fast9_rsi_threshold58.0_slow55,trend_ema,1703.0,-0.0007160853983577365,0.8771823071681497,0.726484418492735,2,2,"//@version=5
strategy(""trend_ema__directionboth_fast9_rsi_threshold58.0_slow55"", overlay=true, process_orders_on_close=true)
fast = ta.ema(close, 9)
slow = ta.ema(close, 55)
r = ta.rsi(close, 14)
longCondition = ta.crossover(fast, slow) and r > 58.0
shortCondition = ta.crossunder(fast, slow) and r < 42.0
if longCondition and ""both"" != ""short_only""
    strategy.entry(""Long"", strategy.long)
if shortCondition and ""both"" != ""long_only""
    strategy.entry(""Short"", strategy.short)
if ta.crossunder(fast, slow)
    strategy.close(""Long"")
if ta.crossover(fast, slow)
    strategy.close(""Short"")",False,False,False,rejected
trend_ema__directionshort_only_fast9_rsi_threshold55.0_slow55,trend_ema,1236.0,-0.0007380381823097521,0.9098004571963694,0.6723108075096522,3,3,"//@version=5
strategy(""trend_ema__directionshort_only_fast9_rsi_threshold55.0_slow55"", overlay=true, process_orders_on_close=true)
fast = ta.ema(close, 9)
slow = ta.ema(close, 55)
r = ta.rsi(close, 14)
longCondition = ta.crossover(fast, slow) and r > 55.0
shortCondition = ta.crossunder(fast, slow) and r < 45.0
if longCondition and ""short_only"" != ""short_only""
    strategy.entry(""Long"", strategy.long)
if shortCondition and ""short_only"" != ""long_only""
    strategy.entry(""Short"", strategy.short)
if ta.crossunder(fast, slow)
    strategy.close(""Long"")
if ta.crossover(fast, slow)
    strategy.close(""Short"")",False,False,False,rejected
trend_pullback__fast34_pullback_rsi48.0_slow55,trend_pullback,3751.0,-0.000740573027551794,0.764968570558076,0.5897828467168895,1,1,"//@version=5
strategy(""trend_pullback__fast34_pullback_rsi48.0_slow55"", overlay=true, process_orders_on_close=true)
fast = ta.ema(close, 34)
slow = ta.ema(close, 55)
r = ta.rsi(close, 14)
uptrend = fast > slow
downtrend = fast < slow
longResume = close > fast and close[1] <= fast[1]
shortResume = close < fast and close[1] >= fast[1]
longCondition = uptrend and r[1] < 48.0 and longResume
shortCondition = downtrend and r[1] > 52.0 and shortResume
if longCondition
    strategy.entry(""Long"", strategy.long)
if shortCondition
    strategy.entry(""Short"", strategy.short)",False,False,False,rejected
trend_ema__directionboth_fast9_rsi_threshold52.0_slow34,trend_ema,3044.0,-0.000746659569894934,0.8664884887659012,0.6680205230787801,1,1,"//@version=5
strategy(""trend_ema__directionboth_fast9_rsi_threshold52.0_slow34"", overlay=true, process_orders_on_close=true)
fast = ta.ema(close, 9)
slow = ta.ema(close, 34)
r = ta.rsi(close, 14)
longCondition = ta.crossover(fast, slow) and r > 52.0
shortCondition = ta.crossunder(fast, slow) and r < 48.0
if longCondition and ""both"" != ""short_only""
    strategy.entry(""Long"", strategy.long)
if shortCondition and ""both"" != ""long_only""
    strategy.entry(""Short"", strategy.short)
if ta.crossunder(fast, slow)
    strategy.close(""Long"")
if ta.crossover(fast, slow)
    strategy.close(""Short"")",False,False,False,rejected
trend_ema__directionshort_only_fast9_rsi_threshold52.0_slow55,trend_ema,1515.0,-0.0007654652363388505,0.9132505355609029,0.7122504064264885,2,2,"//@version=5
strategy(""trend_ema__directionshort_only_fast9_rsi_threshold52.0_slow55"", overlay=true, process_orders_on_close=true)
fast = ta.ema(close, 9)
slow = ta.ema(close, 55)
r = ta.rsi(close, 14)
longCondition = ta.crossover(fast, slow) and r > 52.0
shortCondition = ta.crossunder(fast, slow) and r < 48.0
if longCondition and ""short_only"" != ""short_only""
    strategy.entry(""Long"", strategy.long)
if shortCondition and ""short_only"" != ""long_only""
    strategy.entry(""Short"", strategy.short)
if ta.crossunder(fast, slow)
    strategy.close(""Long"")
if ta.crossover(fast, slow)
    strategy.close(""Short"")",False,False,False,rejected
trend_ema__directionboth_fast21_rsi_threshold58.0_slow34,trend_ema,1616.0,-0.000771116517371199,0.8570212726250164,0.7343467969827349,2,2,"//@version=5
strategy(""trend_ema__directionboth_fast21_rsi_threshold58.0_slow34"", overlay=true, process_orders_on_close=true)
fast = ta.ema(close, 21)
slow = ta.ema(close, 34)
r = ta.rsi(close, 14)
longCondition = ta.crossover(fast, slow) and r > 58.0
shortCondition = ta.crossunder(fast, slow) and r < 42.0
if longCondition and ""both"" != ""short_only""
    strategy.entry(""Long"", strategy.long)
if shortCondition and ""both"" != ""long_only""
    strategy.entry(""Short"", strategy.short)
if ta.crossunder(fast, slow)
    strategy.close(""Long"")
if ta.crossover(fast, slow)
    strategy.close(""Short"")",False,False,False,rejected
trend_pullback__fast34_pullback_rsi48.0_slow89,trend_pullback,3808.0,-0.0007893272265089695,0.7508295536904285,0.5792432743568987,1,1,"//@version=5
strategy(""trend_pullback__fast34_pullback_rsi48.0_slow89"", overlay=true, process_orders_on_close=true)
fast = ta.ema(close, 34)
slow = ta.ema(close, 89)
r = ta.rsi(close, 14)
uptrend = fast > slow
downtrend = fast < slow
longResume = close > fast and close[1] <= fast[1]
shortResume = close < fast and close[1] >= fast[1]
longCondition = uptrend and r[1] < 48.0 and longResume
shortCondition = downtrend and r[1] > 52.0 and shortResume
if longCondition
    strategy.entry(""Long"", strategy.long)
if shortCondition
    strategy.entry(""Short"", strategy.short)",False,False,False,rejected
trend_ema__directionboth_fast12_rsi_threshold55.0_slow34,trend_ema,2462.0,-0.0007893847863692028,0.8632315282243846,0.7379468338956885,1,1,"//@version=5
strategy(""trend_ema__directionboth_fast12_rsi_threshold55.0_slow34"", overlay=true, process_orders_on_close=true)
fast = ta.ema(close, 12)
slow = ta.ema(close, 34)
r = ta.rsi(close, 14)
longCondition = ta.crossover(fast, slow) and r > 55.0
shortCondition = ta.crossunder(fast, slow) and r < 45.0
if longCondition and ""both"" != ""short_only""
    strategy.entry(""Long"", strategy.long)
if shortCondition and ""both"" != ""long_only""
    strategy.entry(""Short"", strategy.short)
if ta.crossunder(fast, slow)
    strategy.close(""Long"")
if ta.crossover(fast, slow)
    strategy.close(""Short"")",False,False,False,rejected
trend_ema__directionboth_fast21_rsi_threshold58.0_slow89,trend_ema,1159.0,-0.0008147733985865435,0.9145415531285058,0.6152195493262761,2,2,"//@version=5
strategy(""trend_ema__directionboth_fast21_rsi_threshold58.0_slow89"", overlay=true, process_orders_on_close=true)
fast = ta.ema(close, 21)
slow = ta.ema(close, 89)
r = ta.rsi(close, 14)
longCondition = ta.crossover(fast, slow) and r > 58.0
shortCondition = ta.crossunder(fast, slow) and r < 42.0
if longCondition and ""both"" != ""short_only""
    strategy.entry(""Long"", strategy.long)
if shortCondition and ""both"" != ""long_only""
    strategy.entry(""Short"", strategy.short)
if ta.crossunder(fast, slow)
    strategy.close(""Long"")
if ta.crossover(fast, slow)
    strategy.close(""Short"")",False,False,False,rejected
trend_ema__directionshort_only_fast9_rsi_threshold58.0_slow34,trend_ema,934.0,-0.0008201144256169779,0.9014479195296128,0.5593524744978948,5,5,"//@version=5
strategy(""trend_ema__directionshort_only_fast9_rsi_threshold58.0_slow34"", overlay=true, process_orders_on_close=true)
fast = ta.ema(close, 9)
slow = ta.ema(close, 34)
r = ta.rsi(close, 14)
longCondition = ta.crossover(fast, slow) and r > 58.0
shortCondition = ta.crossunder(fast, slow) and r < 42.0
if longCondition and ""short_only"" != ""short_only""
    strategy.entry(""Long"", strategy.long)
if shortCondition and ""short_only"" != ""long_only""
    strategy.entry(""Short"", strategy.short)
if ta.crossunder(fast, slow)
    strategy.close(""Long"")
if ta.crossover(fast, slow)
    strategy.close(""Short"")",False,False,False,rejected
trend_ema__directionboth_fast9_rsi_threshold55.0_slow55,trend_ema,2266.0,-0.0008216611828596572,0.8721677564195296,0.7554794225547993,2,2,"//@version=5
strategy(""trend_ema__directionboth_fast9_rsi_threshold55.0_slow55"", overlay=true, process_orders_on_close=true)
fast = ta.ema(close, 9)
slow = ta.ema(close, 55)
r = ta.rsi(close, 14)
longCondition = ta.crossover(fast, slow) and r > 55.0
shortCondition = ta.crossunder(fast, slow) and r < 45.0
if longCondition and ""both"" != ""short_only""
    strategy.entry(""Long"", strategy.long)
if shortCondition and ""both"" != ""long_only""
    strategy.entry(""Short"", strategy.short)
if ta.crossunder(fast, slow)
    strategy.close(""Long"")
if ta.crossover(fast, slow)
    strategy.close(""Short"")",False,False,False,rejected
trend_ema__directionboth_fast12_rsi_threshold55.0_slow55,trend_ema,2103.0,-0.0008677796413486642,0.8802473659703098,0.7542516959112302,2,2,"//@version=5
strategy(""trend_ema__directionboth_fast12_rsi_threshold55.0_slow55"", overlay=true, process_orders_on_close=true)
fast = ta.ema(close, 12)
slow = ta.ema(close, 55)
r = ta.rsi(close, 14)
longCondition = ta.crossover(fast, slow) and r > 55.0
shortCondition = ta.crossunder(fast, slow) and r < 45.0
if longCondition and ""both"" != ""short_only""
    strategy.entry(""Long"", strategy.long)
if shortCondition and ""both"" != ""long_only""
    strategy.entry(""Short"", strategy.short)
if ta.crossunder(fast, slow)
    strategy.close(""Long"")
if ta.crossover(fast, slow)
    strategy.close(""Short"")",False,False,False,rejected
trend_ema__directionlong_only_fast9_rsi_threshold55.0_slow55,trend_ema,1277.0,-0.0008964841138249486,0.8475994695551708,0.600613467564966,2,2,"//@version=5
strategy(""trend_ema__directionlong_only_fast9_rsi_threshold55.0_slow55"", overlay=true, process_orders_on_close=true)
fast = ta.ema(close, 9)
slow = ta.ema(close, 55)
r = ta.rsi(close, 14)
longCondition = ta.crossover(fast, slow) and r > 55.0
shortCondition = ta.crossunder(fast, slow) and r < 45.0
if longCondition and ""long_only"" != ""short_only""
    strategy.entry(""Long"", strategy.long)
if shortCondition and ""long_only"" != ""long_only""
    strategy.entry(""Short"", strategy.short)
if ta.crossunder(fast, slow)
    strategy.close(""Long"")
if ta.crossover(fast, slow)
    strategy.close(""Short"")",False,False,False,rejected
trend_ema__directionboth_fast12_rsi_threshold52.0_slow34,trend_ema,2842.0,-0.0008996728766343801,0.8638676059265415,0.7895394812494902,2,2,"//@version=5
strategy(""trend_ema__directionboth_fast12_rsi_threshold52.0_slow34"", overlay=true, process_orders_on_close=true)
fast = ta.ema(close, 12)
slow = ta.ema(close, 34)
r = ta.rsi(close, 14)
longCondition = ta.crossover(fast, slow) and r > 52.0
shortCondition = ta.crossunder(fast, slow) and r < 48.0
if longCondition and ""both"" != ""short_only""
    strategy.entry(""Long"", strategy.long)
if shortCondition and ""both"" != ""long_only""
    strategy.entry(""Short"", strategy.short)
if ta.crossunder(fast, slow)
    strategy.close(""Long"")
if ta.crossover(fast, slow)
    strategy.close(""Short"")",False,False,False,rejected
trend_ema__directionboth_fast9_rsi_threshold52.0_slow55,trend_ema,2519.0,-0.000901805620999612,0.8676354496320791,0.8280131778263442,1,1,"//@version=5
strategy(""trend_ema__directionboth_fast9_rsi_threshold52.0_slow55"", overlay=true, process_orders_on_close=true)
fast = ta.ema(close, 9)
slow = ta.ema(close, 55)
r = ta.rsi(close, 14)
longCondition = ta.crossover(fast, slow) and r > 52.0
shortCondition = ta.crossunder(fast, slow) and r < 48.0
if longCondition and ""both"" != ""short_only""
    strategy.entry(""Long"", strategy.long)
if shortCondition and ""both"" != ""long_only""
    strategy.entry(""Short"", strategy.short)
if ta.crossunder(fast, slow)
    strategy.close(""Long"")
if ta.crossover(fast, slow)
    strategy.close(""Short"")",False,False,False,rejected
trend_pullback__fast21_pullback_rsi48.0_slow55,trend_pullback,2413.0,-0.0009226463353658396,0.7347033121040885,0.45073464023421406,1,1,"//@version=5
strategy(""trend_pullback__fast21_pullback_rsi48.0_slow55"", overlay=true, process_orders_on_close=true)
fast = ta.ema(close, 21)
slow = ta.ema(close, 55)
r = ta.rsi(close, 14)
uptrend = fast > slow
downtrend = fast < slow
longResume = close > fast and close[1] <= fast[1]
shortResume = close < fast and close[1] >= fast[1]
longCondition = uptrend and r[1] < 48.0 and longResume
shortCondition = downtrend and r[1] > 52.0 and shortResume
if longCondition
    strategy.entry(""Long"", strategy.long)
if shortCondition
    strategy.entry(""Short"", strategy.short)",False,False,False,rejected
trend_ema__directionboth_fast12_rsi_threshold52.0_slow55,trend_ema,2337.0,-0.0009308295972557633,0.8773514046157873,0.7613775392786903,1,1,"//@version=5
strategy(""trend_ema__directionboth_fast12_rsi_threshold52.0_slow55"", overlay=true, process_orders_on_close=true)
fast = ta.ema(close, 12)
slow = ta.ema(close, 55)
r = ta.rsi(close, 14)
longCondition = ta.crossover(fast, slow) and r > 52.0
shortCondition = ta.crossunder(fast, slow) and r < 48.0
if longCondition and ""both"" != ""short_only""
    strategy.entry(""Long"", strategy.long)
if shortCondition and ""both"" != ""long_only""
    strategy.entry(""Short"", strategy.short)
if ta.crossunder(fast, slow)
    strategy.close(""Long"")
if ta.crossover(fast, slow)
    strategy.close(""Short"")",False,False,False,rejected
trend_ema__directionshort_only_fast12_rsi_threshold55.0_slow34,trend_ema,1356.0,-0.0009392523018894926,0.9161133494601394,0.731379902080767,3,3,"//@version=5
strategy(""trend_ema__directionshort_only_fast12_rsi_threshold55.0_slow34"", overlay=true, process_orders_on_close=true)
fast = ta.ema(close, 12)
slow = ta.ema(close, 34)
r = ta.rsi(close, 14)
longCondition = ta.crossover(fast, slow) and r > 55.0
shortCondition = ta.crossunder(fast, slow) and r < 45.0
if longCondition and ""short_only"" != ""short_only""
    strategy.entry(""Long"", strategy.long)
if shortCondition and ""short_only"" != ""long_only""
    strategy.entry(""Short"", strategy.short)
if ta.crossunder(fast, slow)
    strategy.close(""Long"")
if ta.crossover(fast, slow)
    strategy.close(""Short"")",False,False,False,rejected
trend_ema__directionshort_only_fast12_rsi_threshold52.0_slow34,trend_ema,1722.0,-0.000944218020762908,0.9159560768481242,0.7256064286562991,3,3,"//@version=5
strategy(""trend_ema__directionshort_only_fast12_rsi_threshold52.0_slow34"", overlay=true, process_orders_on_close=true)
fast = ta.ema(close, 12)
slow = ta.ema(close, 34)
r = ta.rsi(close, 14)
longCondition = ta.crossover(fast, slow) and r > 52.0
shortCondition = ta.crossunder(fast, slow) and r < 48.0
if longCondition and ""short_only"" != ""short_only""
    strategy.entry(""Long"", strategy.long)
if shortCondition and ""short_only"" != ""long_only""
    strategy.entry(""Short"", strategy.short)
if ta.crossunder(fast, slow)
    strategy.close(""Long"")
if ta.crossover(fast, slow)
    strategy.close(""Short"")",False,False,False,rejected
trend_pullback__fast21_pullback_rsi48.0_slow89,trend_pullback,2780.0,-0.0009707682223612327,0.7127856879762731,0.4876366826052908,1,1,"//@version=5
strategy(""trend_pullback__fast21_pullback_rsi48.0_slow89"", overlay=true, process_orders_on_close=true)
fast = ta.ema(close, 21)
slow = ta.ema(close, 89)
r = ta.rsi(close, 14)
uptrend = fast > slow
downtrend = fast < slow
longResume = close > fast and close[1] <= fast[1]
shortResume = close < fast and close[1] >= fast[1]
longCondition = uptrend and r[1] < 48.0 and longResume
shortCondition = downtrend and r[1] > 52.0 and shortResume
if longCondition
    strategy.entry(""Long"", strategy.long)
if shortCondition
    strategy.entry(""Short"", strategy.short)",False,False,False,rejected
trend_ema__directionshort_only_fast9_rsi_threshold58.0_slow55,trend_ema,867.0,-0.001007709890812481,0.8947409570676518,0.6215272940633091,4,4,"//@version=5
strategy(""trend_ema__directionshort_only_fast9_rsi_threshold58.0_slow55"", overlay=true, process_orders_on_close=true)
fast = ta.ema(close, 9)
slow = ta.ema(close, 55)
r = ta.rsi(close, 14)
longCondition = ta.crossover(fast, slow) and r > 58.0
shortCondition = ta.crossunder(fast, slow) and r < 42.0
if longCondition and ""short_only"" != ""short_only""
    strategy.entry(""Long"", strategy.long)
if shortCondition and ""short_only"" != ""long_only""
    strategy.entry(""Short"", strategy.short)
if ta.crossunder(fast, slow)
    strategy.close(""Long"")
if ta.crossover(fast, slow)
    strategy.close(""Short"")",False,False,False,rejected
trend_ema__directionboth_fast9_rsi_threshold55.0_slow34,trend_ema,2580.0,-0.0010083263459630919,0.8388718368375357,0.7041228107514157,0,0,"//@version=5
strategy(""trend_ema__directionboth_fast9_rsi_threshold55.0_slow34"", overlay=true, process_orders_on_close=true)
fast = ta.ema(close, 9)
slow = ta.ema(close, 34)
r = ta.rsi(close, 14)
longCondition = ta.crossover(fast, slow) and r > 55.0
shortCondition = ta.crossunder(fast, slow) and r < 45.0
if longCondition and ""both"" != ""short_only""
    strategy.entry(""Long"", strategy.long)
if shortCondition and ""both"" != ""long_only""
    strategy.entry(""Short"", strategy.short)
if ta.crossunder(fast, slow)
    strategy.close(""Long"")
if ta.crossover(fast, slow)
    strategy.close(""Short"")",False,False,False,rejected
trend_ema__directionboth_fast12_rsi_threshold55.0_slow89,trend_ema,1668.0,-0.0010343998934710873,0.9012322088023383,0.6398183025738207,2,2,"//@version=5
strategy(""trend_ema__directionboth_fast12_rsi_threshold55.0_slow89"", overlay=true, process_orders_on_close=true)
fast = ta.ema(close, 12)
slow = ta.ema(close, 89)
r = ta.rsi(close, 14)
longCondition = ta.crossover(fast, slow) and r > 55.0
shortCondition = ta.crossunder(fast, slow) and r < 45.0
if longCondition and ""both"" != ""short_only""
    strategy.entry(""Long"", strategy.long)
if shortCondition and ""both"" != ""long_only""
    strategy.entry(""Short"", strategy.short)
if ta.crossunder(fast, slow)
    strategy.close(""Long"")
if ta.crossover(fast, slow)
    strategy.close(""Short"")",False,False,False,rejected
trend_ema__directionboth_fast12_rsi_threshold58.0_slow55,trend_ema,1622.0,-0.0010382617578469724,0.8703357104836655,0.7528661692968783,3,3,"//@version=5
strategy(""trend_ema__directionboth_fast12_rsi_threshold58.0_slow55"", overlay=true, process_orders_on_close=true)
fast = ta.ema(close, 12)
slow = ta.ema(close, 55)
r = ta.rsi(close, 14)
longCondition = ta.crossover(fast, slow) and r > 58.0
shortCondition = ta.crossunder(fast, slow) and r < 42.0
if longCondition and ""both"" != ""short_only""
    strategy.entry(""Long"", strategy.long)
if shortCondition and ""both"" != ""long_only""
    strategy.entry(""Short"", strategy.short)
if ta.crossunder(fast, slow)
    strategy.close(""Long"")
if ta.crossover(fast, slow)
    strategy.close(""Short"")",False,False,False,rejected
trend_ema__directionlong_only_fast21_rsi_threshold58.0_slow89,trend_ema,591.0,-0.0010483540309018653,0.8667953215171409,0.5097300613102353,2,2,"//@version=5
strategy(""trend_ema__directionlong_only_fast21_rsi_threshold58.0_slow89"", overlay=true, process_orders_on_close=true)
fast = ta.ema(close, 21)
slow = ta.ema(close, 89)
r = ta.rsi(close, 14)
longCondition = ta.crossover(fast, slow) and r > 58.0
shortCondition = ta.crossunder(fast, slow) and r < 42.0
if longCondition and ""long_only"" != ""short_only""
    strategy.entry(""Long"", strategy.long)
if shortCondition and ""long_only"" != ""long_only""
    strategy.entry(""Short"", strategy.short)
if ta.crossunder(fast, slow)
    strategy.close(""Long"")
if ta.crossover(fast, slow)
    strategy.close(""Short"")",False,False,False,rejected
trend_ema__directionboth_fast21_rsi_threshold52.0_slow89,trend_ema,1462.0,-0.0010492855637432936,0.9035956058056464,0.6859954423600646,3,3,"//@version=5
strategy(""trend_ema__directionboth_fast21_rsi_threshold52.0_slow89"", overlay=true, process_orders_on_close=true)
fast = ta.ema(close, 21)
slow = ta.ema(close, 89)
r = ta.rsi(close, 14)
longCondition = ta.crossover(fast, slow) and r > 52.0
shortCondition = ta.crossunder(fast, slow) and r < 48.0
if longCondition and ""both"" != ""short_only""
    strategy.entry(""Long"", strategy.long)
if shortCondition and ""both"" != ""long_only""
    strategy.entry(""Short"", strategy.short)
if ta.crossunder(fast, slow)
    strategy.close(""Long"")
if ta.crossover(fast, slow)
    strategy.close(""Short"")",False,False,False,rejected
trend_ema__directionshort_only_fast9_rsi_threshold52.0_slow89,trend_ema,1130.0,-0.0010550394583555968,0.945067525540814,0.6107261955544868,3,3,"//@version=5
strategy(""trend_ema__directionshort_only_fast9_rsi_threshold52.0_slow89"", overlay=true, process_orders_on_close=true)
fast = ta.ema(close, 9)
slow = ta.ema(close, 89)
r = ta.rsi(close, 14)
longCondition = ta.crossover(fast, slow) and r > 52.0
shortCondition = ta.crossunder(fast, slow) and r < 48.0
if longCondition and ""short_only"" != ""short_only""
    strategy.entry(""Long"", strategy.long)
if shortCondition and ""short_only"" != ""long_only""
    strategy.entry(""Short"", strategy.short)
if ta.crossunder(fast, slow)
    strategy.close(""Long"")
if ta.crossover(fast, slow)
    strategy.close(""Short"")",False,False,False,rejected
breakout__atr_filter1.2_directionboth_window20,breakout,3300.0,-0.0010619496903771857,0.8131696231552079,0.668290918575932,1,1,"//@version=5
strategy(""breakout__atr_filter1.2_directionboth_window20"", overlay=true, process_orders_on_close=true)
breakoutHigh = ta.highest(high, 20)[1]
breakoutLow = ta.lowest(low, 20)[1]
atr14 = ta.atr(14)
rangeRatio = (high - low) / atr14
trendFast = ta.ema(close, 20)
trendSlow = ta.ema(close, 55)
volMean = ta.sma(volume, 30)
longCondition = close > breakoutHigh and rangeRatio > 1.2 and trendFast > trendSlow and volume > volMean
shortCondition = close < breakoutLow and rangeRatio > 1.2 and trendFast < trendSlow and volume > volMean
if longCondition and ""both"" != ""short_only""
    strategy.entry(""Long"", strategy.long)
if shortCondition and ""both"" != ""long_only""
    strategy.entry(""Short"", strategy.short)",False,False,False,rejected
trend_ema__directionboth_fast21_rsi_threshold55.0_slow89,trend_ema,1383.0,-0.0010680387499371984,0.9049579704783408,0.6866500702568263,2,2,"//@version=5
strategy(""trend_ema__directionboth_fast21_rsi_threshold55.0_slow89"", overlay=true, process_orders_on_close=true)
fast = ta.ema(close, 21)
slow = ta.ema(close, 89)
r = ta.rsi(close, 14)
longCondition = ta.crossover(fast, slow) and r > 55.0
shortCondition = ta.crossunder(fast, slow) and r < 45.0
if longCondition and ""both"" != ""short_only""
    strategy.entry(""Long"", strategy.long)
if shortCondition and ""both"" != ""long_only""
    strategy.entry(""Short"", strategy.short)
if ta.crossunder(fast, slow)
    strategy.close(""Long"")
if ta.crossover(fast, slow)
    strategy.close(""Short"")",False,False,False,rejected
trend_ema__directionlong_only_fast21_rsi_threshold52.0_slow55,trend_ema,1032.0,-0.001083443792690204,0.8308205630654178,0.4879857402846193,3,3,"//@version=5
strategy(""trend_ema__directionlong_only_fast21_rsi_threshold52.0_slow55"", overlay=true, process_orders_on_close=true)
fast = ta.ema(close, 21)
slow = ta.ema(close, 55)
r = ta.rsi(close, 14)
longCondition = ta.crossover(fast, slow) and r > 52.0
shortCondition = ta.crossunder(fast, slow) and r < 48.0
if longCondition and ""long_only"" != ""short_only""
    strategy.entry(""Long"", strategy.long)
if shortCondition and ""long_only"" != ""long_only""
    strategy.entry(""Short"", strategy.short)
if ta.crossunder(fast, slow)
    strategy.close(""Long"")
if ta.crossover(fast, slow)
    strategy.close(""Short"")",False,False,False,rejected
trend_ema__directionshort_only_fast21_rsi_threshold55.0_slow34,trend_ema,1115.0,-0.001085578585409558,0.8926168651341564,0.6051134798213582,3,3,"//@version=5
strategy(""trend_ema__directionshort_only_fast21_rsi_threshold55.0_slow34"", overlay=true, process_orders_on_close=true)
fast = ta.ema(close, 21)
slow = ta.ema(close, 34)
r = ta.rsi(close, 14)
longCondition = ta.crossover(fast, slow) and r > 55.0
shortCondition = ta.crossunder(fast, slow) and r < 45.0
if longCondition and ""short_only"" != ""short_only""
    strategy.entry(""Long"", strategy.long)
if shortCondition and ""short_only"" != ""long_only""
    strategy.entry(""Short"", strategy.short)
if ta.crossunder(fast, slow)
    strategy.close(""Long"")
if ta.crossover(fast, slow)
    strategy.close(""Short"")",False,False,False,rejected
trend_ema__directionlong_only_fast9_rsi_threshold52.0_slow34,trend_ema,1950.0,-0.0011208014249744843,0.7857691371099416,0.42694140126695723,2,2,"//@version=5
strategy(""trend_ema__directionlong_only_fast9_rsi_threshold52.0_slow34"", overlay=true, process_orders_on_close=true)
fast = ta.ema(close, 9)
slow = ta.ema(close, 34)
r = ta.rsi(close, 14)
longCondition = ta.crossover(fast, slow) and r > 52.0
shortCondition = ta.crossunder(fast, slow) and r < 48.0
if longCondition and ""long_only"" != ""short_only""
    strategy.entry(""Long"", strategy.long)
if shortCondition and ""long_only"" != ""long_only""
    strategy.entry(""Short"", strategy.short)
if ta.crossunder(fast, slow)
    strategy.close(""Long"")
if ta.crossover(fast, slow)
    strategy.close(""Short"")",False,False,False,rejected
trend_ema__directionshort_only_fast21_rsi_threshold52.0_slow34,trend_ema,1307.0,-0.0011265498595685536,0.8888550192225757,0.6542983390138559,3,3,"//@version=5
strategy(""trend_ema__directionshort_only_fast21_rsi_threshold52.0_slow34"", overlay=true, process_orders_on_close=true)
fast = ta.ema(close, 21)
slow = ta.ema(close, 34)
r = ta.rsi(close, 14)
longCondition = ta.crossover(fast, slow) and r > 52.0
shortCondition = ta.crossunder(fast, slow) and r < 48.0
if longCondition and ""short_only"" != ""short_only""
    strategy.entry(""Long"", strategy.long)
if shortCondition and ""short_only"" != ""long_only""
    strategy.entry(""Short"", strategy.short)
if ta.crossunder(fast, slow)
    strategy.close(""Long"")
if ta.crossover(fast, slow)
    strategy.close(""Short"")",False,False,False,rejected
trend_ema__directionlong_only_fast9_rsi_threshold58.0_slow89,trend_ema,776.0,-0.001127202754829456,0.8907197745545827,0.4439433135814447,3,3,"//@version=5
strategy(""trend_ema__directionlong_only_fast9_rsi_threshold58.0_slow89"", overlay=true, process_orders_on_close=true)
fast = ta.ema(close, 9)
slow = ta.ema(close, 89)
r = ta.rsi(close, 14)
longCondition = ta.crossover(fast, slow) and r > 58.0
shortCondition = ta.crossunder(fast, slow) and r < 42.0
if longCondition and ""long_only"" != ""short_only""
    strategy.entry(""Long"", strategy.long)
if shortCondition and ""long_only"" != ""long_only""
    strategy.entry(""Short"", strategy.short)
if ta.crossunder(fast, slow)
    strategy.close(""Long"")
if ta.crossover(fast, slow)
    strategy.close(""Short"")",False,False,False,rejected
breakout__atr_filter1.0_directionboth_window20,breakout,3550.0,-0.0011298548765169081,0.8149346807619082,0.6919201340228065,1,1,"//@version=5
strategy(""breakout__atr_filter1.0_directionboth_window20"", overlay=true, process_orders_on_close=true)
breakoutHigh = ta.highest(high, 20)[1]
breakoutLow = ta.lowest(low, 20)[1]
atr14 = ta.atr(14)
rangeRatio = (high - low) / atr14
trendFast = ta.ema(close, 20)
trendSlow = ta.ema(close, 55)
volMean = ta.sma(volume, 30)
longCondition = close > breakoutHigh and rangeRatio > 1.0 and trendFast > trendSlow and volume > volMean
shortCondition = close < breakoutLow and rangeRatio > 1.0 and trendFast < trendSlow and volume > volMean
if longCondition and ""both"" != ""short_only""
    strategy.entry(""Long"", strategy.long)
if shortCondition and ""both"" != ""long_only""
    strategy.entry(""Short"", strategy.short)",False,False,False,rejected
breakout__atr_filter1.2_directionboth_window30,breakout,2981.0,-0.0011453480477536212,0.8326383644709802,0.6783895097840684,0,0,"//@version=5
strategy(""breakout__atr_filter1.2_directionboth_window30"", overlay=true, process_orders_on_close=true)
breakoutHigh = ta.highest(high, 30)[1]
breakoutLow = ta.lowest(low, 30)[1]
atr14 = ta.atr(14)
rangeRatio = (high - low) / atr14
trendFast = ta.ema(close, 20)
trendSlow = ta.ema(close, 55)
volMean = ta.sma(volume, 30)
longCondition = close > breakoutHigh and rangeRatio > 1.2 and trendFast > trendSlow and volume > volMean
shortCondition = close < breakoutLow and rangeRatio > 1.2 and trendFast < trendSlow and volume > volMean
if longCondition and ""both"" != ""short_only""
    strategy.entry(""Long"", strategy.long)
if shortCondition and ""both"" != ""long_only""
    strategy.entry(""Short"", strategy.short)",False,False,False,rejected
trend_ema__directionlong_only_fast12_rsi_threshold55.0_slow34,trend_ema,1374.0,-0.0011471742783757978,0.7955179325896791,0.5223563557292294,2,2,"//@version=5
strategy(""trend_ema__directionlong_only_fast12_rsi_threshold55.0_slow34"", overlay=true, process_orders_on_close=true)
fast = ta.ema(close, 12)
slow = ta.ema(close, 34)
r = ta.rsi(close, 14)
longCondition = ta.crossover(fast, slow) and r > 55.0
shortCondition = ta.crossunder(fast, slow) and r < 45.0
if longCondition and ""long_only"" != ""short_only""
    strategy.entry(""Long"", strategy.long)
if shortCondition and ""long_only"" != ""long_only""
    strategy.entry(""Short"", strategy.short)
if ta.crossunder(fast, slow)
    strategy.close(""Long"")
if ta.crossover(fast, slow)
    strategy.close(""Short"")",False,False,False,rejected
trend_ema__directionboth_fast12_rsi_threshold58.0_slow89,trend_ema,1391.0,-0.0011684382152276755,0.9074361288453764,0.655284305354076,2,2,"//@version=5
strategy(""trend_ema__directionboth_fast12_rsi_threshold58.0_slow89"", overlay=true, process_orders_on_close=true)
fast = ta.ema(close, 12)
slow = ta.ema(close, 89)
r = ta.rsi(close, 14)
longCondition = ta.crossover(fast, slow) and r > 58.0
shortCondition = ta.crossunder(fast, slow) and r < 42.0
if longCondition and ""both"" != ""short_only""
    strategy.entry(""Long"", strategy.long)
if shortCondition and ""both"" != ""long_only""
    strategy.entry(""Short"", strategy.short)
if ta.crossunder(fast, slow)
    strategy.close(""Long"")
if ta.crossover(fast, slow)
    strategy.close(""Short"")",False,False,False,rejected
trend_ema__directionshort_only_fast9_rsi_threshold55.0_slow89,trend_ema,978.0,-0.0011766433445387409,0.928191210429727,0.5562835038034637,3,3,"//@version=5
strategy(""trend_ema__directionshort_only_fast9_rsi_threshold55.0_slow89"", overlay=true, process_orders_on_close=true)
fast = ta.ema(close, 9)
slow = ta.ema(close, 89)
r = ta.rsi(close, 14)
longCondition = ta.crossover(fast, slow) and r > 55.0
shortCondition = ta.crossunder(fast, slow) and r < 45.0
if longCondition and ""short_only"" != ""short_only""
    strategy.entry(""Long"", strategy.long)
if shortCondition and ""short_only"" != ""long_only""
    strategy.entry(""Short"", strategy.short)
if ta.crossunder(fast, slow)
    strategy.close(""Long"")
if ta.crossover(fast, slow)
    strategy.close(""Short"")",False,False,False,rejected
trend_ema__directionboth_fast9_rsi_threshold58.0_slow34,trend_ema,1750.0,-0.0011777447279149593,0.8341473561980391,0.5967050743166222,1,1,"//@version=5
strategy(""trend_ema__directionboth_fast9_rsi_threshold58.0_slow34"", overlay=true, process_orders_on_close=true)
fast = ta.ema(close, 9)
slow = ta.ema(close, 34)
r = ta.rsi(close, 14)
longCondition = ta.crossover(fast, slow) and r > 58.0
shortCondition = ta.crossunder(fast, slow) and r < 42.0
if longCondition and ""both"" != ""short_only""
    strategy.entry(""Long"", strategy.long)
if shortCondition and ""both"" != ""long_only""
    strategy.entry(""Short"", strategy.short)
if ta.crossunder(fast, slow)
    strategy.close(""Long"")
if ta.crossover(fast, slow)
    strategy.close(""Short"")",False,False,False,rejected
breakout__atr_filter0.8_directionboth_window20,breakout,3680.0,-0.001178186345602185,0.810407145249885,0.7075168171056754,1,1,"//@version=5
strategy(""breakout__atr_filter0.8_directionboth_window20"", overlay=true, process_orders_on_close=true)
breakoutHigh = ta.highest(high, 20)[1]
breakoutLow = ta.lowest(low, 20)[1]
atr14 = ta.atr(14)
rangeRatio = (high - low) / atr14
trendFast = ta.ema(close, 20)
trendSlow = ta.ema(close, 55)
volMean = ta.sma(volume, 30)
longCondition = close > breakoutHigh and rangeRatio > 0.8 and trendFast > trendSlow and volume > volMean
shortCondition = close < breakoutLow and rangeRatio > 0.8 and trendFast < trendSlow and volume > volMean
if longCondition and ""both"" != ""short_only""
    strategy.entry(""Long"", strategy.long)
if shortCondition and ""both"" != ""long_only""
    strategy.entry(""Short"", strategy.short)",False,False,False,rejected
trend_ema__directionlong_only_fast12_rsi_threshold52.0_slow34,trend_ema,1724.0,-0.0011814774462408644,0.7849842713680427,0.5690493474197289,3,3,"//@version=5
strategy(""trend_ema__directionlong_only_fast12_rsi_threshold52.0_slow34"", overlay=true, process_orders_on_close=true)
fast = ta.ema(close, 12)
slow = ta.ema(close, 34)
r = ta.rsi(close, 14)
longCondition = ta.crossover(fast, slow) and r > 52.0
shortCondition = ta.crossunder(fast, slow) and r < 48.0
if longCondition and ""long_only"" != ""short_only""
    strategy.entry(""Long"", strategy.long)
if shortCondition and ""long_only"" != ""long_only""
    strategy.entry(""Short"", strategy.short)
if ta.crossunder(fast, slow)
    strategy.close(""Long"")
if ta.crossover(fast, slow)
    strategy.close(""Short"")",False,False,False,rejected
trend_ema__directionboth_fast12_rsi_threshold52.0_slow89,trend_ema,1780.0,-0.0011832720214136117,0.8871914992520811,0.6751383990383233,2,2,"//@version=5
strategy(""trend_ema__directionboth_fast12_rsi_threshold52.0_slow89"", overlay=true, process_orders_on_close=true)
fast = ta.ema(close, 12)
slow = ta.ema(close, 89)
r = ta.rsi(close, 14)
longCondition = ta.crossover(fast, slow) and r > 52.0
shortCondition = ta.crossunder(fast, slow) and r < 48.0
if longCondition and ""both"" != ""short_only""
    strategy.entry(""Long"", strategy.long)
if shortCondition and ""both"" != ""long_only""
    strategy.entry(""Short"", strategy.short)
if ta.crossunder(fast, slow)
    strategy.close(""Long"")
if ta.crossover(fast, slow)
    strategy.close(""Short"")",False,False,False,rejected
trend_ema__directionshort_only_fast12_rsi_threshold52.0_slow55,trend_ema,1346.0,-0.0012074826765377,0.8913137158276504,0.7276715682536972,2,2,"//@version=5
strategy(""trend_ema__directionshort_only_fast12_rsi_threshold52.0_slow55"", overlay=true, process_orders_on_close=true)
fast = ta.ema(close, 12)
slow = ta.ema(close, 55)
r = ta.rsi(close, 14)
longCondition = ta.crossover(fast, slow) and r > 52.0
shortCondition = ta.crossunder(fast, slow) and r < 48.0
if longCondition and ""short_only"" != ""short_only""
    strategy.entry(""Long"", strategy.long)
if shortCondition and ""short_only"" != ""long_only""
    strategy.entry(""Short"", strategy.short)
if ta.crossunder(fast, slow)
    strategy.close(""Long"")
if ta.crossover(fast, slow)
    strategy.close(""Short"")",False,False,False,rejected
trend_ema__directionlong_only_fast21_rsi_threshold55.0_slow55,trend_ema,912.0,-0.001218740052360679,0.8331373956146594,0.49910131164384375,2,2,"//@version=5
strategy(""trend_ema__directionlong_only_fast21_rsi_threshold55.0_slow55"", overlay=true, process_orders_on_close=true)
fast = ta.ema(close, 21)
slow = ta.ema(close, 55)
r = ta.rsi(close, 14)
longCondition = ta.crossover(fast, slow) and r > 55.0
shortCondition = ta.crossunder(fast, slow) and r < 45.0
if longCondition and ""long_only"" != ""short_only""
    strategy.entry(""Long"", strategy.long)
if shortCondition and ""long_only"" != ""long_only""
    strategy.entry(""Short"", strategy.short)
if ta.crossunder(fast, slow)
    strategy.close(""Long"")
if ta.crossover(fast, slow)
    strategy.close(""Short"")",False,False,False,rejected
trend_ema__directionshort_only_fast12_rsi_threshold58.0_slow89,trend_ema,691.0,-0.0012316853455549466,0.974047389857317,0.5412975171723982,5,5,"//@version=5
strategy(""trend_ema__directionshort_only_fast12_rsi_threshold58.0_slow89"", overlay=true, process_orders_on_close=true)
fast = ta.ema(close, 12)
slow = ta.ema(close, 89)
r = ta.rsi(close, 14)
longCondition = ta.crossover(fast, slow) and r > 58.0
shortCondition = ta.crossunder(fast, slow) and r < 42.0
if longCondition and ""short_only"" != ""short_only""
    strategy.entry(""Long"", strategy.long)
if shortCondition and ""short_only"" != ""long_only""
    strategy.entry(""Short"", strategy.short)
if ta.crossunder(fast, slow)
    strategy.close(""Long"")
if ta.crossover(fast, slow)
    strategy.close(""Short"")",False,False,False,rejected
trend_ema__directionlong_only_fast12_rsi_threshold58.0_slow89,trend_ema,723.0,-0.001239968925347594,0.8725866087532266,0.4144216937497841,3,3,"//@version=5
strategy(""trend_ema__directionlong_only_fast12_rsi_threshold58.0_slow89"", overlay=true, process_orders_on_close=true)
fast = ta.ema(close, 12)
slow = ta.ema(close, 89)
r = ta.rsi(close, 14)
longCondition = ta.crossover(fast, slow) and r > 58.0
shortCondition = ta.crossunder(fast, slow) and r < 42.0
if longCondition and ""long_only"" != ""short_only""
    strategy.entry(""Long"", strategy.long)
if shortCondition and ""long_only"" != ""long_only""
    strategy.entry(""Short"", strategy.short)
if ta.crossunder(fast, slow)
    strategy.close(""Long"")
if ta.crossover(fast, slow)
    strategy.close(""Short"")",False,False,False,rejected
breakout__atr_filter1.0_directionboth_window30,breakout,3178.0,-0.0012570724881725039,0.8333042036025035,0.6942944354186239,0,0,"//@version=5
strategy(""breakout__atr_filter1.0_directionboth_window30"", overlay=true, process_orders_on_close=true)
breakoutHigh = ta.highest(high, 30)[1]
breakoutLow = ta.lowest(low, 30)[1]
atr14 = ta.atr(14)
rangeRatio = (high - low) / atr14
trendFast = ta.ema(close, 20)
trendSlow = ta.ema(close, 55)
volMean = ta.sma(volume, 30)
longCondition = close > breakoutHigh and rangeRatio > 1.0 and trendFast > trendSlow and volume > volMean
shortCondition = close < breakoutLow and rangeRatio > 1.0 and trendFast < trendSlow and volume > volMean
if longCondition and ""both"" != ""short_only""
    strategy.entry(""Long"", strategy.long)
if shortCondition and ""both"" != ""long_only""
    strategy.entry(""Short"", strategy.short)",False,False,False,rejected
trend_ema__directionlong_only_fast9_rsi_threshold52.0_slow55,trend_ema,1521.0,-0.001279434472805855,0.8039146492236672,0.6651594079403907,1,1,"//@version=5
strategy(""trend_ema__directionlong_only_fast9_rsi_threshold52.0_slow55"", overlay=true, process_orders_on_close=true)
fast = ta.ema(close, 9)
slow = ta.ema(close, 55)
r = ta.rsi(close, 14)
longCondition = ta.crossover(fast, slow) and r > 52.0
shortCondition = ta.crossunder(fast, slow) and r < 48.0
if longCondition and ""long_only"" != ""short_only""
    strategy.entry(""Long"", strategy.long)
if shortCondition and ""long_only"" != ""long_only""
    strategy.entry(""Short"", strategy.short)
if ta.crossunder(fast, slow)
    strategy.close(""Long"")
if ta.crossover(fast, slow)
    strategy.close(""Short"")",False,False,False,rejected
trend_ema__directionlong_only_fast12_rsi_threshold58.0_slow34,trend_ema,915.0,-0.001312681740728231,0.831426835177554,0.5410521668680079,4,4,"//@version=5
strategy(""trend_ema__directionlong_only_fast12_rsi_threshold58.0_slow34"", overlay=true, process_orders_on_close=true)
fast = ta.ema(close, 12)
slow = ta.ema(close, 34)
r = ta.rsi(close, 14)
longCondition = ta.crossover(fast, slow) and r > 58.0
shortCondition = ta.crossunder(fast, slow) and r < 42.0
if longCondition and ""long_only"" != ""short_only""
    strategy.entry(""Long"", strategy.long)
if shortCondition and ""long_only"" != ""long_only""
    strategy.entry(""Short"", strategy.short)
if ta.crossunder(fast, slow)
    strategy.close(""Long"")
if ta.crossover(fast, slow)
    strategy.close(""Short"")",False,False,False,rejected
trend_pullback__fast21_pullback_rsi45.0_slow89,trend_pullback,942.0,-0.0013140655346132062,0.7017096857288664,0.37995103826126864,2,2,"//@version=5
strategy(""trend_pullback__fast21_pullback_rsi45.0_slow89"", overlay=true, process_orders_on_close=true)
fast = ta.ema(close, 21)
slow = ta.ema(close, 89)
r = ta.rsi(close, 14)
uptrend = fast > slow
downtrend = fast < slow
longResume = close > fast and close[1] <= fast[1]
shortResume = close < fast and close[1] >= fast[1]
longCondition = uptrend and r[1] < 45.0 and longResume
shortCondition = downtrend and r[1] > 55.0 and shortResume
if longCondition
    strategy.entry(""Long"", strategy.long)
if shortCondition
    strategy.entry(""Short"", strategy.short)",False,False,False,rejected
breakout__atr_filter0.8_directionboth_window30,breakout,3280.0,-0.00131680217605303,0.8253917839636709,0.7390998739537031,0,0,"//@version=5
strategy(""breakout__atr_filter0.8_directionboth_window30"", overlay=true, process_orders_on_close=true)
breakoutHigh = ta.highest(high, 30)[1]
breakoutLow = ta.lowest(low, 30)[1]
atr14 = ta.atr(14)
rangeRatio = (high - low) / atr14
trendFast = ta.ema(close, 20)
trendSlow = ta.ema(close, 55)
volMean = ta.sma(volume, 30)
longCondition = close > breakoutHigh and rangeRatio > 0.8 and trendFast > trendSlow and volume > volMean
shortCondition = close < breakoutLow and rangeRatio > 0.8 and trendFast < trendSlow and volume > volMean
if longCondition and ""both"" != ""short_only""
    strategy.entry(""Long"", strategy.long)
if shortCondition and ""both"" != ""long_only""
    strategy.entry(""Short"", strategy.short)",False,False,False,rejected
trend_ema__directionlong_only_fast12_rsi_threshold55.0_slow89,trend_ema,899.0,-0.0013658872891644026,0.8417899855883298,0.4631974423986954,3,3,"//@version=5
strategy(""trend_ema__directionlong_only_fast12_rsi_threshold55.0_slow89"", overlay=true, process_orders_on_close=true)
fast = ta.ema(close, 12)
slow = ta.ema(close, 89)
r = ta.rsi(close, 14)
longCondition = ta.crossover(fast, slow) and r > 55.0
shortCondition = ta.crossunder(fast, slow) and r < 45.0
if longCondition and ""long_only"" != ""short_only""
    strategy.entry(""Long"", strategy.long)
if shortCondition and ""long_only"" != ""long_only""
    strategy.entry(""Short"", strategy.short)
if ta.crossunder(fast, slow)
    strategy.close(""Long"")
if ta.crossover(fast, slow)
    strategy.close(""Short"")",False,False,False,rejected
trend_ema__directionshort_only_fast12_rsi_threshold55.0_slow55,trend_ema,1121.0,-0.0013795981491148686,0.8761569838440254,0.7095687173039245,2,2,"//@version=5
strategy(""trend_ema__directionshort_only_fast12_rsi_threshold55.0_slow55"", overlay=true, process_orders_on_close=true)
fast = ta.ema(close, 12)
slow = ta.ema(close, 55)
r = ta.rsi(close, 14)
longCondition = ta.crossover(fast, slow) and r > 55.0
shortCondition = ta.crossunder(fast, slow) and r < 45.0
if longCondition and ""short_only"" != ""short_only""
    strategy.entry(""Long"", strategy.long)
if shortCondition and ""short_only"" != ""long_only""
    strategy.entry(""Short"", strategy.short)
if ta.crossunder(fast, slow)
    strategy.close(""Long"")
if ta.crossover(fast, slow)
    strategy.close(""Short"")",False,False,False,rejected
trend_ema__directionboth_fast12_rsi_threshold58.0_slow34,trend_ema,1755.0,-0.0014066666216650554,0.8209203049140796,0.7283706606666773,1,1,"//@version=5
strategy(""trend_ema__directionboth_fast12_rsi_threshold58.0_slow34"", overlay=true, process_orders_on_close=true)
fast = ta.ema(close, 12)
slow = ta.ema(close, 34)
r = ta.rsi(close, 14)
longCondition = ta.crossover(fast, slow) and r > 58.0
shortCondition = ta.crossunder(fast, slow) and r < 42.0
if longCondition and ""both"" != ""short_only""
    strategy.entry(""Long"", strategy.long)
if shortCondition and ""both"" != ""long_only""
    strategy.entry(""Short"", strategy.short)
if ta.crossunder(fast, slow)
    strategy.close(""Long"")
if ta.crossover(fast, slow)
    strategy.close(""Short"")",False,False,False,rejected
trend_ema__directionshort_only_fast21_rsi_threshold58.0_slow34,trend_ema,831.0,-0.0014183802762501086,0.8205567500534959,0.5493724215199665,1,1,"//@version=5
strategy(""trend_ema__directionshort_only_fast21_rsi_threshold58.0_slow34"", overlay=true, process_orders_on_close=true)
fast = ta.ema(close, 21)
slow = ta.ema(close, 34)
r = ta.rsi(close, 14)
longCondition = ta.crossover(fast, slow) and r > 58.0
shortCondition = ta.crossunder(fast, slow) and r < 42.0
if longCondition and ""short_only"" != ""short_only""
    strategy.entry(""Long"", strategy.long)
if shortCondition and ""short_only"" != ""long_only""
    strategy.entry(""Short"", strategy.short)
if ta.crossunder(fast, slow)
    strategy.close(""Long"")
if ta.crossover(fast, slow)
    strategy.close(""Short"")",False,False,False,rejected
breakout__atr_filter1.0_directionboth_window55,breakout,2639.0,-0.0014279046638549034,0.8487298763890833,0.7935381454964863,0,0,"//@version=5
strategy(""breakout__atr_filter1.0_directionboth_window55"", overlay=true, process_orders_on_close=true)
breakoutHigh = ta.highest(high, 55)[1]
breakoutLow = ta.lowest(low, 55)[1]
atr14 = ta.atr(14)
rangeRatio = (high - low) / atr14
trendFast = ta.ema(close, 20)
trendSlow = ta.ema(close, 55)
volMean = ta.sma(volume, 30)
longCondition = close > breakoutHigh and rangeRatio > 1.0 and trendFast > trendSlow and volume > volMean
shortCondition = close < breakoutLow and rangeRatio > 1.0 and trendFast < trendSlow and volume > volMean
if longCondition and ""both"" != ""short_only""
    strategy.entry(""Long"", strategy.long)
if shortCondition and ""both"" != ""long_only""
    strategy.entry(""Short"", strategy.short)",False,False,False,rejected
trend_ema__directionboth_fast9_rsi_threshold58.0_slow89,trend_ema,1489.0,-0.001431287931141552,0.8839158051698149,0.6769061165335847,3,3,"//@version=5
strategy(""trend_ema__directionboth_fast9_rsi_threshold58.0_slow89"", overlay=true, process_orders_on_close=true)
fast = ta.ema(close, 9)
slow = ta.ema(close, 89)
r = ta.rsi(close, 14)
longCondition = ta.crossover(fast, slow) and r > 58.0
shortCondition = ta.crossunder(fast, slow) and r < 42.0
if longCondition and ""both"" != ""short_only""
    strategy.entry(""Long"", strategy.long)
if shortCondition and ""both"" != ""long_only""
    strategy.entry(""Short"", strategy.short)
if ta.crossunder(fast, slow)
    strategy.close(""Long"")
if ta.crossover(fast, slow)
    strategy.close(""Short"")",False,False,False,rejected
trend_ema__directionboth_fast21_rsi_threshold52.0_slow55,trend_ema,1907.0,-0.0014327117494692464,0.8725158095193141,0.7879435418648453,2,2,"//@version=5
strategy(""trend_ema__directionboth_fast21_rsi_threshold52.0_slow55"", overlay=true, process_orders_on_close=true)
fast = ta.ema(close, 21)
slow = ta.ema(close, 55)
r = ta.rsi(close, 14)
longCondition = ta.crossover(fast, slow) and r > 52.0
shortCondition = ta.crossunder(fast, slow) and r < 48.0
if longCondition and ""both"" != ""short_only""
    strategy.entry(""Long"", strategy.long)
if shortCondition and ""both"" != ""long_only""
    strategy.entry(""Short"", strategy.short)
if ta.crossunder(fast, slow)
    strategy.close(""Long"")
if ta.crossover(fast, slow)
    strategy.close(""Short"")",False,False,False,rejected
trend_pullback__fast21_pullback_rsi45.0_slow55,trend_pullback,742.0,-0.001435933015893742,0.6965231809748633,0.4266000628328245,2,2,"//@version=5
strategy(""trend_pullback__fast21_pullback_rsi45.0_slow55"", overlay=true, process_orders_on_close=true)
fast = ta.ema(close, 21)
slow = ta.ema(close, 55)
r = ta.rsi(close, 14)
uptrend = fast > slow
downtrend = fast < slow
longResume = close > fast and close[1] <= fast[1]
shortResume = close < fast and close[1] >= fast[1]
longCondition = uptrend and r[1] < 45.0 and longResume
shortCondition = downtrend and r[1] > 55.0 and shortResume
if longCondition
    strategy.entry(""Long"", strategy.long)
if shortCondition
    strategy.entry(""Short"", strategy.short)",False,False,False,rejected
breakout__atr_filter1.2_directionboth_window55,breakout,2495.0,-0.001443132328946614,0.8378686667399086,0.7585824051723369,0,0,"//@version=5
strategy(""breakout__atr_filter1.2_directionboth_window55"", overlay=true, process_orders_on_close=true)
breakoutHigh = ta.highest(high, 55)[1]
breakoutLow = ta.lowest(low, 55)[1]
atr14 = ta.atr(14)
rangeRatio = (high - low) / atr14
trendFast = ta.ema(close, 20)
trendSlow = ta.ema(close, 55)
volMean = ta.sma(volume, 30)
longCondition = close > breakoutHigh and rangeRatio > 1.2 and trendFast > trendSlow and volume > volMean
shortCondition = close < breakoutLow and rangeRatio > 1.2 and trendFast < trendSlow and volume > volMean
if longCondition and ""both"" != ""short_only""
    strategy.entry(""Long"", strategy.long)
if shortCondition and ""both"" != ""long_only""
    strategy.entry(""Short"", strategy.short)",False,False,False,rejected
trend_ema__directionboth_fast21_rsi_threshold58.0_slow55,trend_ema,1394.0,-0.0014504230809790825,0.8771537174077096,0.693015331251863,3,3,"//@version=5
strategy(""trend_ema__directionboth_fast21_rsi_threshold58.0_slow55"", overlay=true, process_orders_on_close=true)
fast = ta.ema(close, 21)
slow = ta.ema(close, 55)
r = ta.rsi(close, 14)
longCondition = ta.crossover(fast, slow) and r > 58.0
shortCondition = ta.crossunder(fast, slow) and r < 42.0
if longCondition and ""both"" != ""short_only""
    strategy.entry(""Long"", strategy.long)
if shortCondition and ""both"" != ""long_only""
    strategy.entry(""Short"", strategy.short)
if ta.crossunder(fast, slow)
    strategy.close(""Long"")
if ta.crossover(fast, slow)
    strategy.close(""Short"")",False,False,False,rejected
vol_squeeze__squeeze_threshold0.35_volume_z_threshold1.0_window30,vol_squeeze,1047.0,-0.001462619258579609,0.8012668271424437,0.4333210710082668,2,2,"//@version=5
strategy(""vol_squeeze__squeeze_threshold0.35_volume_z_threshold1.0_window30"", overlay=true, process_orders_on_close=true)
basis = ta.sma(close, 30)
dev = ta.stdev(close, 30) * 2.0
upper = basis + dev
lower = basis - dev
bandwidth = (upper - lower) / basis
squeeze = ta.percentrank(bandwidth, 80) < 35.0
volZ = (volume - ta.sma(volume, 30)) / ta.stdev(volume, 30)
breakoutHigh = ta.highest(high, 30)[1]
breakoutLow = ta.lowest(low, 30)[1]
trendFast = ta.ema(close, 20)
trendSlow = ta.ema(close, 55)
longCondition = squeeze[1] and close > breakoutHigh and volZ > 1.0 and trendFast > trendSlow
shortCondition = squeeze[1] and close < breakoutLow and volZ > 1.0 and trendFast < trendSlow
if longCondition
    strategy.entry(""Long"", strategy.long)
if shortCondition
    strategy.entry(""Short"", strategy.short)",False,False,False,rejected
trend_ema__directionlong_only_fast9_rsi_threshold55.0_slow34,trend_ema,1472.0,-0.001465318734175415,0.7668617393177273,0.4671464508417176,2,2,"//@version=5
strategy(""trend_ema__directionlong_only_fast9_rsi_threshold55.0_slow34"", overlay=true, process_orders_on_close=true)
fast = ta.ema(close, 9)
slow = ta.ema(close, 34)
r = ta.rsi(close, 14)
longCondition = ta.crossover(fast, slow) and r > 55.0
shortCondition = ta.crossunder(fast, slow) and r < 45.0
if longCondition and ""long_only"" != ""short_only""
    strategy.entry(""Long"", strategy.long)
if shortCondition and ""long_only"" != ""long_only""
    strategy.entry(""Short"", strategy.short)
if ta.crossunder(fast, slow)
    strategy.close(""Long"")
if ta.crossover(fast, slow)
    strategy.close(""Short"")",False,False,False,rejected
breakout__atr_filter0.8_directionboth_window55,breakout,2703.0,-0.0014731343461745156,0.8457561110250769,0.7928112748890217,0,0,"//@version=5
strategy(""breakout__atr_filter0.8_directionboth_window55"", overlay=true, process_orders_on_close=true)
breakoutHigh = ta.highest(high, 55)[1]
breakoutLow = ta.lowest(low, 55)[1]
atr14 = ta.atr(14)
rangeRatio = (high - low) / atr14
trendFast = ta.ema(close, 20)
trendSlow = ta.ema(close, 55)
volMean = ta.sma(volume, 30)
longCondition = close > breakoutHigh and rangeRatio > 0.8 and trendFast > trendSlow and volume > volMean
shortCondition = close < breakoutLow and rangeRatio > 0.8 and trendFast < trendSlow and volume > volMean
if longCondition and ""both"" != ""short_only""
    strategy.entry(""Long"", strategy.long)
if shortCondition and ""both"" != ""long_only""
    strategy.entry(""Short"", strategy.short)",False,False,False,rejected
mean_reversion__bb_window30_rsi_threshold35.0_z_score2.0,mean_reversion,4010.0,-0.0014912367778349902,0.7970340241844602,0.828986415447133,0,0,"//@version=5
strategy(""mean_reversion__bb_window30_rsi_threshold35.0_z_score2.0"", overlay=true, process_orders_on_close=true)
basis = ta.sma(close, 30)
dev = ta.stdev(close, 30) * 2.0
upper = basis + dev
lower = basis - dev
r = ta.rsi(close, 14)
trendSpread = math.abs(ta.ema(close, 20) - ta.ema(close, 50)) / close
longCondition = close < lower and r < 35.0 and trendSpread < 0.02
shortCondition = close > upper and r > 65.0 and trendSpread < 0.02
if longCondition
    strategy.entry(""Long"", strategy.long)
if shortCondition
    strategy.entry(""Short"", strategy.short)",False,False,False,rejected
mean_reversion__bb_window20_rsi_threshold35.0_z_score2.0,mean_reversion,3720.0,-0.0015072531840366592,0.7872855138339536,0.8366508761046847,1,1,"//@version=5
strategy(""mean_reversion__bb_window20_rsi_threshold35.0_z_score2.0"", overlay=true, process_orders_on_close=true)
basis = ta.sma(close, 20)
dev = ta.stdev(close, 20) * 2.0
upper = basis + dev
lower = basis - dev
r = ta.rsi(close, 14)
trendSpread = math.abs(ta.ema(close, 20) - ta.ema(close, 50)) / close
longCondition = close < lower and r < 35.0 and trendSpread < 0.02
shortCondition = close > upper and r > 65.0 and trendSpread < 0.02
if longCondition
    strategy.entry(""Long"", strategy.long)
if shortCondition
    strategy.entry(""Short"", strategy.short)",False,False,False,rejected
trend_ema__directionshort_only_fast12_rsi_threshold58.0_slow34,trend_ema,906.0,-0.0015309861154400458,0.8368220285189499,0.5628790369707957,1,1,"//@version=5
strategy(""trend_ema__directionshort_only_fast12_rsi_threshold58.0_slow34"", overlay=true, process_orders_on_close=true)
fast = ta.ema(close, 12)
slow = ta.ema(close, 34)
r = ta.rsi(close, 14)
longCondition = ta.crossover(fast, slow) and r > 58.0
shortCondition = ta.crossunder(fast, slow) and r < 42.0
if longCondition and ""short_only"" != ""short_only""
    strategy.entry(""Long"", strategy.long)
if shortCondition and ""short_only"" != ""long_only""
    strategy.entry(""Short"", strategy.short)
if ta.crossunder(fast, slow)
    strategy.close(""Long"")
if ta.crossover(fast, slow)
    strategy.close(""Short"")",False,False,False,rejected
trend_ema__directionboth_fast9_rsi_threshold55.0_slow89,trend_ema,1810.0,-0.0015645822081791813,0.8411967002236113,0.7169043337581299,1,1,"//@version=5
strategy(""trend_ema__directionboth_fast9_rsi_threshold55.0_slow89"", overlay=true, process_orders_on_close=true)
fast = ta.ema(close, 9)
slow = ta.ema(close, 89)
r = ta.rsi(close, 14)
longCondition = ta.crossover(fast, slow) and r > 55.0
shortCondition = ta.crossunder(fast, slow) and r < 45.0
if longCondition and ""both"" != ""short_only""
    strategy.entry(""Long"", strategy.long)
if shortCondition and ""both"" != ""long_only""
    strategy.entry(""Short"", strategy.short)
if ta.crossunder(fast, slow)
    strategy.close(""Long"")
if ta.crossover(fast, slow)
    strategy.close(""Short"")",False,False,False,rejected
trend_ema__directionboth_fast21_rsi_threshold55.0_slow55,trend_ema,1767.0,-0.0015753263666741465,0.8701904540785351,0.7837994893197209,3,3,"//@version=5
strategy(""trend_ema__directionboth_fast21_rsi_threshold55.0_slow55"", overlay=true, process_orders_on_close=true)
fast = ta.ema(close, 21)
slow = ta.ema(close, 55)
r = ta.rsi(close, 14)
longCondition = ta.crossover(fast, slow) and r > 55.0
shortCondition = ta.crossunder(fast, slow) and r < 45.0
if longCondition and ""both"" != ""short_only""
    strategy.entry(""Long"", strategy.long)
if shortCondition and ""both"" != ""long_only""
    strategy.entry(""Short"", strategy.short)
if ta.crossunder(fast, slow)
    strategy.close(""Long"")
if ta.crossover(fast, slow)
    strategy.close(""Short"")",False,False,False,rejected
trend_ema__directionlong_only_fast21_rsi_threshold52.0_slow89,trend_ema,772.0,-0.0015858117988977144,0.8362787711947229,0.583336664355909,3,3,"//@version=5
strategy(""trend_ema__directionlong_only_fast21_rsi_threshold52.0_slow89"", overlay=true, process_orders_on_close=true)
fast = ta.ema(close, 21)
slow = ta.ema(close, 89)
r = ta.rsi(close, 14)
longCondition = ta.crossover(fast, slow) and r > 52.0
shortCondition = ta.crossunder(fast, slow) and r < 48.0
if longCondition and ""long_only"" != ""short_only""
    strategy.entry(""Long"", strategy.long)
if shortCondition and ""long_only"" != ""long_only""
    strategy.entry(""Short"", strategy.short)
if ta.crossunder(fast, slow)
    strategy.close(""Long"")
if ta.crossover(fast, slow)
    strategy.close(""Short"")",False,False,False,rejected
mean_reversion__bb_window20_rsi_threshold35.0_z_score1.5,mean_reversion,4852.0,-0.0015895806222551677,0.7748135301104337,0.8268828936019699,0,0,"//@version=5
strategy(""mean_reversion__bb_window20_rsi_threshold35.0_z_score1.5"", overlay=true, process_orders_on_close=true)
basis = ta.sma(close, 20)
dev = ta.stdev(close, 20) * 1.5
upper = basis + dev
lower = basis - dev
r = ta.rsi(close, 14)
trendSpread = math.abs(ta.ema(close, 20) - ta.ema(close, 50)) / close
longCondition = close < lower and r < 35.0 and trendSpread < 0.02
shortCondition = close > upper and r > 65.0 and trendSpread < 0.02
if longCondition
    strategy.entry(""Long"", strategy.long)
if shortCondition
    strategy.entry(""Short"", strategy.short)",False,False,False,rejected
trend_ema__directionboth_fast9_rsi_threshold52.0_slow89,trend_ema,1956.0,-0.0016240432005048707,0.847776920082936,0.7446756642628809,2,2,"//@version=5
strategy(""trend_ema__directionboth_fast9_rsi_threshold52.0_slow89"", overlay=true, process_orders_on_close=true)
fast = ta.ema(close, 9)
slow = ta.ema(close, 89)
r = ta.rsi(close, 14)
longCondition = ta.crossover(fast, slow) and r > 52.0
shortCondition = ta.crossunder(fast, slow) and r < 48.0
if longCondition and ""both"" != ""short_only""
    strategy.entry(""Long"", strategy.long)
if shortCondition and ""both"" != ""long_only""
    strategy.entry(""Short"", strategy.short)
if ta.crossunder(fast, slow)
    strategy.close(""Long"")
if ta.crossover(fast, slow)
    strategy.close(""Short"")",False,False,False,rejected
trend_ema__directionlong_only_fast21_rsi_threshold55.0_slow89,trend_ema,706.0,-0.0016505974034811475,0.8315811369251849,0.5729288619191927,2,2,"//@version=5
strategy(""trend_ema__directionlong_only_fast21_rsi_threshold55.0_slow89"", overlay=true, process_orders_on_close=true)
fast = ta.ema(close, 21)
slow = ta.ema(close, 89)
r = ta.rsi(close, 14)
longCondition = ta.crossover(fast, slow) and r > 55.0
shortCondition = ta.crossunder(fast, slow) and r < 45.0
if longCondition and ""long_only"" != ""short_only""
    strategy.entry(""Long"", strategy.long)
if shortCondition and ""long_only"" != ""long_only""
    strategy.entry(""Short"", strategy.short)
if ta.crossunder(fast, slow)
    strategy.close(""Long"")
if ta.crossover(fast, slow)
    strategy.close(""Short"")",False,False,False,rejected
trend_ema__directionshort_only_fast9_rsi_threshold58.0_slow89,trend_ema,773.0,-0.0016668060727966713,0.924246959734042,0.5889746242124245,1,1,"//@version=5
strategy(""trend_ema__directionshort_only_fast9_rsi_threshold58.0_slow89"", overlay=true, process_orders_on_close=true)
fast = ta.ema(close, 9)
slow = ta.ema(close, 89)
r = ta.rsi(close, 14)
longCondition = ta.crossover(fast, slow) and r > 58.0
shortCondition = ta.crossunder(fast, slow) and r < 42.0
if longCondition and ""short_only"" != ""short_only""
    strategy.entry(""Long"", strategy.long)
if shortCondition and ""short_only"" != ""long_only""
    strategy.entry(""Short"", strategy.short)
if ta.crossunder(fast, slow)
    strategy.close(""Long"")
if ta.crossover(fast, slow)
    strategy.close(""Short"")",False,False,False,rejected
trend_ema__directionlong_only_fast12_rsi_threshold52.0_slow89,trend_ema,1007.0,-0.0017326816122847487,0.8009914410785844,0.5272634215496723,2,2,"//@version=5
strategy(""trend_ema__directionlong_only_fast12_rsi_threshold52.0_slow89"", overlay=true, process_orders_on_close=true)
fast = ta.ema(close, 12)
slow = ta.ema(close, 89)
r = ta.rsi(close, 14)
longCondition = ta.crossover(fast, slow) and r > 52.0
shortCondition = ta.crossunder(fast, slow) and r < 48.0
if longCondition and ""long_only"" != ""short_only""
    strategy.entry(""Long"", strategy.long)
if shortCondition and ""long_only"" != ""long_only""
    strategy.entry(""Short"", strategy.short)
if ta.crossunder(fast, slow)
    strategy.close(""Long"")
if ta.crossover(fast, slow)
    strategy.close(""Short"")",False,False,False,rejected
trend_ema__directionlong_only_fast9_rsi_threshold55.0_slow89,trend_ema,996.0,-0.0017432402038522372,0.8041193328161883,0.5320110928489228,2,2,"//@version=5
strategy(""trend_ema__directionlong_only_fast9_rsi_threshold55.0_slow89"", overlay=true, process_orders_on_close=true)
fast = ta.ema(close, 9)
slow = ta.ema(close, 89)
r = ta.rsi(close, 14)
longCondition = ta.crossover(fast, slow) and r > 55.0
shortCondition = ta.crossunder(fast, slow) and r < 45.0
if longCondition and ""long_only"" != ""short_only""
    strategy.entry(""Long"", strategy.long)
if shortCondition and ""long_only"" != ""long_only""
    strategy.entry(""Short"", strategy.short)
if ta.crossunder(fast, slow)
    strategy.close(""Long"")
if ta.crossover(fast, slow)
    strategy.close(""Short"")",False,False,False,rejected
mean_reversion__bb_window30_rsi_threshold35.0_z_score1.5,mean_reversion,4822.0,-0.0017612250964616498,0.7678899607974407,0.850494096857064,0,0,"//@version=5
strategy(""mean_reversion__bb_window30_rsi_threshold35.0_z_score1.5"", overlay=true, process_orders_on_close=true)
basis = ta.sma(close, 30)
dev = ta.stdev(close, 30) * 1.5
upper = basis + dev
lower = basis - dev
r = ta.rsi(close, 14)
trendSpread = math.abs(ta.ema(close, 20) - ta.ema(close, 50)) / close
longCondition = close < lower and r < 35.0 and trendSpread < 0.02
shortCondition = close > upper and r > 65.0 and trendSpread < 0.02
if longCondition
    strategy.entry(""Long"", strategy.long)
if shortCondition
    strategy.entry(""Short"", strategy.short)",False,False,False,rejected
trend_ema__directionshort_only_fast12_rsi_threshold58.0_slow55,trend_ema,842.0,-0.001784208919571536,0.8478159131025624,0.6528419998824179,2,2,"//@version=5
strategy(""trend_ema__directionshort_only_fast12_rsi_threshold58.0_slow55"", overlay=true, process_orders_on_close=true)
fast = ta.ema(close, 12)
slow = ta.ema(close, 55)
r = ta.rsi(close, 14)
longCondition = ta.crossover(fast, slow) and r > 58.0
shortCondition = ta.crossunder(fast, slow) and r < 42.0
if longCondition and ""short_only"" != ""short_only""
    strategy.entry(""Long"", strategy.long)
if shortCondition and ""short_only"" != ""long_only""
    strategy.entry(""Short"", strategy.short)
if ta.crossunder(fast, slow)
    strategy.close(""Long"")
if ta.crossover(fast, slow)
    strategy.close(""Short"")",False,False,False,rejected
trend_ema__directionlong_only_fast9_rsi_threshold58.0_slow34,trend_ema,908.0,-0.0018198578010667735,0.7908029407398283,0.45591691473148865,3,3,"//@version=5
strategy(""trend_ema__directionlong_only_fast9_rsi_threshold58.0_slow34"", overlay=true, process_orders_on_close=true)
fast = ta.ema(close, 9)
slow = ta.ema(close, 34)
r = ta.rsi(close, 14)
longCondition = ta.crossover(fast, slow) and r > 58.0
shortCondition = ta.crossunder(fast, slow) and r < 42.0
if longCondition and ""long_only"" != ""short_only""
    strategy.entry(""Long"", strategy.long)
if shortCondition and ""long_only"" != ""long_only""
    strategy.entry(""Short"", strategy.short)
if ta.crossunder(fast, slow)
    strategy.close(""Long"")
if ta.crossover(fast, slow)
    strategy.close(""Short"")",False,False,False,rejected
vol_squeeze__squeeze_threshold0.35_volume_z_threshold0.5_window30,vol_squeeze,1139.0,-0.0018381813663588629,0.7665139000977782,0.5543056429732156,0,0,"//@version=5
strategy(""vol_squeeze__squeeze_threshold0.35_volume_z_threshold0.5_window30"", overlay=true, process_orders_on_close=true)
basis = ta.sma(close, 30)
dev = ta.stdev(close, 30) * 2.0
upper = basis + dev
lower = basis - dev
bandwidth = (upper - lower) / basis
squeeze = ta.percentrank(bandwidth, 80) < 35.0
volZ = (volume - ta.sma(volume, 30)) / ta.stdev(volume, 30)
breakoutHigh = ta.highest(high, 30)[1]
breakoutLow = ta.lowest(low, 30)[1]
trendFast = ta.ema(close, 20)
trendSlow = ta.ema(close, 55)
longCondition = squeeze[1] and close > breakoutHigh and volZ > 0.5 and trendFast > trendSlow
shortCondition = squeeze[1] and close < breakoutLow and volZ > 0.5 and trendFast < trendSlow
if longCondition
    strategy.entry(""Long"", strategy.long)
if shortCondition
    strategy.entry(""Short"", strategy.short)",False,False,False,rejected
mean_reversion__bb_window30_rsi_threshold30.0_z_score2.0,mean_reversion,2370.0,-0.0019176291600496464,0.7842693274206705,0.7559974490928592,0,0,"//@version=5
strategy(""mean_reversion__bb_window30_rsi_threshold30.0_z_score2.0"", overlay=true, process_orders_on_close=true)
basis = ta.sma(close, 30)
dev = ta.stdev(close, 30) * 2.0
upper = basis + dev
lower = basis - dev
r = ta.rsi(close, 14)
trendSpread = math.abs(ta.ema(close, 20) - ta.ema(close, 50)) / close
longCondition = close < lower and r < 30.0 and trendSpread < 0.02
shortCondition = close > upper and r > 70.0 and trendSpread < 0.02
if longCondition
    strategy.entry(""Long"", strategy.long)
if shortCondition
    strategy.entry(""Short"", strategy.short)",False,False,False,rejected
trend_ema__directionlong_only_fast9_rsi_threshold52.0_slow89,trend_ema,1143.0,-0.0019318285738732695,0.7783554918740221,0.509725268625096,2,2,"//@version=5
strategy(""trend_ema__directionlong_only_fast9_rsi_threshold52.0_slow89"", overlay=true, process_orders_on_close=true)
fast = ta.ema(close, 9)
slow = ta.ema(close, 89)
r = ta.rsi(close, 14)
longCondition = ta.crossover(fast, slow) and r > 52.0
shortCondition = ta.crossunder(fast, slow) and r < 48.0
if longCondition and ""long_only"" != ""short_only""
    strategy.entry(""Long"", strategy.long)
if shortCondition and ""long_only"" != ""long_only""
    strategy.entry(""Short"", strategy.short)
if ta.crossunder(fast, slow)
    strategy.close(""Long"")
if ta.crossover(fast, slow)
    strategy.close(""Short"")",False,False,False,rejected
trend_ema__directionshort_only_fast21_rsi_threshold52.0_slow55,trend_ema,1043.0,-0.0019338893507649141,0.9440876006309921,0.7523741036232419,5,5,"//@version=5
strategy(""trend_ema__directionshort_only_fast21_rsi_threshold52.0_slow55"", overlay=true, process_orders_on_close=true)
fast = ta.ema(close, 21)
slow = ta.ema(close, 55)
r = ta.rsi(close, 14)
longCondition = ta.crossover(fast, slow) and r > 52.0
shortCondition = ta.crossunder(fast, slow) and r < 48.0
if longCondition and ""short_only"" != ""short_only""
    strategy.entry(""Long"", strategy.long)
if shortCondition and ""short_only"" != ""long_only""
    strategy.entry(""Short"", strategy.short)
if ta.crossunder(fast, slow)
    strategy.close(""Long"")
if ta.crossover(fast, slow)
    strategy.close(""Short"")",False,False,False,rejected
breakout__atr_filter1.2_directionshort_only_window20,breakout,1720.0,-0.00198407550905236,0.7339459166710706,0.6222449186644737,0,0,"//@version=5
strategy(""breakout__atr_filter1.2_directionshort_only_window20"", overlay=true, process_orders_on_close=true)
breakoutHigh = ta.highest(high, 20)[1]
breakoutLow = ta.lowest(low, 20)[1]
atr14 = ta.atr(14)
rangeRatio = (high - low) / atr14
trendFast = ta.ema(close, 20)
trendSlow = ta.ema(close, 55)
volMean = ta.sma(volume, 30)
longCondition = close > breakoutHigh and rangeRatio > 1.2 and trendFast > trendSlow and volume > volMean
shortCondition = close < breakoutLow and rangeRatio > 1.2 and trendFast < trendSlow and volume > volMean
if longCondition and ""short_only"" != ""short_only""
    strategy.entry(""Long"", strategy.long)
if shortCondition and ""short_only"" != ""long_only""
    strategy.entry(""Short"", strategy.short)",False,False,False,rejected
vol_squeeze__squeeze_threshold0.25_volume_z_threshold1.0_window30,vol_squeeze,811.0,-0.00201003421511879,0.7679327630214156,0.5161666980210111,1,1,"//@version=5
strategy(""vol_squeeze__squeeze_threshold0.25_volume_z_threshold1.0_window30"", overlay=true, process_orders_on_close=true)
basis = ta.sma(close, 30)
dev = ta.stdev(close, 30) * 2.0
upper = basis + dev
lower = basis - dev
bandwidth = (upper - lower) / basis
squeeze = ta.percentrank(bandwidth, 80) < 25.0
volZ = (volume - ta.sma(volume, 30)) / ta.stdev(volume, 30)
breakoutHigh = ta.highest(high, 30)[1]
breakoutLow = ta.lowest(low, 30)[1]
trendFast = ta.ema(close, 20)
trendSlow = ta.ema(close, 55)
longCondition = squeeze[1] and close > breakoutHigh and volZ > 1.0 and trendFast > trendSlow
shortCondition = squeeze[1] and close < breakoutLow and volZ > 1.0 and trendFast < trendSlow
if longCondition
    strategy.entry(""Long"", strategy.long)
if shortCondition
    strategy.entry(""Short"", strategy.short)",False,False,False,rejected
breakout__atr_filter1.0_directionshort_only_window20,breakout,1867.0,-0.0020213512234395718,0.7420618301398896,0.6603793254598649,0,0,"//@version=5
strategy(""breakout__atr_filter1.0_directionshort_only_window20"", overlay=true, process_orders_on_close=true)
breakoutHigh = ta.highest(high, 20)[1]
breakoutLow = ta.lowest(low, 20)[1]
atr14 = ta.atr(14)
rangeRatio = (high - low) / atr14
trendFast = ta.ema(close, 20)
trendSlow = ta.ema(close, 55)
volMean = ta.sma(volume, 30)
longCondition = close > breakoutHigh and rangeRatio > 1.0 and trendFast > trendSlow and volume > volMean
shortCondition = close < breakoutLow and rangeRatio > 1.0 and trendFast < trendSlow and volume > volMean
if longCondition and ""short_only"" != ""short_only""
    strategy.entry(""Long"", strategy.long)
if shortCondition and ""short_only"" != ""long_only""
    strategy.entry(""Short"", strategy.short)",False,False,False,rejected
mean_reversion__bb_window20_rsi_threshold30.0_z_score1.5,mean_reversion,2636.0,-0.002042738674039885,0.7438532010990112,0.7306265107580027,0,0,"//@version=5
strategy(""mean_reversion__bb_window20_rsi_threshold30.0_z_score1.5"", overlay=true, process_orders_on_close=true)
basis = ta.sma(close, 20)
dev = ta.stdev(close, 20) * 1.5
upper = basis + dev
lower = basis - dev
r = ta.rsi(close, 14)
trendSpread = math.abs(ta.ema(close, 20) - ta.ema(close, 50)) / close
longCondition = close < lower and r < 30.0 and trendSpread < 0.02
shortCondition = close > upper and r > 70.0 and trendSpread < 0.02
if longCondition
    strategy.entry(""Long"", strategy.long)
if shortCondition
    strategy.entry(""Short"", strategy.short)",False,False,False,rejected
breakout__atr_filter0.8_directionshort_only_window20,breakout,1941.0,-0.0020434311733006556,0.738008000525167,0.6371919663397163,0,0,"//@version=5
strategy(""breakout__atr_filter0.8_directionshort_only_window20"", overlay=true, process_orders_on_close=true)
breakoutHigh = ta.highest(high, 20)[1]
breakoutLow = ta.lowest(low, 20)[1]
atr14 = ta.atr(14)
rangeRatio = (high - low) / atr14
trendFast = ta.ema(close, 20)
trendSlow = ta.ema(close, 55)
volMean = ta.sma(volume, 30)
longCondition = close > breakoutHigh and rangeRatio > 0.8 and trendFast > trendSlow and volume > volMean
shortCondition = close < breakoutLow and rangeRatio > 0.8 and trendFast < trendSlow and volume > volMean
if longCondition and ""short_only"" != ""short_only""
    strategy.entry(""Long"", strategy.long)
if shortCondition and ""short_only"" != ""long_only""
    strategy.entry(""Short"", strategy.short)",False,False,False,rejected
vol_squeeze__squeeze_threshold0.35_volume_z_threshold1.0_window20,vol_squeeze,1167.0,-0.0020548709017654838,0.709446457998724,0.5219786764493739,0,0,"//@version=5
strategy(""vol_squeeze__squeeze_threshold0.35_volume_z_threshold1.0_window20"", overlay=true, process_orders_on_close=true)
basis = ta.sma(close, 20)
dev = ta.stdev(close, 20) * 2.0
upper = basis + dev
lower = basis - dev
bandwidth = (upper - lower) / basis
squeeze = ta.percentrank(bandwidth, 80) < 35.0
volZ = (volume - ta.sma(volume, 30)) / ta.stdev(volume, 30)
breakoutHigh = ta.highest(high, 20)[1]
breakoutLow = ta.lowest(low, 20)[1]
trendFast = ta.ema(close, 20)
trendSlow = ta.ema(close, 55)
longCondition = squeeze[1] and close > breakoutHigh and volZ > 1.0 and trendFast > trendSlow
shortCondition = squeeze[1] and close < breakoutLow and volZ > 1.0 and trendFast < trendSlow
if longCondition
    strategy.entry(""Long"", strategy.long)
if shortCondition
    strategy.entry(""Short"", strategy.short)",False,False,False,rejected
mean_reversion__bb_window20_rsi_threshold30.0_z_score2.0,mean_reversion,2126.0,-0.0020753955642259124,0.7415608147968666,0.7412080972525554,1,1,"//@version=5
strategy(""mean_reversion__bb_window20_rsi_threshold30.0_z_score2.0"", overlay=true, process_orders_on_close=true)
basis = ta.sma(close, 20)
dev = ta.stdev(close, 20) * 2.0
upper = basis + dev
lower = basis - dev
r = ta.rsi(close, 14)
trendSpread = math.abs(ta.ema(close, 20) - ta.ema(close, 50)) / close
longCondition = close < lower and r < 30.0 and trendSpread < 0.02
shortCondition = close > upper and r > 70.0 and trendSpread < 0.02
if longCondition
    strategy.entry(""Long"", strategy.long)
if shortCondition
    strategy.entry(""Short"", strategy.short)",False,False,False,rejected
vol_squeeze__squeeze_threshold0.25_volume_z_threshold1.0_window20,vol_squeeze,902.0,-0.0020960005225276377,0.7114767359264841,0.45012457717311216,0,0,"//@version=5
strategy(""vol_squeeze__squeeze_threshold0.25_volume_z_threshold1.0_window20"", overlay=true, process_orders_on_close=true)
basis = ta.sma(close, 20)
dev = ta.stdev(close, 20) * 2.0
upper = basis + dev
lower = basis - dev
bandwidth = (upper - lower) / basis
squeeze = ta.percentrank(bandwidth, 80) < 25.0
volZ = (volume - ta.sma(volume, 30)) / ta.stdev(volume, 30)
breakoutHigh = ta.highest(high, 20)[1]
breakoutLow = ta.lowest(low, 20)[1]
trendFast = ta.ema(close, 20)
trendSlow = ta.ema(close, 55)
longCondition = squeeze[1] and close > breakoutHigh and volZ > 1.0 and trendFast > trendSlow
shortCondition = squeeze[1] and close < breakoutLow and volZ > 1.0 and trendFast < trendSlow
if longCondition
    strategy.entry(""Long"", strategy.long)
if shortCondition
    strategy.entry(""Short"", strategy.short)",False,False,False,rejected
mean_reversion__bb_window30_rsi_threshold30.0_z_score1.5,mean_reversion,2679.0,-0.002160973625742468,0.760130053529337,0.7892448483194177,0,0,"//@version=5
strategy(""mean_reversion__bb_window30_rsi_threshold30.0_z_score1.5"", overlay=true, process_orders_on_close=true)
basis = ta.sma(close, 30)
dev = ta.stdev(close, 30) * 1.5
upper = basis + dev
lower = basis - dev
r = ta.rsi(close, 14)
trendSpread = math.abs(ta.ema(close, 20) - ta.ema(close, 50)) / close
longCondition = close < lower and r < 30.0 and trendSpread < 0.02
shortCondition = close > upper and r > 70.0 and trendSpread < 0.02
if longCondition
    strategy.entry(""Long"", strategy.long)
if shortCondition
    strategy.entry(""Short"", strategy.short)",False,False,False,rejected
vol_squeeze__squeeze_threshold0.25_volume_z_threshold0.5_window30,vol_squeeze,875.0,-0.002173274453665692,0.7548592935277868,0.5862436739989172,1,1,"//@version=5
strategy(""vol_squeeze__squeeze_threshold0.25_volume_z_threshold0.5_window30"", overlay=true, process_orders_on_close=true)
basis = ta.sma(close, 30)
dev = ta.stdev(close, 30) * 2.0
upper = basis + dev
lower = basis - dev
bandwidth = (upper - lower) / basis
squeeze = ta.percentrank(bandwidth, 80) < 25.0
volZ = (volume - ta.sma(volume, 30)) / ta.stdev(volume, 30)
breakoutHigh = ta.highest(high, 30)[1]
breakoutLow = ta.lowest(low, 30)[1]
trendFast = ta.ema(close, 20)
trendSlow = ta.ema(close, 55)
longCondition = squeeze[1] and close > breakoutHigh and volZ > 0.5 and trendFast > trendSlow
shortCondition = squeeze[1] and close < breakoutLow and volZ > 0.5 and trendFast < trendSlow
if longCondition
    strategy.entry(""Long"", strategy.long)
if shortCondition
    strategy.entry(""Short"", strategy.short)",False,False,False,rejected
vol_squeeze__squeeze_threshold0.35_volume_z_threshold0.5_window20,vol_squeeze,1305.0,-0.002203155250564899,0.6970751675488455,0.5627344671556558,0,0,"//@version=5
strategy(""vol_squeeze__squeeze_threshold0.35_volume_z_threshold0.5_window20"", overlay=true, process_orders_on_close=true)
basis = ta.sma(close, 20)
dev = ta.stdev(close, 20) * 2.0
upper = basis + dev
lower = basis - dev
bandwidth = (upper - lower) / basis
squeeze = ta.percentrank(bandwidth, 80) < 35.0
volZ = (volume - ta.sma(volume, 30)) / ta.stdev(volume, 30)
breakoutHigh = ta.highest(high, 20)[1]
breakoutLow = ta.lowest(low, 20)[1]
trendFast = ta.ema(close, 20)
trendSlow = ta.ema(close, 55)
longCondition = squeeze[1] and close > breakoutHigh and volZ > 0.5 and trendFast > trendSlow
shortCondition = squeeze[1] and close < breakoutLow and volZ > 0.5 and trendFast < trendSlow
if longCondition
    strategy.entry(""Long"", strategy.long)
if shortCondition
    strategy.entry(""Short"", strategy.short)",False,False,False,rejected
trend_ema__directionshort_only_fast21_rsi_threshold55.0_slow55,trend_ema,928.0,-0.0022165347460824042,0.9263374965700448,0.7154545710103561,6,6,"//@version=5
strategy(""trend_ema__directionshort_only_fast21_rsi_threshold55.0_slow55"", overlay=true, process_orders_on_close=true)
fast = ta.ema(close, 21)
slow = ta.ema(close, 55)
r = ta.rsi(close, 14)
longCondition = ta.crossover(fast, slow) and r > 55.0
shortCondition = ta.crossunder(fast, slow) and r < 45.0
if longCondition and ""short_only"" != ""short_only""
    strategy.entry(""Long"", strategy.long)
if shortCondition and ""short_only"" != ""long_only""
    strategy.entry(""Short"", strategy.short)
if ta.crossunder(fast, slow)
    strategy.close(""Long"")
if ta.crossover(fast, slow)
    strategy.close(""Short"")",False,False,False,rejected
breakout__atr_filter1.2_directionshort_only_window30,breakout,1539.0,-0.002269154051876501,0.7494910321597484,0.653913083870362,0,0,"//@version=5
strategy(""breakout__atr_filter1.2_directionshort_only_window30"", overlay=true, process_orders_on_close=true)
breakoutHigh = ta.highest(high, 30)[1]
breakoutLow = ta.lowest(low, 30)[1]
atr14 = ta.atr(14)
rangeRatio = (high - low) / atr14
trendFast = ta.ema(close, 20)
trendSlow = ta.ema(close, 55)
volMean = ta.sma(volume, 30)
longCondition = close > breakoutHigh and rangeRatio > 1.2 and trendFast > trendSlow and volume > volMean
shortCondition = close < breakoutLow and rangeRatio > 1.2 and trendFast < trendSlow and volume > volMean
if longCondition and ""short_only"" != ""short_only""
    strategy.entry(""Long"", strategy.long)
if shortCondition and ""short_only"" != ""long_only""
    strategy.entry(""Short"", strategy.short)",False,False,False,rejected
vol_squeeze__squeeze_threshold0.25_volume_z_threshold0.5_window20,vol_squeeze,1014.0,-0.0022837160476500214,0.6979270408482121,0.5037352974413836,0,0,"//@version=5
strategy(""vol_squeeze__squeeze_threshold0.25_volume_z_threshold0.5_window20"", overlay=true, process_orders_on_close=true)
basis = ta.sma(close, 20)
dev = ta.stdev(close, 20) * 2.0
upper = basis + dev
lower = basis - dev
bandwidth = (upper - lower) / basis
squeeze = ta.percentrank(bandwidth, 80) < 25.0
volZ = (volume - ta.sma(volume, 30)) / ta.stdev(volume, 30)
breakoutHigh = ta.highest(high, 20)[1]
breakoutLow = ta.lowest(low, 20)[1]
trendFast = ta.ema(close, 20)
trendSlow = ta.ema(close, 55)
longCondition = squeeze[1] and close > breakoutHigh and volZ > 0.5 and trendFast > trendSlow
shortCondition = squeeze[1] and close < breakoutLow and volZ > 0.5 and trendFast < trendSlow
if longCondition
    strategy.entry(""Long"", strategy.long)
if shortCondition
    strategy.entry(""Short"", strategy.short)",False,False,False,rejected
breakout__atr_filter1.0_directionshort_only_window30,breakout,1661.0,-0.002351415441985391,0.7564440567989476,0.6870452079979129,0,0,"//@version=5
strategy(""breakout__atr_filter1.0_directionshort_only_window30"", overlay=true, process_orders_on_close=true)
breakoutHigh = ta.highest(high, 30)[1]
breakoutLow = ta.lowest(low, 30)[1]
atr14 = ta.atr(14)
rangeRatio = (high - low) / atr14
trendFast = ta.ema(close, 20)
trendSlow = ta.ema(close, 55)
volMean = ta.sma(volume, 30)
longCondition = close > breakoutHigh and rangeRatio > 1.0 and trendFast > trendSlow and volume > volMean
shortCondition = close < breakoutLow and rangeRatio > 1.0 and trendFast < trendSlow and volume > volMean
if longCondition and ""short_only"" != ""short_only""
    strategy.entry(""Long"", strategy.long)
if shortCondition and ""short_only"" != ""long_only""
    strategy.entry(""Short"", strategy.short)",False,False,False,rejected
breakout__atr_filter0.8_directionshort_only_window55,breakout,1418.0,-0.0024014376365222427,0.7911160715197854,0.6718258801938062,0,0,"//@version=5
strategy(""breakout__atr_filter0.8_directionshort_only_window55"", overlay=true, process_orders_on_close=true)
breakoutHigh = ta.highest(high, 55)[1]
breakoutLow = ta.lowest(low, 55)[1]
atr14 = ta.atr(14)
rangeRatio = (high - low) / atr14
trendFast = ta.ema(close, 20)
trendSlow = ta.ema(close, 55)
volMean = ta.sma(volume, 30)
longCondition = close > breakoutHigh and rangeRatio > 0.8 and trendFast > trendSlow and volume > volMean
shortCondition = close < breakoutLow and rangeRatio > 0.8 and trendFast < trendSlow and volume > volMean
if longCondition and ""short_only"" != ""short_only""
    strategy.entry(""Long"", strategy.long)
if shortCondition and ""short_only"" != ""long_only""
    strategy.entry(""Short"", strategy.short)",False,False,False,rejected
breakout__atr_filter1.2_directionshort_only_window55,breakout,1287.0,-0.002407413624506618,0.7885917200093904,0.6899934469579894,0,0,"//@version=5
strategy(""breakout__atr_filter1.2_directionshort_only_window55"", overlay=true, process_orders_on_close=true)
breakoutHigh = ta.highest(high, 55)[1]
breakoutLow = ta.lowest(low, 55)[1]
atr14 = ta.atr(14)
rangeRatio = (high - low) / atr14
trendFast = ta.ema(close, 20)
trendSlow = ta.ema(close, 55)
volMean = ta.sma(volume, 30)
longCondition = close > breakoutHigh and rangeRatio > 1.2 and trendFast > trendSlow and volume > volMean
shortCondition = close < breakoutLow and rangeRatio > 1.2 and trendFast < trendSlow and volume > volMean
if longCondition and ""short_only"" != ""short_only""
    strategy.entry(""Long"", strategy.long)
if shortCondition and ""short_only"" != ""long_only""
    strategy.entry(""Short"", strategy.short)",False,False,False,rejected
breakout__atr_filter0.8_directionshort_only_window30,breakout,1722.0,-0.002412529009242036,0.7462859932904102,0.6671393168530904,0,0,"//@version=5
strategy(""breakout__atr_filter0.8_directionshort_only_window30"", overlay=true, process_orders_on_close=true)
breakoutHigh = ta.highest(high, 30)[1]
breakoutLow = ta.lowest(low, 30)[1]
atr14 = ta.atr(14)
rangeRatio = (high - low) / atr14
trendFast = ta.ema(close, 20)
trendSlow = ta.ema(close, 55)
volMean = ta.sma(volume, 30)
longCondition = close > breakoutHigh and rangeRatio > 0.8 and trendFast > trendSlow and volume > volMean
shortCondition = close < breakoutLow and rangeRatio > 0.8 and trendFast < trendSlow and volume > volMean
if longCondition and ""short_only"" != ""short_only""
    strategy.entry(""Long"", strategy.long)
if shortCondition and ""short_only"" != ""long_only""
    strategy.entry(""Short"", strategy.short)",False,False,False,rejected
breakout__atr_filter1.0_directionshort_only_window55,breakout,1382.0,-0.0024341556160411455,0.7896605126482532,0.6925947105263878,1,1,"//@version=5
strategy(""breakout__atr_filter1.0_directionshort_only_window55"", overlay=true, process_orders_on_close=true)
breakoutHigh = ta.highest(high, 55)[1]
breakoutLow = ta.lowest(low, 55)[1]
atr14 = ta.atr(14)
rangeRatio = (high - low) / atr14
trendFast = ta.ema(close, 20)
trendSlow = ta.ema(close, 55)
volMean = ta.sma(volume, 30)
longCondition = close > breakoutHigh and rangeRatio > 1.0 and trendFast > trendSlow and volume > volMean
shortCondition = close < breakoutLow and rangeRatio > 1.0 and trendFast < trendSlow and volume > volMean
if longCondition and ""short_only"" != ""short_only""
    strategy.entry(""Long"", strategy.long)
if shortCondition and ""short_only"" != ""long_only""
    strategy.entry(""Short"", strategy.short)",False,False,False,rejected
trend_ema__directionshort_only_fast21_rsi_threshold58.0_slow55,trend_ema,705.0,-0.0025319436544254887,0.9220899872432353,0.6381480548577352,5,5,"//@version=5
strategy(""trend_ema__directionshort_only_fast21_rsi_threshold58.0_slow55"", overlay=true, process_orders_on_close=true)
fast = ta.ema(close, 21)
slow = ta.ema(close, 55)
r = ta.rsi(close, 14)
longCondition = ta.crossover(fast, slow) and r > 58.0
shortCondition = ta.crossunder(fast, slow) and r < 42.0
if longCondition and ""short_only"" != ""short_only""
    strategy.entry(""Long"", strategy.long)
if shortCondition and ""short_only"" != ""long_only""
    strategy.entry(""Short"", strategy.short)
if ta.crossunder(fast, slow)
    strategy.close(""Long"")
if ta.crossover(fast, slow)
    strategy.close(""Short"")",False,False,False,rejected
