strategy_id,family,trade_count,expectancy,profit_factor,max_drawdown,positive_symbol_count,non_negative_symbol_count,pine_script,strict_survived,ml_candidate_survived,survived,family_seed_survived,survival_tier,selected_for_ml
trend_ema__directionshort_only_fast21_rsi_threshold55.0_slow89,trend_ema,435.0,9.882591114612872e-05,1.0487206255085912,0.17542703801523984,3,3,"//@version=5
strategy(""trend_ema__directionshort_only_fast21_rsi_threshold55.0_slow89"", overlay=true, process_orders_on_close=true)
fast = ta.ema(close, 21)
slow = ta.ema(close, 89)
r = ta.rsi(close, 14)
longCondition = ta.crossover(fast, slow) and r > 55.0
shortCondition = ta.crossunder(fast, slow) and r < 45.0
if longCondition and ""short_only"" != ""short_only""
    strategy.entry(""Long"", strategy.long)
if shortCondition and ""short_only"" != ""long_only""
    strategy.entry(""Short"", strategy.short)
if ta.crossunder(fast, slow)
    strategy.close(""Long"")
if ta.crossover(fast, slow)
    strategy.close(""Short"")",False,True,True,False,ml_candidate,False
trend_ema__directionshort_only_fast21_rsi_threshold58.0_slow89,trend_ema,359.0,2.2124662870065868e-05,1.0268092353173761,0.15843122164311696,2,2,"//@version=5
strategy(""trend_ema__directionshort_only_fast21_rsi_threshold58.0_slow89"", overlay=true, process_orders_on_close=true)
fast = ta.ema(close, 21)
slow = ta.ema(close, 89)
r = ta.rsi(close, 14)
longCondition = ta.crossover(fast, slow) and r > 58.0
shortCondition = ta.crossunder(fast, slow) and r < 42.0
if longCondition and ""short_only"" != ""short_only""
    strategy.entry(""Long"", strategy.long)
if shortCondition and ""short_only"" != ""long_only""
    strategy.entry(""Short"", strategy.short)
if ta.crossunder(fast, slow)
    strategy.close(""Long"")
if ta.crossover(fast, slow)
    strategy.close(""Short"")",False,True,True,False,ml_candidate,False
trend_ema__directionshort_only_fast21_rsi_threshold52.0_slow89,trend_ema,476.0,-4.012509648544468e-05,1.0176768591360987,0.17542703801523984,3,3,"//@version=5
strategy(""trend_ema__directionshort_only_fast21_rsi_threshold52.0_slow89"", overlay=true, process_orders_on_close=true)
fast = ta.ema(close, 21)
slow = ta.ema(close, 89)
r = ta.rsi(close, 14)
longCondition = ta.crossover(fast, slow) and r > 52.0
shortCondition = ta.crossunder(fast, slow) and r < 48.0
if longCondition and ""short_only"" != ""short_only""
    strategy.entry(""Long"", strategy.long)
if shortCondition and ""short_only"" != ""long_only""
    strategy.entry(""Short"", strategy.short)
if ta.crossunder(fast, slow)
    strategy.close(""Long"")
if ta.crossover(fast, slow)
    strategy.close(""Short"")",False,True,True,False,ml_candidate,False
trend_ema__directionshort_only_fast21_rsi_threshold52.0_slow55,trend_ema,632.0,-0.00012836642166118287,1.0230865259614883,0.28702056078232463,4,4,"//@version=5
strategy(""trend_ema__directionshort_only_fast21_rsi_threshold52.0_slow55"", overlay=true, process_orders_on_close=true)
fast = ta.ema(close, 21)
slow = ta.ema(close, 55)
r = ta.rsi(close, 14)
longCondition = ta.crossover(fast, slow) and r > 52.0
shortCondition = ta.crossunder(fast, slow) and r < 48.0
if longCondition and ""short_only"" != ""short_only""
    strategy.entry(""Long"", strategy.long)
if shortCondition and ""short_only"" != ""long_only""
    strategy.entry(""Short"", strategy.short)
if ta.crossunder(fast, slow)
    strategy.close(""Long"")
if ta.crossover(fast, slow)
    strategy.close(""Short"")",False,True,True,False,ml_candidate,True
trend_ema__directionshort_only_fast21_rsi_threshold58.0_slow55,trend_ema,432.0,-0.00017997648029121485,1.0130945242121936,0.2154297216845622,4,4,"//@version=5
strategy(""trend_ema__directionshort_only_fast21_rsi_threshold58.0_slow55"", overlay=true, process_orders_on_close=true)
fast = ta.ema(close, 21)
slow = ta.ema(close, 55)
r = ta.rsi(close, 14)
longCondition = ta.crossover(fast, slow) and r > 58.0
shortCondition = ta.crossunder(fast, slow) and r < 42.0
if longCondition and ""short_only"" != ""short_only""
    strategy.entry(""Long"", strategy.long)
if shortCondition and ""short_only"" != ""long_only""
    strategy.entry(""Short"", strategy.short)
if ta.crossunder(fast, slow)
    strategy.close(""Long"")
if ta.crossover(fast, slow)
    strategy.close(""Short"")",False,True,True,False,ml_candidate,False
trend_ema__directionshort_only_fast21_rsi_threshold55.0_slow55,trend_ema,566.0,-0.00019001328200639396,1.0082616892697251,0.2792722661541369,4,4,"//@version=5
strategy(""trend_ema__directionshort_only_fast21_rsi_threshold55.0_slow55"", overlay=true, process_orders_on_close=true)
fast = ta.ema(close, 21)
slow = ta.ema(close, 55)
r = ta.rsi(close, 14)
longCondition = ta.crossover(fast, slow) and r > 55.0
shortCondition = ta.crossunder(fast, slow) and r < 45.0
if longCondition and ""short_only"" != ""short_only""
    strategy.entry(""Long"", strategy.long)
if shortCondition and ""short_only"" != ""long_only""
    strategy.entry(""Short"", strategy.short)
if ta.crossunder(fast, slow)
    strategy.close(""Long"")
if ta.crossover(fast, slow)
    strategy.close(""Short"")",False,True,True,False,ml_candidate,False
trend_ema__directionshort_only_fast12_rsi_threshold55.0_slow34,trend_ema,830.0,-0.00023236255236912026,0.9502606044092631,0.22269191530005294,2,2,"//@version=5
strategy(""trend_ema__directionshort_only_fast12_rsi_threshold55.0_slow34"", overlay=true, process_orders_on_close=true)
fast = ta.ema(close, 12)
slow = ta.ema(close, 34)
r = ta.rsi(close, 14)
longCondition = ta.crossover(fast, slow) and r > 55.0
shortCondition = ta.crossunder(fast, slow) and r < 45.0
if longCondition and ""short_only"" != ""short_only""
    strategy.entry(""Long"", strategy.long)
if shortCondition and ""short_only"" != ""long_only""
    strategy.entry(""Short"", strategy.short)
if ta.crossunder(fast, slow)
    strategy.close(""Long"")
if ta.crossover(fast, slow)
    strategy.close(""Short"")",False,True,True,False,ml_candidate,False
trend_ema__directionshort_only_fast9_rsi_threshold52.0_slow34,trend_ema,1173.0,-0.0002552987202892306,0.9248370601801587,0.279497708254032,3,3,"//@version=5
strategy(""trend_ema__directionshort_only_fast9_rsi_threshold52.0_slow34"", overlay=true, process_orders_on_close=true)
fast = ta.ema(close, 9)
slow = ta.ema(close, 34)
r = ta.rsi(close, 14)
longCondition = ta.crossover(fast, slow) and r > 52.0
shortCondition = ta.crossunder(fast, slow) and r < 48.0
if longCondition and ""short_only"" != ""short_only""
    strategy.entry(""Long"", strategy.long)
if shortCondition and ""short_only"" != ""long_only""
    strategy.entry(""Short"", strategy.short)
if ta.crossunder(fast, slow)
    strategy.close(""Long"")
if ta.crossover(fast, slow)
    strategy.close(""Short"")",False,True,True,False,ml_candidate,False
trend_ema__directionshort_only_fast12_rsi_threshold55.0_slow89,trend_ema,535.0,-0.0002705917498614285,1.0094645991144426,0.3063124739779858,4,4,"//@version=5
strategy(""trend_ema__directionshort_only_fast12_rsi_threshold55.0_slow89"", overlay=true, process_orders_on_close=true)
fast = ta.ema(close, 12)
slow = ta.ema(close, 89)
r = ta.rsi(close, 14)
longCondition = ta.crossover(fast, slow) and r > 55.0
shortCondition = ta.crossunder(fast, slow) and r < 45.0
if longCondition and ""short_only"" != ""short_only""
    strategy.entry(""Long"", strategy.long)
if shortCondition and ""short_only"" != ""long_only""
    strategy.entry(""Short"", strategy.short)
if ta.crossunder(fast, slow)
    strategy.close(""Long"")
if ta.crossover(fast, slow)
    strategy.close(""Short"")",False,True,True,False,ml_candidate,True
trend_ema__directionshort_only_fast12_rsi_threshold52.0_slow34,trend_ema,1043.0,-0.0002866424252986553,0.9513740882099725,0.2746891572843888,2,2,"//@version=5
strategy(""trend_ema__directionshort_only_fast12_rsi_threshold52.0_slow34"", overlay=true, process_orders_on_close=true)
fast = ta.ema(close, 12)
slow = ta.ema(close, 34)
r = ta.rsi(close, 14)
longCondition = ta.crossover(fast, slow) and r > 52.0
shortCondition = ta.crossunder(fast, slow) and r < 48.0
if longCondition and ""short_only"" != ""short_only""
    strategy.entry(""Long"", strategy.long)
if shortCondition and ""short_only"" != ""long_only""
    strategy.entry(""Short"", strategy.short)
if ta.crossunder(fast, slow)
    strategy.close(""Long"")
if ta.crossover(fast, slow)
    strategy.close(""Short"")",False,True,True,False,ml_candidate,False
trend_ema__directionboth_fast21_rsi_threshold58.0_slow89,trend_ema,711.0,-0.0003226451746369977,0.9349826569975157,0.24241755477871652,2,2,"//@version=5
strategy(""trend_ema__directionboth_fast21_rsi_threshold58.0_slow89"", overlay=true, process_orders_on_close=true)
fast = ta.ema(close, 21)
slow = ta.ema(close, 89)
r = ta.rsi(close, 14)
longCondition = ta.crossover(fast, slow) and r > 58.0
shortCondition = ta.crossunder(fast, slow) and r < 42.0
if longCondition and ""both"" != ""short_only""
    strategy.entry(""Long"", strategy.long)
if shortCondition and ""both"" != ""long_only""
    strategy.entry(""Short"", strategy.short)
if ta.crossunder(fast, slow)
    strategy.close(""Long"")
if ta.crossover(fast, slow)
    strategy.close(""Short"")",False,True,True,False,ml_candidate,False
trend_ema__directionboth_fast21_rsi_threshold55.0_slow89,trend_ema,843.0,-0.00032289051982154144,0.9340821385465746,0.24890476565093078,2,2,"//@version=5
strategy(""trend_ema__directionboth_fast21_rsi_threshold55.0_slow89"", overlay=true, process_orders_on_close=true)
fast = ta.ema(close, 21)
slow = ta.ema(close, 89)
r = ta.rsi(close, 14)
longCondition = ta.crossover(fast, slow) and r > 55.0
shortCondition = ta.crossunder(fast, slow) and r < 45.0
if longCondition and ""both"" != ""short_only""
    strategy.entry(""Long"", strategy.long)
if shortCondition and ""both"" != ""long_only""
    strategy.entry(""Short"", strategy.short)
if ta.crossunder(fast, slow)
    strategy.close(""Long"")
if ta.crossover(fast, slow)
    strategy.close(""Short"")",False,True,True,False,ml_candidate,False
trend_ema__directionshort_only_fast9_rsi_threshold55.0_slow89,trend_ema,598.0,-0.00035573014570813274,0.9693972269655178,0.2842134300687159,2,2,"//@version=5
strategy(""trend_ema__directionshort_only_fast9_rsi_threshold55.0_slow89"", overlay=true, process_orders_on_close=true)
fast = ta.ema(close, 9)
slow = ta.ema(close, 89)
r = ta.rsi(close, 14)
longCondition = ta.crossover(fast, slow) and r > 55.0
shortCondition = ta.crossunder(fast, slow) and r < 45.0
if longCondition and ""short_only"" != ""short_only""
    strategy.entry(""Long"", strategy.long)
if shortCondition and ""short_only"" != ""long_only""
    strategy.entry(""Short"", strategy.short)
if ta.crossunder(fast, slow)
    strategy.close(""Long"")
if ta.crossover(fast, slow)
    strategy.close(""Short"")",False,True,True,False,ml_candidate,False
trend_ema__directionshort_only_fast12_rsi_threshold58.0_slow89,trend_ema,424.0,-0.00036164340557609255,0.9991962036157286,0.2492485070302961,4,4,"//@version=5
strategy(""trend_ema__directionshort_only_fast12_rsi_threshold58.0_slow89"", overlay=true, process_orders_on_close=true)
fast = ta.ema(close, 12)
slow = ta.ema(close, 89)
r = ta.rsi(close, 14)
longCondition = ta.crossover(fast, slow) and r > 58.0
shortCondition = ta.crossunder(fast, slow) and r < 42.0
if longCondition and ""short_only"" != ""short_only""
    strategy.entry(""Long"", strategy.long)
if shortCondition and ""short_only"" != ""long_only""
    strategy.entry(""Short"", strategy.short)
if ta.crossunder(fast, slow)
    strategy.close(""Long"")
if ta.crossover(fast, slow)
    strategy.close(""Short"")",False,True,True,False,ml_candidate,False
trend_ema__directionboth_fast21_rsi_threshold52.0_slow89,trend_ema,894.0,-0.0003856459232597924,0.9213445816014422,0.2624562074648811,2,2,"//@version=5
strategy(""trend_ema__directionboth_fast21_rsi_threshold52.0_slow89"", overlay=true, process_orders_on_close=true)
fast = ta.ema(close, 21)
slow = ta.ema(close, 89)
r = ta.rsi(close, 14)
longCondition = ta.crossover(fast, slow) and r > 52.0
shortCondition = ta.crossunder(fast, slow) and r < 48.0
if longCondition and ""both"" != ""short_only""
    strategy.entry(""Long"", strategy.long)
if shortCondition and ""both"" != ""long_only""
    strategy.entry(""Short"", strategy.short)
if ta.crossunder(fast, slow)
    strategy.close(""Long"")
if ta.crossover(fast, slow)
    strategy.close(""Short"")",False,True,True,False,ml_candidate,False
trend_ema__directionshort_only_fast12_rsi_threshold52.0_slow89,trend_ema,603.0,-0.00039322938823785147,0.9866920635031505,0.3672420965717115,3,3,"//@version=5
strategy(""trend_ema__directionshort_only_fast12_rsi_threshold52.0_slow89"", overlay=true, process_orders_on_close=true)
fast = ta.ema(close, 12)
slow = ta.ema(close, 89)
r = ta.rsi(close, 14)
longCondition = ta.crossover(fast, slow) and r > 52.0
shortCondition = ta.crossunder(fast, slow) and r < 48.0
if longCondition and ""short_only"" != ""short_only""
    strategy.entry(""Long"", strategy.long)
if shortCondition and ""short_only"" != ""long_only""
    strategy.entry(""Short"", strategy.short)
if ta.crossunder(fast, slow)
    strategy.close(""Long"")
if ta.crossover(fast, slow)
    strategy.close(""Short"")",False,True,True,False,ml_candidate,False
trend_ema__directionboth_fast9_rsi_threshold58.0_slow89,trend_ema,904.0,-0.00040492637016304535,0.9215718411487345,0.2867182016849199,2,2,"//@version=5
strategy(""trend_ema__directionboth_fast9_rsi_threshold58.0_slow89"", overlay=true, process_orders_on_close=true)
fast = ta.ema(close, 9)
slow = ta.ema(close, 89)
r = ta.rsi(close, 14)
longCondition = ta.crossover(fast, slow) and r > 58.0
shortCondition = ta.crossunder(fast, slow) and r < 42.0
if longCondition and ""both"" != ""short_only""
    strategy.entry(""Long"", strategy.long)
if shortCondition and ""both"" != ""long_only""
    strategy.entry(""Short"", strategy.short)
if ta.crossunder(fast, slow)
    strategy.close(""Long"")
if ta.crossover(fast, slow)
    strategy.close(""Short"")",False,True,True,False,ml_candidate,False
trend_ema__directionshort_only_fast9_rsi_threshold58.0_slow89,trend_ema,471.0,7.993411710429559e-05,1.033364717398194,0.12041461939257003,1,1,"//@version=5
strategy(""trend_ema__directionshort_only_fast9_rsi_threshold58.0_slow89"", overlay=true, process_orders_on_close=true)
fast = ta.ema(close, 9)
slow = ta.ema(close, 89)
r = ta.rsi(close, 14)
longCondition = ta.crossover(fast, slow) and r > 58.0
shortCondition = ta.crossunder(fast, slow) and r < 42.0
if longCondition and ""short_only"" != ""short_only""
    strategy.entry(""Long"", strategy.long)
if shortCondition and ""short_only"" != ""long_only""
    strategy.entry(""Short"", strategy.short)
if ta.crossunder(fast, slow)
    strategy.close(""Long"")
if ta.crossover(fast, slow)
    strategy.close(""Short"")",False,False,False,False,rejected,False
trend_ema__directionshort_only_fast9_rsi_threshold58.0_slow34,trend_ema,582.0,-0.0003415301195328618,0.9177734778276755,0.2097297477322032,3,3,"//@version=5
strategy(""trend_ema__directionshort_only_fast9_rsi_threshold58.0_slow34"", overlay=true, process_orders_on_close=true)
fast = ta.ema(close, 9)
slow = ta.ema(close, 34)
r = ta.rsi(close, 14)
longCondition = ta.crossover(fast, slow) and r > 58.0
shortCondition = ta.crossunder(fast, slow) and r < 42.0
if longCondition and ""short_only"" != ""short_only""
    strategy.entry(""Long"", strategy.long)
if shortCondition and ""short_only"" != ""long_only""
    strategy.entry(""Short"", strategy.short)
if ta.crossunder(fast, slow)
    strategy.close(""Long"")
if ta.crossover(fast, slow)
    strategy.close(""Short"")",False,False,False,False,rejected,False
trend_ema__directionshort_only_fast9_rsi_threshold52.0_slow89,trend_ema,685.0,-0.000379085660325225,0.9728525200065171,0.34502115647517206,1,1,"//@version=5
strategy(""trend_ema__directionshort_only_fast9_rsi_threshold52.0_slow89"", overlay=true, process_orders_on_close=true)
fast = ta.ema(close, 9)
slow = ta.ema(close, 89)
r = ta.rsi(close, 14)
longCondition = ta.crossover(fast, slow) and r > 52.0
shortCondition = ta.crossunder(fast, slow) and r < 48.0
if longCondition and ""short_only"" != ""short_only""
    strategy.entry(""Long"", strategy.long)
if shortCondition and ""short_only"" != ""long_only""
    strategy.entry(""Short"", strategy.short)
if ta.crossunder(fast, slow)
    strategy.close(""Long"")
if ta.crossover(fast, slow)
    strategy.close(""Short"")",False,False,False,False,rejected,False
trend_ema__directionshort_only_fast9_rsi_threshold55.0_slow34,trend_ema,902.0,-0.00042063686691408745,0.8981385295310589,0.24429009664609702,3,3,"//@version=5
strategy(""trend_ema__directionshort_only_fast9_rsi_threshold55.0_slow34"", overlay=true, process_orders_on_close=true)
fast = ta.ema(close, 9)
slow = ta.ema(close, 34)
r = ta.rsi(close, 14)
longCondition = ta.crossover(fast, slow) and r > 55.0
shortCondition = ta.crossunder(fast, slow) and r < 45.0
if longCondition and ""short_only"" != ""short_only""
    strategy.entry(""Long"", strategy.long)
if shortCondition and ""short_only"" != ""long_only""
    strategy.entry(""Short"", strategy.short)
if ta.crossunder(fast, slow)
    strategy.close(""Long"")
if ta.crossover(fast, slow)
    strategy.close(""Short"")",False,False,False,False,rejected,False
trend_ema__directionboth_fast12_rsi_threshold58.0_slow89,trend_ema,849.0,-0.00045933421508010194,0.9205860460775566,0.28960402044874234,1,1,"//@version=5
strategy(""trend_ema__directionboth_fast12_rsi_threshold58.0_slow89"", overlay=true, process_orders_on_close=true)
fast = ta.ema(close, 12)
slow = ta.ema(close, 89)
r = ta.rsi(close, 14)
longCondition = ta.crossover(fast, slow) and r > 58.0
shortCondition = ta.crossunder(fast, slow) and r < 42.0
if longCondition and ""both"" != ""short_only""
    strategy.entry(""Long"", strategy.long)
if shortCondition and ""both"" != ""long_only""
    strategy.entry(""Short"", strategy.short)
if ta.crossunder(fast, slow)
    strategy.close(""Long"")
if ta.crossover(fast, slow)
    strategy.close(""Short"")",False,False,False,False,rejected,False
trend_ema__directionshort_only_fast9_rsi_threshold52.0_slow55,trend_ema,919.0,-0.0004600882021964809,0.9069186320805116,0.2650807767346778,1,1,"//@version=5
strategy(""trend_ema__directionshort_only_fast9_rsi_threshold52.0_slow55"", overlay=true, process_orders_on_close=true)
fast = ta.ema(close, 9)
slow = ta.ema(close, 55)
r = ta.rsi(close, 14)
longCondition = ta.crossover(fast, slow) and r > 52.0
shortCondition = ta.crossunder(fast, slow) and r < 48.0
if longCondition and ""short_only"" != ""short_only""
    strategy.entry(""Long"", strategy.long)
if shortCondition and ""short_only"" != ""long_only""
    strategy.entry(""Short"", strategy.short)
if ta.crossunder(fast, slow)
    strategy.close(""Long"")
if ta.crossover(fast, slow)
    strategy.close(""Short"")",False,False,False,False,rejected,False
trend_ema__directionshort_only_fast21_rsi_threshold52.0_slow34,trend_ema,791.0,-0.00048469757036437153,0.9190613667504904,0.22405685295348954,1,1,"//@version=5
strategy(""trend_ema__directionshort_only_fast21_rsi_threshold52.0_slow34"", overlay=true, process_orders_on_close=true)
fast = ta.ema(close, 21)
slow = ta.ema(close, 34)
r = ta.rsi(close, 14)
longCondition = ta.crossover(fast, slow) and r > 52.0
shortCondition = ta.crossunder(fast, slow) and r < 48.0
if longCondition and ""short_only"" != ""short_only""
    strategy.entry(""Long"", strategy.long)
if shortCondition and ""short_only"" != ""long_only""
    strategy.entry(""Short"", strategy.short)
if ta.crossunder(fast, slow)
    strategy.close(""Long"")
if ta.crossover(fast, slow)
    strategy.close(""Short"")",False,False,False,False,rejected,False
trend_ema__directionboth_fast12_rsi_threshold55.0_slow89,trend_ema,1016.0,-0.0005027775667864995,0.9062967639717517,0.3006901786931959,1,1,"//@version=5
strategy(""trend_ema__directionboth_fast12_rsi_threshold55.0_slow89"", overlay=true, process_orders_on_close=true)
fast = ta.ema(close, 12)
slow = ta.ema(close, 89)
r = ta.rsi(close, 14)
longCondition = ta.crossover(fast, slow) and r > 55.0
shortCondition = ta.crossunder(fast, slow) and r < 45.0
if longCondition and ""both"" != ""short_only""
    strategy.entry(""Long"", strategy.long)
if shortCondition and ""both"" != ""long_only""
    strategy.entry(""Short"", strategy.short)
if ta.crossunder(fast, slow)
    strategy.close(""Long"")
if ta.crossover(fast, slow)
    strategy.close(""Short"")",False,False,False,False,rejected,False
trend_ema__directionshort_only_fast12_rsi_threshold52.0_slow55,trend_ema,817.0,-0.0005428546731079009,0.9101598729243974,0.2574742318368972,1,1,"//@version=5
strategy(""trend_ema__directionshort_only_fast12_rsi_threshold52.0_slow55"", overlay=true, process_orders_on_close=true)
fast = ta.ema(close, 12)
slow = ta.ema(close, 55)
r = ta.rsi(close, 14)
longCondition = ta.crossover(fast, slow) and r > 52.0
shortCondition = ta.crossunder(fast, slow) and r < 48.0
if longCondition and ""short_only"" != ""short_only""
    strategy.entry(""Long"", strategy.long)
if shortCondition and ""short_only"" != ""long_only""
    strategy.entry(""Short"", strategy.short)
if ta.crossunder(fast, slow)
    strategy.close(""Long"")
if ta.crossover(fast, slow)
    strategy.close(""Short"")",False,False,False,False,rejected,False
trend_ema__directionshort_only_fast9_rsi_threshold55.0_slow55,trend_ema,760.0,-0.0005479289209028884,0.8996163093935308,0.2605770274614504,1,1,"//@version=5
strategy(""trend_ema__directionshort_only_fast9_rsi_threshold55.0_slow55"", overlay=true, process_orders_on_close=true)
fast = ta.ema(close, 9)
slow = ta.ema(close, 55)
r = ta.rsi(close, 14)
longCondition = ta.crossover(fast, slow) and r > 55.0
shortCondition = ta.crossunder(fast, slow) and r < 45.0
if longCondition and ""short_only"" != ""short_only""
    strategy.entry(""Long"", strategy.long)
if shortCondition and ""short_only"" != ""long_only""
    strategy.entry(""Short"", strategy.short)
if ta.crossunder(fast, slow)
    strategy.close(""Long"")
if ta.crossover(fast, slow)
    strategy.close(""Short"")",False,False,False,False,rejected,False
trend_ema__directionlong_only_fast12_rsi_threshold58.0_slow89,trend_ema,439.0,-0.0005753027888763448,0.8987320869706954,0.2708714567292365,2,2,"//@version=5
strategy(""trend_ema__directionlong_only_fast12_rsi_threshold58.0_slow89"", overlay=true, process_orders_on_close=true)
fast = ta.ema(close, 12)
slow = ta.ema(close, 89)
r = ta.rsi(close, 14)
longCondition = ta.crossover(fast, slow) and r > 58.0
shortCondition = ta.crossunder(fast, slow) and r < 42.0
if longCondition and ""long_only"" != ""short_only""
    strategy.entry(""Long"", strategy.long)
if shortCondition and ""long_only"" != ""long_only""
    strategy.entry(""Short"", strategy.short)
if ta.crossunder(fast, slow)
    strategy.close(""Long"")
if ta.crossover(fast, slow)
    strategy.close(""Short"")",False,False,False,False,rejected,False
trend_ema__directionshort_only_fast12_rsi_threshold55.0_slow55,trend_ema,677.0,-0.0006223403142630048,0.8980717129409878,0.20282274963960822,1,1,"//@version=5
strategy(""trend_ema__directionshort_only_fast12_rsi_threshold55.0_slow55"", overlay=true, process_orders_on_close=true)
fast = ta.ema(close, 12)
slow = ta.ema(close, 55)
r = ta.rsi(close, 14)
longCondition = ta.crossover(fast, slow) and r > 55.0
shortCondition = ta.crossunder(fast, slow) and r < 45.0
if longCondition and ""short_only"" != ""short_only""
    strategy.entry(""Long"", strategy.long)
if shortCondition and ""short_only"" != ""long_only""
    strategy.entry(""Short"", strategy.short)
if ta.crossunder(fast, slow)
    strategy.close(""Long"")
if ta.crossover(fast, slow)
    strategy.close(""Short"")",False,False,False,False,rejected,False
trend_ema__directionshort_only_fast9_rsi_threshold58.0_slow55,trend_ema,545.0,-0.0006398889261863955,0.885025663214947,0.1703999561849634,2,2,"//@version=5
strategy(""trend_ema__directionshort_only_fast9_rsi_threshold58.0_slow55"", overlay=true, process_orders_on_close=true)
fast = ta.ema(close, 9)
slow = ta.ema(close, 55)
r = ta.rsi(close, 14)
longCondition = ta.crossover(fast, slow) and r > 58.0
shortCondition = ta.crossunder(fast, slow) and r < 42.0
if longCondition and ""short_only"" != ""short_only""
    strategy.entry(""Long"", strategy.long)
if shortCondition and ""short_only"" != ""long_only""
    strategy.entry(""Short"", strategy.short)
if ta.crossunder(fast, slow)
    strategy.close(""Long"")
if ta.crossover(fast, slow)
    strategy.close(""Short"")",False,False,False,False,rejected,False
trend_ema__directionshort_only_fast12_rsi_threshold58.0_slow34,trend_ema,569.0,-0.0006455231848367415,0.8649823233772939,0.2174697396048929,1,1,"//@version=5
strategy(""trend_ema__directionshort_only_fast12_rsi_threshold58.0_slow34"", overlay=true, process_orders_on_close=true)
fast = ta.ema(close, 12)
slow = ta.ema(close, 34)
r = ta.rsi(close, 14)
longCondition = ta.crossover(fast, slow) and r > 58.0
shortCondition = ta.crossunder(fast, slow) and r < 42.0
if longCondition and ""short_only"" != ""short_only""
    strategy.entry(""Long"", strategy.long)
if shortCondition and ""short_only"" != ""long_only""
    strategy.entry(""Short"", strategy.short)
if ta.crossunder(fast, slow)
    strategy.close(""Long"")
if ta.crossover(fast, slow)
    strategy.close(""Short"")",False,False,False,False,rejected,False
trend_ema__directionlong_only_fast21_rsi_threshold52.0_slow89,trend_ema,472.0,-0.0006458168308795237,0.8794188577137341,0.1943562503712336,2,2,"//@version=5
strategy(""trend_ema__directionlong_only_fast21_rsi_threshold52.0_slow89"", overlay=true, process_orders_on_close=true)
fast = ta.ema(close, 21)
slow = ta.ema(close, 89)
r = ta.rsi(close, 14)
longCondition = ta.crossover(fast, slow) and r > 52.0
shortCondition = ta.crossunder(fast, slow) and r < 48.0
if longCondition and ""long_only"" != ""short_only""
    strategy.entry(""Long"", strategy.long)
if shortCondition and ""long_only"" != ""long_only""
    strategy.entry(""Short"", strategy.short)
if ta.crossunder(fast, slow)
    strategy.close(""Long"")
if ta.crossover(fast, slow)
    strategy.close(""Short"")",False,False,False,False,rejected,False
trend_ema__directionshort_only_fast21_rsi_threshold55.0_slow34,trend_ema,688.0,-0.0006467337787452674,0.9068733100750745,0.2594794677977139,1,1,"//@version=5
strategy(""trend_ema__directionshort_only_fast21_rsi_threshold55.0_slow34"", overlay=true, process_orders_on_close=true)
fast = ta.ema(close, 21)
slow = ta.ema(close, 34)
r = ta.rsi(close, 14)
longCondition = ta.crossover(fast, slow) and r > 55.0
shortCondition = ta.crossunder(fast, slow) and r < 45.0
if longCondition and ""short_only"" != ""short_only""
    strategy.entry(""Long"", strategy.long)
if shortCondition and ""short_only"" != ""long_only""
    strategy.entry(""Short"", strategy.short)
if ta.crossunder(fast, slow)
    strategy.close(""Long"")
if ta.crossover(fast, slow)
    strategy.close(""Short"")",False,False,False,False,rejected,False
trend_ema__directionlong_only_fast21_rsi_threshold55.0_slow89,trend_ema,425.0,-0.0006570780701001585,0.8808891161728991,0.20151592610651314,2,2,"//@version=5
strategy(""trend_ema__directionlong_only_fast21_rsi_threshold55.0_slow89"", overlay=true, process_orders_on_close=true)
fast = ta.ema(close, 21)
slow = ta.ema(close, 89)
r = ta.rsi(close, 14)
longCondition = ta.crossover(fast, slow) and r > 55.0
shortCondition = ta.crossunder(fast, slow) and r < 45.0
if longCondition and ""long_only"" != ""short_only""
    strategy.entry(""Long"", strategy.long)
if shortCondition and ""long_only"" != ""long_only""
    strategy.entry(""Short"", strategy.short)
if ta.crossunder(fast, slow)
    strategy.close(""Long"")
if ta.crossover(fast, slow)
    strategy.close(""Short"")",False,False,False,False,rejected,False
trend_ema__directionboth_fast21_rsi_threshold55.0_slow55,trend_ema,1081.0,-0.000678821762991306,0.8883420022982476,0.4001566744112697,2,2,"//@version=5
strategy(""trend_ema__directionboth_fast21_rsi_threshold55.0_slow55"", overlay=true, process_orders_on_close=true)
fast = ta.ema(close, 21)
slow = ta.ema(close, 55)
r = ta.rsi(close, 14)
longCondition = ta.crossover(fast, slow) and r > 55.0
shortCondition = ta.crossunder(fast, slow) and r < 45.0
if longCondition and ""both"" != ""short_only""
    strategy.entry(""Long"", strategy.long)
if shortCondition and ""both"" != ""long_only""
    strategy.entry(""Short"", strategy.short)
if ta.crossunder(fast, slow)
    strategy.close(""Long"")
if ta.crossover(fast, slow)
    strategy.close(""Short"")",False,False,False,False,rejected,False
trend_ema__directionlong_only_fast21_rsi_threshold58.0_slow89,trend_ema,356.0,-0.0006810544940758175,0.8781567322264735,0.1708325335242573,2,2,"//@version=5
strategy(""trend_ema__directionlong_only_fast21_rsi_threshold58.0_slow89"", overlay=true, process_orders_on_close=true)
fast = ta.ema(close, 21)
slow = ta.ema(close, 89)
r = ta.rsi(close, 14)
longCondition = ta.crossover(fast, slow) and r > 58.0
shortCondition = ta.crossunder(fast, slow) and r < 42.0
if longCondition and ""long_only"" != ""short_only""
    strategy.entry(""Long"", strategy.long)
if shortCondition and ""long_only"" != ""long_only""
    strategy.entry(""Short"", strategy.short)
if ta.crossunder(fast, slow)
    strategy.close(""Long"")
if ta.crossover(fast, slow)
    strategy.close(""Short"")",False,False,False,False,rejected,False
trend_ema__directionboth_fast21_rsi_threshold52.0_slow55,trend_ema,1164.0,-0.0006914836590303451,0.8831837866185169,0.40375068516193435,1,1,"//@version=5
strategy(""trend_ema__directionboth_fast21_rsi_threshold52.0_slow55"", overlay=true, process_orders_on_close=true)
fast = ta.ema(close, 21)
slow = ta.ema(close, 55)
r = ta.rsi(close, 14)
longCondition = ta.crossover(fast, slow) and r > 52.0
shortCondition = ta.crossunder(fast, slow) and r < 48.0
if longCondition and ""both"" != ""short_only""
    strategy.entry(""Long"", strategy.long)
if shortCondition and ""both"" != ""long_only""
    strategy.entry(""Short"", strategy.short)
if ta.crossunder(fast, slow)
    strategy.close(""Long"")
if ta.crossover(fast, slow)
    strategy.close(""Short"")",False,False,False,False,rejected,False
trend_ema__directionboth_fast12_rsi_threshold52.0_slow89,trend_ema,1088.0,-0.0007111949759816633,0.8787199635235668,0.3473712104301817,1,1,"//@version=5
strategy(""trend_ema__directionboth_fast12_rsi_threshold52.0_slow89"", overlay=true, process_orders_on_close=true)
fast = ta.ema(close, 12)
slow = ta.ema(close, 89)
r = ta.rsi(close, 14)
longCondition = ta.crossover(fast, slow) and r > 52.0
shortCondition = ta.crossunder(fast, slow) and r < 48.0
if longCondition and ""both"" != ""short_only""
    strategy.entry(""Long"", strategy.long)
if shortCondition and ""both"" != ""long_only""
    strategy.entry(""Short"", strategy.short)
if ta.crossunder(fast, slow)
    strategy.close(""Long"")
if ta.crossover(fast, slow)
    strategy.close(""Short"")",False,False,False,False,rejected,False
trend_ema__directionboth_fast12_rsi_threshold52.0_slow55,trend_ema,1426.0,-0.0007406655669676916,0.8660458246655817,0.38998815795318986,1,1,"//@version=5
strategy(""trend_ema__directionboth_fast12_rsi_threshold52.0_slow55"", overlay=true, process_orders_on_close=true)
fast = ta.ema(close, 12)
slow = ta.ema(close, 55)
r = ta.rsi(close, 14)
longCondition = ta.crossover(fast, slow) and r > 52.0
shortCondition = ta.crossunder(fast, slow) and r < 48.0
if longCondition and ""both"" != ""short_only""
    strategy.entry(""Long"", strategy.long)
if shortCondition and ""both"" != ""long_only""
    strategy.entry(""Short"", strategy.short)
if ta.crossunder(fast, slow)
    strategy.close(""Long"")
if ta.crossover(fast, slow)
    strategy.close(""Short"")",False,False,False,False,rejected,False
trend_ema__directionboth_fast21_rsi_threshold58.0_slow55,trend_ema,853.0,-0.0007455147277458872,0.8792261491682641,0.34836613121198734,2,2,"//@version=5
strategy(""trend_ema__directionboth_fast21_rsi_threshold58.0_slow55"", overlay=true, process_orders_on_close=true)
fast = ta.ema(close, 21)
slow = ta.ema(close, 55)
r = ta.rsi(close, 14)
longCondition = ta.crossover(fast, slow) and r > 58.0
shortCondition = ta.crossunder(fast, slow) and r < 42.0
if longCondition and ""both"" != ""short_only""
    strategy.entry(""Long"", strategy.long)
if shortCondition and ""both"" != ""long_only""
    strategy.entry(""Short"", strategy.short)
if ta.crossunder(fast, slow)
    strategy.close(""Long"")
if ta.crossover(fast, slow)
    strategy.close(""Short"")",False,False,False,False,rejected,False
trend_ema__directionlong_only_fast9_rsi_threshold58.0_slow89,trend_ema,465.0,-0.000767177741359462,0.8632203067259154,0.2540861893877654,2,2,"//@version=5
strategy(""trend_ema__directionlong_only_fast9_rsi_threshold58.0_slow89"", overlay=true, process_orders_on_close=true)
fast = ta.ema(close, 9)
slow = ta.ema(close, 89)
r = ta.rsi(close, 14)
longCondition = ta.crossover(fast, slow) and r > 58.0
shortCondition = ta.crossunder(fast, slow) and r < 42.0
if longCondition and ""long_only"" != ""short_only""
    strategy.entry(""Long"", strategy.long)
if shortCondition and ""long_only"" != ""long_only""
    strategy.entry(""Short"", strategy.short)
if ta.crossunder(fast, slow)
    strategy.close(""Long"")
if ta.crossover(fast, slow)
    strategy.close(""Short"")",False,False,False,False,rejected,False
trend_pullback__fast34_pullback_rsi45.0_slow55,trend_pullback,754.0,-0.0007925157062472925,0.7445156653417593,0.2109863988690669,1,1,"//@version=5
strategy(""trend_pullback__fast34_pullback_rsi45.0_slow55"", overlay=true, process_orders_on_close=true)
fast = ta.ema(close, 34)
slow = ta.ema(close, 55)
r = ta.rsi(close, 14)
uptrend = fast > slow
downtrend = fast < slow
longResume = close > fast and close[1] <= fast[1]
shortResume = close < fast and close[1] >= fast[1]
longCondition = uptrend and r[1] < 45.0 and longResume
shortCondition = downtrend and r[1] > 55.0 and shortResume
if longCondition
    strategy.entry(""Long"", strategy.long)
if shortCondition
    strategy.entry(""Short"", strategy.short)",False,False,False,False,rejected,False
trend_ema__directionboth_fast9_rsi_threshold52.0_slow89,trend_ema,1192.0,-0.000796509436234593,0.8602040526311531,0.377063128876884,1,1,"//@version=5
strategy(""trend_ema__directionboth_fast9_rsi_threshold52.0_slow89"", overlay=true, process_orders_on_close=true)
fast = ta.ema(close, 9)
slow = ta.ema(close, 89)
r = ta.rsi(close, 14)
longCondition = ta.crossover(fast, slow) and r > 52.0
shortCondition = ta.crossunder(fast, slow) and r < 48.0
if longCondition and ""both"" != ""short_only""
    strategy.entry(""Long"", strategy.long)
if shortCondition and ""both"" != ""long_only""
    strategy.entry(""Short"", strategy.short)
if ta.crossunder(fast, slow)
    strategy.close(""Long"")
if ta.crossover(fast, slow)
    strategy.close(""Short"")",False,False,False,False,rejected,False
trend_ema__directionshort_only_fast12_rsi_threshold58.0_slow55,trend_ema,526.0,-0.00080865571821163,0.8657354754753882,0.1843891618272291,1,1,"//@version=5
strategy(""trend_ema__directionshort_only_fast12_rsi_threshold58.0_slow55"", overlay=true, process_orders_on_close=true)
fast = ta.ema(close, 12)
slow = ta.ema(close, 55)
r = ta.rsi(close, 14)
longCondition = ta.crossover(fast, slow) and r > 58.0
shortCondition = ta.crossunder(fast, slow) and r < 42.0
if longCondition and ""short_only"" != ""short_only""
    strategy.entry(""Long"", strategy.long)
if shortCondition and ""short_only"" != ""long_only""
    strategy.entry(""Short"", strategy.short)
if ta.crossunder(fast, slow)
    strategy.close(""Long"")
if ta.crossover(fast, slow)
    strategy.close(""Short"")",False,False,False,False,rejected,False
trend_ema__directionlong_only_fast12_rsi_threshold55.0_slow89,trend_ema,546.0,-0.0008101058473992911,0.8486618007102505,0.26214092344428774,2,2,"//@version=5
strategy(""trend_ema__directionlong_only_fast12_rsi_threshold55.0_slow89"", overlay=true, process_orders_on_close=true)
fast = ta.ema(close, 12)
slow = ta.ema(close, 89)
r = ta.rsi(close, 14)
longCondition = ta.crossover(fast, slow) and r > 55.0
shortCondition = ta.crossunder(fast, slow) and r < 45.0
if longCondition and ""long_only"" != ""short_only""
    strategy.entry(""Long"", strategy.long)
if shortCondition and ""long_only"" != ""long_only""
    strategy.entry(""Short"", strategy.short)
if ta.crossunder(fast, slow)
    strategy.close(""Long"")
if ta.crossover(fast, slow)
    strategy.close(""Short"")",False,False,False,False,rejected,False
trend_ema__directionboth_fast9_rsi_threshold52.0_slow34,trend_ema,1851.0,-0.000812434667853803,0.8184131403171327,0.4874971465411164,1,1,"//@version=5
strategy(""trend_ema__directionboth_fast9_rsi_threshold52.0_slow34"", overlay=true, process_orders_on_close=true)
fast = ta.ema(close, 9)
slow = ta.ema(close, 34)
r = ta.rsi(close, 14)
longCondition = ta.crossover(fast, slow) and r > 52.0
shortCondition = ta.crossunder(fast, slow) and r < 48.0
if longCondition and ""both"" != ""short_only""
    strategy.entry(""Long"", strategy.long)
if shortCondition and ""both"" != ""long_only""
    strategy.entry(""Short"", strategy.short)
if ta.crossunder(fast, slow)
    strategy.close(""Long"")
if ta.crossover(fast, slow)
    strategy.close(""Short"")",False,False,False,False,rejected,False
trend_pullback__fast34_pullback_rsi45.0_slow89,trend_pullback,769.0,-0.0008140073205574421,0.7358685217376718,0.22981730031656034,1,1,"//@version=5
strategy(""trend_pullback__fast34_pullback_rsi45.0_slow89"", overlay=true, process_orders_on_close=true)
fast = ta.ema(close, 34)
slow = ta.ema(close, 89)
r = ta.rsi(close, 14)
uptrend = fast > slow
downtrend = fast < slow
longResume = close > fast and close[1] <= fast[1]
shortResume = close < fast and close[1] >= fast[1]
longCondition = uptrend and r[1] < 45.0 and longResume
shortCondition = downtrend and r[1] > 55.0 and shortResume
if longCondition
    strategy.entry(""Long"", strategy.long)
if shortCondition
    strategy.entry(""Short"", strategy.short)",False,False,False,False,rejected,False
trend_ema__directionboth_fast12_rsi_threshold52.0_slow34,trend_ema,1738.0,-0.0008186968159262522,0.8403832696504874,0.5497632034543877,1,1,"//@version=5
strategy(""trend_ema__directionboth_fast12_rsi_threshold52.0_slow34"", overlay=true, process_orders_on_close=true)
fast = ta.ema(close, 12)
slow = ta.ema(close, 34)
r = ta.rsi(close, 14)
longCondition = ta.crossover(fast, slow) and r > 52.0
shortCondition = ta.crossunder(fast, slow) and r < 48.0
if longCondition and ""both"" != ""short_only""
    strategy.entry(""Long"", strategy.long)
if shortCondition and ""both"" != ""long_only""
    strategy.entry(""Short"", strategy.short)
if ta.crossunder(fast, slow)
    strategy.close(""Long"")
if ta.crossover(fast, slow)
    strategy.close(""Short"")",False,False,False,False,rejected,False
trend_ema__directionboth_fast21_rsi_threshold52.0_slow34,trend_ema,1442.0,-0.000827455078149449,0.8473175435871915,0.4056168612816915,1,1,"//@version=5
strategy(""trend_ema__directionboth_fast21_rsi_threshold52.0_slow34"", overlay=true, process_orders_on_close=true)
fast = ta.ema(close, 21)
slow = ta.ema(close, 34)
r = ta.rsi(close, 14)
longCondition = ta.crossover(fast, slow) and r > 52.0
shortCondition = ta.crossunder(fast, slow) and r < 48.0
if longCondition and ""both"" != ""short_only""
    strategy.entry(""Long"", strategy.long)
if shortCondition and ""both"" != ""long_only""
    strategy.entry(""Short"", strategy.short)
if ta.crossunder(fast, slow)
    strategy.close(""Long"")
if ta.crossover(fast, slow)
    strategy.close(""Short"")",False,False,False,False,rejected,False
breakout__atr_filter0.8_directionshort_only_window55,breakout,881.0,-0.000840451134539121,0.8557212311337224,0.26774104692212275,0,0,"//@version=5
strategy(""breakout__atr_filter0.8_directionshort_only_window55"", overlay=true, process_orders_on_close=true)
breakoutHigh = ta.highest(high, 55)[1]
breakoutLow = ta.lowest(low, 55)[1]
atr14 = ta.atr(14)
rangeRatio = (high - low) / atr14
trendFast = ta.ema(close, 20)
trendSlow = ta.ema(close, 55)
volMean = ta.sma(volume, 30)
longCondition = close > breakoutHigh and rangeRatio > 0.8 and trendFast > trendSlow and volume > volMean
shortCondition = close < breakoutLow and rangeRatio > 0.8 and trendFast < trendSlow and volume > volMean
if longCondition and ""short_only"" != ""short_only""
    strategy.entry(""Long"", strategy.long)
if shortCondition and ""short_only"" != ""long_only""
    strategy.entry(""Short"", strategy.short)",False,False,False,False,rejected,False
breakout__atr_filter1.2_directionshort_only_window55,breakout,803.0,-0.0008421027111656827,0.8547982660859761,0.22534532759613257,0,0,"//@version=5
strategy(""breakout__atr_filter1.2_directionshort_only_window55"", overlay=true, process_orders_on_close=true)
breakoutHigh = ta.highest(high, 55)[1]
breakoutLow = ta.lowest(low, 55)[1]
atr14 = ta.atr(14)
rangeRatio = (high - low) / atr14
trendFast = ta.ema(close, 20)
trendSlow = ta.ema(close, 55)
volMean = ta.sma(volume, 30)
longCondition = close > breakoutHigh and rangeRatio > 1.2 and trendFast > trendSlow and volume > volMean
shortCondition = close < breakoutLow and rangeRatio > 1.2 and trendFast < trendSlow and volume > volMean
if longCondition and ""short_only"" != ""short_only""
    strategy.entry(""Long"", strategy.long)
if shortCondition and ""short_only"" != ""long_only""
    strategy.entry(""Short"", strategy.short)",False,False,False,False,rejected,False
breakout__atr_filter1.0_directionshort_only_window55,breakout,858.0,-0.0008480459530073775,0.8566273912407095,0.2675332563709496,1,1,"//@version=5
strategy(""breakout__atr_filter1.0_directionshort_only_window55"", overlay=true, process_orders_on_close=true)
breakoutHigh = ta.highest(high, 55)[1]
breakoutLow = ta.lowest(low, 55)[1]
atr14 = ta.atr(14)
rangeRatio = (high - low) / atr14
trendFast = ta.ema(close, 20)
trendSlow = ta.ema(close, 55)
volMean = ta.sma(volume, 30)
longCondition = close > breakoutHigh and rangeRatio > 1.0 and trendFast > trendSlow and volume > volMean
shortCondition = close < breakoutLow and rangeRatio > 1.0 and trendFast < trendSlow and volume > volMean
if longCondition and ""short_only"" != ""short_only""
    strategy.entry(""Long"", strategy.long)
if shortCondition and ""short_only"" != ""long_only""
    strategy.entry(""Short"", strategy.short)",False,False,False,False,rejected,False
trend_ema__directionboth_fast12_rsi_threshold55.0_slow55,trend_ema,1274.0,-0.0008490887979248823,0.8544022352801687,0.3974517706214009,1,1,"//@version=5
strategy(""trend_ema__directionboth_fast12_rsi_threshold55.0_slow55"", overlay=true, process_orders_on_close=true)
fast = ta.ema(close, 12)
slow = ta.ema(close, 55)
r = ta.rsi(close, 14)
longCondition = ta.crossover(fast, slow) and r > 55.0
shortCondition = ta.crossunder(fast, slow) and r < 45.0
if longCondition and ""both"" != ""short_only""
    strategy.entry(""Long"", strategy.long)
if shortCondition and ""both"" != ""long_only""
    strategy.entry(""Short"", strategy.short)
if ta.crossunder(fast, slow)
    strategy.close(""Long"")
if ta.crossover(fast, slow)
    strategy.close(""Short"")",False,False,False,False,rejected,False
trend_ema__directionboth_fast12_rsi_threshold58.0_slow34,trend_ema,1089.0,-0.0008800320484257862,0.8189529388426741,0.4021718564185529,1,1,"//@version=5
strategy(""trend_ema__directionboth_fast12_rsi_threshold58.0_slow34"", overlay=true, process_orders_on_close=true)
fast = ta.ema(close, 12)
slow = ta.ema(close, 34)
r = ta.rsi(close, 14)
longCondition = ta.crossover(fast, slow) and r > 58.0
shortCondition = ta.crossunder(fast, slow) and r < 42.0
if longCondition and ""both"" != ""short_only""
    strategy.entry(""Long"", strategy.long)
if shortCondition and ""both"" != ""long_only""
    strategy.entry(""Short"", strategy.short)
if ta.crossunder(fast, slow)
    strategy.close(""Long"")
if ta.crossover(fast, slow)
    strategy.close(""Short"")",False,False,False,False,rejected,False
breakout__atr_filter1.0_directionboth_window55,breakout,1608.0,-0.0008933080049716146,0.8456859878447024,0.4194380353456002,0,0,"//@version=5
strategy(""breakout__atr_filter1.0_directionboth_window55"", overlay=true, process_orders_on_close=true)
breakoutHigh = ta.highest(high, 55)[1]
breakoutLow = ta.lowest(low, 55)[1]
atr14 = ta.atr(14)
rangeRatio = (high - low) / atr14
trendFast = ta.ema(close, 20)
trendSlow = ta.ema(close, 55)
volMean = ta.sma(volume, 30)
longCondition = close > breakoutHigh and rangeRatio > 1.0 and trendFast > trendSlow and volume > volMean
shortCondition = close < breakoutLow and rangeRatio > 1.0 and trendFast < trendSlow and volume > volMean
if longCondition and ""both"" != ""short_only""
    strategy.entry(""Long"", strategy.long)
if shortCondition and ""both"" != ""long_only""
    strategy.entry(""Short"", strategy.short)",False,False,False,False,rejected,False
trend_ema__directionboth_fast9_rsi_threshold55.0_slow89,trend_ema,1099.0,-0.0008977965827824769,0.8376396341034548,0.33882187928057506,0,0,"//@version=5
strategy(""trend_ema__directionboth_fast9_rsi_threshold55.0_slow89"", overlay=true, process_orders_on_close=true)
fast = ta.ema(close, 9)
slow = ta.ema(close, 89)
r = ta.rsi(close, 14)
longCondition = ta.crossover(fast, slow) and r > 55.0
shortCondition = ta.crossunder(fast, slow) and r < 45.0
if longCondition and ""both"" != ""short_only""
    strategy.entry(""Long"", strategy.long)
if shortCondition and ""both"" != ""long_only""
    strategy.entry(""Short"", strategy.short)
if ta.crossunder(fast, slow)
    strategy.close(""Long"")
if ta.crossover(fast, slow)
    strategy.close(""Short"")",False,False,False,False,rejected,False
trend_ema__directionboth_fast9_rsi_threshold55.0_slow55,trend_ema,1387.0,-0.0008982488160343993,0.8295701820822496,0.41609726714646555,0,0,"//@version=5
strategy(""trend_ema__directionboth_fast9_rsi_threshold55.0_slow55"", overlay=true, process_orders_on_close=true)
fast = ta.ema(close, 9)
slow = ta.ema(close, 55)
r = ta.rsi(close, 14)
longCondition = ta.crossover(fast, slow) and r > 55.0
shortCondition = ta.crossunder(fast, slow) and r < 45.0
if longCondition and ""both"" != ""short_only""
    strategy.entry(""Long"", strategy.long)
if shortCondition and ""both"" != ""long_only""
    strategy.entry(""Short"", strategy.short)
if ta.crossunder(fast, slow)
    strategy.close(""Long"")
if ta.crossover(fast, slow)
    strategy.close(""Short"")",False,False,False,False,rejected,False
trend_ema__directionboth_fast21_rsi_threshold55.0_slow34,trend_ema,1304.0,-0.0008986269429367499,0.842381990006913,0.40149800809153313,1,1,"//@version=5
strategy(""trend_ema__directionboth_fast21_rsi_threshold55.0_slow34"", overlay=true, process_orders_on_close=true)
fast = ta.ema(close, 21)
slow = ta.ema(close, 34)
r = ta.rsi(close, 14)
longCondition = ta.crossover(fast, slow) and r > 55.0
shortCondition = ta.crossunder(fast, slow) and r < 45.0
if longCondition and ""both"" != ""short_only""
    strategy.entry(""Long"", strategy.long)
if shortCondition and ""both"" != ""long_only""
    strategy.entry(""Short"", strategy.short)
if ta.crossunder(fast, slow)
    strategy.close(""Long"")
if ta.crossover(fast, slow)
    strategy.close(""Short"")",False,False,False,False,rejected,False
trend_ema__directionboth_fast9_rsi_threshold58.0_slow34,trend_ema,1079.0,-0.000903724621432545,0.8133318507437131,0.3680118118814829,1,1,"//@version=5
strategy(""trend_ema__directionboth_fast9_rsi_threshold58.0_slow34"", overlay=true, process_orders_on_close=true)
fast = ta.ema(close, 9)
slow = ta.ema(close, 34)
r = ta.rsi(close, 14)
longCondition = ta.crossover(fast, slow) and r > 58.0
shortCondition = ta.crossunder(fast, slow) and r < 42.0
if longCondition and ""both"" != ""short_only""
    strategy.entry(""Long"", strategy.long)
if shortCondition and ""both"" != ""long_only""
    strategy.entry(""Short"", strategy.short)
if ta.crossunder(fast, slow)
    strategy.close(""Long"")
if ta.crossover(fast, slow)
    strategy.close(""Short"")",False,False,False,False,rejected,False
trend_ema__directionboth_fast9_rsi_threshold58.0_slow55,trend_ema,1060.0,-0.000906047981331445,0.8252997023197861,0.33190689766091064,0,0,"//@version=5
strategy(""trend_ema__directionboth_fast9_rsi_threshold58.0_slow55"", overlay=true, process_orders_on_close=true)
fast = ta.ema(close, 9)
slow = ta.ema(close, 55)
r = ta.rsi(close, 14)
longCondition = ta.crossover(fast, slow) and r > 58.0
shortCondition = ta.crossunder(fast, slow) and r < 42.0
if longCondition and ""both"" != ""short_only""
    strategy.entry(""Long"", strategy.long)
if shortCondition and ""both"" != ""long_only""
    strategy.entry(""Short"", strategy.short)
if ta.crossunder(fast, slow)
    strategy.close(""Long"")
if ta.crossover(fast, slow)
    strategy.close(""Short"")",False,False,False,False,rejected,False
trend_ema__directionboth_fast9_rsi_threshold52.0_slow55,trend_ema,1547.0,-0.0009061656434283445,0.8280502253186013,0.4515281210702554,0,0,"//@version=5
strategy(""trend_ema__directionboth_fast9_rsi_threshold52.0_slow55"", overlay=true, process_orders_on_close=true)
fast = ta.ema(close, 9)
slow = ta.ema(close, 55)
r = ta.rsi(close, 14)
longCondition = ta.crossover(fast, slow) and r > 52.0
shortCondition = ta.crossunder(fast, slow) and r < 48.0
if longCondition and ""both"" != ""short_only""
    strategy.entry(""Long"", strategy.long)
if shortCondition and ""both"" != ""long_only""
    strategy.entry(""Short"", strategy.short)
if ta.crossunder(fast, slow)
    strategy.close(""Long"")
if ta.crossover(fast, slow)
    strategy.close(""Short"")",False,False,False,False,rejected,False
breakout__atr_filter1.0_directionlong_only_window55,breakout,750.0,-0.0009229683560810983,0.8406494966720119,0.3101376583175174,0,0,"//@version=5
strategy(""breakout__atr_filter1.0_directionlong_only_window55"", overlay=true, process_orders_on_close=true)
breakoutHigh = ta.highest(high, 55)[1]
breakoutLow = ta.lowest(low, 55)[1]
atr14 = ta.atr(14)
rangeRatio = (high - low) / atr14
trendFast = ta.ema(close, 20)
trendSlow = ta.ema(close, 55)
volMean = ta.sma(volume, 30)
longCondition = close > breakoutHigh and rangeRatio > 1.0 and trendFast > trendSlow and volume > volMean
shortCondition = close < breakoutLow and rangeRatio > 1.0 and trendFast < trendSlow and volume > volMean
if longCondition and ""long_only"" != ""short_only""
    strategy.entry(""Long"", strategy.long)
if shortCondition and ""long_only"" != ""long_only""
    strategy.entry(""Short"", strategy.short)",False,False,False,False,rejected,False
trend_ema__directionboth_fast12_rsi_threshold55.0_slow34,trend_ema,1505.0,-0.0009417416246438247,0.8183861050786773,0.5094799031076578,0,0,"//@version=5
strategy(""trend_ema__directionboth_fast12_rsi_threshold55.0_slow34"", overlay=true, process_orders_on_close=true)
fast = ta.ema(close, 12)
slow = ta.ema(close, 34)
r = ta.rsi(close, 14)
longCondition = ta.crossover(fast, slow) and r > 55.0
shortCondition = ta.crossunder(fast, slow) and r < 45.0
if longCondition and ""both"" != ""short_only""
    strategy.entry(""Long"", strategy.long)
if shortCondition and ""both"" != ""long_only""
    strategy.entry(""Short"", strategy.short)
if ta.crossunder(fast, slow)
    strategy.close(""Long"")
if ta.crossover(fast, slow)
    strategy.close(""Short"")",False,False,False,False,rejected,False
breakout__atr_filter0.8_directionboth_window55,breakout,1653.0,-0.000942771291492285,0.8394710449189544,0.46735370594827064,0,0,"//@version=5
strategy(""breakout__atr_filter0.8_directionboth_window55"", overlay=true, process_orders_on_close=true)
breakoutHigh = ta.highest(high, 55)[1]
breakoutLow = ta.lowest(low, 55)[1]
atr14 = ta.atr(14)
rangeRatio = (high - low) / atr14
trendFast = ta.ema(close, 20)
trendSlow = ta.ema(close, 55)
volMean = ta.sma(volume, 30)
longCondition = close > breakoutHigh and rangeRatio > 0.8 and trendFast > trendSlow and volume > volMean
shortCondition = close < breakoutLow and rangeRatio > 0.8 and trendFast < trendSlow and volume > volMean
if longCondition and ""both"" != ""short_only""
    strategy.entry(""Long"", strategy.long)
if shortCondition and ""both"" != ""long_only""
    strategy.entry(""Short"", strategy.short)",False,False,False,False,rejected,False
breakout__atr_filter1.0_directionlong_only_window30,breakout,900.0,-0.0009452555444730287,0.8225407529078578,0.3921784281651911,1,1,"//@version=5
strategy(""breakout__atr_filter1.0_directionlong_only_window30"", overlay=true, process_orders_on_close=true)
breakoutHigh = ta.highest(high, 30)[1]
breakoutLow = ta.lowest(low, 30)[1]
atr14 = ta.atr(14)
rangeRatio = (high - low) / atr14
trendFast = ta.ema(close, 20)
trendSlow = ta.ema(close, 55)
volMean = ta.sma(volume, 30)
longCondition = close > breakoutHigh and rangeRatio > 1.0 and trendFast > trendSlow and volume > volMean
shortCondition = close < breakoutLow and rangeRatio > 1.0 and trendFast < trendSlow and volume > volMean
if longCondition and ""long_only"" != ""short_only""
    strategy.entry(""Long"", strategy.long)
if shortCondition and ""long_only"" != ""long_only""
    strategy.entry(""Short"", strategy.short)",False,False,False,False,rejected,False
breakout__atr_filter1.0_directionlong_only_window20,breakout,999.0,-0.0009575016897173929,0.7967470853894046,0.3686253629596775,0,0,"//@version=5
strategy(""breakout__atr_filter1.0_directionlong_only_window20"", overlay=true, process_orders_on_close=true)
breakoutHigh = ta.highest(high, 20)[1]
breakoutLow = ta.lowest(low, 20)[1]
atr14 = ta.atr(14)
rangeRatio = (high - low) / atr14
trendFast = ta.ema(close, 20)
trendSlow = ta.ema(close, 55)
volMean = ta.sma(volume, 30)
longCondition = close > breakoutHigh and rangeRatio > 1.0 and trendFast > trendSlow and volume > volMean
shortCondition = close < breakoutLow and rangeRatio > 1.0 and trendFast < trendSlow and volume > volMean
if longCondition and ""long_only"" != ""short_only""
    strategy.entry(""Long"", strategy.long)
if shortCondition and ""long_only"" != ""long_only""
    strategy.entry(""Short"", strategy.short)",False,False,False,False,rejected,False
trend_ema__directionboth_fast12_rsi_threshold58.0_slow55,trend_ema,998.0,-0.0009871468986025038,0.8432689973412661,0.41172395919944305,1,1,"//@version=5
strategy(""trend_ema__directionboth_fast12_rsi_threshold58.0_slow55"", overlay=true, process_orders_on_close=true)
fast = ta.ema(close, 12)
slow = ta.ema(close, 55)
r = ta.rsi(close, 14)
longCondition = ta.crossover(fast, slow) and r > 58.0
shortCondition = ta.crossunder(fast, slow) and r < 42.0
if longCondition and ""both"" != ""short_only""
    strategy.entry(""Long"", strategy.long)
if shortCondition and ""both"" != ""long_only""
    strategy.entry(""Short"", strategy.short)
if ta.crossunder(fast, slow)
    strategy.close(""Long"")
if ta.crossover(fast, slow)
    strategy.close(""Short"")",False,False,False,False,rejected,False
trend_ema__directionlong_only_fast12_rsi_threshold58.0_slow55,trend_ema,503.0,-0.0009901919506131334,0.8916761213624138,0.3285230852633143,2,2,"//@version=5
strategy(""trend_ema__directionlong_only_fast12_rsi_threshold58.0_slow55"", overlay=true, process_orders_on_close=true)
fast = ta.ema(close, 12)
slow = ta.ema(close, 55)
r = ta.rsi(close, 14)
longCondition = ta.crossover(fast, slow) and r > 58.0
shortCondition = ta.crossunder(fast, slow) and r < 42.0
if longCondition and ""long_only"" != ""short_only""
    strategy.entry(""Long"", strategy.long)
if shortCondition and ""long_only"" != ""long_only""
    strategy.entry(""Short"", strategy.short)
if ta.crossunder(fast, slow)
    strategy.close(""Long"")
if ta.crossover(fast, slow)
    strategy.close(""Short"")",False,False,False,False,rejected,False
breakout__atr_filter0.8_directionlong_only_window20,breakout,1039.0,-0.0009938713296182716,0.793430626525888,0.40251459266428524,0,0,"//@version=5
strategy(""breakout__atr_filter0.8_directionlong_only_window20"", overlay=true, process_orders_on_close=true)
breakoutHigh = ta.highest(high, 20)[1]
breakoutLow = ta.lowest(low, 20)[1]
atr14 = ta.atr(14)
rangeRatio = (high - low) / atr14
trendFast = ta.ema(close, 20)
trendSlow = ta.ema(close, 55)
volMean = ta.sma(volume, 30)
longCondition = close > breakoutHigh and rangeRatio > 0.8 and trendFast > trendSlow and volume > volMean
shortCondition = close < breakoutLow and rangeRatio > 0.8 and trendFast < trendSlow and volume > volMean
if longCondition and ""long_only"" != ""short_only""
    strategy.entry(""Long"", strategy.long)
if shortCondition and ""long_only"" != ""long_only""
    strategy.entry(""Short"", strategy.short)",False,False,False,False,rejected,False
trend_ema__directionshort_only_fast21_rsi_threshold58.0_slow34,trend_ema,523.0,-0.0009971992494684264,0.8132963384536313,0.17298586619398215,0,0,"//@version=5
strategy(""trend_ema__directionshort_only_fast21_rsi_threshold58.0_slow34"", overlay=true, process_orders_on_close=true)
fast = ta.ema(close, 21)
slow = ta.ema(close, 34)
r = ta.rsi(close, 14)
longCondition = ta.crossover(fast, slow) and r > 58.0
shortCondition = ta.crossunder(fast, slow) and r < 42.0
if longCondition and ""short_only"" != ""short_only""
    strategy.entry(""Long"", strategy.long)
if shortCondition and ""short_only"" != ""long_only""
    strategy.entry(""Short"", strategy.short)
if ta.crossunder(fast, slow)
    strategy.close(""Long"")
if ta.crossover(fast, slow)
    strategy.close(""Short"")",False,False,False,False,rejected,False
breakout__atr_filter0.8_directionlong_only_window30,breakout,931.0,-0.0010131997004355477,0.8128332501151209,0.4063131034905615,1,1,"//@version=5
strategy(""breakout__atr_filter0.8_directionlong_only_window30"", overlay=true, process_orders_on_close=true)
breakoutHigh = ta.highest(high, 30)[1]
breakoutLow = ta.lowest(low, 30)[1]
atr14 = ta.atr(14)
rangeRatio = (high - low) / atr14
trendFast = ta.ema(close, 20)
trendSlow = ta.ema(close, 55)
volMean = ta.sma(volume, 30)
longCondition = close > breakoutHigh and rangeRatio > 0.8 and trendFast > trendSlow and volume > volMean
shortCondition = close < breakoutLow and rangeRatio > 0.8 and trendFast < trendSlow and volume > volMean
if longCondition and ""long_only"" != ""short_only""
    strategy.entry(""Long"", strategy.long)
if shortCondition and ""long_only"" != ""long_only""
    strategy.entry(""Short"", strategy.short)",False,False,False,False,rejected,False
trend_pullback__fast21_pullback_rsi45.0_slow89,trend_pullback,584.0,-0.001013308491713713,0.6918533202787751,0.16407906151797824,1,1,"//@version=5
strategy(""trend_pullback__fast21_pullback_rsi45.0_slow89"", overlay=true, process_orders_on_close=true)
fast = ta.ema(close, 21)
slow = ta.ema(close, 89)
r = ta.rsi(close, 14)
uptrend = fast > slow
downtrend = fast < slow
longResume = close > fast and close[1] <= fast[1]
shortResume = close < fast and close[1] >= fast[1]
longCondition = uptrend and r[1] < 45.0 and longResume
shortCondition = downtrend and r[1] > 55.0 and shortResume
if longCondition
    strategy.entry(""Long"", strategy.long)
if shortCondition
    strategy.entry(""Short"", strategy.short)",False,False,False,False,rejected,False
breakout__atr_filter0.8_directionlong_only_window55,breakout,772.0,-0.0010271759954925941,0.8305038537692457,0.34901724528711353,1,1,"//@version=5
strategy(""breakout__atr_filter0.8_directionlong_only_window55"", overlay=true, process_orders_on_close=true)
breakoutHigh = ta.highest(high, 55)[1]
breakoutLow = ta.lowest(low, 55)[1]
atr14 = ta.atr(14)
rangeRatio = (high - low) / atr14
trendFast = ta.ema(close, 20)
trendSlow = ta.ema(close, 55)
volMean = ta.sma(volume, 30)
longCondition = close > breakoutHigh and rangeRatio > 0.8 and trendFast > trendSlow and volume > volMean
shortCondition = close < breakoutLow and rangeRatio > 0.8 and trendFast < trendSlow and volume > volMean
if longCondition and ""long_only"" != ""short_only""
    strategy.entry(""Long"", strategy.long)
if shortCondition and ""long_only"" != ""long_only""
    strategy.entry(""Short"", strategy.short)",False,False,False,False,rejected,False
breakout__atr_filter1.2_directionlong_only_window30,breakout,855.0,-0.0010298095367625385,0.8097710088374935,0.4211399782166667,1,1,"//@version=5
strategy(""breakout__atr_filter1.2_directionlong_only_window30"", overlay=true, process_orders_on_close=true)
breakoutHigh = ta.highest(high, 30)[1]
breakoutLow = ta.lowest(low, 30)[1]
atr14 = ta.atr(14)
rangeRatio = (high - low) / atr14
trendFast = ta.ema(close, 20)
trendSlow = ta.ema(close, 55)
volMean = ta.sma(volume, 30)
longCondition = close > breakoutHigh and rangeRatio > 1.2 and trendFast > trendSlow and volume > volMean
shortCondition = close < breakoutLow and rangeRatio > 1.2 and trendFast < trendSlow and volume > volMean
if longCondition and ""long_only"" != ""short_only""
    strategy.entry(""Long"", strategy.long)
if shortCondition and ""long_only"" != ""long_only""
    strategy.entry(""Short"", strategy.short)",False,False,False,False,rejected,False
breakout__atr_filter1.2_directionlong_only_window20,breakout,935.0,-0.0010438925215436178,0.7889707159343914,0.4150037945144138,0,0,"//@version=5
strategy(""breakout__atr_filter1.2_directionlong_only_window20"", overlay=true, process_orders_on_close=true)
breakoutHigh = ta.highest(high, 20)[1]
breakoutLow = ta.lowest(low, 20)[1]
atr14 = ta.atr(14)
rangeRatio = (high - low) / atr14
trendFast = ta.ema(close, 20)
trendSlow = ta.ema(close, 55)
volMean = ta.sma(volume, 30)
longCondition = close > breakoutHigh and rangeRatio > 1.2 and trendFast > trendSlow and volume > volMean
shortCondition = close < breakoutLow and rangeRatio > 1.2 and trendFast < trendSlow and volume > volMean
if longCondition and ""long_only"" != ""short_only""
    strategy.entry(""Long"", strategy.long)
if shortCondition and ""long_only"" != ""long_only""
    strategy.entry(""Short"", strategy.short)",False,False,False,False,rejected,False
breakout__atr_filter1.0_directionboth_window30,breakout,1941.0,-0.0010528350043691565,0.8056707398762715,0.5684425048709412,0,0,"//@version=5
strategy(""breakout__atr_filter1.0_directionboth_window30"", overlay=true, process_orders_on_close=true)
breakoutHigh = ta.highest(high, 30)[1]
breakoutLow = ta.lowest(low, 30)[1]
atr14 = ta.atr(14)
rangeRatio = (high - low) / atr14
trendFast = ta.ema(close, 20)
trendSlow = ta.ema(close, 55)
volMean = ta.sma(volume, 30)
longCondition = close > breakoutHigh and rangeRatio > 1.0 and trendFast > trendSlow and volume > volMean
shortCondition = close < breakoutLow and rangeRatio > 1.0 and trendFast < trendSlow and volume > volMean
if longCondition and ""both"" != ""short_only""
    strategy.entry(""Long"", strategy.long)
if shortCondition and ""both"" != ""long_only""
    strategy.entry(""Short"", strategy.short)",False,False,False,False,rejected,False
trend_ema__directionboth_fast9_rsi_threshold55.0_slow34,trend_ema,1581.0,-0.0010531781336801333,0.7850335701836776,0.44970596939105545,1,1,"//@version=5
strategy(""trend_ema__directionboth_fast9_rsi_threshold55.0_slow34"", overlay=true, process_orders_on_close=true)
fast = ta.ema(close, 9)
slow = ta.ema(close, 34)
r = ta.rsi(close, 14)
longCondition = ta.crossover(fast, slow) and r > 55.0
shortCondition = ta.crossunder(fast, slow) and r < 45.0
if longCondition and ""both"" != ""short_only""
    strategy.entry(""Long"", strategy.long)
if shortCondition and ""both"" != ""long_only""
    strategy.entry(""Short"", strategy.short)
if ta.crossunder(fast, slow)
    strategy.close(""Long"")
if ta.crossover(fast, slow)
    strategy.close(""Short"")",False,False,False,False,rejected,False
trend_ema__directionlong_only_fast12_rsi_threshold52.0_slow89,trend_ema,618.0,-0.0010538992731790647,0.8095587461870252,0.30015444861613383,2,2,"//@version=5
strategy(""trend_ema__directionlong_only_fast12_rsi_threshold52.0_slow89"", overlay=true, process_orders_on_close=true)
fast = ta.ema(close, 12)
slow = ta.ema(close, 89)
r = ta.rsi(close, 14)
longCondition = ta.crossover(fast, slow) and r > 52.0
shortCondition = ta.crossunder(fast, slow) and r < 48.0
if longCondition and ""long_only"" != ""short_only""
    strategy.entry(""Long"", strategy.long)
if shortCondition and ""long_only"" != ""long_only""
    strategy.entry(""Short"", strategy.short)
if ta.crossunder(fast, slow)
    strategy.close(""Long"")
if ta.crossover(fast, slow)
    strategy.close(""Short"")",False,False,False,False,rejected,False
breakout__atr_filter1.2_directionboth_window55,breakout,1519.0,-0.001064359255368025,0.8204833538184434,0.46498567152110504,0,0,"//@version=5
strategy(""breakout__atr_filter1.2_directionboth_window55"", overlay=true, process_orders_on_close=true)
breakoutHigh = ta.highest(high, 55)[1]
breakoutLow = ta.lowest(low, 55)[1]
atr14 = ta.atr(14)
rangeRatio = (high - low) / atr14
trendFast = ta.ema(close, 20)
trendSlow = ta.ema(close, 55)
volMean = ta.sma(volume, 30)
longCondition = close > breakoutHigh and rangeRatio > 1.2 and trendFast > trendSlow and volume > volMean
shortCondition = close < breakoutLow and rangeRatio > 1.2 and trendFast < trendSlow and volume > volMean
if longCondition and ""both"" != ""short_only""
    strategy.entry(""Long"", strategy.long)
if shortCondition and ""both"" != ""long_only""
    strategy.entry(""Short"", strategy.short)",False,False,False,False,rejected,False
trend_ema__directionlong_only_fast12_rsi_threshold55.0_slow55,trend_ema,690.0,-0.0010979757356447807,0.8244210384207816,0.3373832888189626,1,1,"//@version=5
strategy(""trend_ema__directionlong_only_fast12_rsi_threshold55.0_slow55"", overlay=true, process_orders_on_close=true)
fast = ta.ema(close, 12)
slow = ta.ema(close, 55)
r = ta.rsi(close, 14)
longCondition = ta.crossover(fast, slow) and r > 55.0
shortCondition = ta.crossunder(fast, slow) and r < 45.0
if longCondition and ""long_only"" != ""short_only""
    strategy.entry(""Long"", strategy.long)
if shortCondition and ""long_only"" != ""long_only""
    strategy.entry(""Short"", strategy.short)
if ta.crossunder(fast, slow)
    strategy.close(""Long"")
if ta.crossover(fast, slow)
    strategy.close(""Short"")",False,False,False,False,rejected,False
breakout__atr_filter0.8_directionboth_window30,breakout,2007.0,-0.0010993972327319331,0.7972659089509788,0.5967677262699425,0,0,"//@version=5
strategy(""breakout__atr_filter0.8_directionboth_window30"", overlay=true, process_orders_on_close=true)
breakoutHigh = ta.highest(high, 30)[1]
breakoutLow = ta.lowest(low, 30)[1]
atr14 = ta.atr(14)
rangeRatio = (high - low) / atr14
trendFast = ta.ema(close, 20)
trendSlow = ta.ema(close, 55)
volMean = ta.sma(volume, 30)
longCondition = close > breakoutHigh and rangeRatio > 0.8 and trendFast > trendSlow and volume > volMean
shortCondition = close < breakoutLow and rangeRatio > 0.8 and trendFast < trendSlow and volume > volMean
if longCondition and ""both"" != ""short_only""
    strategy.entry(""Long"", strategy.long)
if shortCondition and ""both"" != ""long_only""
    strategy.entry(""Short"", strategy.short)",False,False,False,False,rejected,False
mean_reversion__bb_window30_rsi_threshold30.0_z_score2.0,mean_reversion,1595.0,-0.0011003437468672026,0.796300696036787,0.3868985170006872,0,0,"//@version=5
strategy(""mean_reversion__bb_window30_rsi_threshold30.0_z_score2.0"", overlay=true, process_orders_on_close=true)
basis = ta.sma(close, 30)
dev = ta.stdev(close, 30) * 2.0
upper = basis + dev
lower = basis - dev
r = ta.rsi(close, 14)
trendSpread = math.abs(ta.ema(close, 20) - ta.ema(close, 50)) / close
longCondition = close < lower and r < 30.0 and trendSpread < 0.02
shortCondition = close > upper and r > 70.0 and trendSpread < 0.02
if longCondition
    strategy.entry(""Long"", strategy.long)
if shortCondition
    strategy.entry(""Short"", strategy.short)",False,False,False,False,rejected,False
breakout__atr_filter1.0_directionboth_window20,breakout,2175.0,-0.0011007939923934724,0.7762118201442022,0.5420168711534674,0,0,"//@version=5
strategy(""breakout__atr_filter1.0_directionboth_window20"", overlay=true, process_orders_on_close=true)
breakoutHigh = ta.highest(high, 20)[1]
breakoutLow = ta.lowest(low, 20)[1]
atr14 = ta.atr(14)
rangeRatio = (high - low) / atr14
trendFast = ta.ema(close, 20)
trendSlow = ta.ema(close, 55)
volMean = ta.sma(volume, 30)
longCondition = close > breakoutHigh and rangeRatio > 1.0 and trendFast > trendSlow and volume > volMean
shortCondition = close < breakoutLow and rangeRatio > 1.0 and trendFast < trendSlow and volume > volMean
if longCondition and ""both"" != ""short_only""
    strategy.entry(""Long"", strategy.long)
if shortCondition and ""both"" != ""long_only""
    strategy.entry(""Short"", strategy.short)",False,False,False,False,rejected,False
breakout__atr_filter0.8_directionboth_window20,breakout,2255.0,-0.0011008561147364865,0.7769387239594839,0.6057282262259245,0,0,"//@version=5
strategy(""breakout__atr_filter0.8_directionboth_window20"", overlay=true, process_orders_on_close=true)
breakoutHigh = ta.highest(high, 20)[1]
breakoutLow = ta.lowest(low, 20)[1]
atr14 = ta.atr(14)
rangeRatio = (high - low) / atr14
trendFast = ta.ema(close, 20)
trendSlow = ta.ema(close, 55)
volMean = ta.sma(volume, 30)
longCondition = close > breakoutHigh and rangeRatio > 0.8 and trendFast > trendSlow and volume > volMean
shortCondition = close < breakoutLow and rangeRatio > 0.8 and trendFast < trendSlow and volume > volMean
if longCondition and ""both"" != ""short_only""
    strategy.entry(""Long"", strategy.long)
if shortCondition and ""both"" != ""long_only""
    strategy.entry(""Short"", strategy.short)",False,False,False,False,rejected,False
trend_ema__directionboth_fast21_rsi_threshold58.0_slow34,trend_ema,1002.0,-0.0011119450930543809,0.802680604765984,0.349516878343867,1,1,"//@version=5
strategy(""trend_ema__directionboth_fast21_rsi_threshold58.0_slow34"", overlay=true, process_orders_on_close=true)
fast = ta.ema(close, 21)
slow = ta.ema(close, 34)
r = ta.rsi(close, 14)
longCondition = ta.crossover(fast, slow) and r > 58.0
shortCondition = ta.crossunder(fast, slow) and r < 42.0
if longCondition and ""both"" != ""short_only""
    strategy.entry(""Long"", strategy.long)
if shortCondition and ""both"" != ""long_only""
    strategy.entry(""Short"", strategy.short)
if ta.crossunder(fast, slow)
    strategy.close(""Long"")
if ta.crossover(fast, slow)
    strategy.close(""Short"")",False,False,False,False,rejected,False
trend_ema__directionlong_only_fast12_rsi_threshold52.0_slow55,trend_ema,832.0,-0.0011129875115624924,0.806095979085179,0.3640232975704588,1,1,"//@version=5
strategy(""trend_ema__directionlong_only_fast12_rsi_threshold52.0_slow55"", overlay=true, process_orders_on_close=true)
fast = ta.ema(close, 12)
slow = ta.ema(close, 55)
r = ta.rsi(close, 14)
longCondition = ta.crossover(fast, slow) and r > 52.0
shortCondition = ta.crossunder(fast, slow) and r < 48.0
if longCondition and ""long_only"" != ""short_only""
    strategy.entry(""Long"", strategy.long)
if shortCondition and ""long_only"" != ""long_only""
    strategy.entry(""Short"", strategy.short)
if ta.crossunder(fast, slow)
    strategy.close(""Long"")
if ta.crossover(fast, slow)
    strategy.close(""Short"")",False,False,False,False,rejected,False
trend_pullback__fast21_pullback_rsi45.0_slow55,trend_pullback,466.0,-0.0011175064743980119,0.6758097656135793,0.15616958694386252,1,1,"//@version=5
strategy(""trend_pullback__fast21_pullback_rsi45.0_slow55"", overlay=true, process_orders_on_close=true)
fast = ta.ema(close, 21)
slow = ta.ema(close, 55)
r = ta.rsi(close, 14)
uptrend = fast > slow
downtrend = fast < slow
longResume = close > fast and close[1] <= fast[1]
shortResume = close < fast and close[1] >= fast[1]
longCondition = uptrend and r[1] < 45.0 and longResume
shortCondition = downtrend and r[1] > 55.0 and shortResume
if longCondition
    strategy.entry(""Long"", strategy.long)
if shortCondition
    strategy.entry(""Short"", strategy.short)",False,False,False,False,rejected,False
breakout__atr_filter1.0_directionshort_only_window30,breakout,1041.0,-0.0011262627828070965,0.7978384095668,0.31972627453327973,0,0,"//@version=5
strategy(""breakout__atr_filter1.0_directionshort_only_window30"", overlay=true, process_orders_on_close=true)
breakoutHigh = ta.highest(high, 30)[1]
breakoutLow = ta.lowest(low, 30)[1]
atr14 = ta.atr(14)
rangeRatio = (high - low) / atr14
trendFast = ta.ema(close, 20)
trendSlow = ta.ema(close, 55)
volMean = ta.sma(volume, 30)
longCondition = close > breakoutHigh and rangeRatio > 1.0 and trendFast > trendSlow and volume > volMean
shortCondition = close < breakoutLow and rangeRatio > 1.0 and trendFast < trendSlow and volume > volMean
if longCondition and ""short_only"" != ""short_only""
    strategy.entry(""Long"", strategy.long)
if shortCondition and ""short_only"" != ""long_only""
    strategy.entry(""Short"", strategy.short)",False,False,False,False,rejected,False
trend_ema__directionlong_only_fast9_rsi_threshold52.0_slow89,trend_ema,696.0,-0.001127268258146836,0.7870981667715928,0.36346890482115124,1,1,"//@version=5
strategy(""trend_ema__directionlong_only_fast9_rsi_threshold52.0_slow89"", overlay=true, process_orders_on_close=true)
fast = ta.ema(close, 9)
slow = ta.ema(close, 89)
r = ta.rsi(close, 14)
longCondition = ta.crossover(fast, slow) and r > 52.0
shortCondition = ta.crossunder(fast, slow) and r < 48.0
if longCondition and ""long_only"" != ""short_only""
    strategy.entry(""Long"", strategy.long)
if shortCondition and ""long_only"" != ""long_only""
    strategy.entry(""Short"", strategy.short)
if ta.crossunder(fast, slow)
    strategy.close(""Long"")
if ta.crossover(fast, slow)
    strategy.close(""Short"")",False,False,False,False,rejected,False
trend_ema__directionlong_only_fast9_rsi_threshold58.0_slow55,trend_ema,560.0,-0.0011369277034303782,0.8000220458780878,0.2768064219186489,2,2,"//@version=5
strategy(""trend_ema__directionlong_only_fast9_rsi_threshold58.0_slow55"", overlay=true, process_orders_on_close=true)
fast = ta.ema(close, 9)
slow = ta.ema(close, 55)
r = ta.rsi(close, 14)
longCondition = ta.crossover(fast, slow) and r > 58.0
shortCondition = ta.crossunder(fast, slow) and r < 42.0
if longCondition and ""long_only"" != ""short_only""
    strategy.entry(""Long"", strategy.long)
if shortCondition and ""long_only"" != ""long_only""
    strategy.entry(""Short"", strategy.short)
if ta.crossunder(fast, slow)
    strategy.close(""Long"")
if ta.crossover(fast, slow)
    strategy.close(""Short"")",False,False,False,False,rejected,False
mean_reversion__bb_window20_rsi_threshold35.0_z_score2.0,mean_reversion,2398.0,-0.0011376262732172152,0.7652600547707954,0.5208238573557687,1,1,"//@version=5
strategy(""mean_reversion__bb_window20_rsi_threshold35.0_z_score2.0"", overlay=true, process_orders_on_close=true)
basis = ta.sma(close, 20)
dev = ta.stdev(close, 20) * 2.0
upper = basis + dev
lower = basis - dev
r = ta.rsi(close, 14)
trendSpread = math.abs(ta.ema(close, 20) - ta.ema(close, 50)) / close
longCondition = close < lower and r < 35.0 and trendSpread < 0.02
shortCondition = close > upper and r > 65.0 and trendSpread < 0.02
if longCondition
    strategy.entry(""Long"", strategy.long)
if shortCondition
    strategy.entry(""Short"", strategy.short)",False,False,False,False,rejected,False
breakout__atr_filter0.8_directionshort_only_window30,breakout,1076.0,-0.0011462680499637124,0.7913741370913394,0.3463980259234909,0,0,"//@version=5
strategy(""breakout__atr_filter0.8_directionshort_only_window30"", overlay=true, process_orders_on_close=true)
breakoutHigh = ta.highest(high, 30)[1]
breakoutLow = ta.lowest(low, 30)[1]
atr14 = ta.atr(14)
rangeRatio = (high - low) / atr14
trendFast = ta.ema(close, 20)
trendSlow = ta.ema(close, 55)
volMean = ta.sma(volume, 30)
longCondition = close > breakoutHigh and rangeRatio > 0.8 and trendFast > trendSlow and volume > volMean
shortCondition = close < breakoutLow and rangeRatio > 0.8 and trendFast < trendSlow and volume > volMean
if longCondition and ""short_only"" != ""short_only""
    strategy.entry(""Long"", strategy.long)
if shortCondition and ""short_only"" != ""long_only""
    strategy.entry(""Short"", strategy.short)",False,False,False,False,rejected,False
breakout__atr_filter0.8_directionshort_only_window20,breakout,1216.0,-0.0011561504842906778,0.77142768972171,0.3577553974624501,0,0,"//@version=5
strategy(""breakout__atr_filter0.8_directionshort_only_window20"", overlay=true, process_orders_on_close=true)
breakoutHigh = ta.highest(high, 20)[1]
breakoutLow = ta.lowest(low, 20)[1]
atr14 = ta.atr(14)
rangeRatio = (high - low) / atr14
trendFast = ta.ema(close, 20)
trendSlow = ta.ema(close, 55)
volMean = ta.sma(volume, 30)
longCondition = close > breakoutHigh and rangeRatio > 0.8 and trendFast > trendSlow and volume > volMean
shortCondition = close < breakoutLow and rangeRatio > 0.8 and trendFast < trendSlow and volume > volMean
if longCondition and ""short_only"" != ""short_only""
    strategy.entry(""Long"", strategy.long)
if shortCondition and ""short_only"" != ""long_only""
    strategy.entry(""Short"", strategy.short)",False,False,False,False,rejected,False
trend_ema__directionlong_only_fast9_rsi_threshold55.0_slow89,trend_ema,602.0,-0.0011622403512072498,0.7821040002938818,0.30588605215210196,1,1,"//@version=5
strategy(""trend_ema__directionlong_only_fast9_rsi_threshold55.0_slow89"", overlay=true, process_orders_on_close=true)
fast = ta.ema(close, 9)
slow = ta.ema(close, 89)
r = ta.rsi(close, 14)
longCondition = ta.crossover(fast, slow) and r > 55.0
shortCondition = ta.crossunder(fast, slow) and r < 45.0
if longCondition and ""long_only"" != ""short_only""
    strategy.entry(""Long"", strategy.long)
if shortCondition and ""long_only"" != ""long_only""
    strategy.entry(""Short"", strategy.short)
if ta.crossunder(fast, slow)
    strategy.close(""Long"")
if ta.crossover(fast, slow)
    strategy.close(""Short"")",False,False,False,False,rejected,False
breakout__atr_filter1.2_directionboth_window30,breakout,1822.0,-0.0011683092867824753,0.7838206127063496,0.532009002488312,0,0,"//@version=5
strategy(""breakout__atr_filter1.2_directionboth_window30"", overlay=true, process_orders_on_close=true)
breakoutHigh = ta.highest(high, 30)[1]
breakoutLow = ta.lowest(low, 30)[1]
atr14 = ta.atr(14)
rangeRatio = (high - low) / atr14
trendFast = ta.ema(close, 20)
trendSlow = ta.ema(close, 55)
volMean = ta.sma(volume, 30)
longCondition = close > breakoutHigh and rangeRatio > 1.2 and trendFast > trendSlow and volume > volMean
shortCondition = close < breakoutLow and rangeRatio > 1.2 and trendFast < trendSlow and volume > volMean
if longCondition and ""both"" != ""short_only""
    strategy.entry(""Long"", strategy.long)
if shortCondition and ""both"" != ""long_only""
    strategy.entry(""Short"", strategy.short)",False,False,False,False,rejected,False
trend_pullback__fast34_pullback_rsi48.0_slow55,trend_pullback,2289.0,-0.0011734373515889314,0.6573860818558378,0.5139677492584922,0,0,"//@version=5
strategy(""trend_pullback__fast34_pullback_rsi48.0_slow55"", overlay=true, process_orders_on_close=true)
fast = ta.ema(close, 34)
slow = ta.ema(close, 55)
r = ta.rsi(close, 14)
uptrend = fast > slow
downtrend = fast < slow
longResume = close > fast and close[1] <= fast[1]
shortResume = close < fast and close[1] >= fast[1]
longCondition = uptrend and r[1] < 48.0 and longResume
shortCondition = downtrend and r[1] > 52.0 and shortResume
if longCondition
    strategy.entry(""Long"", strategy.long)
if shortCondition
    strategy.entry(""Short"", strategy.short)",False,False,False,False,rejected,False
trend_ema__directionlong_only_fast21_rsi_threshold52.0_slow55,trend_ema,624.0,-0.001192471375714139,0.790048752036118,0.3237636346533431,2,2,"//@version=5
strategy(""trend_ema__directionlong_only_fast21_rsi_threshold52.0_slow55"", overlay=true, process_orders_on_close=true)
fast = ta.ema(close, 21)
slow = ta.ema(close, 55)
r = ta.rsi(close, 14)
longCondition = ta.crossover(fast, slow) and r > 52.0
shortCondition = ta.crossunder(fast, slow) and r < 48.0
if longCondition and ""long_only"" != ""short_only""
    strategy.entry(""Long"", strategy.long)
if shortCondition and ""long_only"" != ""long_only""
    strategy.entry(""Short"", strategy.short)
if ta.crossunder(fast, slow)
    strategy.close(""Long"")
if ta.crossover(fast, slow)
    strategy.close(""Short"")",False,False,False,False,rejected,False
breakout__atr_filter1.0_directionshort_only_window20,breakout,1176.0,-0.0011932400041669803,0.7666151111565559,0.31785466253542105,0,0,"//@version=5
strategy(""breakout__atr_filter1.0_directionshort_only_window20"", overlay=true, process_orders_on_close=true)
breakoutHigh = ta.highest(high, 20)[1]
breakoutLow = ta.lowest(low, 20)[1]
atr14 = ta.atr(14)
rangeRatio = (high - low) / atr14
trendFast = ta.ema(close, 20)
trendSlow = ta.ema(close, 55)
volMean = ta.sma(volume, 30)
longCondition = close > breakoutHigh and rangeRatio > 1.0 and trendFast > trendSlow and volume > volMean
shortCondition = close < breakoutLow and rangeRatio > 1.0 and trendFast < trendSlow and volume > volMean
if longCondition and ""short_only"" != ""short_only""
    strategy.entry(""Long"", strategy.long)
if shortCondition and ""short_only"" != ""long_only""
    strategy.entry(""Short"", strategy.short)",False,False,False,False,rejected,False
trend_ema__directionlong_only_fast21_rsi_threshold55.0_slow34,trend_ema,684.0,-0.001198860595326812,0.7967623694951952,0.35073814869281983,2,2,"//@version=5
strategy(""trend_ema__directionlong_only_fast21_rsi_threshold55.0_slow34"", overlay=true, process_orders_on_close=true)
fast = ta.ema(close, 21)
slow = ta.ema(close, 34)
r = ta.rsi(close, 14)
longCondition = ta.crossover(fast, slow) and r > 55.0
shortCondition = ta.crossunder(fast, slow) and r < 45.0
if longCondition and ""long_only"" != ""short_only""
    strategy.entry(""Long"", strategy.long)
if shortCondition and ""long_only"" != ""long_only""
    strategy.entry(""Short"", strategy.short)
if ta.crossunder(fast, slow)
    strategy.close(""Long"")
if ta.crossover(fast, slow)
    strategy.close(""Short"")",False,False,False,False,rejected,False
breakout__atr_filter1.2_directionboth_window20,breakout,2024.0,-0.0012135350178380097,0.7561315586769056,0.5085035444874808,0,0,"//@version=5
strategy(""breakout__atr_filter1.2_directionboth_window20"", overlay=true, process_orders_on_close=true)
breakoutHigh = ta.highest(high, 20)[1]
breakoutLow = ta.lowest(low, 20)[1]
atr14 = ta.atr(14)
rangeRatio = (high - low) / atr14
trendFast = ta.ema(close, 20)
trendSlow = ta.ema(close, 55)
volMean = ta.sma(volume, 30)
longCondition = close > breakoutHigh and rangeRatio > 1.2 and trendFast > trendSlow and volume > volMean
shortCondition = close < breakoutLow and rangeRatio > 1.2 and trendFast < trendSlow and volume > volMean
if longCondition and ""both"" != ""short_only""
    strategy.entry(""Long"", strategy.long)
if shortCondition and ""both"" != ""long_only""
    strategy.entry(""Short"", strategy.short)",False,False,False,False,rejected,False
trend_ema__directionlong_only_fast12_rsi_threshold58.0_slow34,trend_ema,558.0,-0.0012180484334467622,0.7773615633210689,0.30565306104119794,2,2,"//@version=5
strategy(""trend_ema__directionlong_only_fast12_rsi_threshold58.0_slow34"", overlay=true, process_orders_on_close=true)
fast = ta.ema(close, 12)
slow = ta.ema(close, 34)
r = ta.rsi(close, 14)
longCondition = ta.crossover(fast, slow) and r > 58.0
shortCondition = ta.crossunder(fast, slow) and r < 42.0
if longCondition and ""long_only"" != ""short_only""
    strategy.entry(""Long"", strategy.long)
if shortCondition and ""long_only"" != ""long_only""
    strategy.entry(""Short"", strategy.short)
if ta.crossunder(fast, slow)
    strategy.close(""Long"")
if ta.crossover(fast, slow)
    strategy.close(""Short"")",False,False,False,False,rejected,False
mean_reversion__bb_window20_rsi_threshold35.0_z_score1.5,mean_reversion,3179.0,-0.0012264012787110087,0.7520078277606196,0.624259601890703,0,0,"//@version=5
strategy(""mean_reversion__bb_window20_rsi_threshold35.0_z_score1.5"", overlay=true, process_orders_on_close=true)
basis = ta.sma(close, 20)
dev = ta.stdev(close, 20) * 1.5
upper = basis + dev
lower = basis - dev
r = ta.rsi(close, 14)
trendSpread = math.abs(ta.ema(close, 20) - ta.ema(close, 50)) / close
longCondition = close < lower and r < 35.0 and trendSpread < 0.02
shortCondition = close > upper and r > 65.0 and trendSpread < 0.02
if longCondition
    strategy.entry(""Long"", strategy.long)
if shortCondition
    strategy.entry(""Short"", strategy.short)",False,False,False,False,rejected,False
mean_reversion__bb_window30_rsi_threshold35.0_z_score2.0,mean_reversion,2618.0,-0.0012329827691758052,0.7680119925869789,0.5239869520110633,0,0,"//@version=5
strategy(""mean_reversion__bb_window30_rsi_threshold35.0_z_score2.0"", overlay=true, process_orders_on_close=true)
basis = ta.sma(close, 30)
dev = ta.stdev(close, 30) * 2.0
upper = basis + dev
lower = basis - dev
r = ta.rsi(close, 14)
trendSpread = math.abs(ta.ema(close, 20) - ta.ema(close, 50)) / close
longCondition = close < lower and r < 35.0 and trendSpread < 0.02
shortCondition = close > upper and r > 65.0 and trendSpread < 0.02
if longCondition
    strategy.entry(""Long"", strategy.long)
if shortCondition
    strategy.entry(""Short"", strategy.short)",False,False,False,False,rejected,False
mean_reversion__bb_window30_rsi_threshold30.0_z_score1.5,mean_reversion,1814.0,-0.0012483685275868248,0.7747764156078384,0.46426942276266003,0,0,"//@version=5
strategy(""mean_reversion__bb_window30_rsi_threshold30.0_z_score1.5"", overlay=true, process_orders_on_close=true)
basis = ta.sma(close, 30)
dev = ta.stdev(close, 30) * 1.5
upper = basis + dev
lower = basis - dev
r = ta.rsi(close, 14)
trendSpread = math.abs(ta.ema(close, 20) - ta.ema(close, 50)) / close
longCondition = close < lower and r < 30.0 and trendSpread < 0.02
shortCondition = close > upper and r > 70.0 and trendSpread < 0.02
if longCondition
    strategy.entry(""Long"", strategy.long)
if shortCondition
    strategy.entry(""Short"", strategy.short)",False,False,False,False,rejected,False
trend_ema__directionlong_only_fast21_rsi_threshold55.0_slow55,trend_ema,554.0,-0.0012484897625763016,0.7885707677309682,0.3016991831131818,1,1,"//@version=5
strategy(""trend_ema__directionlong_only_fast21_rsi_threshold55.0_slow55"", overlay=true, process_orders_on_close=true)
fast = ta.ema(close, 21)
slow = ta.ema(close, 55)
r = ta.rsi(close, 14)
longCondition = ta.crossover(fast, slow) and r > 55.0
shortCondition = ta.crossunder(fast, slow) and r < 45.0
if longCondition and ""long_only"" != ""short_only""
    strategy.entry(""Long"", strategy.long)
if shortCondition and ""long_only"" != ""long_only""
    strategy.entry(""Short"", strategy.short)
if ta.crossunder(fast, slow)
    strategy.close(""Long"")
if ta.crossover(fast, slow)
    strategy.close(""Short"")",False,False,False,False,rejected,False
trend_pullback__fast34_pullback_rsi48.0_slow89,trend_pullback,2322.0,-0.0012574018341247463,0.6356966768028885,0.5164442289734416,0,0,"//@version=5
strategy(""trend_pullback__fast34_pullback_rsi48.0_slow89"", overlay=true, process_orders_on_close=true)
fast = ta.ema(close, 34)
slow = ta.ema(close, 89)
r = ta.rsi(close, 14)
uptrend = fast > slow
downtrend = fast < slow
longResume = close > fast and close[1] <= fast[1]
shortResume = close < fast and close[1] >= fast[1]
longCondition = uptrend and r[1] < 48.0 and longResume
shortCondition = downtrend and r[1] > 52.0 and shortResume
if longCondition
    strategy.entry(""Long"", strategy.long)
if shortCondition
    strategy.entry(""Short"", strategy.short)",False,False,False,False,rejected,False
breakout__atr_filter1.2_directionshort_only_window30,breakout,967.0,-0.0012692547331016812,0.7682919180627003,0.2834949597053009,0,0,"//@version=5
strategy(""breakout__atr_filter1.2_directionshort_only_window30"", overlay=true, process_orders_on_close=true)
breakoutHigh = ta.highest(high, 30)[1]
breakoutLow = ta.lowest(low, 30)[1]
atr14 = ta.atr(14)
rangeRatio = (high - low) / atr14
trendFast = ta.ema(close, 20)
trendSlow = ta.ema(close, 55)
volMean = ta.sma(volume, 30)
longCondition = close > breakoutHigh and rangeRatio > 1.2 and trendFast > trendSlow and volume > volMean
shortCondition = close < breakoutLow and rangeRatio > 1.2 and trendFast < trendSlow and volume > volMean
if longCondition and ""short_only"" != ""short_only""
    strategy.entry(""Long"", strategy.long)
if shortCondition and ""short_only"" != ""long_only""
    strategy.entry(""Short"", strategy.short)",False,False,False,False,rejected,False
trend_pullback__fast21_pullback_rsi48.0_slow55,trend_pullback,1457.0,-0.0012754463928819086,0.6207100366081901,0.3978060465998452,0,0,"//@version=5
strategy(""trend_pullback__fast21_pullback_rsi48.0_slow55"", overlay=true, process_orders_on_close=true)
fast = ta.ema(close, 21)
slow = ta.ema(close, 55)
r = ta.rsi(close, 14)
uptrend = fast > slow
downtrend = fast < slow
longResume = close > fast and close[1] <= fast[1]
shortResume = close < fast and close[1] >= fast[1]
longCondition = uptrend and r[1] < 48.0 and longResume
shortCondition = downtrend and r[1] > 52.0 and shortResume
if longCondition
    strategy.entry(""Long"", strategy.long)
if shortCondition
    strategy.entry(""Short"", strategy.short)",False,False,False,False,rejected,False
breakout__atr_filter1.2_directionlong_only_window55,breakout,716.0,-0.0012932526677237929,0.7868790056891432,0.39936431766245684,0,0,"//@version=5
strategy(""breakout__atr_filter1.2_directionlong_only_window55"", overlay=true, process_orders_on_close=true)
breakoutHigh = ta.highest(high, 55)[1]
breakoutLow = ta.lowest(low, 55)[1]
atr14 = ta.atr(14)
rangeRatio = (high - low) / atr14
trendFast = ta.ema(close, 20)
trendSlow = ta.ema(close, 55)
volMean = ta.sma(volume, 30)
longCondition = close > breakoutHigh and rangeRatio > 1.2 and trendFast > trendSlow and volume > volMean
shortCondition = close < breakoutLow and rangeRatio > 1.2 and trendFast < trendSlow and volume > volMean
if longCondition and ""long_only"" != ""short_only""
    strategy.entry(""Long"", strategy.long)
if shortCondition and ""long_only"" != ""long_only""
    strategy.entry(""Short"", strategy.short)",False,False,False,False,rejected,False
trend_ema__directionlong_only_fast21_rsi_threshold58.0_slow34,trend_ema,494.0,-0.0012987652469986298,0.797492850623717,0.2584229416536584,2,2,"//@version=5
strategy(""trend_ema__directionlong_only_fast21_rsi_threshold58.0_slow34"", overlay=true, process_orders_on_close=true)
fast = ta.ema(close, 21)
slow = ta.ema(close, 34)
r = ta.rsi(close, 14)
longCondition = ta.crossover(fast, slow) and r > 58.0
shortCondition = ta.crossunder(fast, slow) and r < 42.0
if longCondition and ""long_only"" != ""short_only""
    strategy.entry(""Long"", strategy.long)
if shortCondition and ""long_only"" != ""long_only""
    strategy.entry(""Short"", strategy.short)
if ta.crossunder(fast, slow)
    strategy.close(""Long"")
if ta.crossover(fast, slow)
    strategy.close(""Short"")",False,False,False,False,rejected,False
trend_ema__directionlong_only_fast21_rsi_threshold52.0_slow34,trend_ema,800.0,-0.0013023035156896979,0.7671060834366544,0.38493207820017217,1,1,"//@version=5
strategy(""trend_ema__directionlong_only_fast21_rsi_threshold52.0_slow34"", overlay=true, process_orders_on_close=true)
fast = ta.ema(close, 21)
slow = ta.ema(close, 34)
r = ta.rsi(close, 14)
longCondition = ta.crossover(fast, slow) and r > 52.0
shortCondition = ta.crossunder(fast, slow) and r < 48.0
if longCondition and ""long_only"" != ""short_only""
    strategy.entry(""Long"", strategy.long)
if shortCondition and ""long_only"" != ""long_only""
    strategy.entry(""Short"", strategy.short)
if ta.crossunder(fast, slow)
    strategy.close(""Long"")
if ta.crossover(fast, slow)
    strategy.close(""Short"")",False,False,False,False,rejected,False
breakout__atr_filter1.2_directionshort_only_window20,breakout,1089.0,-0.001324928232128786,0.7386679461457547,0.3198717131957699,0,0,"//@version=5
strategy(""breakout__atr_filter1.2_directionshort_only_window20"", overlay=true, process_orders_on_close=true)
breakoutHigh = ta.highest(high, 20)[1]
breakoutLow = ta.lowest(low, 20)[1]
atr14 = ta.atr(14)
rangeRatio = (high - low) / atr14
trendFast = ta.ema(close, 20)
trendSlow = ta.ema(close, 55)
volMean = ta.sma(volume, 30)
longCondition = close > breakoutHigh and rangeRatio > 1.2 and trendFast > trendSlow and volume > volMean
shortCondition = close < breakoutLow and rangeRatio > 1.2 and trendFast < trendSlow and volume > volMean
if longCondition and ""short_only"" != ""short_only""
    strategy.entry(""Long"", strategy.long)
if shortCondition and ""short_only"" != ""long_only""
    strategy.entry(""Short"", strategy.short)",False,False,False,False,rejected,False
trend_pullback__fast21_pullback_rsi48.0_slow89,trend_pullback,1676.0,-0.001330536869637,0.6017563979643462,0.40848924443066925,0,0,"//@version=5
strategy(""trend_pullback__fast21_pullback_rsi48.0_slow89"", overlay=true, process_orders_on_close=true)
fast = ta.ema(close, 21)
slow = ta.ema(close, 89)
r = ta.rsi(close, 14)
uptrend = fast > slow
downtrend = fast < slow
longResume = close > fast and close[1] <= fast[1]
shortResume = close < fast and close[1] >= fast[1]
longCondition = uptrend and r[1] < 48.0 and longResume
shortCondition = downtrend and r[1] > 52.0 and shortResume
if longCondition
    strategy.entry(""Long"", strategy.long)
if shortCondition
    strategy.entry(""Short"", strategy.short)",False,False,False,False,rejected,False
mean_reversion__bb_window30_rsi_threshold35.0_z_score1.5,mean_reversion,3170.0,-0.00133552857537226,0.7483618723443718,0.6661275291103294,0,0,"//@version=5
strategy(""mean_reversion__bb_window30_rsi_threshold35.0_z_score1.5"", overlay=true, process_orders_on_close=true)
basis = ta.sma(close, 30)
dev = ta.stdev(close, 30) * 1.5
upper = basis + dev
lower = basis - dev
r = ta.rsi(close, 14)
trendSpread = math.abs(ta.ema(close, 20) - ta.ema(close, 50)) / close
longCondition = close < lower and r < 35.0 and trendSpread < 0.02
shortCondition = close > upper and r > 65.0 and trendSpread < 0.02
if longCondition
    strategy.entry(""Long"", strategy.long)
if shortCondition
    strategy.entry(""Short"", strategy.short)",False,False,False,False,rejected,False
trend_ema__directionlong_only_fast21_rsi_threshold58.0_slow55,trend_ema,433.0,-0.0013654687030056217,0.784469781786551,0.2968981432299821,1,1,"//@version=5
strategy(""trend_ema__directionlong_only_fast21_rsi_threshold58.0_slow55"", overlay=true, process_orders_on_close=true)
fast = ta.ema(close, 21)
slow = ta.ema(close, 55)
r = ta.rsi(close, 14)
longCondition = ta.crossover(fast, slow) and r > 58.0
shortCondition = ta.crossunder(fast, slow) and r < 42.0
if longCondition and ""long_only"" != ""short_only""
    strategy.entry(""Long"", strategy.long)
if shortCondition and ""long_only"" != ""long_only""
    strategy.entry(""Short"", strategy.short)
if ta.crossunder(fast, slow)
    strategy.close(""Long"")
if ta.crossover(fast, slow)
    strategy.close(""Short"")",False,False,False,False,rejected,False
trend_ema__directionlong_only_fast9_rsi_threshold55.0_slow55,trend_ema,779.0,-0.001370061216389029,0.7515753475271122,0.3189483922745281,0,0,"//@version=5
strategy(""trend_ema__directionlong_only_fast9_rsi_threshold55.0_slow55"", overlay=true, process_orders_on_close=true)
fast = ta.ema(close, 9)
slow = ta.ema(close, 55)
r = ta.rsi(close, 14)
longCondition = ta.crossover(fast, slow) and r > 55.0
shortCondition = ta.crossunder(fast, slow) and r < 45.0
if longCondition and ""long_only"" != ""short_only""
    strategy.entry(""Long"", strategy.long)
if shortCondition and ""long_only"" != ""long_only""
    strategy.entry(""Short"", strategy.short)
if ta.crossunder(fast, slow)
    strategy.close(""Long"")
if ta.crossover(fast, slow)
    strategy.close(""Short"")",False,False,False,False,rejected,False
vol_squeeze__squeeze_threshold0.25_volume_z_threshold1.0_window30,vol_squeeze,469.0,-0.0014093641478688393,0.7327127555018659,0.2170461792298175,0,0,"//@version=5
strategy(""vol_squeeze__squeeze_threshold0.25_volume_z_threshold1.0_window30"", overlay=true, process_orders_on_close=true)
basis = ta.sma(close, 30)
dev = ta.stdev(close, 30) * 2.0
upper = basis + dev
lower = basis - dev
bandwidth = (upper - lower) / basis
squeeze = ta.percentrank(bandwidth, 80) < 25.0
volZ = (volume - ta.sma(volume, 30)) / ta.stdev(volume, 30)
breakoutHigh = ta.highest(high, 30)[1]
breakoutLow = ta.lowest(low, 30)[1]
trendFast = ta.ema(close, 20)
trendSlow = ta.ema(close, 55)
longCondition = squeeze[1] and close > breakoutHigh and volZ > 1.0 and trendFast > trendSlow
shortCondition = squeeze[1] and close < breakoutLow and volZ > 1.0 and trendFast < trendSlow
if longCondition
    strategy.entry(""Long"", strategy.long)
if shortCondition
    strategy.entry(""Short"", strategy.short)",False,False,False,False,rejected,False
vol_squeeze__squeeze_threshold0.25_volume_z_threshold0.5_window30,vol_squeeze,505.0,-0.0014094329101765897,0.7352821410733604,0.25929525404320153,0,0,"//@version=5
strategy(""vol_squeeze__squeeze_threshold0.25_volume_z_threshold0.5_window30"", overlay=true, process_orders_on_close=true)
basis = ta.sma(close, 30)
dev = ta.stdev(close, 30) * 2.0
upper = basis + dev
lower = basis - dev
bandwidth = (upper - lower) / basis
squeeze = ta.percentrank(bandwidth, 80) < 25.0
volZ = (volume - ta.sma(volume, 30)) / ta.stdev(volume, 30)
breakoutHigh = ta.highest(high, 30)[1]
breakoutLow = ta.lowest(low, 30)[1]
trendFast = ta.ema(close, 20)
trendSlow = ta.ema(close, 55)
longCondition = squeeze[1] and close > breakoutHigh and volZ > 0.5 and trendFast > trendSlow
shortCondition = squeeze[1] and close < breakoutLow and volZ > 0.5 and trendFast < trendSlow
if longCondition
    strategy.entry(""Long"", strategy.long)
if shortCondition
    strategy.entry(""Short"", strategy.short)",False,False,False,False,rejected,False
mean_reversion__bb_window20_rsi_threshold30.0_z_score1.5,mean_reversion,1782.0,-0.0014179611865981691,0.7355283850262753,0.5020633147392299,0,0,"//@version=5
strategy(""mean_reversion__bb_window20_rsi_threshold30.0_z_score1.5"", overlay=true, process_orders_on_close=true)
basis = ta.sma(close, 20)
dev = ta.stdev(close, 20) * 1.5
upper = basis + dev
lower = basis - dev
r = ta.rsi(close, 14)
trendSpread = math.abs(ta.ema(close, 20) - ta.ema(close, 50)) / close
longCondition = close < lower and r < 30.0 and trendSpread < 0.02
shortCondition = close > upper and r > 70.0 and trendSpread < 0.02
if longCondition
    strategy.entry(""Long"", strategy.long)
if shortCondition
    strategy.entry(""Short"", strategy.short)",False,False,False,False,rejected,False
trend_ema__directionlong_only_fast9_rsi_threshold52.0_slow55,trend_ema,930.0,-0.00147208127791017,0.7300631414242056,0.38436717839043755,0,0,"//@version=5
strategy(""trend_ema__directionlong_only_fast9_rsi_threshold52.0_slow55"", overlay=true, process_orders_on_close=true)
fast = ta.ema(close, 9)
slow = ta.ema(close, 55)
r = ta.rsi(close, 14)
longCondition = ta.crossover(fast, slow) and r > 52.0
shortCondition = ta.crossunder(fast, slow) and r < 48.0
if longCondition and ""long_only"" != ""short_only""
    strategy.entry(""Long"", strategy.long)
if shortCondition and ""long_only"" != ""long_only""
    strategy.entry(""Short"", strategy.short)
if ta.crossunder(fast, slow)
    strategy.close(""Long"")
if ta.crossover(fast, slow)
    strategy.close(""Short"")",False,False,False,False,rejected,False
mean_reversion__bb_window20_rsi_threshold30.0_z_score2.0,mean_reversion,1407.0,-0.001475689149266355,0.7246585708787885,0.4613780945186722,1,1,"//@version=5
strategy(""mean_reversion__bb_window20_rsi_threshold30.0_z_score2.0"", overlay=true, process_orders_on_close=true)
basis = ta.sma(close, 20)
dev = ta.stdev(close, 20) * 2.0
upper = basis + dev
lower = basis - dev
r = ta.rsi(close, 14)
trendSpread = math.abs(ta.ema(close, 20) - ta.ema(close, 50)) / close
longCondition = close < lower and r < 30.0 and trendSpread < 0.02
shortCondition = close > upper and r > 70.0 and trendSpread < 0.02
if longCondition
    strategy.entry(""Long"", strategy.long)
if shortCondition
    strategy.entry(""Short"", strategy.short)",False,False,False,False,rejected,False
trend_ema__directionlong_only_fast9_rsi_threshold58.0_slow34,trend_ema,547.0,-0.0014853614642126051,0.7548463310194733,0.31656669643258606,1,1,"//@version=5
strategy(""trend_ema__directionlong_only_fast9_rsi_threshold58.0_slow34"", overlay=true, process_orders_on_close=true)
fast = ta.ema(close, 9)
slow = ta.ema(close, 34)
r = ta.rsi(close, 14)
longCondition = ta.crossover(fast, slow) and r > 58.0
shortCondition = ta.crossunder(fast, slow) and r < 42.0
if longCondition and ""long_only"" != ""short_only""
    strategy.entry(""Long"", strategy.long)
if shortCondition and ""long_only"" != ""long_only""
    strategy.entry(""Short"", strategy.short)
if ta.crossunder(fast, slow)
    strategy.close(""Long"")
if ta.crossover(fast, slow)
    strategy.close(""Short"")",False,False,False,False,rejected,False
vol_squeeze__squeeze_threshold0.35_volume_z_threshold1.0_window30,vol_squeeze,630.0,-0.0014930464263678978,0.7316132166229119,0.30997220262138947,0,0,"//@version=5
strategy(""vol_squeeze__squeeze_threshold0.35_volume_z_threshold1.0_window30"", overlay=true, process_orders_on_close=true)
basis = ta.sma(close, 30)
dev = ta.stdev(close, 30) * 2.0
upper = basis + dev
lower = basis - dev
bandwidth = (upper - lower) / basis
squeeze = ta.percentrank(bandwidth, 80) < 35.0
volZ = (volume - ta.sma(volume, 30)) / ta.stdev(volume, 30)
breakoutHigh = ta.highest(high, 30)[1]
breakoutLow = ta.lowest(low, 30)[1]
trendFast = ta.ema(close, 20)
trendSlow = ta.ema(close, 55)
longCondition = squeeze[1] and close > breakoutHigh and volZ > 1.0 and trendFast > trendSlow
shortCondition = squeeze[1] and close < breakoutLow and volZ > 1.0 and trendFast < trendSlow
if longCondition
    strategy.entry(""Long"", strategy.long)
if shortCondition
    strategy.entry(""Short"", strategy.short)",False,False,False,False,rejected,False
trend_ema__directionlong_only_fast9_rsi_threshold52.0_slow34,trend_ema,1172.0,-0.0015504521268424444,0.6921889460823341,0.42694140126695723,1,1,"//@version=5
strategy(""trend_ema__directionlong_only_fast9_rsi_threshold52.0_slow34"", overlay=true, process_orders_on_close=true)
fast = ta.ema(close, 9)
slow = ta.ema(close, 34)
r = ta.rsi(close, 14)
longCondition = ta.crossover(fast, slow) and r > 52.0
shortCondition = ta.crossunder(fast, slow) and r < 48.0
if longCondition and ""long_only"" != ""short_only""
    strategy.entry(""Long"", strategy.long)
if shortCondition and ""long_only"" != ""long_only""
    strategy.entry(""Short"", strategy.short)
if ta.crossunder(fast, slow)
    strategy.close(""Long"")
if ta.crossover(fast, slow)
    strategy.close(""Short"")",False,False,False,False,rejected,False
vol_squeeze__squeeze_threshold0.35_volume_z_threshold0.5_window30,vol_squeeze,681.0,-0.001574058365960569,0.7186489942428679,0.3708119969738821,0,0,"//@version=5
strategy(""vol_squeeze__squeeze_threshold0.35_volume_z_threshold0.5_window30"", overlay=true, process_orders_on_close=true)
basis = ta.sma(close, 30)
dev = ta.stdev(close, 30) * 2.0
upper = basis + dev
lower = basis - dev
bandwidth = (upper - lower) / basis
squeeze = ta.percentrank(bandwidth, 80) < 35.0
volZ = (volume - ta.sma(volume, 30)) / ta.stdev(volume, 30)
breakoutHigh = ta.highest(high, 30)[1]
breakoutLow = ta.lowest(low, 30)[1]
trendFast = ta.ema(close, 20)
trendSlow = ta.ema(close, 55)
longCondition = squeeze[1] and close > breakoutHigh and volZ > 0.5 and trendFast > trendSlow
shortCondition = squeeze[1] and close < breakoutLow and volZ > 0.5 and trendFast < trendSlow
if longCondition
    strategy.entry(""Long"", strategy.long)
if shortCondition
    strategy.entry(""Short"", strategy.short)",False,False,False,False,rejected,False
trend_ema__directionlong_only_fast12_rsi_threshold52.0_slow34,trend_ema,1043.0,-0.0016710334907400768,0.6878533947807098,0.46433688156004294,0,0,"//@version=5
strategy(""trend_ema__directionlong_only_fast12_rsi_threshold52.0_slow34"", overlay=true, process_orders_on_close=true)
fast = ta.ema(close, 12)
slow = ta.ema(close, 34)
r = ta.rsi(close, 14)
longCondition = ta.crossover(fast, slow) and r > 52.0
shortCondition = ta.crossunder(fast, slow) and r < 48.0
if longCondition and ""long_only"" != ""short_only""
    strategy.entry(""Long"", strategy.long)
if shortCondition and ""long_only"" != ""long_only""
    strategy.entry(""Short"", strategy.short)
if ta.crossunder(fast, slow)
    strategy.close(""Long"")
if ta.crossover(fast, slow)
    strategy.close(""Short"")",False,False,False,False,rejected,False
trend_ema__directionlong_only_fast12_rsi_threshold55.0_slow34,trend_ema,840.0,-0.001758305514849668,0.6835606775296377,0.38171169247817816,1,1,"//@version=5
strategy(""trend_ema__directionlong_only_fast12_rsi_threshold55.0_slow34"", overlay=true, process_orders_on_close=true)
fast = ta.ema(close, 12)
slow = ta.ema(close, 34)
r = ta.rsi(close, 14)
longCondition = ta.crossover(fast, slow) and r > 55.0
shortCondition = ta.crossunder(fast, slow) and r < 45.0
if longCondition and ""long_only"" != ""short_only""
    strategy.entry(""Long"", strategy.long)
if shortCondition and ""long_only"" != ""long_only""
    strategy.entry(""Short"", strategy.short)
if ta.crossunder(fast, slow)
    strategy.close(""Long"")
if ta.crossover(fast, slow)
    strategy.close(""Short"")",False,False,False,False,rejected,False
trend_ema__directionlong_only_fast9_rsi_threshold55.0_slow34,trend_ema,898.0,-0.0017727498969642788,0.6752409916750901,0.3906633933569348,1,1,"//@version=5
strategy(""trend_ema__directionlong_only_fast9_rsi_threshold55.0_slow34"", overlay=true, process_orders_on_close=true)
fast = ta.ema(close, 9)
slow = ta.ema(close, 34)
r = ta.rsi(close, 14)
longCondition = ta.crossover(fast, slow) and r > 55.0
shortCondition = ta.crossunder(fast, slow) and r < 45.0
if longCondition and ""long_only"" != ""short_only""
    strategy.entry(""Long"", strategy.long)
if shortCondition and ""long_only"" != ""long_only""
    strategy.entry(""Short"", strategy.short)
if ta.crossunder(fast, slow)
    strategy.close(""Long"")
if ta.crossover(fast, slow)
    strategy.close(""Short"")",False,False,False,False,rejected,False
vol_squeeze__squeeze_threshold0.25_volume_z_threshold1.0_window20,vol_squeeze,553.0,-0.001903407961770138,0.6473468549319872,0.3159761313324779,0,0,"//@version=5
strategy(""vol_squeeze__squeeze_threshold0.25_volume_z_threshold1.0_window20"", overlay=true, process_orders_on_close=true)
basis = ta.sma(close, 20)
dev = ta.stdev(close, 20) * 2.0
upper = basis + dev
lower = basis - dev
bandwidth = (upper - lower) / basis
squeeze = ta.percentrank(bandwidth, 80) < 25.0
volZ = (volume - ta.sma(volume, 30)) / ta.stdev(volume, 30)
breakoutHigh = ta.highest(high, 20)[1]
breakoutLow = ta.lowest(low, 20)[1]
trendFast = ta.ema(close, 20)
trendSlow = ta.ema(close, 55)
longCondition = squeeze[1] and close > breakoutHigh and volZ > 1.0 and trendFast > trendSlow
shortCondition = squeeze[1] and close < breakoutLow and volZ > 1.0 and trendFast < trendSlow
if longCondition
    strategy.entry(""Long"", strategy.long)
if shortCondition
    strategy.entry(""Short"", strategy.short)",False,False,False,False,rejected,False
vol_squeeze__squeeze_threshold0.35_volume_z_threshold1.0_window20,vol_squeeze,701.0,-0.0020167013912344585,0.6343225062871255,0.42953002089565895,0,0,"//@version=5
strategy(""vol_squeeze__squeeze_threshold0.35_volume_z_threshold1.0_window20"", overlay=true, process_orders_on_close=true)
basis = ta.sma(close, 20)
dev = ta.stdev(close, 20) * 2.0
upper = basis + dev
lower = basis - dev
bandwidth = (upper - lower) / basis
squeeze = ta.percentrank(bandwidth, 80) < 35.0
volZ = (volume - ta.sma(volume, 30)) / ta.stdev(volume, 30)
breakoutHigh = ta.highest(high, 20)[1]
breakoutLow = ta.lowest(low, 20)[1]
trendFast = ta.ema(close, 20)
trendSlow = ta.ema(close, 55)
longCondition = squeeze[1] and close > breakoutHigh and volZ > 1.0 and trendFast > trendSlow
shortCondition = squeeze[1] and close < breakoutLow and volZ > 1.0 and trendFast < trendSlow
if longCondition
    strategy.entry(""Long"", strategy.long)
if shortCondition
    strategy.entry(""Short"", strategy.short)",False,False,False,False,rejected,False
vol_squeeze__squeeze_threshold0.25_volume_z_threshold0.5_window20,vol_squeeze,625.0,-0.0020238347315469207,0.6425570901635839,0.4380160527974736,0,0,"//@version=5
strategy(""vol_squeeze__squeeze_threshold0.25_volume_z_threshold0.5_window20"", overlay=true, process_orders_on_close=true)
basis = ta.sma(close, 20)
dev = ta.stdev(close, 20) * 2.0
upper = basis + dev
lower = basis - dev
bandwidth = (upper - lower) / basis
squeeze = ta.percentrank(bandwidth, 80) < 25.0
volZ = (volume - ta.sma(volume, 30)) / ta.stdev(volume, 30)
breakoutHigh = ta.highest(high, 20)[1]
breakoutLow = ta.lowest(low, 20)[1]
trendFast = ta.ema(close, 20)
trendSlow = ta.ema(close, 55)
longCondition = squeeze[1] and close > breakoutHigh and volZ > 0.5 and trendFast > trendSlow
shortCondition = squeeze[1] and close < breakoutLow and volZ > 0.5 and trendFast < trendSlow
if longCondition
    strategy.entry(""Long"", strategy.long)
if shortCondition
    strategy.entry(""Short"", strategy.short)",False,False,False,False,rejected,False
vol_squeeze__squeeze_threshold0.35_volume_z_threshold0.5_window20,vol_squeeze,792.0,-0.002068122880076598,0.6303689209318178,0.5240712023543956,0,0,"//@version=5
strategy(""vol_squeeze__squeeze_threshold0.35_volume_z_threshold0.5_window20"", overlay=true, process_orders_on_close=true)
basis = ta.sma(close, 20)
dev = ta.stdev(close, 20) * 2.0
upper = basis + dev
lower = basis - dev
bandwidth = (upper - lower) / basis
squeeze = ta.percentrank(bandwidth, 80) < 35.0
volZ = (volume - ta.sma(volume, 30)) / ta.stdev(volume, 30)
breakoutHigh = ta.highest(high, 20)[1]
breakoutLow = ta.lowest(low, 20)[1]
trendFast = ta.ema(close, 20)
trendSlow = ta.ema(close, 55)
longCondition = squeeze[1] and close > breakoutHigh and volZ > 0.5 and trendFast > trendSlow
shortCondition = squeeze[1] and close < breakoutLow and volZ > 0.5 and trendFast < trendSlow
if longCondition
    strategy.entry(""Long"", strategy.long)
if shortCondition
    strategy.entry(""Short"", strategy.short)",False,False,False,False,rejected,False
