strategy_id,family,trade_count,expectancy,profit_factor,max_drawdown,positive_symbol_count,non_negative_symbol_count,pine_script,strict_survived,ml_candidate_survived,survived,survival_tier
trend_ema__directionshort_only_fast12_rsi_threshold55.0_slow89,trend_ema,506.0,0.0008567363170724731,1.1384187748997847,0.13165616157565518,5,5,"//@version=5
strategy(""trend_ema__directionshort_only_fast12_rsi_threshold55.0_slow89"", overlay=true, process_orders_on_close=true)
fast = ta.ema(close, 12)
slow = ta.ema(close, 89)
r = ta.rsi(close, 14)
longCondition = ta.crossover(fast, slow) and r > 55.0
shortCondition = ta.crossunder(fast, slow) and r < 45.0
if longCondition and ""short_only"" != ""short_only""
    strategy.entry(""Long"", strategy.long)
if shortCondition and ""short_only"" != ""long_only""
    strategy.entry(""Short"", strategy.short)
if ta.crossunder(fast, slow)
    strategy.close(""Long"")
if ta.crossover(fast, slow)
    strategy.close(""Short"")",True,True,True,strict
trend_ema__directionshort_only_fast12_rsi_threshold58.0_slow89,trend_ema,408.0,0.0008346206694294818,1.1374229324134901,0.12235205179905828,5,5,"//@version=5
strategy(""trend_ema__directionshort_only_fast12_rsi_threshold58.0_slow89"", overlay=true, process_orders_on_close=true)
fast = ta.ema(close, 12)
slow = ta.ema(close, 89)
r = ta.rsi(close, 14)
longCondition = ta.crossover(fast, slow) and r > 58.0
shortCondition = ta.crossunder(fast, slow) and r < 42.0
if longCondition and ""short_only"" != ""short_only""
    strategy.entry(""Long"", strategy.long)
if shortCondition and ""short_only"" != ""long_only""
    strategy.entry(""Short"", strategy.short)
if ta.crossunder(fast, slow)
    strategy.close(""Long"")
if ta.crossover(fast, slow)
    strategy.close(""Short"")",True,True,True,strict
trend_ema__directionshort_only_fast12_rsi_threshold52.0_slow89,trend_ema,566.0,0.0006982354751522646,1.1123219889434217,0.1497439801730709,4,4,"//@version=5
strategy(""trend_ema__directionshort_only_fast12_rsi_threshold52.0_slow89"", overlay=true, process_orders_on_close=true)
fast = ta.ema(close, 12)
slow = ta.ema(close, 89)
r = ta.rsi(close, 14)
longCondition = ta.crossover(fast, slow) and r > 52.0
shortCondition = ta.crossunder(fast, slow) and r < 48.0
if longCondition and ""short_only"" != ""short_only""
    strategy.entry(""Long"", strategy.long)
if shortCondition and ""short_only"" != ""long_only""
    strategy.entry(""Short"", strategy.short)
if ta.crossunder(fast, slow)
    strategy.close(""Long"")
if ta.crossover(fast, slow)
    strategy.close(""Short"")",True,True,True,strict
trend_ema__directionshort_only_fast21_rsi_threshold55.0_slow89,trend_ema,415.0,0.00048168678207852764,1.0876833248759892,0.18376308054875268,4,4,"//@version=5
strategy(""trend_ema__directionshort_only_fast21_rsi_threshold55.0_slow89"", overlay=true, process_orders_on_close=true)
fast = ta.ema(close, 21)
slow = ta.ema(close, 89)
r = ta.rsi(close, 14)
longCondition = ta.crossover(fast, slow) and r > 55.0
shortCondition = ta.crossunder(fast, slow) and r < 45.0
if longCondition and ""short_only"" != ""short_only""
    strategy.entry(""Long"", strategy.long)
if shortCondition and ""short_only"" != ""long_only""
    strategy.entry(""Short"", strategy.short)
if ta.crossunder(fast, slow)
    strategy.close(""Long"")
if ta.crossover(fast, slow)
    strategy.close(""Short"")",False,True,True,ml_candidate
trend_ema__directionshort_only_fast21_rsi_threshold52.0_slow89,trend_ema,460.0,0.0004589608053682524,1.0699014560855826,0.15359047143078186,4,4,"//@version=5
strategy(""trend_ema__directionshort_only_fast21_rsi_threshold52.0_slow89"", overlay=true, process_orders_on_close=true)
fast = ta.ema(close, 21)
slow = ta.ema(close, 89)
r = ta.rsi(close, 14)
longCondition = ta.crossover(fast, slow) and r > 52.0
shortCondition = ta.crossunder(fast, slow) and r < 48.0
if longCondition and ""short_only"" != ""short_only""
    strategy.entry(""Long"", strategy.long)
if shortCondition and ""short_only"" != ""long_only""
    strategy.entry(""Short"", strategy.short)
if ta.crossunder(fast, slow)
    strategy.close(""Long"")
if ta.crossover(fast, slow)
    strategy.close(""Short"")",False,True,True,ml_candidate
trend_ema__directionshort_only_fast9_rsi_threshold52.0_slow89,trend_ema,658.0,0.00033791253800425654,1.0576089276434761,0.20296039142113476,3,3,"//@version=5
strategy(""trend_ema__directionshort_only_fast9_rsi_threshold52.0_slow89"", overlay=true, process_orders_on_close=true)
fast = ta.ema(close, 9)
slow = ta.ema(close, 89)
r = ta.rsi(close, 14)
longCondition = ta.crossover(fast, slow) and r > 52.0
shortCondition = ta.crossunder(fast, slow) and r < 48.0
if longCondition and ""short_only"" != ""short_only""
    strategy.entry(""Long"", strategy.long)
if shortCondition and ""short_only"" != ""long_only""
    strategy.entry(""Short"", strategy.short)
if ta.crossunder(fast, slow)
    strategy.close(""Long"")
if ta.crossover(fast, slow)
    strategy.close(""Short"")",False,True,True,ml_candidate
trend_ema__directionshort_only_fast21_rsi_threshold52.0_slow55,trend_ema,606.0,0.00025369395311042434,1.0705112153048058,0.22590302627364034,4,4,"//@version=5
strategy(""trend_ema__directionshort_only_fast21_rsi_threshold52.0_slow55"", overlay=true, process_orders_on_close=true)
fast = ta.ema(close, 21)
slow = ta.ema(close, 55)
r = ta.rsi(close, 14)
longCondition = ta.crossover(fast, slow) and r > 52.0
shortCondition = ta.crossunder(fast, slow) and r < 48.0
if longCondition and ""short_only"" != ""short_only""
    strategy.entry(""Long"", strategy.long)
if shortCondition and ""short_only"" != ""long_only""
    strategy.entry(""Short"", strategy.short)
if ta.crossunder(fast, slow)
    strategy.close(""Long"")
if ta.crossover(fast, slow)
    strategy.close(""Short"")",False,True,True,ml_candidate
trend_ema__directionshort_only_fast9_rsi_threshold55.0_slow89,trend_ema,578.0,0.00022372966676701433,1.037877139182763,0.2037992770231184,4,4,"//@version=5
strategy(""trend_ema__directionshort_only_fast9_rsi_threshold55.0_slow89"", overlay=true, process_orders_on_close=true)
fast = ta.ema(close, 9)
slow = ta.ema(close, 89)
r = ta.rsi(close, 14)
longCondition = ta.crossover(fast, slow) and r > 55.0
shortCondition = ta.crossunder(fast, slow) and r < 45.0
if longCondition and ""short_only"" != ""short_only""
    strategy.entry(""Long"", strategy.long)
if shortCondition and ""short_only"" != ""long_only""
    strategy.entry(""Short"", strategy.short)
if ta.crossunder(fast, slow)
    strategy.close(""Long"")
if ta.crossover(fast, slow)
    strategy.close(""Short"")",False,True,True,ml_candidate
trend_ema__directionshort_only_fast21_rsi_threshold55.0_slow55,trend_ema,545.0,0.0001875002667264541,1.0533195962373656,0.19616365185162277,4,4,"//@version=5
strategy(""trend_ema__directionshort_only_fast21_rsi_threshold55.0_slow55"", overlay=true, process_orders_on_close=true)
fast = ta.ema(close, 21)
slow = ta.ema(close, 55)
r = ta.rsi(close, 14)
longCondition = ta.crossover(fast, slow) and r > 55.0
shortCondition = ta.crossunder(fast, slow) and r < 45.0
if longCondition and ""short_only"" != ""short_only""
    strategy.entry(""Long"", strategy.long)
if shortCondition and ""short_only"" != ""long_only""
    strategy.entry(""Short"", strategy.short)
if ta.crossunder(fast, slow)
    strategy.close(""Long"")
if ta.crossover(fast, slow)
    strategy.close(""Short"")",False,True,True,ml_candidate
trend_ema__directionshort_only_fast21_rsi_threshold58.0_slow89,trend_ema,343.0,0.0001463787186848487,1.0404103787455135,0.197265208104894,2,2,"//@version=5
strategy(""trend_ema__directionshort_only_fast21_rsi_threshold58.0_slow89"", overlay=true, process_orders_on_close=true)
fast = ta.ema(close, 21)
slow = ta.ema(close, 89)
r = ta.rsi(close, 14)
longCondition = ta.crossover(fast, slow) and r > 58.0
shortCondition = ta.crossunder(fast, slow) and r < 42.0
if longCondition and ""short_only"" != ""short_only""
    strategy.entry(""Long"", strategy.long)
if shortCondition and ""short_only"" != ""long_only""
    strategy.entry(""Short"", strategy.short)
if ta.crossunder(fast, slow)
    strategy.close(""Long"")
if ta.crossover(fast, slow)
    strategy.close(""Short"")",False,True,True,ml_candidate
trend_ema__directionboth_fast12_rsi_threshold58.0_slow89,trend_ema,814.0,3.6322547281105324e-05,0.9818556240467563,0.28960402044874234,2,2,"//@version=5
strategy(""trend_ema__directionboth_fast12_rsi_threshold58.0_slow89"", overlay=true, process_orders_on_close=true)
fast = ta.ema(close, 12)
slow = ta.ema(close, 89)
r = ta.rsi(close, 14)
longCondition = ta.crossover(fast, slow) and r > 58.0
shortCondition = ta.crossunder(fast, slow) and r < 42.0
if longCondition and ""both"" != ""short_only""
    strategy.entry(""Long"", strategy.long)
if shortCondition and ""both"" != ""long_only""
    strategy.entry(""Short"", strategy.short)
if ta.crossunder(fast, slow)
    strategy.close(""Long"")
if ta.crossover(fast, slow)
    strategy.close(""Short"")",False,True,True,ml_candidate
trend_ema__directionshort_only_fast21_rsi_threshold58.0_slow55,trend_ema,413.0,-4.223230227921032e-05,1.0386205509207918,0.16132223060610817,4,4,"//@version=5
strategy(""trend_ema__directionshort_only_fast21_rsi_threshold58.0_slow55"", overlay=true, process_orders_on_close=true)
fast = ta.ema(close, 21)
slow = ta.ema(close, 55)
r = ta.rsi(close, 14)
longCondition = ta.crossover(fast, slow) and r > 58.0
shortCondition = ta.crossunder(fast, slow) and r < 42.0
if longCondition and ""short_only"" != ""short_only""
    strategy.entry(""Long"", strategy.long)
if shortCondition and ""short_only"" != ""long_only""
    strategy.entry(""Short"", strategy.short)
if ta.crossunder(fast, slow)
    strategy.close(""Long"")
if ta.crossover(fast, slow)
    strategy.close(""Short"")",False,True,True,ml_candidate
trend_ema__directionboth_fast9_rsi_threshold58.0_slow89,trend_ema,878.0,-0.0001364444823259664,0.9541027318079417,0.2867182016849199,3,3,"//@version=5
strategy(""trend_ema__directionboth_fast9_rsi_threshold58.0_slow89"", overlay=true, process_orders_on_close=true)
fast = ta.ema(close, 9)
slow = ta.ema(close, 89)
r = ta.rsi(close, 14)
longCondition = ta.crossover(fast, slow) and r > 58.0
shortCondition = ta.crossunder(fast, slow) and r < 42.0
if longCondition and ""both"" != ""short_only""
    strategy.entry(""Long"", strategy.long)
if shortCondition and ""both"" != ""long_only""
    strategy.entry(""Short"", strategy.short)
if ta.crossunder(fast, slow)
    strategy.close(""Long"")
if ta.crossover(fast, slow)
    strategy.close(""Short"")",False,True,True,ml_candidate
trend_ema__directionboth_fast12_rsi_threshold55.0_slow89,trend_ema,974.0,-0.00019610870589247993,0.9440409257634211,0.3006901786931959,2,2,"//@version=5
strategy(""trend_ema__directionboth_fast12_rsi_threshold55.0_slow89"", overlay=true, process_orders_on_close=true)
fast = ta.ema(close, 12)
slow = ta.ema(close, 89)
r = ta.rsi(close, 14)
longCondition = ta.crossover(fast, slow) and r > 55.0
shortCondition = ta.crossunder(fast, slow) and r < 45.0
if longCondition and ""both"" != ""short_only""
    strategy.entry(""Long"", strategy.long)
if shortCondition and ""both"" != ""long_only""
    strategy.entry(""Short"", strategy.short)
if ta.crossunder(fast, slow)
    strategy.close(""Long"")
if ta.crossover(fast, slow)
    strategy.close(""Short"")",False,True,True,ml_candidate
trend_ema__directionboth_fast21_rsi_threshold55.0_slow55,trend_ema,1033.0,-0.0002899084972805543,0.935646667688412,0.2703710472203046,3,3,"//@version=5
strategy(""trend_ema__directionboth_fast21_rsi_threshold55.0_slow55"", overlay=true, process_orders_on_close=true)
fast = ta.ema(close, 21)
slow = ta.ema(close, 55)
r = ta.rsi(close, 14)
longCondition = ta.crossover(fast, slow) and r > 55.0
shortCondition = ta.crossunder(fast, slow) and r < 45.0
if longCondition and ""both"" != ""short_only""
    strategy.entry(""Long"", strategy.long)
if shortCondition and ""both"" != ""long_only""
    strategy.entry(""Short"", strategy.short)
if ta.crossunder(fast, slow)
    strategy.close(""Long"")
if ta.crossover(fast, slow)
    strategy.close(""Short"")",False,True,True,ml_candidate
trend_ema__directionboth_fast21_rsi_threshold58.0_slow55,trend_ema,812.0,-0.0002914595248793026,0.932220186761007,0.23761573666213365,3,3,"//@version=5
strategy(""trend_ema__directionboth_fast21_rsi_threshold58.0_slow55"", overlay=true, process_orders_on_close=true)
fast = ta.ema(close, 21)
slow = ta.ema(close, 55)
r = ta.rsi(close, 14)
longCondition = ta.crossover(fast, slow) and r > 58.0
shortCondition = ta.crossunder(fast, slow) and r < 42.0
if longCondition and ""both"" != ""short_only""
    strategy.entry(""Long"", strategy.long)
if shortCondition and ""both"" != ""long_only""
    strategy.entry(""Short"", strategy.short)
if ta.crossunder(fast, slow)
    strategy.close(""Long"")
if ta.crossover(fast, slow)
    strategy.close(""Short"")",False,True,True,ml_candidate
trend_ema__directionlong_only_fast9_rsi_threshold58.0_slow89,trend_ema,448.0,-0.00029626579612912924,0.9206244669230171,0.2540861893877654,2,2,"//@version=5
strategy(""trend_ema__directionlong_only_fast9_rsi_threshold58.0_slow89"", overlay=true, process_orders_on_close=true)
fast = ta.ema(close, 9)
slow = ta.ema(close, 89)
r = ta.rsi(close, 14)
longCondition = ta.crossover(fast, slow) and r > 58.0
shortCondition = ta.crossunder(fast, slow) and r < 42.0
if longCondition and ""long_only"" != ""short_only""
    strategy.entry(""Long"", strategy.long)
if shortCondition and ""long_only"" != ""long_only""
    strategy.entry(""Short"", strategy.short)
if ta.crossunder(fast, slow)
    strategy.close(""Long"")
if ta.crossover(fast, slow)
    strategy.close(""Short"")",False,True,True,ml_candidate
trend_ema__directionboth_fast12_rsi_threshold52.0_slow89,trend_ema,1035.0,-0.0003023179346775827,0.9293914863661361,0.30442574820453916,2,2,"//@version=5
strategy(""trend_ema__directionboth_fast12_rsi_threshold52.0_slow89"", overlay=true, process_orders_on_close=true)
fast = ta.ema(close, 12)
slow = ta.ema(close, 89)
r = ta.rsi(close, 14)
longCondition = ta.crossover(fast, slow) and r > 52.0
shortCondition = ta.crossunder(fast, slow) and r < 48.0
if longCondition and ""both"" != ""short_only""
    strategy.entry(""Long"", strategy.long)
if shortCondition and ""both"" != ""long_only""
    strategy.entry(""Short"", strategy.short)
if ta.crossunder(fast, slow)
    strategy.close(""Long"")
if ta.crossover(fast, slow)
    strategy.close(""Short"")",False,True,True,ml_candidate
trend_ema__directionlong_only_fast12_rsi_threshold58.0_slow55,trend_ema,486.0,-0.00039555891747095284,0.9620887958820085,0.26845703936654974,3,3,"//@version=5
strategy(""trend_ema__directionlong_only_fast12_rsi_threshold58.0_slow55"", overlay=true, process_orders_on_close=true)
fast = ta.ema(close, 12)
slow = ta.ema(close, 55)
r = ta.rsi(close, 14)
longCondition = ta.crossover(fast, slow) and r > 58.0
shortCondition = ta.crossunder(fast, slow) and r < 42.0
if longCondition and ""long_only"" != ""short_only""
    strategy.entry(""Long"", strategy.long)
if shortCondition and ""long_only"" != ""long_only""
    strategy.entry(""Short"", strategy.short)
if ta.crossunder(fast, slow)
    strategy.close(""Long"")
if ta.crossover(fast, slow)
    strategy.close(""Short"")",False,True,True,ml_candidate
trend_ema__directionshort_only_fast12_rsi_threshold55.0_slow34,trend_ema,804.0,-0.00046513942276122196,0.9331116543789344,0.3761931056973852,2,2,"//@version=5
strategy(""trend_ema__directionshort_only_fast12_rsi_threshold55.0_slow34"", overlay=true, process_orders_on_close=true)
fast = ta.ema(close, 12)
slow = ta.ema(close, 34)
r = ta.rsi(close, 14)
longCondition = ta.crossover(fast, slow) and r > 55.0
shortCondition = ta.crossunder(fast, slow) and r < 45.0
if longCondition and ""short_only"" != ""short_only""
    strategy.entry(""Long"", strategy.long)
if shortCondition and ""short_only"" != ""long_only""
    strategy.entry(""Short"", strategy.short)
if ta.crossunder(fast, slow)
    strategy.close(""Long"")
if ta.crossover(fast, slow)
    strategy.close(""Short"")",False,True,True,ml_candidate
trend_ema__directionshort_only_fast9_rsi_threshold58.0_slow89,trend_ema,461.0,1.8685512282394295e-05,1.0394762833252245,0.23402888437094505,1,1,"//@version=5
strategy(""trend_ema__directionshort_only_fast9_rsi_threshold58.0_slow89"", overlay=true, process_orders_on_close=true)
fast = ta.ema(close, 9)
slow = ta.ema(close, 89)
r = ta.rsi(close, 14)
longCondition = ta.crossover(fast, slow) and r > 58.0
shortCondition = ta.crossunder(fast, slow) and r < 42.0
if longCondition and ""short_only"" != ""short_only""
    strategy.entry(""Long"", strategy.long)
if shortCondition and ""short_only"" != ""long_only""
    strategy.entry(""Short"", strategy.short)
if ta.crossunder(fast, slow)
    strategy.close(""Long"")
if ta.crossover(fast, slow)
    strategy.close(""Short"")",False,False,False,rejected
breakout__atr_filter1.2_directionlong_only_window30,breakout,822.0,-0.0002476051846470825,0.9031477296751139,0.21477583250636545,2,2,"//@version=5
strategy(""breakout__atr_filter1.2_directionlong_only_window30"", overlay=true, process_orders_on_close=true)
breakoutHigh = ta.highest(high, 30)[1]
breakoutLow = ta.lowest(low, 30)[1]
atr14 = ta.atr(14)
rangeRatio = (high - low) / atr14
trendFast = ta.ema(close, 20)
trendSlow = ta.ema(close, 55)
volMean = ta.sma(volume, 30)
longCondition = close > breakoutHigh and rangeRatio > 1.2 and trendFast > trendSlow and volume > volMean
shortCondition = close < breakoutLow and rangeRatio > 1.2 and trendFast < trendSlow and volume > volMean
if longCondition and ""long_only"" != ""short_only""
    strategy.entry(""Long"", strategy.long)
if shortCondition and ""long_only"" != ""long_only""
    strategy.entry(""Short"", strategy.short)",False,False,False,rejected
breakout__atr_filter1.0_directionlong_only_window55,breakout,731.0,-0.00032388213300058353,0.9057542050084227,0.22140329539308423,1,1,"//@version=5
strategy(""breakout__atr_filter1.0_directionlong_only_window55"", overlay=true, process_orders_on_close=true)
breakoutHigh = ta.highest(high, 55)[1]
breakoutLow = ta.lowest(low, 55)[1]
atr14 = ta.atr(14)
rangeRatio = (high - low) / atr14
trendFast = ta.ema(close, 20)
trendSlow = ta.ema(close, 55)
volMean = ta.sma(volume, 30)
longCondition = close > breakoutHigh and rangeRatio > 1.0 and trendFast > trendSlow and volume > volMean
shortCondition = close < breakoutLow and rangeRatio > 1.0 and trendFast < trendSlow and volume > volMean
if longCondition and ""long_only"" != ""short_only""
    strategy.entry(""Long"", strategy.long)
if shortCondition and ""long_only"" != ""long_only""
    strategy.entry(""Short"", strategy.short)",False,False,False,rejected
trend_ema__directionboth_fast9_rsi_threshold52.0_slow89,trend_ema,1162.0,-0.0003390094116011065,0.9159964398757757,0.37155296589895637,2,2,"//@version=5
strategy(""trend_ema__directionboth_fast9_rsi_threshold52.0_slow89"", overlay=true, process_orders_on_close=true)
fast = ta.ema(close, 9)
slow = ta.ema(close, 89)
r = ta.rsi(close, 14)
longCondition = ta.crossover(fast, slow) and r > 52.0
shortCondition = ta.crossunder(fast, slow) and r < 48.0
if longCondition and ""both"" != ""short_only""
    strategy.entry(""Long"", strategy.long)
if shortCondition and ""both"" != ""long_only""
    strategy.entry(""Short"", strategy.short)
if ta.crossunder(fast, slow)
    strategy.close(""Long"")
if ta.crossover(fast, slow)
    strategy.close(""Short"")",False,False,False,rejected
breakout__atr_filter1.0_directionlong_only_window30,breakout,864.0,-0.0003406763817652313,0.8956073193959709,0.22077690326881516,2,2,"//@version=5
strategy(""breakout__atr_filter1.0_directionlong_only_window30"", overlay=true, process_orders_on_close=true)
breakoutHigh = ta.highest(high, 30)[1]
breakoutLow = ta.lowest(low, 30)[1]
atr14 = ta.atr(14)
rangeRatio = (high - low) / atr14
trendFast = ta.ema(close, 20)
trendSlow = ta.ema(close, 55)
volMean = ta.sma(volume, 30)
longCondition = close > breakoutHigh and rangeRatio > 1.0 and trendFast > trendSlow and volume > volMean
shortCondition = close < breakoutLow and rangeRatio > 1.0 and trendFast < trendSlow and volume > volMean
if longCondition and ""long_only"" != ""short_only""
    strategy.entry(""Long"", strategy.long)
if shortCondition and ""long_only"" != ""long_only""
    strategy.entry(""Short"", strategy.short)",False,False,False,rejected
breakout__atr_filter0.8_directionlong_only_window30,breakout,884.0,-0.000348818716737408,0.8931869835285956,0.22887185767500118,2,2,"//@version=5
strategy(""breakout__atr_filter0.8_directionlong_only_window30"", overlay=true, process_orders_on_close=true)
breakoutHigh = ta.highest(high, 30)[1]
breakoutLow = ta.lowest(low, 30)[1]
atr14 = ta.atr(14)
rangeRatio = (high - low) / atr14
trendFast = ta.ema(close, 20)
trendSlow = ta.ema(close, 55)
volMean = ta.sma(volume, 30)
longCondition = close > breakoutHigh and rangeRatio > 0.8 and trendFast > trendSlow and volume > volMean
shortCondition = close < breakoutLow and rangeRatio > 0.8 and trendFast < trendSlow and volume > volMean
if longCondition and ""long_only"" != ""short_only""
    strategy.entry(""Long"", strategy.long)
if shortCondition and ""long_only"" != ""long_only""
    strategy.entry(""Short"", strategy.short)",False,False,False,rejected
trend_ema__directionshort_only_fast12_rsi_threshold52.0_slow34,trend_ema,1014.0,-0.00035661788181229814,0.9516591760095618,0.424157306841058,1,1,"//@version=5
strategy(""trend_ema__directionshort_only_fast12_rsi_threshold52.0_slow34"", overlay=true, process_orders_on_close=true)
fast = ta.ema(close, 12)
slow = ta.ema(close, 34)
r = ta.rsi(close, 14)
longCondition = ta.crossover(fast, slow) and r > 52.0
shortCondition = ta.crossunder(fast, slow) and r < 48.0
if longCondition and ""short_only"" != ""short_only""
    strategy.entry(""Long"", strategy.long)
if shortCondition and ""short_only"" != ""long_only""
    strategy.entry(""Short"", strategy.short)
if ta.crossunder(fast, slow)
    strategy.close(""Long"")
if ta.crossover(fast, slow)
    strategy.close(""Short"")",False,False,False,rejected
breakout__atr_filter0.8_directionlong_only_window55,breakout,743.0,-0.0003808448854901098,0.8999773876428053,0.23285989353735959,2,2,"//@version=5
strategy(""breakout__atr_filter0.8_directionlong_only_window55"", overlay=true, process_orders_on_close=true)
breakoutHigh = ta.highest(high, 55)[1]
breakoutLow = ta.lowest(low, 55)[1]
atr14 = ta.atr(14)
rangeRatio = (high - low) / atr14
trendFast = ta.ema(close, 20)
trendSlow = ta.ema(close, 55)
volMean = ta.sma(volume, 30)
longCondition = close > breakoutHigh and rangeRatio > 0.8 and trendFast > trendSlow and volume > volMean
shortCondition = close < breakoutLow and rangeRatio > 0.8 and trendFast < trendSlow and volume > volMean
if longCondition and ""long_only"" != ""short_only""
    strategy.entry(""Long"", strategy.long)
if shortCondition and ""long_only"" != ""long_only""
    strategy.entry(""Short"", strategy.short)",False,False,False,rejected
breakout__atr_filter1.2_directionlong_only_window20,breakout,903.0,-0.0003845374345101415,0.87395274301713,0.20822086912792293,1,1,"//@version=5
strategy(""breakout__atr_filter1.2_directionlong_only_window20"", overlay=true, process_orders_on_close=true)
breakoutHigh = ta.highest(high, 20)[1]
breakoutLow = ta.lowest(low, 20)[1]
atr14 = ta.atr(14)
rangeRatio = (high - low) / atr14
trendFast = ta.ema(close, 20)
trendSlow = ta.ema(close, 55)
volMean = ta.sma(volume, 30)
longCondition = close > breakoutHigh and rangeRatio > 1.2 and trendFast > trendSlow and volume > volMean
shortCondition = close < breakoutLow and rangeRatio > 1.2 and trendFast < trendSlow and volume > volMean
if longCondition and ""long_only"" != ""short_only""
    strategy.entry(""Long"", strategy.long)
if shortCondition and ""long_only"" != ""long_only""
    strategy.entry(""Short"", strategy.short)",False,False,False,rejected
trend_ema__directionboth_fast9_rsi_threshold55.0_slow89,trend_ema,1077.0,-0.0004118396146468373,0.8963037362546501,0.33882187928057506,1,1,"//@version=5
strategy(""trend_ema__directionboth_fast9_rsi_threshold55.0_slow89"", overlay=true, process_orders_on_close=true)
fast = ta.ema(close, 9)
slow = ta.ema(close, 89)
r = ta.rsi(close, 14)
longCondition = ta.crossover(fast, slow) and r > 55.0
shortCondition = ta.crossunder(fast, slow) and r < 45.0
if longCondition and ""both"" != ""short_only""
    strategy.entry(""Long"", strategy.long)
if shortCondition and ""both"" != ""long_only""
    strategy.entry(""Short"", strategy.short)
if ta.crossunder(fast, slow)
    strategy.close(""Long"")
if ta.crossover(fast, slow)
    strategy.close(""Short"")",False,False,False,rejected
trend_ema__directionboth_fast21_rsi_threshold52.0_slow55,trend_ema,1111.0,-0.00042717251760018745,0.9181256181793569,0.31491029774035695,2,2,"//@version=5
strategy(""trend_ema__directionboth_fast21_rsi_threshold52.0_slow55"", overlay=true, process_orders_on_close=true)
fast = ta.ema(close, 21)
slow = ta.ema(close, 55)
r = ta.rsi(close, 14)
longCondition = ta.crossover(fast, slow) and r > 52.0
shortCondition = ta.crossunder(fast, slow) and r < 48.0
if longCondition and ""both"" != ""short_only""
    strategy.entry(""Long"", strategy.long)
if shortCondition and ""both"" != ""long_only""
    strategy.entry(""Short"", strategy.short)
if ta.crossunder(fast, slow)
    strategy.close(""Long"")
if ta.crossover(fast, slow)
    strategy.close(""Short"")",False,False,False,rejected
breakout__atr_filter1.2_directionlong_only_window55,breakout,699.0,-0.00043007172989168173,0.8789116602960786,0.20483851014185028,1,1,"//@version=5
strategy(""breakout__atr_filter1.2_directionlong_only_window55"", overlay=true, process_orders_on_close=true)
breakoutHigh = ta.highest(high, 55)[1]
breakoutLow = ta.lowest(low, 55)[1]
atr14 = ta.atr(14)
rangeRatio = (high - low) / atr14
trendFast = ta.ema(close, 20)
trendSlow = ta.ema(close, 55)
volMean = ta.sma(volume, 30)
longCondition = close > breakoutHigh and rangeRatio > 1.2 and trendFast > trendSlow and volume > volMean
shortCondition = close < breakoutLow and rangeRatio > 1.2 and trendFast < trendSlow and volume > volMean
if longCondition and ""long_only"" != ""short_only""
    strategy.entry(""Long"", strategy.long)
if shortCondition and ""long_only"" != ""long_only""
    strategy.entry(""Short"", strategy.short)",False,False,False,rejected
trend_ema__directionshort_only_fast9_rsi_threshold52.0_slow55,trend_ema,881.0,-0.0004335754283045145,0.9185705347819396,0.30034815315158003,2,2,"//@version=5
strategy(""trend_ema__directionshort_only_fast9_rsi_threshold52.0_slow55"", overlay=true, process_orders_on_close=true)
fast = ta.ema(close, 9)
slow = ta.ema(close, 55)
r = ta.rsi(close, 14)
longCondition = ta.crossover(fast, slow) and r > 52.0
shortCondition = ta.crossunder(fast, slow) and r < 48.0
if longCondition and ""short_only"" != ""short_only""
    strategy.entry(""Long"", strategy.long)
if shortCondition and ""short_only"" != ""long_only""
    strategy.entry(""Short"", strategy.short)
if ta.crossunder(fast, slow)
    strategy.close(""Long"")
if ta.crossover(fast, slow)
    strategy.close(""Short"")",False,False,False,rejected
trend_ema__directionshort_only_fast9_rsi_threshold55.0_slow55,trend_ema,731.0,-0.0005043795764397447,0.9156182626771905,0.284587588196201,1,1,"//@version=5
strategy(""trend_ema__directionshort_only_fast9_rsi_threshold55.0_slow55"", overlay=true, process_orders_on_close=true)
fast = ta.ema(close, 9)
slow = ta.ema(close, 55)
r = ta.rsi(close, 14)
longCondition = ta.crossover(fast, slow) and r > 55.0
shortCondition = ta.crossunder(fast, slow) and r < 45.0
if longCondition and ""short_only"" != ""short_only""
    strategy.entry(""Long"", strategy.long)
if shortCondition and ""short_only"" != ""long_only""
    strategy.entry(""Short"", strategy.short)
if ta.crossunder(fast, slow)
    strategy.close(""Long"")
if ta.crossover(fast, slow)
    strategy.close(""Short"")",False,False,False,rejected
trend_ema__directionshort_only_fast9_rsi_threshold52.0_slow34,trend_ema,1151.0,-0.000505883299139682,0.8894459355260507,0.3749820510180416,2,2,"//@version=5
strategy(""trend_ema__directionshort_only_fast9_rsi_threshold52.0_slow34"", overlay=true, process_orders_on_close=true)
fast = ta.ema(close, 9)
slow = ta.ema(close, 34)
r = ta.rsi(close, 14)
longCondition = ta.crossover(fast, slow) and r > 52.0
shortCondition = ta.crossunder(fast, slow) and r < 48.0
if longCondition and ""short_only"" != ""short_only""
    strategy.entry(""Long"", strategy.long)
if shortCondition and ""short_only"" != ""long_only""
    strategy.entry(""Short"", strategy.short)
if ta.crossunder(fast, slow)
    strategy.close(""Long"")
if ta.crossover(fast, slow)
    strategy.close(""Short"")",False,False,False,rejected
trend_ema__directionshort_only_fast12_rsi_threshold52.0_slow55,trend_ema,794.0,-0.0005161676278606911,0.9229480519046559,0.37284485160537717,1,1,"//@version=5
strategy(""trend_ema__directionshort_only_fast12_rsi_threshold52.0_slow55"", overlay=true, process_orders_on_close=true)
fast = ta.ema(close, 12)
slow = ta.ema(close, 55)
r = ta.rsi(close, 14)
longCondition = ta.crossover(fast, slow) and r > 52.0
shortCondition = ta.crossunder(fast, slow) and r < 48.0
if longCondition and ""short_only"" != ""short_only""
    strategy.entry(""Long"", strategy.long)
if shortCondition and ""short_only"" != ""long_only""
    strategy.entry(""Short"", strategy.short)
if ta.crossunder(fast, slow)
    strategy.close(""Long"")
if ta.crossover(fast, slow)
    strategy.close(""Short"")",False,False,False,rejected
trend_ema__directionboth_fast21_rsi_threshold55.0_slow89,trend_ema,809.0,-0.0005172615914450836,0.9168989069444051,0.303486673858656,2,2,"//@version=5
strategy(""trend_ema__directionboth_fast21_rsi_threshold55.0_slow89"", overlay=true, process_orders_on_close=true)
fast = ta.ema(close, 21)
slow = ta.ema(close, 89)
r = ta.rsi(close, 14)
longCondition = ta.crossover(fast, slow) and r > 55.0
shortCondition = ta.crossunder(fast, slow) and r < 45.0
if longCondition and ""both"" != ""short_only""
    strategy.entry(""Long"", strategy.long)
if shortCondition and ""both"" != ""long_only""
    strategy.entry(""Short"", strategy.short)
if ta.crossunder(fast, slow)
    strategy.close(""Long"")
if ta.crossover(fast, slow)
    strategy.close(""Short"")",False,False,False,rejected
trend_ema__directionlong_only_fast9_rsi_threshold58.0_slow55,trend_ema,537.0,-0.0005323070055384608,0.8835243901446278,0.2768064219186489,2,2,"//@version=5
strategy(""trend_ema__directionlong_only_fast9_rsi_threshold58.0_slow55"", overlay=true, process_orders_on_close=true)
fast = ta.ema(close, 9)
slow = ta.ema(close, 55)
r = ta.rsi(close, 14)
longCondition = ta.crossover(fast, slow) and r > 58.0
shortCondition = ta.crossunder(fast, slow) and r < 42.0
if longCondition and ""long_only"" != ""short_only""
    strategy.entry(""Long"", strategy.long)
if shortCondition and ""long_only"" != ""long_only""
    strategy.entry(""Short"", strategy.short)
if ta.crossunder(fast, slow)
    strategy.close(""Long"")
if ta.crossover(fast, slow)
    strategy.close(""Short"")",False,False,False,rejected
breakout__atr_filter0.8_directionlong_only_window20,breakout,992.0,-0.000533861411505238,0.8561469889061847,0.2362873645259419,1,1,"//@version=5
strategy(""breakout__atr_filter0.8_directionlong_only_window20"", overlay=true, process_orders_on_close=true)
breakoutHigh = ta.highest(high, 20)[1]
breakoutLow = ta.lowest(low, 20)[1]
atr14 = ta.atr(14)
rangeRatio = (high - low) / atr14
trendFast = ta.ema(close, 20)
trendSlow = ta.ema(close, 55)
volMean = ta.sma(volume, 30)
longCondition = close > breakoutHigh and rangeRatio > 0.8 and trendFast > trendSlow and volume > volMean
shortCondition = close < breakoutLow and rangeRatio > 0.8 and trendFast < trendSlow and volume > volMean
if longCondition and ""long_only"" != ""short_only""
    strategy.entry(""Long"", strategy.long)
if shortCondition and ""long_only"" != ""long_only""
    strategy.entry(""Short"", strategy.short)",False,False,False,rejected
breakout__atr_filter1.0_directionlong_only_window20,breakout,963.0,-0.0005343859617968932,0.8547751861875978,0.22721037531495658,1,1,"//@version=5
strategy(""breakout__atr_filter1.0_directionlong_only_window20"", overlay=true, process_orders_on_close=true)
breakoutHigh = ta.highest(high, 20)[1]
breakoutLow = ta.lowest(low, 20)[1]
atr14 = ta.atr(14)
rangeRatio = (high - low) / atr14
trendFast = ta.ema(close, 20)
trendSlow = ta.ema(close, 55)
volMean = ta.sma(volume, 30)
longCondition = close > breakoutHigh and rangeRatio > 1.0 and trendFast > trendSlow and volume > volMean
shortCondition = close < breakoutLow and rangeRatio > 1.0 and trendFast < trendSlow and volume > volMean
if longCondition and ""long_only"" != ""short_only""
    strategy.entry(""Long"", strategy.long)
if shortCondition and ""long_only"" != ""long_only""
    strategy.entry(""Short"", strategy.short)",False,False,False,rejected
trend_ema__directionboth_fast21_rsi_threshold58.0_slow89,trend_ema,687.0,-0.0005415805954499761,0.9192208692070541,0.3134605142824809,2,2,"//@version=5
strategy(""trend_ema__directionboth_fast21_rsi_threshold58.0_slow89"", overlay=true, process_orders_on_close=true)
fast = ta.ema(close, 21)
slow = ta.ema(close, 89)
r = ta.rsi(close, 14)
longCondition = ta.crossover(fast, slow) and r > 58.0
shortCondition = ta.crossunder(fast, slow) and r < 42.0
if longCondition and ""both"" != ""short_only""
    strategy.entry(""Long"", strategy.long)
if shortCondition and ""both"" != ""long_only""
    strategy.entry(""Short"", strategy.short)
if ta.crossunder(fast, slow)
    strategy.close(""Long"")
if ta.crossover(fast, slow)
    strategy.close(""Short"")",False,False,False,rejected
trend_ema__directionshort_only_fast9_rsi_threshold55.0_slow34,trend_ema,882.0,-0.0005822924421812049,0.8790012577419709,0.3631981172188459,2,2,"//@version=5
strategy(""trend_ema__directionshort_only_fast9_rsi_threshold55.0_slow34"", overlay=true, process_orders_on_close=true)
fast = ta.ema(close, 9)
slow = ta.ema(close, 34)
r = ta.rsi(close, 14)
longCondition = ta.crossover(fast, slow) and r > 55.0
shortCondition = ta.crossunder(fast, slow) and r < 45.0
if longCondition and ""short_only"" != ""short_only""
    strategy.entry(""Long"", strategy.long)
if shortCondition and ""short_only"" != ""long_only""
    strategy.entry(""Short"", strategy.short)
if ta.crossunder(fast, slow)
    strategy.close(""Long"")
if ta.crossover(fast, slow)
    strategy.close(""Short"")",False,False,False,rejected
trend_ema__directionlong_only_fast21_rsi_threshold58.0_slow55,trend_ema,411.0,-0.0005925125578828301,0.8761282075266376,0.1937567554565326,2,2,"//@version=5
strategy(""trend_ema__directionlong_only_fast21_rsi_threshold58.0_slow55"", overlay=true, process_orders_on_close=true)
fast = ta.ema(close, 21)
slow = ta.ema(close, 55)
r = ta.rsi(close, 14)
longCondition = ta.crossover(fast, slow) and r > 58.0
shortCondition = ta.crossunder(fast, slow) and r < 42.0
if longCondition and ""long_only"" != ""short_only""
    strategy.entry(""Long"", strategy.long)
if shortCondition and ""long_only"" != ""long_only""
    strategy.entry(""Short"", strategy.short)
if ta.crossunder(fast, slow)
    strategy.close(""Long"")
if ta.crossover(fast, slow)
    strategy.close(""Short"")",False,False,False,rejected
trend_ema__directionboth_fast21_rsi_threshold52.0_slow89,trend_ema,863.0,-0.0006043604279920616,0.9018017961715793,0.3157513411238426,2,2,"//@version=5
strategy(""trend_ema__directionboth_fast21_rsi_threshold52.0_slow89"", overlay=true, process_orders_on_close=true)
fast = ta.ema(close, 21)
slow = ta.ema(close, 89)
r = ta.rsi(close, 14)
longCondition = ta.crossover(fast, slow) and r > 52.0
shortCondition = ta.crossunder(fast, slow) and r < 48.0
if longCondition and ""both"" != ""short_only""
    strategy.entry(""Long"", strategy.long)
if shortCondition and ""both"" != ""long_only""
    strategy.entry(""Short"", strategy.short)
if ta.crossunder(fast, slow)
    strategy.close(""Long"")
if ta.crossover(fast, slow)
    strategy.close(""Short"")",False,False,False,rejected
trend_ema__directionboth_fast12_rsi_threshold58.0_slow55,trend_ema,972.0,-0.0006079968115669314,0.8883117680704018,0.288357664667115,1,1,"//@version=5
strategy(""trend_ema__directionboth_fast12_rsi_threshold58.0_slow55"", overlay=true, process_orders_on_close=true)
fast = ta.ema(close, 12)
slow = ta.ema(close, 55)
r = ta.rsi(close, 14)
longCondition = ta.crossover(fast, slow) and r > 58.0
shortCondition = ta.crossunder(fast, slow) and r < 42.0
if longCondition and ""both"" != ""short_only""
    strategy.entry(""Long"", strategy.long)
if shortCondition and ""both"" != ""long_only""
    strategy.entry(""Short"", strategy.short)
if ta.crossunder(fast, slow)
    strategy.close(""Long"")
if ta.crossover(fast, slow)
    strategy.close(""Short"")",False,False,False,rejected
trend_ema__directionboth_fast12_rsi_threshold52.0_slow55,trend_ema,1391.0,-0.0006211674705499451,0.8841302116266013,0.35958663653825385,0,0,"//@version=5
strategy(""trend_ema__directionboth_fast12_rsi_threshold52.0_slow55"", overlay=true, process_orders_on_close=true)
fast = ta.ema(close, 12)
slow = ta.ema(close, 55)
r = ta.rsi(close, 14)
longCondition = ta.crossover(fast, slow) and r > 52.0
shortCondition = ta.crossunder(fast, slow) and r < 48.0
if longCondition and ""both"" != ""short_only""
    strategy.entry(""Long"", strategy.long)
if shortCondition and ""both"" != ""long_only""
    strategy.entry(""Short"", strategy.short)
if ta.crossunder(fast, slow)
    strategy.close(""Long"")
if ta.crossover(fast, slow)
    strategy.close(""Short"")",False,False,False,rejected
trend_ema__directionboth_fast9_rsi_threshold55.0_slow55,trend_ema,1339.0,-0.0006336556722653033,0.863287884355935,0.35576114409882353,1,1,"//@version=5
strategy(""trend_ema__directionboth_fast9_rsi_threshold55.0_slow55"", overlay=true, process_orders_on_close=true)
fast = ta.ema(close, 9)
slow = ta.ema(close, 55)
r = ta.rsi(close, 14)
longCondition = ta.crossover(fast, slow) and r > 55.0
shortCondition = ta.crossunder(fast, slow) and r < 45.0
if longCondition and ""both"" != ""short_only""
    strategy.entry(""Long"", strategy.long)
if shortCondition and ""both"" != ""long_only""
    strategy.entry(""Short"", strategy.short)
if ta.crossunder(fast, slow)
    strategy.close(""Long"")
if ta.crossover(fast, slow)
    strategy.close(""Short"")",False,False,False,rejected
trend_ema__directionlong_only_fast12_rsi_threshold55.0_slow55,trend_ema,678.0,-0.0006414476034108345,0.8796817692382654,0.29822301533688533,2,2,"//@version=5
strategy(""trend_ema__directionlong_only_fast12_rsi_threshold55.0_slow55"", overlay=true, process_orders_on_close=true)
fast = ta.ema(close, 12)
slow = ta.ema(close, 55)
r = ta.rsi(close, 14)
longCondition = ta.crossover(fast, slow) and r > 55.0
shortCondition = ta.crossunder(fast, slow) and r < 45.0
if longCondition and ""long_only"" != ""short_only""
    strategy.entry(""Long"", strategy.long)
if shortCondition and ""long_only"" != ""long_only""
    strategy.entry(""Short"", strategy.short)
if ta.crossunder(fast, slow)
    strategy.close(""Long"")
if ta.crossover(fast, slow)
    strategy.close(""Short"")",False,False,False,rejected
trend_ema__directionboth_fast12_rsi_threshold55.0_slow55,trend_ema,1254.0,-0.0006756685718047763,0.878954901080339,0.37153743913381476,1,1,"//@version=5
strategy(""trend_ema__directionboth_fast12_rsi_threshold55.0_slow55"", overlay=true, process_orders_on_close=true)
fast = ta.ema(close, 12)
slow = ta.ema(close, 55)
r = ta.rsi(close, 14)
longCondition = ta.crossover(fast, slow) and r > 55.0
shortCondition = ta.crossunder(fast, slow) and r < 45.0
if longCondition and ""both"" != ""short_only""
    strategy.entry(""Long"", strategy.long)
if shortCondition and ""both"" != ""long_only""
    strategy.entry(""Short"", strategy.short)
if ta.crossunder(fast, slow)
    strategy.close(""Long"")
if ta.crossover(fast, slow)
    strategy.close(""Short"")",False,False,False,rejected
trend_ema__directionboth_fast9_rsi_threshold58.0_slow55,trend_ema,1021.0,-0.0006840118160052213,0.8528586460500088,0.33190689766091064,1,1,"//@version=5
strategy(""trend_ema__directionboth_fast9_rsi_threshold58.0_slow55"", overlay=true, process_orders_on_close=true)
fast = ta.ema(close, 9)
slow = ta.ema(close, 55)
r = ta.rsi(close, 14)
longCondition = ta.crossover(fast, slow) and r > 58.0
shortCondition = ta.crossunder(fast, slow) and r < 42.0
if longCondition and ""both"" != ""short_only""
    strategy.entry(""Long"", strategy.long)
if shortCondition and ""both"" != ""long_only""
    strategy.entry(""Short"", strategy.short)
if ta.crossunder(fast, slow)
    strategy.close(""Long"")
if ta.crossover(fast, slow)
    strategy.close(""Short"")",False,False,False,rejected
trend_ema__directionboth_fast9_rsi_threshold52.0_slow55,trend_ema,1490.0,-0.000686534179369196,0.8570508724035862,0.4188914972584715,1,1,"//@version=5
strategy(""trend_ema__directionboth_fast9_rsi_threshold52.0_slow55"", overlay=true, process_orders_on_close=true)
fast = ta.ema(close, 9)
slow = ta.ema(close, 55)
r = ta.rsi(close, 14)
longCondition = ta.crossover(fast, slow) and r > 52.0
shortCondition = ta.crossunder(fast, slow) and r < 48.0
if longCondition and ""both"" != ""short_only""
    strategy.entry(""Long"", strategy.long)
if shortCondition and ""both"" != ""long_only""
    strategy.entry(""Short"", strategy.short)
if ta.crossunder(fast, slow)
    strategy.close(""Long"")
if ta.crossover(fast, slow)
    strategy.close(""Short"")",False,False,False,rejected
trend_ema__directionlong_only_fast21_rsi_threshold58.0_slow34,trend_ema,469.0,-0.0006871235166912799,0.8737976485098214,0.25288943236950545,2,2,"//@version=5
strategy(""trend_ema__directionlong_only_fast21_rsi_threshold58.0_slow34"", overlay=true, process_orders_on_close=true)
fast = ta.ema(close, 21)
slow = ta.ema(close, 34)
r = ta.rsi(close, 14)
longCondition = ta.crossover(fast, slow) and r > 58.0
shortCondition = ta.crossunder(fast, slow) and r < 42.0
if longCondition and ""long_only"" != ""short_only""
    strategy.entry(""Long"", strategy.long)
if shortCondition and ""long_only"" != ""long_only""
    strategy.entry(""Short"", strategy.short)
if ta.crossunder(fast, slow)
    strategy.close(""Long"")
if ta.crossover(fast, slow)
    strategy.close(""Short"")",False,False,False,rejected
trend_ema__directionshort_only_fast12_rsi_threshold55.0_slow55,trend_ema,662.0,-0.0007503182877914473,0.899680577104467,0.35894467890350723,1,1,"//@version=5
strategy(""trend_ema__directionshort_only_fast12_rsi_threshold55.0_slow55"", overlay=true, process_orders_on_close=true)
fast = ta.ema(close, 12)
slow = ta.ema(close, 55)
r = ta.rsi(close, 14)
longCondition = ta.crossover(fast, slow) and r > 55.0
shortCondition = ta.crossunder(fast, slow) and r < 45.0
if longCondition and ""short_only"" != ""short_only""
    strategy.entry(""Long"", strategy.long)
if shortCondition and ""short_only"" != ""long_only""
    strategy.entry(""Short"", strategy.short)
if ta.crossunder(fast, slow)
    strategy.close(""Long"")
if ta.crossover(fast, slow)
    strategy.close(""Short"")",False,False,False,rejected
trend_ema__directionlong_only_fast21_rsi_threshold55.0_slow55,trend_ema,533.0,-0.0007548149098276156,0.8486721121208903,0.24509935495368806,2,2,"//@version=5
strategy(""trend_ema__directionlong_only_fast21_rsi_threshold55.0_slow55"", overlay=true, process_orders_on_close=true)
fast = ta.ema(close, 21)
slow = ta.ema(close, 55)
r = ta.rsi(close, 14)
longCondition = ta.crossover(fast, slow) and r > 55.0
shortCondition = ta.crossunder(fast, slow) and r < 45.0
if longCondition and ""long_only"" != ""short_only""
    strategy.entry(""Long"", strategy.long)
if shortCondition and ""long_only"" != ""long_only""
    strategy.entry(""Short"", strategy.short)
if ta.crossunder(fast, slow)
    strategy.close(""Long"")
if ta.crossover(fast, slow)
    strategy.close(""Short"")",False,False,False,rejected
trend_ema__directionlong_only_fast12_rsi_threshold58.0_slow89,trend_ema,417.0,-0.0007608104093099889,0.8673697589452193,0.2708714567292365,2,2,"//@version=5
strategy(""trend_ema__directionlong_only_fast12_rsi_threshold58.0_slow89"", overlay=true, process_orders_on_close=true)
fast = ta.ema(close, 12)
slow = ta.ema(close, 89)
r = ta.rsi(close, 14)
longCondition = ta.crossover(fast, slow) and r > 58.0
shortCondition = ta.crossunder(fast, slow) and r < 42.0
if longCondition and ""long_only"" != ""short_only""
    strategy.entry(""Long"", strategy.long)
if shortCondition and ""long_only"" != ""long_only""
    strategy.entry(""Short"", strategy.short)
if ta.crossunder(fast, slow)
    strategy.close(""Long"")
if ta.crossover(fast, slow)
    strategy.close(""Short"")",False,False,False,rejected
trend_ema__directionshort_only_fast9_rsi_threshold58.0_slow55,trend_ema,531.0,-0.0007628935179969087,0.8854418082689338,0.2601172317534872,2,2,"//@version=5
strategy(""trend_ema__directionshort_only_fast9_rsi_threshold58.0_slow55"", overlay=true, process_orders_on_close=true)
fast = ta.ema(close, 9)
slow = ta.ema(close, 55)
r = ta.rsi(close, 14)
longCondition = ta.crossover(fast, slow) and r > 58.0
shortCondition = ta.crossunder(fast, slow) and r < 42.0
if longCondition and ""short_only"" != ""short_only""
    strategy.entry(""Long"", strategy.long)
if shortCondition and ""short_only"" != ""long_only""
    strategy.entry(""Short"", strategy.short)
if ta.crossunder(fast, slow)
    strategy.close(""Long"")
if ta.crossover(fast, slow)
    strategy.close(""Short"")",False,False,False,rejected
trend_ema__directionshort_only_fast12_rsi_threshold58.0_slow55,trend_ema,513.0,-0.0008150712037637615,0.8775681731160504,0.26895294326467745,1,1,"//@version=5
strategy(""trend_ema__directionshort_only_fast12_rsi_threshold58.0_slow55"", overlay=true, process_orders_on_close=true)
fast = ta.ema(close, 12)
slow = ta.ema(close, 55)
r = ta.rsi(close, 14)
longCondition = ta.crossover(fast, slow) and r > 58.0
shortCondition = ta.crossunder(fast, slow) and r < 42.0
if longCondition and ""short_only"" != ""short_only""
    strategy.entry(""Long"", strategy.long)
if shortCondition and ""short_only"" != ""long_only""
    strategy.entry(""Short"", strategy.short)
if ta.crossunder(fast, slow)
    strategy.close(""Long"")
if ta.crossover(fast, slow)
    strategy.close(""Short"")",False,False,False,rejected
trend_pullback__fast34_pullback_rsi45.0_slow55,trend_pullback,738.0,-0.0008290333046709677,0.7324565408909045,0.2109863988690669,1,1,"//@version=5
strategy(""trend_pullback__fast34_pullback_rsi45.0_slow55"", overlay=true, process_orders_on_close=true)
fast = ta.ema(close, 34)
slow = ta.ema(close, 55)
r = ta.rsi(close, 14)
uptrend = fast > slow
downtrend = fast < slow
longResume = close > fast and close[1] <= fast[1]
shortResume = close < fast and close[1] >= fast[1]
longCondition = uptrend and r[1] < 45.0 and longResume
shortCondition = downtrend and r[1] > 55.0 and shortResume
if longCondition
    strategy.entry(""Long"", strategy.long)
if shortCondition
    strategy.entry(""Short"", strategy.short)",False,False,False,rejected
breakout__atr_filter1.0_directionboth_window55,breakout,1588.0,-0.0008731547207850896,0.8513986707117032,0.42643743327313954,0,0,"//@version=5
strategy(""breakout__atr_filter1.0_directionboth_window55"", overlay=true, process_orders_on_close=true)
breakoutHigh = ta.highest(high, 55)[1]
breakoutLow = ta.lowest(low, 55)[1]
atr14 = ta.atr(14)
rangeRatio = (high - low) / atr14
trendFast = ta.ema(close, 20)
trendSlow = ta.ema(close, 55)
volMean = ta.sma(volume, 30)
longCondition = close > breakoutHigh and rangeRatio > 1.0 and trendFast > trendSlow and volume > volMean
shortCondition = close < breakoutLow and rangeRatio > 1.0 and trendFast < trendSlow and volume > volMean
if longCondition and ""both"" != ""short_only""
    strategy.entry(""Long"", strategy.long)
if shortCondition and ""both"" != ""long_only""
    strategy.entry(""Short"", strategy.short)",False,False,False,rejected
breakout__atr_filter0.8_directionboth_window55,breakout,1621.0,-0.0008803617397813776,0.8498679366733337,0.4580106127831509,0,0,"//@version=5
strategy(""breakout__atr_filter0.8_directionboth_window55"", overlay=true, process_orders_on_close=true)
breakoutHigh = ta.highest(high, 55)[1]
breakoutLow = ta.lowest(low, 55)[1]
atr14 = ta.atr(14)
rangeRatio = (high - low) / atr14
trendFast = ta.ema(close, 20)
trendSlow = ta.ema(close, 55)
volMean = ta.sma(volume, 30)
longCondition = close > breakoutHigh and rangeRatio > 0.8 and trendFast > trendSlow and volume > volMean
shortCondition = close < breakoutLow and rangeRatio > 0.8 and trendFast < trendSlow and volume > volMean
if longCondition and ""both"" != ""short_only""
    strategy.entry(""Long"", strategy.long)
if shortCondition and ""both"" != ""long_only""
    strategy.entry(""Short"", strategy.short)",False,False,False,rejected
trend_ema__directionlong_only_fast21_rsi_threshold55.0_slow34,trend_ema,660.0,-0.0008825377871711841,0.8338447022265006,0.34923644047916325,2,2,"//@version=5
strategy(""trend_ema__directionlong_only_fast21_rsi_threshold55.0_slow34"", overlay=true, process_orders_on_close=true)
fast = ta.ema(close, 21)
slow = ta.ema(close, 34)
r = ta.rsi(close, 14)
longCondition = ta.crossover(fast, slow) and r > 55.0
shortCondition = ta.crossunder(fast, slow) and r < 45.0
if longCondition and ""long_only"" != ""short_only""
    strategy.entry(""Long"", strategy.long)
if shortCondition and ""long_only"" != ""long_only""
    strategy.entry(""Short"", strategy.short)
if ta.crossunder(fast, slow)
    strategy.close(""Long"")
if ta.crossover(fast, slow)
    strategy.close(""Short"")",False,False,False,rejected
trend_ema__directionlong_only_fast9_rsi_threshold55.0_slow55,trend_ema,757.0,-0.0008854907542038957,0.8143529127817685,0.31592526061894843,1,1,"//@version=5
strategy(""trend_ema__directionlong_only_fast9_rsi_threshold55.0_slow55"", overlay=true, process_orders_on_close=true)
fast = ta.ema(close, 9)
slow = ta.ema(close, 55)
r = ta.rsi(close, 14)
longCondition = ta.crossover(fast, slow) and r > 55.0
shortCondition = ta.crossunder(fast, slow) and r < 45.0
if longCondition and ""long_only"" != ""short_only""
    strategy.entry(""Long"", strategy.long)
if shortCondition and ""long_only"" != ""long_only""
    strategy.entry(""Short"", strategy.short)
if ta.crossunder(fast, slow)
    strategy.close(""Long"")
if ta.crossover(fast, slow)
    strategy.close(""Short"")",False,False,False,rejected
trend_ema__directionlong_only_fast9_rsi_threshold55.0_slow89,trend_ema,587.0,-0.0008871395795368803,0.8142681837028521,0.30588605215210196,1,1,"//@version=5
strategy(""trend_ema__directionlong_only_fast9_rsi_threshold55.0_slow89"", overlay=true, process_orders_on_close=true)
fast = ta.ema(close, 9)
slow = ta.ema(close, 89)
r = ta.rsi(close, 14)
longCondition = ta.crossover(fast, slow) and r > 55.0
shortCondition = ta.crossunder(fast, slow) and r < 45.0
if longCondition and ""long_only"" != ""short_only""
    strategy.entry(""Long"", strategy.long)
if shortCondition and ""long_only"" != ""long_only""
    strategy.entry(""Short"", strategy.short)
if ta.crossunder(fast, slow)
    strategy.close(""Long"")
if ta.crossover(fast, slow)
    strategy.close(""Short"")",False,False,False,rejected
trend_ema__directionboth_fast12_rsi_threshold52.0_slow34,trend_ema,1689.0,-0.0009019279837842058,0.839298711477784,0.5413051100960034,1,1,"//@version=5
strategy(""trend_ema__directionboth_fast12_rsi_threshold52.0_slow34"", overlay=true, process_orders_on_close=true)
fast = ta.ema(close, 12)
slow = ta.ema(close, 34)
r = ta.rsi(close, 14)
longCondition = ta.crossover(fast, slow) and r > 52.0
shortCondition = ta.crossunder(fast, slow) and r < 48.0
if longCondition and ""both"" != ""short_only""
    strategy.entry(""Long"", strategy.long)
if shortCondition and ""both"" != ""long_only""
    strategy.entry(""Short"", strategy.short)
if ta.crossunder(fast, slow)
    strategy.close(""Long"")
if ta.crossover(fast, slow)
    strategy.close(""Short"")",False,False,False,rejected
trend_ema__directionboth_fast21_rsi_threshold55.0_slow34,trend_ema,1262.0,-0.0009025729061475752,0.8469827318826093,0.3987642937491519,1,1,"//@version=5
strategy(""trend_ema__directionboth_fast21_rsi_threshold55.0_slow34"", overlay=true, process_orders_on_close=true)
fast = ta.ema(close, 21)
slow = ta.ema(close, 34)
r = ta.rsi(close, 14)
longCondition = ta.crossover(fast, slow) and r > 55.0
shortCondition = ta.crossunder(fast, slow) and r < 45.0
if longCondition and ""both"" != ""short_only""
    strategy.entry(""Long"", strategy.long)
if shortCondition and ""both"" != ""long_only""
    strategy.entry(""Short"", strategy.short)
if ta.crossunder(fast, slow)
    strategy.close(""Long"")
if ta.crossover(fast, slow)
    strategy.close(""Short"")",False,False,False,rejected
vol_squeeze__squeeze_threshold0.35_volume_z_threshold1.0_window30,vol_squeeze,634.0,-0.0009108802077844395,0.7992391844940908,0.2806494061165318,1,1,"//@version=5
strategy(""vol_squeeze__squeeze_threshold0.35_volume_z_threshold1.0_window30"", overlay=true, process_orders_on_close=true)
basis = ta.sma(close, 30)
dev = ta.stdev(close, 30) * 2.0
upper = basis + dev
lower = basis - dev
bandwidth = (upper - lower) / basis
squeeze = ta.percentrank(bandwidth, 80) < 35.0
volZ = (volume - ta.sma(volume, 30)) / ta.stdev(volume, 30)
breakoutHigh = ta.highest(high, 30)[1]
breakoutLow = ta.lowest(low, 30)[1]
trendFast = ta.ema(close, 20)
trendSlow = ta.ema(close, 55)
longCondition = squeeze[1] and close > breakoutHigh and volZ > 1.0 and trendFast > trendSlow
shortCondition = squeeze[1] and close < breakoutLow and volZ > 1.0 and trendFast < trendSlow
if longCondition
    strategy.entry(""Long"", strategy.long)
if shortCondition
    strategy.entry(""Short"", strategy.short)",False,False,False,rejected
trend_ema__directionboth_fast12_rsi_threshold55.0_slow34,trend_ema,1461.0,-0.0009340299128578201,0.8243120974411428,0.4935414994401779,0,0,"//@version=5
strategy(""trend_ema__directionboth_fast12_rsi_threshold55.0_slow34"", overlay=true, process_orders_on_close=true)
fast = ta.ema(close, 12)
slow = ta.ema(close, 34)
r = ta.rsi(close, 14)
longCondition = ta.crossover(fast, slow) and r > 55.0
shortCondition = ta.crossunder(fast, slow) and r < 45.0
if longCondition and ""both"" != ""short_only""
    strategy.entry(""Long"", strategy.long)
if shortCondition and ""both"" != ""long_only""
    strategy.entry(""Short"", strategy.short)
if ta.crossunder(fast, slow)
    strategy.close(""Long"")
if ta.crossover(fast, slow)
    strategy.close(""Short"")",False,False,False,rejected
trend_ema__directionlong_only_fast12_rsi_threshold52.0_slow55,trend_ema,815.0,-0.0009425123525257191,0.826750375272368,0.36053912988214987,2,2,"//@version=5
strategy(""trend_ema__directionlong_only_fast12_rsi_threshold52.0_slow55"", overlay=true, process_orders_on_close=true)
fast = ta.ema(close, 12)
slow = ta.ema(close, 55)
r = ta.rsi(close, 14)
longCondition = ta.crossover(fast, slow) and r > 52.0
shortCondition = ta.crossunder(fast, slow) and r < 48.0
if longCondition and ""long_only"" != ""short_only""
    strategy.entry(""Long"", strategy.long)
if shortCondition and ""long_only"" != ""long_only""
    strategy.entry(""Short"", strategy.short)
if ta.crossunder(fast, slow)
    strategy.close(""Long"")
if ta.crossover(fast, slow)
    strategy.close(""Short"")",False,False,False,rejected
trend_ema__directionboth_fast21_rsi_threshold52.0_slow34,trend_ema,1390.0,-0.0009527515912716345,0.841003160959712,0.4579637222263704,1,1,"//@version=5
strategy(""trend_ema__directionboth_fast21_rsi_threshold52.0_slow34"", overlay=true, process_orders_on_close=true)
fast = ta.ema(close, 21)
slow = ta.ema(close, 34)
r = ta.rsi(close, 14)
longCondition = ta.crossover(fast, slow) and r > 52.0
shortCondition = ta.crossunder(fast, slow) and r < 48.0
if longCondition and ""both"" != ""short_only""
    strategy.entry(""Long"", strategy.long)
if shortCondition and ""both"" != ""long_only""
    strategy.entry(""Short"", strategy.short)
if ta.crossunder(fast, slow)
    strategy.close(""Long"")
if ta.crossover(fast, slow)
    strategy.close(""Short"")",False,False,False,rejected
trend_ema__directionshort_only_fast21_rsi_threshold55.0_slow34,trend_ema,670.0,-0.0009657856455803889,0.8903576626233153,0.40860178441246375,1,1,"//@version=5
strategy(""trend_ema__directionshort_only_fast21_rsi_threshold55.0_slow34"", overlay=true, process_orders_on_close=true)
fast = ta.ema(close, 21)
slow = ta.ema(close, 34)
r = ta.rsi(close, 14)
longCondition = ta.crossover(fast, slow) and r > 55.0
shortCondition = ta.crossunder(fast, slow) and r < 45.0
if longCondition and ""short_only"" != ""short_only""
    strategy.entry(""Long"", strategy.long)
if shortCondition and ""short_only"" != ""long_only""
    strategy.entry(""Short"", strategy.short)
if ta.crossunder(fast, slow)
    strategy.close(""Long"")
if ta.crossover(fast, slow)
    strategy.close(""Short"")",False,False,False,rejected
breakout__atr_filter1.2_directionboth_window55,breakout,1499.0,-0.0009788950792186477,0.8316000169660365,0.44475039775918446,0,0,"//@version=5
strategy(""breakout__atr_filter1.2_directionboth_window55"", overlay=true, process_orders_on_close=true)
breakoutHigh = ta.highest(high, 55)[1]
breakoutLow = ta.lowest(low, 55)[1]
atr14 = ta.atr(14)
rangeRatio = (high - low) / atr14
trendFast = ta.ema(close, 20)
trendSlow = ta.ema(close, 55)
volMean = ta.sma(volume, 30)
longCondition = close > breakoutHigh and rangeRatio > 1.2 and trendFast > trendSlow and volume > volMean
shortCondition = close < breakoutLow and rangeRatio > 1.2 and trendFast < trendSlow and volume > volMean
if longCondition and ""both"" != ""short_only""
    strategy.entry(""Long"", strategy.long)
if shortCondition and ""both"" != ""long_only""
    strategy.entry(""Short"", strategy.short)",False,False,False,rejected
breakout__atr_filter1.0_directionboth_window30,breakout,1896.0,-0.0009801897807670816,0.8186994140665957,0.5432641350003564,0,0,"//@version=5
strategy(""breakout__atr_filter1.0_directionboth_window30"", overlay=true, process_orders_on_close=true)
breakoutHigh = ta.highest(high, 30)[1]
breakoutLow = ta.lowest(low, 30)[1]
atr14 = ta.atr(14)
rangeRatio = (high - low) / atr14
trendFast = ta.ema(close, 20)
trendSlow = ta.ema(close, 55)
volMean = ta.sma(volume, 30)
longCondition = close > breakoutHigh and rangeRatio > 1.0 and trendFast > trendSlow and volume > volMean
shortCondition = close < breakoutLow and rangeRatio > 1.0 and trendFast < trendSlow and volume > volMean
if longCondition and ""both"" != ""short_only""
    strategy.entry(""Long"", strategy.long)
if shortCondition and ""both"" != ""long_only""
    strategy.entry(""Short"", strategy.short)",False,False,False,rejected
trend_ema__directionlong_only_fast21_rsi_threshold52.0_slow34,trend_ema,779.0,-0.0009808213741348698,0.8056667365612177,0.37880552728177996,2,2,"//@version=5
strategy(""trend_ema__directionlong_only_fast21_rsi_threshold52.0_slow34"", overlay=true, process_orders_on_close=true)
fast = ta.ema(close, 21)
slow = ta.ema(close, 34)
r = ta.rsi(close, 14)
longCondition = ta.crossover(fast, slow) and r > 52.0
shortCondition = ta.crossunder(fast, slow) and r < 48.0
if longCondition and ""long_only"" != ""short_only""
    strategy.entry(""Long"", strategy.long)
if shortCondition and ""long_only"" != ""long_only""
    strategy.entry(""Short"", strategy.short)
if ta.crossunder(fast, slow)
    strategy.close(""Long"")
if ta.crossover(fast, slow)
    strategy.close(""Short"")",False,False,False,rejected
trend_ema__directionshort_only_fast9_rsi_threshold58.0_slow34,trend_ema,561.0,-0.000998847505822483,0.863266006722788,0.37868026913336683,3,3,"//@version=5
strategy(""trend_ema__directionshort_only_fast9_rsi_threshold58.0_slow34"", overlay=true, process_orders_on_close=true)
fast = ta.ema(close, 9)
slow = ta.ema(close, 34)
r = ta.rsi(close, 14)
longCondition = ta.crossover(fast, slow) and r > 58.0
shortCondition = ta.crossunder(fast, slow) and r < 42.0
if longCondition and ""short_only"" != ""short_only""
    strategy.entry(""Long"", strategy.long)
if shortCondition and ""short_only"" != ""long_only""
    strategy.entry(""Short"", strategy.short)
if ta.crossunder(fast, slow)
    strategy.close(""Long"")
if ta.crossover(fast, slow)
    strategy.close(""Short"")",False,False,False,rejected
trend_pullback__fast34_pullback_rsi45.0_slow89,trend_pullback,755.0,-0.0009998901415689274,0.6912569793650606,0.23887752111463612,1,1,"//@version=5
strategy(""trend_pullback__fast34_pullback_rsi45.0_slow89"", overlay=true, process_orders_on_close=true)
fast = ta.ema(close, 34)
slow = ta.ema(close, 89)
r = ta.rsi(close, 14)
uptrend = fast > slow
downtrend = fast < slow
longResume = close > fast and close[1] <= fast[1]
shortResume = close < fast and close[1] >= fast[1]
longCondition = uptrend and r[1] < 45.0 and longResume
shortCondition = downtrend and r[1] > 55.0 and shortResume
if longCondition
    strategy.entry(""Long"", strategy.long)
if shortCondition
    strategy.entry(""Short"", strategy.short)",False,False,False,rejected
trend_ema__directionshort_only_fast21_rsi_threshold52.0_slow34,trend_ema,766.0,-0.0010228944547440312,0.8802200006679559,0.46619389998672145,1,1,"//@version=5
strategy(""trend_ema__directionshort_only_fast21_rsi_threshold52.0_slow34"", overlay=true, process_orders_on_close=true)
fast = ta.ema(close, 21)
slow = ta.ema(close, 34)
r = ta.rsi(close, 14)
longCondition = ta.crossover(fast, slow) and r > 52.0
shortCondition = ta.crossunder(fast, slow) and r < 48.0
if longCondition and ""short_only"" != ""short_only""
    strategy.entry(""Long"", strategy.long)
if shortCondition and ""short_only"" != ""long_only""
    strategy.entry(""Short"", strategy.short)
if ta.crossunder(fast, slow)
    strategy.close(""Long"")
if ta.crossover(fast, slow)
    strategy.close(""Short"")",False,False,False,rejected
breakout__atr_filter1.0_directionboth_window20,breakout,2122.0,-0.0010435728305874957,0.7887500114916374,0.554279456438338,0,0,"//@version=5
strategy(""breakout__atr_filter1.0_directionboth_window20"", overlay=true, process_orders_on_close=true)
breakoutHigh = ta.highest(high, 20)[1]
breakoutLow = ta.lowest(low, 20)[1]
atr14 = ta.atr(14)
rangeRatio = (high - low) / atr14
trendFast = ta.ema(close, 20)
trendSlow = ta.ema(close, 55)
volMean = ta.sma(volume, 30)
longCondition = close > breakoutHigh and rangeRatio > 1.0 and trendFast > trendSlow and volume > volMean
shortCondition = close < breakoutLow and rangeRatio > 1.0 and trendFast < trendSlow and volume > volMean
if longCondition and ""both"" != ""short_only""
    strategy.entry(""Long"", strategy.long)
if shortCondition and ""both"" != ""long_only""
    strategy.entry(""Short"", strategy.short)",False,False,False,rejected
trend_ema__directionlong_only_fast12_rsi_threshold55.0_slow89,trend_ema,527.0,-0.00104453561568756,0.813349558286072,0.26214092344428774,2,2,"//@version=5
strategy(""trend_ema__directionlong_only_fast12_rsi_threshold55.0_slow89"", overlay=true, process_orders_on_close=true)
fast = ta.ema(close, 12)
slow = ta.ema(close, 89)
r = ta.rsi(close, 14)
longCondition = ta.crossover(fast, slow) and r > 55.0
shortCondition = ta.crossunder(fast, slow) and r < 45.0
if longCondition and ""long_only"" != ""short_only""
    strategy.entry(""Long"", strategy.long)
if shortCondition and ""long_only"" != ""long_only""
    strategy.entry(""Short"", strategy.short)
if ta.crossunder(fast, slow)
    strategy.close(""Long"")
if ta.crossover(fast, slow)
    strategy.close(""Short"")",False,False,False,rejected
breakout__atr_filter0.8_directionboth_window30,breakout,1957.0,-0.001055829197905796,0.8072719028191263,0.5686283490969949,0,0,"//@version=5
strategy(""breakout__atr_filter0.8_directionboth_window30"", overlay=true, process_orders_on_close=true)
breakoutHigh = ta.highest(high, 30)[1]
breakoutLow = ta.lowest(low, 30)[1]
atr14 = ta.atr(14)
rangeRatio = (high - low) / atr14
trendFast = ta.ema(close, 20)
trendSlow = ta.ema(close, 55)
volMean = ta.sma(volume, 30)
longCondition = close > breakoutHigh and rangeRatio > 0.8 and trendFast > trendSlow and volume > volMean
shortCondition = close < breakoutLow and rangeRatio > 0.8 and trendFast < trendSlow and volume > volMean
if longCondition and ""both"" != ""short_only""
    strategy.entry(""Long"", strategy.long)
if shortCondition and ""both"" != ""long_only""
    strategy.entry(""Short"", strategy.short)",False,False,False,rejected
breakout__atr_filter1.2_directionboth_window30,breakout,1783.0,-0.0010654889312412168,0.799476670216352,0.5090554949653209,0,0,"//@version=5
strategy(""breakout__atr_filter1.2_directionboth_window30"", overlay=true, process_orders_on_close=true)
breakoutHigh = ta.highest(high, 30)[1]
breakoutLow = ta.lowest(low, 30)[1]
atr14 = ta.atr(14)
rangeRatio = (high - low) / atr14
trendFast = ta.ema(close, 20)
trendSlow = ta.ema(close, 55)
volMean = ta.sma(volume, 30)
longCondition = close > breakoutHigh and rangeRatio > 1.2 and trendFast > trendSlow and volume > volMean
shortCondition = close < breakoutLow and rangeRatio > 1.2 and trendFast < trendSlow and volume > volMean
if longCondition and ""both"" != ""short_only""
    strategy.entry(""Long"", strategy.long)
if shortCondition and ""both"" != ""long_only""
    strategy.entry(""Short"", strategy.short)",False,False,False,rejected
trend_ema__directionlong_only_fast9_rsi_threshold52.0_slow89,trend_ema,673.0,-0.0010660961364136626,0.7951355944040315,0.36346890482115124,2,2,"//@version=5
strategy(""trend_ema__directionlong_only_fast9_rsi_threshold52.0_slow89"", overlay=true, process_orders_on_close=true)
fast = ta.ema(close, 9)
slow = ta.ema(close, 89)
r = ta.rsi(close, 14)
longCondition = ta.crossover(fast, slow) and r > 52.0
shortCondition = ta.crossunder(fast, slow) and r < 48.0
if longCondition and ""long_only"" != ""short_only""
    strategy.entry(""Long"", strategy.long)
if shortCondition and ""long_only"" != ""long_only""
    strategy.entry(""Short"", strategy.short)
if ta.crossunder(fast, slow)
    strategy.close(""Long"")
if ta.crossover(fast, slow)
    strategy.close(""Short"")",False,False,False,rejected
breakout__atr_filter0.8_directionboth_window20,breakout,2198.0,-0.0010691992535091274,0.7868310497141912,0.601186416712129,0,0,"//@version=5
strategy(""breakout__atr_filter0.8_directionboth_window20"", overlay=true, process_orders_on_close=true)
breakoutHigh = ta.highest(high, 20)[1]
breakoutLow = ta.lowest(low, 20)[1]
atr14 = ta.atr(14)
rangeRatio = (high - low) / atr14
trendFast = ta.ema(close, 20)
trendSlow = ta.ema(close, 55)
volMean = ta.sma(volume, 30)
longCondition = close > breakoutHigh and rangeRatio > 0.8 and trendFast > trendSlow and volume > volMean
shortCondition = close < breakoutLow and rangeRatio > 0.8 and trendFast < trendSlow and volume > volMean
if longCondition and ""both"" != ""short_only""
    strategy.entry(""Long"", strategy.long)
if shortCondition and ""both"" != ""long_only""
    strategy.entry(""Short"", strategy.short)",False,False,False,rejected
trend_pullback__fast34_pullback_rsi48.0_slow55,trend_pullback,2269.0,-0.0010759056613535423,0.674467452588836,0.43892848117790595,0,0,"//@version=5
strategy(""trend_pullback__fast34_pullback_rsi48.0_slow55"", overlay=true, process_orders_on_close=true)
fast = ta.ema(close, 34)
slow = ta.ema(close, 55)
r = ta.rsi(close, 14)
uptrend = fast > slow
downtrend = fast < slow
longResume = close > fast and close[1] <= fast[1]
shortResume = close < fast and close[1] >= fast[1]
longCondition = uptrend and r[1] < 48.0 and longResume
shortCondition = downtrend and r[1] > 52.0 and shortResume
if longCondition
    strategy.entry(""Long"", strategy.long)
if shortCondition
    strategy.entry(""Short"", strategy.short)",False,False,False,rejected
vol_squeeze__squeeze_threshold0.25_volume_z_threshold1.0_window30,vol_squeeze,482.0,-0.0010782138688295092,0.7659470940750489,0.21018814079182646,0,0,"//@version=5
strategy(""vol_squeeze__squeeze_threshold0.25_volume_z_threshold1.0_window30"", overlay=true, process_orders_on_close=true)
basis = ta.sma(close, 30)
dev = ta.stdev(close, 30) * 2.0
upper = basis + dev
lower = basis - dev
bandwidth = (upper - lower) / basis
squeeze = ta.percentrank(bandwidth, 80) < 25.0
volZ = (volume - ta.sma(volume, 30)) / ta.stdev(volume, 30)
breakoutHigh = ta.highest(high, 30)[1]
breakoutLow = ta.lowest(low, 30)[1]
trendFast = ta.ema(close, 20)
trendSlow = ta.ema(close, 55)
longCondition = squeeze[1] and close > breakoutHigh and volZ > 1.0 and trendFast > trendSlow
shortCondition = squeeze[1] and close < breakoutLow and volZ > 1.0 and trendFast < trendSlow
if longCondition
    strategy.entry(""Long"", strategy.long)
if shortCondition
    strategy.entry(""Short"", strategy.short)",False,False,False,rejected
trend_ema__directionboth_fast9_rsi_threshold52.0_slow34,trend_ema,1821.0,-0.0010858587786271333,0.7903739864162648,0.4784082642312729,0,0,"//@version=5
strategy(""trend_ema__directionboth_fast9_rsi_threshold52.0_slow34"", overlay=true, process_orders_on_close=true)
fast = ta.ema(close, 9)
slow = ta.ema(close, 34)
r = ta.rsi(close, 14)
longCondition = ta.crossover(fast, slow) and r > 52.0
shortCondition = ta.crossunder(fast, slow) and r < 48.0
if longCondition and ""both"" != ""short_only""
    strategy.entry(""Long"", strategy.long)
if shortCondition and ""both"" != ""long_only""
    strategy.entry(""Short"", strategy.short)
if ta.crossunder(fast, slow)
    strategy.close(""Long"")
if ta.crossover(fast, slow)
    strategy.close(""Short"")",False,False,False,rejected
vol_squeeze__squeeze_threshold0.25_volume_z_threshold0.5_window30,vol_squeeze,513.0,-0.001089683685392658,0.7654516768844455,0.20529971466742203,0,0,"//@version=5
strategy(""vol_squeeze__squeeze_threshold0.25_volume_z_threshold0.5_window30"", overlay=true, process_orders_on_close=true)
basis = ta.sma(close, 30)
dev = ta.stdev(close, 30) * 2.0
upper = basis + dev
lower = basis - dev
bandwidth = (upper - lower) / basis
squeeze = ta.percentrank(bandwidth, 80) < 25.0
volZ = (volume - ta.sma(volume, 30)) / ta.stdev(volume, 30)
breakoutHigh = ta.highest(high, 30)[1]
breakoutLow = ta.lowest(low, 30)[1]
trendFast = ta.ema(close, 20)
trendSlow = ta.ema(close, 55)
longCondition = squeeze[1] and close > breakoutHigh and volZ > 0.5 and trendFast > trendSlow
shortCondition = squeeze[1] and close < breakoutLow and volZ > 0.5 and trendFast < trendSlow
if longCondition
    strategy.entry(""Long"", strategy.long)
if shortCondition
    strategy.entry(""Short"", strategy.short)",False,False,False,rejected
vol_squeeze__squeeze_threshold0.35_volume_z_threshold0.5_window30,vol_squeeze,680.0,-0.0011007462095927688,0.7691461363268575,0.2681734761684281,0,0,"//@version=5
strategy(""vol_squeeze__squeeze_threshold0.35_volume_z_threshold0.5_window30"", overlay=true, process_orders_on_close=true)
basis = ta.sma(close, 30)
dev = ta.stdev(close, 30) * 2.0
upper = basis + dev
lower = basis - dev
bandwidth = (upper - lower) / basis
squeeze = ta.percentrank(bandwidth, 80) < 35.0
volZ = (volume - ta.sma(volume, 30)) / ta.stdev(volume, 30)
breakoutHigh = ta.highest(high, 30)[1]
breakoutLow = ta.lowest(low, 30)[1]
trendFast = ta.ema(close, 20)
trendSlow = ta.ema(close, 55)
longCondition = squeeze[1] and close > breakoutHigh and volZ > 0.5 and trendFast > trendSlow
shortCondition = squeeze[1] and close < breakoutLow and volZ > 0.5 and trendFast < trendSlow
if longCondition
    strategy.entry(""Long"", strategy.long)
if shortCondition
    strategy.entry(""Short"", strategy.short)",False,False,False,rejected
breakout__atr_filter1.2_directionboth_window20,breakout,1979.0,-0.0011055336979715355,0.7743040438942934,0.5136487846051259,0,0,"//@version=5
strategy(""breakout__atr_filter1.2_directionboth_window20"", overlay=true, process_orders_on_close=true)
breakoutHigh = ta.highest(high, 20)[1]
breakoutLow = ta.lowest(low, 20)[1]
atr14 = ta.atr(14)
rangeRatio = (high - low) / atr14
trendFast = ta.ema(close, 20)
trendSlow = ta.ema(close, 55)
volMean = ta.sma(volume, 30)
longCondition = close > breakoutHigh and rangeRatio > 1.2 and trendFast > trendSlow and volume > volMean
shortCondition = close < breakoutLow and rangeRatio > 1.2 and trendFast < trendSlow and volume > volMean
if longCondition and ""both"" != ""short_only""
    strategy.entry(""Long"", strategy.long)
if shortCondition and ""both"" != ""long_only""
    strategy.entry(""Short"", strategy.short)",False,False,False,rejected
trend_ema__directionboth_fast21_rsi_threshold58.0_slow34,trend_ema,963.0,-0.001121620181124775,0.8066495757647695,0.349516878343867,1,1,"//@version=5
strategy(""trend_ema__directionboth_fast21_rsi_threshold58.0_slow34"", overlay=true, process_orders_on_close=true)
fast = ta.ema(close, 21)
slow = ta.ema(close, 34)
r = ta.rsi(close, 14)
longCondition = ta.crossover(fast, slow) and r > 58.0
shortCondition = ta.crossunder(fast, slow) and r < 42.0
if longCondition and ""both"" != ""short_only""
    strategy.entry(""Long"", strategy.long)
if shortCondition and ""both"" != ""long_only""
    strategy.entry(""Short"", strategy.short)
if ta.crossunder(fast, slow)
    strategy.close(""Long"")
if ta.crossover(fast, slow)
    strategy.close(""Short"")",False,False,False,rejected
trend_ema__directionlong_only_fast9_rsi_threshold52.0_slow55,trend_ema,905.0,-0.001134806490570434,0.7733037597154966,0.3816344353059049,1,1,"//@version=5
strategy(""trend_ema__directionlong_only_fast9_rsi_threshold52.0_slow55"", overlay=true, process_orders_on_close=true)
fast = ta.ema(close, 9)
slow = ta.ema(close, 55)
r = ta.rsi(close, 14)
longCondition = ta.crossover(fast, slow) and r > 52.0
shortCondition = ta.crossunder(fast, slow) and r < 48.0
if longCondition and ""long_only"" != ""short_only""
    strategy.entry(""Long"", strategy.long)
if shortCondition and ""long_only"" != ""long_only""
    strategy.entry(""Short"", strategy.short)
if ta.crossunder(fast, slow)
    strategy.close(""Long"")
if ta.crossover(fast, slow)
    strategy.close(""Short"")",False,False,False,rejected
trend_ema__directionboth_fast12_rsi_threshold58.0_slow34,trend_ema,1055.0,-0.0011575045809109755,0.7887371676057745,0.4021718564185529,0,0,"//@version=5
strategy(""trend_ema__directionboth_fast12_rsi_threshold58.0_slow34"", overlay=true, process_orders_on_close=true)
fast = ta.ema(close, 12)
slow = ta.ema(close, 34)
r = ta.rsi(close, 14)
longCondition = ta.crossover(fast, slow) and r > 58.0
shortCondition = ta.crossunder(fast, slow) and r < 42.0
if longCondition and ""both"" != ""short_only""
    strategy.entry(""Long"", strategy.long)
if shortCondition and ""both"" != ""long_only""
    strategy.entry(""Short"", strategy.short)
if ta.crossunder(fast, slow)
    strategy.close(""Long"")
if ta.crossover(fast, slow)
    strategy.close(""Short"")",False,False,False,rejected
trend_pullback__fast34_pullback_rsi48.0_slow89,trend_pullback,2299.0,-0.001169475598604208,0.6514728342769777,0.4977617836648732,0,0,"//@version=5
strategy(""trend_pullback__fast34_pullback_rsi48.0_slow89"", overlay=true, process_orders_on_close=true)
fast = ta.ema(close, 34)
slow = ta.ema(close, 89)
r = ta.rsi(close, 14)
uptrend = fast > slow
downtrend = fast < slow
longResume = close > fast and close[1] <= fast[1]
shortResume = close < fast and close[1] >= fast[1]
longCondition = uptrend and r[1] < 48.0 and longResume
shortCondition = downtrend and r[1] > 52.0 and shortResume
if longCondition
    strategy.entry(""Long"", strategy.long)
if shortCondition
    strategy.entry(""Short"", strategy.short)",False,False,False,rejected
trend_ema__directionshort_only_fast12_rsi_threshold58.0_slow34,trend_ema,556.0,-0.0011807563460926676,0.825839121814901,0.30633064554310296,1,1,"//@version=5
strategy(""trend_ema__directionshort_only_fast12_rsi_threshold58.0_slow34"", overlay=true, process_orders_on_close=true)
fast = ta.ema(close, 12)
slow = ta.ema(close, 34)
r = ta.rsi(close, 14)
longCondition = ta.crossover(fast, slow) and r > 58.0
shortCondition = ta.crossunder(fast, slow) and r < 42.0
if longCondition and ""short_only"" != ""short_only""
    strategy.entry(""Long"", strategy.long)
if shortCondition and ""short_only"" != ""long_only""
    strategy.entry(""Short"", strategy.short)
if ta.crossunder(fast, slow)
    strategy.close(""Long"")
if ta.crossover(fast, slow)
    strategy.close(""Short"")",False,False,False,rejected
trend_pullback__fast21_pullback_rsi48.0_slow55,trend_pullback,1456.0,-0.0011874971308419874,0.6364599153970095,0.3978060465998452,0,0,"//@version=5
strategy(""trend_pullback__fast21_pullback_rsi48.0_slow55"", overlay=true, process_orders_on_close=true)
fast = ta.ema(close, 21)
slow = ta.ema(close, 55)
r = ta.rsi(close, 14)
uptrend = fast > slow
downtrend = fast < slow
longResume = close > fast and close[1] <= fast[1]
shortResume = close < fast and close[1] >= fast[1]
longCondition = uptrend and r[1] < 48.0 and longResume
shortCondition = downtrend and r[1] > 52.0 and shortResume
if longCondition
    strategy.entry(""Long"", strategy.long)
if shortCondition
    strategy.entry(""Short"", strategy.short)",False,False,False,rejected
trend_ema__directionlong_only_fast12_rsi_threshold58.0_slow34,trend_ema,536.0,-0.0012010176937439347,0.7704168941412393,0.3003564201781804,2,2,"//@version=5
strategy(""trend_ema__directionlong_only_fast12_rsi_threshold58.0_slow34"", overlay=true, process_orders_on_close=true)
fast = ta.ema(close, 12)
slow = ta.ema(close, 34)
r = ta.rsi(close, 14)
longCondition = ta.crossover(fast, slow) and r > 58.0
shortCondition = ta.crossunder(fast, slow) and r < 42.0
if longCondition and ""long_only"" != ""short_only""
    strategy.entry(""Long"", strategy.long)
if shortCondition and ""long_only"" != ""long_only""
    strategy.entry(""Short"", strategy.short)
if ta.crossunder(fast, slow)
    strategy.close(""Long"")
if ta.crossover(fast, slow)
    strategy.close(""Short"")",False,False,False,rejected
trend_pullback__fast21_pullback_rsi48.0_slow89,trend_pullback,1673.0,-0.0012221431552852985,0.6238176050167197,0.3950429202648278,0,0,"//@version=5
strategy(""trend_pullback__fast21_pullback_rsi48.0_slow89"", overlay=true, process_orders_on_close=true)
fast = ta.ema(close, 21)
slow = ta.ema(close, 89)
r = ta.rsi(close, 14)
uptrend = fast > slow
downtrend = fast < slow
longResume = close > fast and close[1] <= fast[1]
shortResume = close < fast and close[1] >= fast[1]
longCondition = uptrend and r[1] < 48.0 and longResume
shortCondition = downtrend and r[1] > 52.0 and shortResume
if longCondition
    strategy.entry(""Long"", strategy.long)
if shortCondition
    strategy.entry(""Short"", strategy.short)",False,False,False,rejected
breakout__atr_filter0.8_directionshort_only_window55,breakout,878.0,-0.001236882437016685,0.8237279767395055,0.4430626529944719,0,0,"//@version=5
strategy(""breakout__atr_filter0.8_directionshort_only_window55"", overlay=true, process_orders_on_close=true)
breakoutHigh = ta.highest(high, 55)[1]
breakoutLow = ta.lowest(low, 55)[1]
atr14 = ta.atr(14)
rangeRatio = (high - low) / atr14
trendFast = ta.ema(close, 20)
trendSlow = ta.ema(close, 55)
volMean = ta.sma(volume, 30)
longCondition = close > breakoutHigh and rangeRatio > 0.8 and trendFast > trendSlow and volume > volMean
shortCondition = close < breakoutLow and rangeRatio > 0.8 and trendFast < trendSlow and volume > volMean
if longCondition and ""short_only"" != ""short_only""
    strategy.entry(""Long"", strategy.long)
if shortCondition and ""short_only"" != ""long_only""
    strategy.entry(""Short"", strategy.short)",False,False,False,rejected
trend_ema__directionboth_fast9_rsi_threshold55.0_slow34,trend_ema,1551.0,-0.0012431286878454597,0.767323910265581,0.4550577570512948,0,0,"//@version=5
strategy(""trend_ema__directionboth_fast9_rsi_threshold55.0_slow34"", overlay=true, process_orders_on_close=true)
fast = ta.ema(close, 9)
slow = ta.ema(close, 34)
r = ta.rsi(close, 14)
longCondition = ta.crossover(fast, slow) and r > 55.0
shortCondition = ta.crossunder(fast, slow) and r < 45.0
if longCondition and ""both"" != ""short_only""
    strategy.entry(""Long"", strategy.long)
if shortCondition and ""both"" != ""long_only""
    strategy.entry(""Short"", strategy.short)
if ta.crossunder(fast, slow)
    strategy.close(""Long"")
if ta.crossover(fast, slow)
    strategy.close(""Short"")",False,False,False,rejected
trend_ema__directionlong_only_fast21_rsi_threshold52.0_slow55,trend_ema,600.0,-0.0012512237767616672,0.7858860456158846,0.31986202690738896,1,1,"//@version=5
strategy(""trend_ema__directionlong_only_fast21_rsi_threshold52.0_slow55"", overlay=true, process_orders_on_close=true)
fast = ta.ema(close, 21)
slow = ta.ema(close, 55)
r = ta.rsi(close, 14)
longCondition = ta.crossover(fast, slow) and r > 52.0
shortCondition = ta.crossunder(fast, slow) and r < 48.0
if longCondition and ""long_only"" != ""short_only""
    strategy.entry(""Long"", strategy.long)
if shortCondition and ""long_only"" != ""long_only""
    strategy.entry(""Short"", strategy.short)
if ta.crossunder(fast, slow)
    strategy.close(""Long"")
if ta.crossover(fast, slow)
    strategy.close(""Short"")",False,False,False,rejected
trend_ema__directionlong_only_fast12_rsi_threshold52.0_slow89,trend_ema,588.0,-0.0012530085351105539,0.7854737827895372,0.2917226123724098,1,1,"//@version=5
strategy(""trend_ema__directionlong_only_fast12_rsi_threshold52.0_slow89"", overlay=true, process_orders_on_close=true)
fast = ta.ema(close, 12)
slow = ta.ema(close, 89)
r = ta.rsi(close, 14)
longCondition = ta.crossover(fast, slow) and r > 52.0
shortCondition = ta.crossunder(fast, slow) and r < 48.0
if longCondition and ""long_only"" != ""short_only""
    strategy.entry(""Long"", strategy.long)
if shortCondition and ""long_only"" != ""long_only""
    strategy.entry(""Short"", strategy.short)
if ta.crossunder(fast, slow)
    strategy.close(""Long"")
if ta.crossover(fast, slow)
    strategy.close(""Short"")",False,False,False,rejected
trend_ema__directionlong_only_fast21_rsi_threshold58.0_slow89,trend_ema,348.0,-0.001265589474345796,0.8294993839279883,0.21047395884710318,1,1,"//@version=5
strategy(""trend_ema__directionlong_only_fast21_rsi_threshold58.0_slow89"", overlay=true, process_orders_on_close=true)
fast = ta.ema(close, 21)
slow = ta.ema(close, 89)
r = ta.rsi(close, 14)
longCondition = ta.crossover(fast, slow) and r > 58.0
shortCondition = ta.crossunder(fast, slow) and r < 42.0
if longCondition and ""long_only"" != ""short_only""
    strategy.entry(""Long"", strategy.long)
if shortCondition and ""long_only"" != ""long_only""
    strategy.entry(""Short"", strategy.short)
if ta.crossunder(fast, slow)
    strategy.close(""Long"")
if ta.crossover(fast, slow)
    strategy.close(""Short"")",False,False,False,rejected
breakout__atr_filter1.0_directionshort_only_window55,breakout,857.0,-0.0012678100452503918,0.8230673861040286,0.44088010246674814,1,1,"//@version=5
strategy(""breakout__atr_filter1.0_directionshort_only_window55"", overlay=true, process_orders_on_close=true)
breakoutHigh = ta.highest(high, 55)[1]
breakoutLow = ta.lowest(low, 55)[1]
atr14 = ta.atr(14)
rangeRatio = (high - low) / atr14
trendFast = ta.ema(close, 20)
trendSlow = ta.ema(close, 55)
volMean = ta.sma(volume, 30)
longCondition = close > breakoutHigh and rangeRatio > 1.0 and trendFast > trendSlow and volume > volMean
shortCondition = close < breakoutLow and rangeRatio > 1.0 and trendFast < trendSlow and volume > volMean
if longCondition and ""short_only"" != ""short_only""
    strategy.entry(""Long"", strategy.long)
if shortCondition and ""short_only"" != ""long_only""
    strategy.entry(""Short"", strategy.short)",False,False,False,rejected
trend_ema__directionlong_only_fast21_rsi_threshold55.0_slow89,trend_ema,411.0,-0.001347043880836718,0.814772766967789,0.21948773157946222,1,1,"//@version=5
strategy(""trend_ema__directionlong_only_fast21_rsi_threshold55.0_slow89"", overlay=true, process_orders_on_close=true)
fast = ta.ema(close, 21)
slow = ta.ema(close, 89)
r = ta.rsi(close, 14)
longCondition = ta.crossover(fast, slow) and r > 55.0
shortCondition = ta.crossunder(fast, slow) and r < 45.0
if longCondition and ""long_only"" != ""short_only""
    strategy.entry(""Long"", strategy.long)
if shortCondition and ""long_only"" != ""long_only""
    strategy.entry(""Short"", strategy.short)
if ta.crossunder(fast, slow)
    strategy.close(""Long"")
if ta.crossover(fast, slow)
    strategy.close(""Short"")",False,False,False,rejected
trend_ema__directionboth_fast9_rsi_threshold58.0_slow34,trend_ema,1047.0,-0.0013563355117201473,0.7606923333414826,0.41281348511230453,0,0,"//@version=5
strategy(""trend_ema__directionboth_fast9_rsi_threshold58.0_slow34"", overlay=true, process_orders_on_close=true)
fast = ta.ema(close, 9)
slow = ta.ema(close, 34)
r = ta.rsi(close, 14)
longCondition = ta.crossover(fast, slow) and r > 58.0
shortCondition = ta.crossunder(fast, slow) and r < 42.0
if longCondition and ""both"" != ""short_only""
    strategy.entry(""Long"", strategy.long)
if shortCondition and ""both"" != ""long_only""
    strategy.entry(""Short"", strategy.short)
if ta.crossunder(fast, slow)
    strategy.close(""Long"")
if ta.crossover(fast, slow)
    strategy.close(""Short"")",False,False,False,rejected
mean_reversion__bb_window20_rsi_threshold35.0_z_score1.5,mean_reversion,3078.0,-0.0013780582304064387,0.7354156917869333,0.6223422927595865,0,0,"//@version=5
strategy(""mean_reversion__bb_window20_rsi_threshold35.0_z_score1.5"", overlay=true, process_orders_on_close=true)
basis = ta.sma(close, 20)
dev = ta.stdev(close, 20) * 1.5
upper = basis + dev
lower = basis - dev
r = ta.rsi(close, 14)
trendSpread = math.abs(ta.ema(close, 20) - ta.ema(close, 50)) / close
longCondition = close < lower and r < 35.0 and trendSpread < 0.02
shortCondition = close > upper and r > 65.0 and trendSpread < 0.02
if longCondition
    strategy.entry(""Long"", strategy.long)
if shortCondition
    strategy.entry(""Short"", strategy.short)",False,False,False,rejected
breakout__atr_filter1.2_directionshort_only_window55,breakout,800.0,-0.0013929227379754496,0.805945815073966,0.4327960704173135,0,0,"//@version=5
strategy(""breakout__atr_filter1.2_directionshort_only_window55"", overlay=true, process_orders_on_close=true)
breakoutHigh = ta.highest(high, 55)[1]
breakoutLow = ta.lowest(low, 55)[1]
atr14 = ta.atr(14)
rangeRatio = (high - low) / atr14
trendFast = ta.ema(close, 20)
trendSlow = ta.ema(close, 55)
volMean = ta.sma(volume, 30)
longCondition = close > breakoutHigh and rangeRatio > 1.2 and trendFast > trendSlow and volume > volMean
shortCondition = close < breakoutLow and rangeRatio > 1.2 and trendFast < trendSlow and volume > volMean
if longCondition and ""short_only"" != ""short_only""
    strategy.entry(""Long"", strategy.long)
if shortCondition and ""short_only"" != ""long_only""
    strategy.entry(""Short"", strategy.short)",False,False,False,rejected
vol_squeeze__squeeze_threshold0.25_volume_z_threshold0.5_window20,vol_squeeze,622.0,-0.0014014615429115687,0.7092645049525298,0.24781000279825027,0,0,"//@version=5
strategy(""vol_squeeze__squeeze_threshold0.25_volume_z_threshold0.5_window20"", overlay=true, process_orders_on_close=true)
basis = ta.sma(close, 20)
dev = ta.stdev(close, 20) * 2.0
upper = basis + dev
lower = basis - dev
bandwidth = (upper - lower) / basis
squeeze = ta.percentrank(bandwidth, 80) < 25.0
volZ = (volume - ta.sma(volume, 30)) / ta.stdev(volume, 30)
breakoutHigh = ta.highest(high, 20)[1]
breakoutLow = ta.lowest(low, 20)[1]
trendFast = ta.ema(close, 20)
trendSlow = ta.ema(close, 55)
longCondition = squeeze[1] and close > breakoutHigh and volZ > 0.5 and trendFast > trendSlow
shortCondition = squeeze[1] and close < breakoutLow and volZ > 0.5 and trendFast < trendSlow
if longCondition
    strategy.entry(""Long"", strategy.long)
if shortCondition
    strategy.entry(""Short"", strategy.short)",False,False,False,rejected
mean_reversion__bb_window20_rsi_threshold35.0_z_score2.0,mean_reversion,2332.0,-0.0014190771452239328,0.7318494538073499,0.5219217331832138,0,0,"//@version=5
strategy(""mean_reversion__bb_window20_rsi_threshold35.0_z_score2.0"", overlay=true, process_orders_on_close=true)
basis = ta.sma(close, 20)
dev = ta.stdev(close, 20) * 2.0
upper = basis + dev
lower = basis - dev
r = ta.rsi(close, 14)
trendSpread = math.abs(ta.ema(close, 20) - ta.ema(close, 50)) / close
longCondition = close < lower and r < 35.0 and trendSpread < 0.02
shortCondition = close > upper and r > 65.0 and trendSpread < 0.02
if longCondition
    strategy.entry(""Long"", strategy.long)
if shortCondition
    strategy.entry(""Short"", strategy.short)",False,False,False,rejected
breakout__atr_filter1.0_directionshort_only_window20,breakout,1159.0,-0.0014201606263828253,0.7455877545650935,0.45509467373317225,0,0,"//@version=5
strategy(""breakout__atr_filter1.0_directionshort_only_window20"", overlay=true, process_orders_on_close=true)
breakoutHigh = ta.highest(high, 20)[1]
breakoutLow = ta.lowest(low, 20)[1]
atr14 = ta.atr(14)
rangeRatio = (high - low) / atr14
trendFast = ta.ema(close, 20)
trendSlow = ta.ema(close, 55)
volMean = ta.sma(volume, 30)
longCondition = close > breakoutHigh and rangeRatio > 1.0 and trendFast > trendSlow and volume > volMean
shortCondition = close < breakoutLow and rangeRatio > 1.0 and trendFast < trendSlow and volume > volMean
if longCondition and ""short_only"" != ""short_only""
    strategy.entry(""Long"", strategy.long)
if shortCondition and ""short_only"" != ""long_only""
    strategy.entry(""Short"", strategy.short)",False,False,False,rejected
mean_reversion__bb_window30_rsi_threshold35.0_z_score2.0,mean_reversion,2553.0,-0.0014341825114248061,0.7508248255789683,0.6083344613599252,0,0,"//@version=5
strategy(""mean_reversion__bb_window30_rsi_threshold35.0_z_score2.0"", overlay=true, process_orders_on_close=true)
basis = ta.sma(close, 30)
dev = ta.stdev(close, 30) * 2.0
upper = basis + dev
lower = basis - dev
r = ta.rsi(close, 14)
trendSpread = math.abs(ta.ema(close, 20) - ta.ema(close, 50)) / close
longCondition = close < lower and r < 35.0 and trendSpread < 0.02
shortCondition = close > upper and r > 65.0 and trendSpread < 0.02
if longCondition
    strategy.entry(""Long"", strategy.long)
if shortCondition
    strategy.entry(""Short"", strategy.short)",False,False,False,rejected
trend_ema__directionlong_only_fast21_rsi_threshold52.0_slow89,trend_ema,459.0,-0.0014448261910051739,0.8013215294683276,0.23877628336248857,1,1,"//@version=5
strategy(""trend_ema__directionlong_only_fast21_rsi_threshold52.0_slow89"", overlay=true, process_orders_on_close=true)
fast = ta.ema(close, 21)
slow = ta.ema(close, 89)
r = ta.rsi(close, 14)
longCondition = ta.crossover(fast, slow) and r > 52.0
shortCondition = ta.crossunder(fast, slow) and r < 48.0
if longCondition and ""long_only"" != ""short_only""
    strategy.entry(""Long"", strategy.long)
if shortCondition and ""long_only"" != ""long_only""
    strategy.entry(""Short"", strategy.short)
if ta.crossunder(fast, slow)
    strategy.close(""Long"")
if ta.crossover(fast, slow)
    strategy.close(""Short"")",False,False,False,rejected
trend_pullback__fast21_pullback_rsi45.0_slow89,trend_pullback,585.0,-0.0014457664973426046,0.6042682951464758,0.20067878958213958,0,0,"//@version=5
strategy(""trend_pullback__fast21_pullback_rsi45.0_slow89"", overlay=true, process_orders_on_close=true)
fast = ta.ema(close, 21)
slow = ta.ema(close, 89)
r = ta.rsi(close, 14)
uptrend = fast > slow
downtrend = fast < slow
longResume = close > fast and close[1] <= fast[1]
shortResume = close < fast and close[1] >= fast[1]
longCondition = uptrend and r[1] < 45.0 and longResume
shortCondition = downtrend and r[1] > 55.0 and shortResume
if longCondition
    strategy.entry(""Long"", strategy.long)
if shortCondition
    strategy.entry(""Short"", strategy.short)",False,False,False,rejected
breakout__atr_filter0.8_directionshort_only_window20,breakout,1206.0,-0.0014505153179015901,0.7431984779607425,0.5111467062374876,0,0,"//@version=5
strategy(""breakout__atr_filter0.8_directionshort_only_window20"", overlay=true, process_orders_on_close=true)
breakoutHigh = ta.highest(high, 20)[1]
breakoutLow = ta.lowest(low, 20)[1]
atr14 = ta.atr(14)
rangeRatio = (high - low) / atr14
trendFast = ta.ema(close, 20)
trendSlow = ta.ema(close, 55)
volMean = ta.sma(volume, 30)
longCondition = close > breakoutHigh and rangeRatio > 0.8 and trendFast > trendSlow and volume > volMean
shortCondition = close < breakoutLow and rangeRatio > 0.8 and trendFast < trendSlow and volume > volMean
if longCondition and ""short_only"" != ""short_only""
    strategy.entry(""Long"", strategy.long)
if shortCondition and ""short_only"" != ""long_only""
    strategy.entry(""Short"", strategy.short)",False,False,False,rejected
breakout__atr_filter1.0_directionshort_only_window30,breakout,1032.0,-0.0014511775126692635,0.7721886176662874,0.5049214458803679,0,0,"//@version=5
strategy(""breakout__atr_filter1.0_directionshort_only_window30"", overlay=true, process_orders_on_close=true)
breakoutHigh = ta.highest(high, 30)[1]
breakoutLow = ta.lowest(low, 30)[1]
atr14 = ta.atr(14)
rangeRatio = (high - low) / atr14
trendFast = ta.ema(close, 20)
trendSlow = ta.ema(close, 55)
volMean = ta.sma(volume, 30)
longCondition = close > breakoutHigh and rangeRatio > 1.0 and trendFast > trendSlow and volume > volMean
shortCondition = close < breakoutLow and rangeRatio > 1.0 and trendFast < trendSlow and volume > volMean
if longCondition and ""short_only"" != ""short_only""
    strategy.entry(""Long"", strategy.long)
if shortCondition and ""short_only"" != ""long_only""
    strategy.entry(""Short"", strategy.short)",False,False,False,rejected
vol_squeeze__squeeze_threshold0.35_volume_z_threshold0.5_window20,vol_squeeze,782.0,-0.0014734257893788342,0.6952376769517224,0.25554430588214505,0,0,"//@version=5
strategy(""vol_squeeze__squeeze_threshold0.35_volume_z_threshold0.5_window20"", overlay=true, process_orders_on_close=true)
basis = ta.sma(close, 20)
dev = ta.stdev(close, 20) * 2.0
upper = basis + dev
lower = basis - dev
bandwidth = (upper - lower) / basis
squeeze = ta.percentrank(bandwidth, 80) < 35.0
volZ = (volume - ta.sma(volume, 30)) / ta.stdev(volume, 30)
breakoutHigh = ta.highest(high, 20)[1]
breakoutLow = ta.lowest(low, 20)[1]
trendFast = ta.ema(close, 20)
trendSlow = ta.ema(close, 55)
longCondition = squeeze[1] and close > breakoutHigh and volZ > 0.5 and trendFast > trendSlow
shortCondition = squeeze[1] and close < breakoutLow and volZ > 0.5 and trendFast < trendSlow
if longCondition
    strategy.entry(""Long"", strategy.long)
if shortCondition
    strategy.entry(""Short"", strategy.short)",False,False,False,rejected
trend_ema__directionlong_only_fast12_rsi_threshold52.0_slow34,trend_ema,1012.0,-0.0015162442246696038,0.7091764261725341,0.4602930650483019,1,1,"//@version=5
strategy(""trend_ema__directionlong_only_fast12_rsi_threshold52.0_slow34"", overlay=true, process_orders_on_close=true)
fast = ta.ema(close, 12)
slow = ta.ema(close, 34)
r = ta.rsi(close, 14)
longCondition = ta.crossover(fast, slow) and r > 52.0
shortCondition = ta.crossunder(fast, slow) and r < 48.0
if longCondition and ""long_only"" != ""short_only""
    strategy.entry(""Long"", strategy.long)
if shortCondition and ""long_only"" != ""long_only""
    strategy.entry(""Short"", strategy.short)
if ta.crossunder(fast, slow)
    strategy.close(""Long"")
if ta.crossover(fast, slow)
    strategy.close(""Short"")",False,False,False,rejected
trend_pullback__fast21_pullback_rsi45.0_slow55,trend_pullback,467.0,-0.0015412383933568433,0.5860065047789914,0.16707708302611013,0,0,"//@version=5
strategy(""trend_pullback__fast21_pullback_rsi45.0_slow55"", overlay=true, process_orders_on_close=true)
fast = ta.ema(close, 21)
slow = ta.ema(close, 55)
r = ta.rsi(close, 14)
uptrend = fast > slow
downtrend = fast < slow
longResume = close > fast and close[1] <= fast[1]
shortResume = close < fast and close[1] >= fast[1]
longCondition = uptrend and r[1] < 45.0 and longResume
shortCondition = downtrend and r[1] > 55.0 and shortResume
if longCondition
    strategy.entry(""Long"", strategy.long)
if shortCondition
    strategy.entry(""Short"", strategy.short)",False,False,False,rejected
breakout__atr_filter0.8_directionshort_only_window30,breakout,1073.0,-0.0015486693413233792,0.7581260998205636,0.5602350467823951,0,0,"//@version=5
strategy(""breakout__atr_filter0.8_directionshort_only_window30"", overlay=true, process_orders_on_close=true)
breakoutHigh = ta.highest(high, 30)[1]
breakoutLow = ta.lowest(low, 30)[1]
atr14 = ta.atr(14)
rangeRatio = (high - low) / atr14
trendFast = ta.ema(close, 20)
trendSlow = ta.ema(close, 55)
volMean = ta.sma(volume, 30)
longCondition = close > breakoutHigh and rangeRatio > 0.8 and trendFast > trendSlow and volume > volMean
shortCondition = close < breakoutLow and rangeRatio > 0.8 and trendFast < trendSlow and volume > volMean
if longCondition and ""short_only"" != ""short_only""
    strategy.entry(""Long"", strategy.long)
if shortCondition and ""short_only"" != ""long_only""
    strategy.entry(""Short"", strategy.short)",False,False,False,rejected
mean_reversion__bb_window30_rsi_threshold30.0_z_score2.0,mean_reversion,1549.0,-0.0015609719497783417,0.7551267932486353,0.5271298663034112,0,0,"//@version=5
strategy(""mean_reversion__bb_window30_rsi_threshold30.0_z_score2.0"", overlay=true, process_orders_on_close=true)
basis = ta.sma(close, 30)
dev = ta.stdev(close, 30) * 2.0
upper = basis + dev
lower = basis - dev
r = ta.rsi(close, 14)
trendSpread = math.abs(ta.ema(close, 20) - ta.ema(close, 50)) / close
longCondition = close < lower and r < 30.0 and trendSpread < 0.02
shortCondition = close > upper and r > 70.0 and trendSpread < 0.02
if longCondition
    strategy.entry(""Long"", strategy.long)
if shortCondition
    strategy.entry(""Short"", strategy.short)",False,False,False,rejected
trend_ema__directionlong_only_fast12_rsi_threshold55.0_slow34,trend_ema,807.0,-0.0015620083252380578,0.7082055665664179,0.3764309410679244,1,1,"//@version=5
strategy(""trend_ema__directionlong_only_fast12_rsi_threshold55.0_slow34"", overlay=true, process_orders_on_close=true)
fast = ta.ema(close, 12)
slow = ta.ema(close, 34)
r = ta.rsi(close, 14)
longCondition = ta.crossover(fast, slow) and r > 55.0
shortCondition = ta.crossunder(fast, slow) and r < 45.0
if longCondition and ""long_only"" != ""short_only""
    strategy.entry(""Long"", strategy.long)
if shortCondition and ""long_only"" != ""long_only""
    strategy.entry(""Short"", strategy.short)
if ta.crossunder(fast, slow)
    strategy.close(""Long"")
if ta.crossover(fast, slow)
    strategy.close(""Short"")",False,False,False,rejected
vol_squeeze__squeeze_threshold0.25_volume_z_threshold1.0_window20,vol_squeeze,569.0,-0.0015638116373806546,0.6887587388927449,0.24713611232562926,0,0,"//@version=5
strategy(""vol_squeeze__squeeze_threshold0.25_volume_z_threshold1.0_window20"", overlay=true, process_orders_on_close=true)
basis = ta.sma(close, 20)
dev = ta.stdev(close, 20) * 2.0
upper = basis + dev
lower = basis - dev
bandwidth = (upper - lower) / basis
squeeze = ta.percentrank(bandwidth, 80) < 25.0
volZ = (volume - ta.sma(volume, 30)) / ta.stdev(volume, 30)
breakoutHigh = ta.highest(high, 20)[1]
breakoutLow = ta.lowest(low, 20)[1]
trendFast = ta.ema(close, 20)
trendSlow = ta.ema(close, 55)
longCondition = squeeze[1] and close > breakoutHigh and volZ > 1.0 and trendFast > trendSlow
shortCondition = squeeze[1] and close < breakoutLow and volZ > 1.0 and trendFast < trendSlow
if longCondition
    strategy.entry(""Long"", strategy.long)
if shortCondition
    strategy.entry(""Short"", strategy.short)",False,False,False,rejected
vol_squeeze__squeeze_threshold0.35_volume_z_threshold1.0_window20,vol_squeeze,714.0,-0.0015851628412592792,0.6869712771096169,0.2990624170788019,0,0,"//@version=5
strategy(""vol_squeeze__squeeze_threshold0.35_volume_z_threshold1.0_window20"", overlay=true, process_orders_on_close=true)
basis = ta.sma(close, 20)
dev = ta.stdev(close, 20) * 2.0
upper = basis + dev
lower = basis - dev
bandwidth = (upper - lower) / basis
squeeze = ta.percentrank(bandwidth, 80) < 35.0
volZ = (volume - ta.sma(volume, 30)) / ta.stdev(volume, 30)
breakoutHigh = ta.highest(high, 20)[1]
breakoutLow = ta.lowest(low, 20)[1]
trendFast = ta.ema(close, 20)
trendSlow = ta.ema(close, 55)
longCondition = squeeze[1] and close > breakoutHigh and volZ > 1.0 and trendFast > trendSlow
shortCondition = squeeze[1] and close < breakoutLow and volZ > 1.0 and trendFast < trendSlow
if longCondition
    strategy.entry(""Long"", strategy.long)
if shortCondition
    strategy.entry(""Short"", strategy.short)",False,False,False,rejected
trend_ema__directionshort_only_fast21_rsi_threshold58.0_slow34,trend_ema,507.0,-0.0015981734614489464,0.7733359238082401,0.3202462529058949,0,0,"//@version=5
strategy(""trend_ema__directionshort_only_fast21_rsi_threshold58.0_slow34"", overlay=true, process_orders_on_close=true)
fast = ta.ema(close, 21)
slow = ta.ema(close, 34)
r = ta.rsi(close, 14)
longCondition = ta.crossover(fast, slow) and r > 58.0
shortCondition = ta.crossunder(fast, slow) and r < 42.0
if longCondition and ""short_only"" != ""short_only""
    strategy.entry(""Long"", strategy.long)
if shortCondition and ""short_only"" != ""long_only""
    strategy.entry(""Short"", strategy.short)
if ta.crossunder(fast, slow)
    strategy.close(""Long"")
if ta.crossover(fast, slow)
    strategy.close(""Short"")",False,False,False,rejected
mean_reversion__bb_window30_rsi_threshold35.0_z_score1.5,mean_reversion,3068.0,-0.0016116170928176757,0.7205895371963121,0.6703635327674301,0,0,"//@version=5
strategy(""mean_reversion__bb_window30_rsi_threshold35.0_z_score1.5"", overlay=true, process_orders_on_close=true)
basis = ta.sma(close, 30)
dev = ta.stdev(close, 30) * 1.5
upper = basis + dev
lower = basis - dev
r = ta.rsi(close, 14)
trendSpread = math.abs(ta.ema(close, 20) - ta.ema(close, 50)) / close
longCondition = close < lower and r < 35.0 and trendSpread < 0.02
shortCondition = close > upper and r > 65.0 and trendSpread < 0.02
if longCondition
    strategy.entry(""Long"", strategy.long)
if shortCondition
    strategy.entry(""Short"", strategy.short)",False,False,False,rejected
trend_ema__directionlong_only_fast9_rsi_threshold52.0_slow34,trend_ema,1156.0,-0.001630773810899696,0.6846532628392067,0.42694140126695723,0,0,"//@version=5
strategy(""trend_ema__directionlong_only_fast9_rsi_threshold52.0_slow34"", overlay=true, process_orders_on_close=true)
fast = ta.ema(close, 9)
slow = ta.ema(close, 34)
r = ta.rsi(close, 14)
longCondition = ta.crossover(fast, slow) and r > 52.0
shortCondition = ta.crossunder(fast, slow) and r < 48.0
if longCondition and ""long_only"" != ""short_only""
    strategy.entry(""Long"", strategy.long)
if shortCondition and ""long_only"" != ""long_only""
    strategy.entry(""Short"", strategy.short)
if ta.crossunder(fast, slow)
    strategy.close(""Long"")
if ta.crossover(fast, slow)
    strategy.close(""Short"")",False,False,False,rejected
breakout__atr_filter1.2_directionshort_only_window20,breakout,1076.0,-0.0016582970833884391,0.7072087179050347,0.4631823005037857,0,0,"//@version=5
strategy(""breakout__atr_filter1.2_directionshort_only_window20"", overlay=true, process_orders_on_close=true)
breakoutHigh = ta.highest(high, 20)[1]
breakoutLow = ta.lowest(low, 20)[1]
atr14 = ta.atr(14)
rangeRatio = (high - low) / atr14
trendFast = ta.ema(close, 20)
trendSlow = ta.ema(close, 55)
volMean = ta.sma(volume, 30)
longCondition = close > breakoutHigh and rangeRatio > 1.2 and trendFast > trendSlow and volume > volMean
shortCondition = close < breakoutLow and rangeRatio > 1.2 and trendFast < trendSlow and volume > volMean
if longCondition and ""short_only"" != ""short_only""
    strategy.entry(""Long"", strategy.long)
if shortCondition and ""short_only"" != ""long_only""
    strategy.entry(""Short"", strategy.short)",False,False,False,rejected
breakout__atr_filter1.2_directionshort_only_window30,breakout,961.0,-0.0016960330365737315,0.7321478861534715,0.4752566966507886,0,0,"//@version=5
strategy(""breakout__atr_filter1.2_directionshort_only_window30"", overlay=true, process_orders_on_close=true)
breakoutHigh = ta.highest(high, 30)[1]
breakoutLow = ta.lowest(low, 30)[1]
atr14 = ta.atr(14)
rangeRatio = (high - low) / atr14
trendFast = ta.ema(close, 20)
trendSlow = ta.ema(close, 55)
volMean = ta.sma(volume, 30)
longCondition = close > breakoutHigh and rangeRatio > 1.2 and trendFast > trendSlow and volume > volMean
shortCondition = close < breakoutLow and rangeRatio > 1.2 and trendFast < trendSlow and volume > volMean
if longCondition and ""short_only"" != ""short_only""
    strategy.entry(""Long"", strategy.long)
if shortCondition and ""short_only"" != ""long_only""
    strategy.entry(""Short"", strategy.short)",False,False,False,rejected
mean_reversion__bb_window30_rsi_threshold30.0_z_score1.5,mean_reversion,1758.0,-0.0017008578897953286,0.7331147078322325,0.559221244892762,0,0,"//@version=5
strategy(""mean_reversion__bb_window30_rsi_threshold30.0_z_score1.5"", overlay=true, process_orders_on_close=true)
basis = ta.sma(close, 30)
dev = ta.stdev(close, 30) * 1.5
upper = basis + dev
lower = basis - dev
r = ta.rsi(close, 14)
trendSpread = math.abs(ta.ema(close, 20) - ta.ema(close, 50)) / close
longCondition = close < lower and r < 30.0 and trendSpread < 0.02
shortCondition = close > upper and r > 70.0 and trendSpread < 0.02
if longCondition
    strategy.entry(""Long"", strategy.long)
if shortCondition
    strategy.entry(""Short"", strategy.short)",False,False,False,rejected
mean_reversion__bb_window20_rsi_threshold30.0_z_score1.5,mean_reversion,1720.0,-0.0017563716343828265,0.7018611278225569,0.4928165822053703,0,0,"//@version=5
strategy(""mean_reversion__bb_window20_rsi_threshold30.0_z_score1.5"", overlay=true, process_orders_on_close=true)
basis = ta.sma(close, 20)
dev = ta.stdev(close, 20) * 1.5
upper = basis + dev
lower = basis - dev
r = ta.rsi(close, 14)
trendSpread = math.abs(ta.ema(close, 20) - ta.ema(close, 50)) / close
longCondition = close < lower and r < 30.0 and trendSpread < 0.02
shortCondition = close > upper and r > 70.0 and trendSpread < 0.02
if longCondition
    strategy.entry(""Long"", strategy.long)
if shortCondition
    strategy.entry(""Short"", strategy.short)",False,False,False,rejected
trend_ema__directionlong_only_fast9_rsi_threshold58.0_slow34,trend_ema,534.0,-0.0018588537866525009,0.684561214734341,0.3101357332760406,1,1,"//@version=5
strategy(""trend_ema__directionlong_only_fast9_rsi_threshold58.0_slow34"", overlay=true, process_orders_on_close=true)
fast = ta.ema(close, 9)
slow = ta.ema(close, 34)
r = ta.rsi(close, 14)
longCondition = ta.crossover(fast, slow) and r > 58.0
shortCondition = ta.crossunder(fast, slow) and r < 42.0
if longCondition and ""long_only"" != ""short_only""
    strategy.entry(""Long"", strategy.long)
if shortCondition and ""long_only"" != ""long_only""
    strategy.entry(""Short"", strategy.short)
if ta.crossunder(fast, slow)
    strategy.close(""Long"")
if ta.crossover(fast, slow)
    strategy.close(""Short"")",False,False,False,rejected
trend_ema__directionlong_only_fast9_rsi_threshold55.0_slow34,trend_ema,882.0,-0.001960523223412322,0.6541795178873925,0.37545395344578136,0,0,"//@version=5
strategy(""trend_ema__directionlong_only_fast9_rsi_threshold55.0_slow34"", overlay=true, process_orders_on_close=true)
fast = ta.ema(close, 9)
slow = ta.ema(close, 34)
r = ta.rsi(close, 14)
longCondition = ta.crossover(fast, slow) and r > 55.0
shortCondition = ta.crossunder(fast, slow) and r < 45.0
if longCondition and ""long_only"" != ""short_only""
    strategy.entry(""Long"", strategy.long)
if shortCondition and ""long_only"" != ""long_only""
    strategy.entry(""Short"", strategy.short)
if ta.crossunder(fast, slow)
    strategy.close(""Long"")
if ta.crossover(fast, slow)
    strategy.close(""Short"")",False,False,False,rejected
mean_reversion__bb_window20_rsi_threshold30.0_z_score2.0,mean_reversion,1367.0,-0.0019835081368143725,0.6699790675708613,0.4762458525083211,0,0,"//@version=5
strategy(""mean_reversion__bb_window20_rsi_threshold30.0_z_score2.0"", overlay=true, process_orders_on_close=true)
basis = ta.sma(close, 20)
dev = ta.stdev(close, 20) * 2.0
upper = basis + dev
lower = basis - dev
r = ta.rsi(close, 14)
trendSpread = math.abs(ta.ema(close, 20) - ta.ema(close, 50)) / close
longCondition = close < lower and r < 30.0 and trendSpread < 0.02
shortCondition = close > upper and r > 70.0 and trendSpread < 0.02
if longCondition
    strategy.entry(""Long"", strategy.long)
if shortCondition
    strategy.entry(""Short"", strategy.short)",False,False,False,rejected
