symbol,strategy_id,family,entry_time,exit_time,side,net_return,gross_return,exit_reason,bars_held,signal_strength,label_take,target_hit,stop_hit,horizon_hit,mae,mfe,mae_limit_breached,recent_same_side_failures,recent_same_side_mean_return,open,high,low,close,volume,close_time,quote_asset_volume,trade_count,taker_buy_base_volume,taker_buy_quote_volume,log_return_1,log_return_4,log_return_16,vol_norm_return_4,body_ratio,upper_wick_ratio,lower_wick_ratio,range_ratio,rsi_14,macd_hist,ema_fast_distance,ema_slow_distance,ema_fast_slope,ema_slow_slope,bb_bandwidth,bb_zscore,atr_14,volume_zscore,relative_volume,trend_regime,volatility_regime,drawdown_20,hour_sin,hour_cos,day_of_week,session_bucket,probability,accepted
SOLUSDT,trend_ema__directionshort_only_fast21_rsi_threshold55.0_slow55,trend_ema,2026-02-15 14:00:00+00:00,2026-02-15 19:30:00+00:00,short,0.017758495143606903,0.018558495143606902,target,22,0.35360685494984184,1,True,False,False,0.010734838110221221,0.02044434699255275,0,0,0.017706878297498174,86.93,87.15,86.61,87.03,497951.5,2026-02-15 14:14:59.999000+00:00,43265854.6877,40720,240692.19,20916682.4909,0.0011496897104494154,-0.013127293128369327,-0.025860576894372402,-2.326630069435901,0.18518518518517252,0.22222222222222807,0.5925925925925994,0.0062047569803516745,32.31965725250791,-0.2749334333896466,-0.016722374360332182,-0.019531280112424994,-0.005468645863976995,-0.0033355559525108935,0.04718844482779194,-0.8656069922161431,0.6377035388963493,0.5095655963300785,1.3793405012188342,-1.0,0.96,-0.03567867036011074,-0.4999999999999997,-0.8660254037844388,6,1.0,0.8314170344638809,True
SOLUSDT,trend_ema__directionshort_only_fast21_rsi_threshold58.0_slow55,trend_ema,2026-02-15 14:00:00+00:00,2026-02-15 19:30:00+00:00,short,0.017758495143606903,0.018558495143606902,target,22,0.35360685494984184,1,True,False,False,0.010734838110221221,0.02044434699255275,0,0,0.014451083252429914,86.93,87.15,86.61,87.03,497951.5,2026-02-15 14:14:59.999000+00:00,43265854.6877,40720,240692.19,20916682.4909,0.0011496897104494154,-0.013127293128369327,-0.025860576894372402,-2.326630069435901,0.18518518518517252,0.22222222222222807,0.5925925925925994,0.0062047569803516745,32.31965725250791,-0.2749334333896466,-0.016722374360332182,-0.019531280112424994,-0.005468645863976995,-0.0033355559525108935,0.04718844482779194,-0.8656069922161431,0.6377035388963493,0.5095655963300785,1.3793405012188342,-1.0,0.96,-0.03567867036011074,-0.4999999999999997,-0.8660254037844388,6,1.0,0.8209910118551781,True
BTCUSDT,trend_ema__directionboth_fast21_rsi_threshold55.0_slow89,trend_ema,2026-02-15 14:00:00+00:00,2026-02-15 17:45:00+00:00,short,0.009952274831689563,0.010752274831689564,target,15,0.4839398513919676,1,True,False,False,0.004835286557989337,0.010811289188211913,0,0,0.009911771240723849,68907.2,69082.8,68811.5,68926.0,2517.921,2026-02-15 14:14:59.999000+00:00,173682295.6416,73399,1099.413,75839741.1533,0.0002727934941159398,-0.007898964903223773,-0.019199070046418337,-2.27446141977963,0.06929598230741876,0.5779579800958394,0.35274603759674183,0.003936105388387588,25.80300743040162,-168.77824022042188,-0.012060845985879488,-0.01497696630687909,-0.00422748646336335,-0.0029124289213839916,0.035254453557412066,-0.8512002618325901,294.5321201949024,0.2868582457487019,1.2599068790522001,-1.0,0.97,-0.023600407978241145,-0.4999999999999997,-0.8660254037844388,6,1.0,0.8009162397075553,True
SOLUSDT,trend_ema__directionboth_fast12_rsi_threshold52.0_slow89,trend_ema,2026-02-15 14:00:00+00:00,2026-02-15 19:30:00+00:00,short,0.017758495143606903,0.018558495143606902,target,22,0.35360685494984184,1,True,False,False,0.010734838110221221,0.02044434699255275,0,0,0.011195288207361659,86.93,87.15,86.61,87.03,497951.5,2026-02-15 14:14:59.999000+00:00,43265854.6877,40720,240692.19,20916682.4909,0.0011496897104494154,-0.013127293128369327,-0.025860576894372402,-2.326630069435901,0.18518518518517252,0.22222222222222807,0.5925925925925994,0.0062047569803516745,32.31965725250791,-0.2749334333896466,-0.016722374360332182,-0.019531280112424994,-0.005468645863976995,-0.0033355559525108935,0.04718844482779194,-0.8656069922161431,0.6377035388963493,0.5095655963300785,1.3793405012188342,-1.0,0.96,-0.03567867036011074,-0.4999999999999997,-0.8660254037844388,6,1.0,0.8173326801862466,True
SOLUSDT,trend_ema__directionshort_only_fast12_rsi_threshold58.0_slow89,trend_ema,2026-02-15 14:00:00+00:00,2026-02-15 19:30:00+00:00,short,0.017758495143606903,0.018558495143606902,target,22,0.35360685494984184,1,True,False,False,0.010734838110221221,0.02044434699255275,0,0,0.0079394931622934,86.93,87.15,86.61,87.03,497951.5,2026-02-15 14:14:59.999000+00:00,43265854.6877,40720,240692.19,20916682.4909,0.0011496897104494154,-0.013127293128369327,-0.025860576894372402,-2.326630069435901,0.18518518518517252,0.22222222222222807,0.5925925925925994,0.0062047569803516745,32.31965725250791,-0.2749334333896466,-0.016722374360332182,-0.019531280112424994,-0.005468645863976995,-0.0033355559525108935,0.04718844482779194,-0.8656069922161431,0.6377035388963493,0.5095655963300785,1.3793405012188342,-1.0,0.96,-0.03567867036011074,-0.4999999999999997,-0.8660254037844388,6,1.0,0.8066087461050234,True
SOLUSDT,trend_ema__directionshort_only_fast21_rsi_threshold52.0_slow55,trend_ema,2026-02-15 14:00:00+00:00,2026-02-15 19:30:00+00:00,short,0.017758495143606903,0.018558495143606902,target,22,0.35360685494984184,1,True,False,False,0.010734838110221221,0.02044434699255275,0,0,0.004683698117225141,86.93,87.15,86.61,87.03,497951.5,2026-02-15 14:14:59.999000+00:00,43265854.6877,40720,240692.19,20916682.4909,0.0011496897104494154,-0.013127293128369327,-0.025860576894372402,-2.326630069435901,0.18518518518517252,0.22222222222222807,0.5925925925925994,0.0062047569803516745,32.31965725250791,-0.2749334333896466,-0.016722374360332182,-0.019531280112424994,-0.005468645863976995,-0.0033355559525108935,0.04718844482779194,-0.8656069922161431,0.6377035388963493,0.5095655963300785,1.3793405012188342,-1.0,0.96,-0.03567867036011074,-0.4999999999999997,-0.8660254037844388,6,1.0,0.8022094372209801,True
BTCUSDT,trend_ema__directionshort_only_fast21_rsi_threshold55.0_slow89,trend_ema,2026-02-15 14:00:00+00:00,2026-02-15 17:45:00+00:00,short,0.009952274831689563,0.010752274831689564,target,15,0.4839398513919676,1,True,False,False,0.004835286557989337,0.010811289188211913,0,0,0.009900198786162216,68907.2,69082.8,68811.5,68926.0,2517.921,2026-02-15 14:14:59.999000+00:00,173682295.6416,73399,1099.413,75839741.1533,0.0002727934941159398,-0.007898964903223773,-0.019199070046418337,-2.27446141977963,0.06929598230741876,0.5779579800958394,0.35274603759674183,0.003936105388387588,25.80300743040162,-168.77824022042188,-0.012060845985879488,-0.01497696630687909,-0.00422748646336335,-0.0029124289213839916,0.035254453557412066,-0.8512002618325901,294.5321201949024,0.2868582457487019,1.2599068790522001,-1.0,0.97,-0.023600407978241145,-0.4999999999999997,-0.8660254037844388,6,1.0,0.8009162397075553,True
SOLUSDT,trend_ema__directionboth_fast12_rsi_threshold55.0_slow89,trend_ema,2026-02-15 14:00:00+00:00,2026-02-15 19:30:00+00:00,short,0.017758495143606903,0.018558495143606902,target,22,0.35360685494984184,1,True,False,False,0.010734838110221221,0.02044434699255275,0,0,0.0014279030721568837,86.93,87.15,86.61,87.03,497951.5,2026-02-15 14:14:59.999000+00:00,43265854.6877,40720,240692.19,20916682.4909,0.0011496897104494154,-0.013127293128369327,-0.025860576894372402,-2.326630069435901,0.18518518518517252,0.22222222222222807,0.5925925925925994,0.0062047569803516745,32.31965725250791,-0.2749334333896466,-0.016722374360332182,-0.019531280112424994,-0.005468645863976995,-0.0033355559525108935,0.04718844482779194,-0.8656069922161431,0.6377035388963493,0.5095655963300785,1.3793405012188342,-1.0,0.96,-0.03567867036011074,-0.4999999999999997,-0.8660254037844388,6,1.0,0.782973925211612,True
BTCUSDT,trend_ema__directionshort_only_fast21_rsi_threshold52.0_slow89,trend_ema,2026-02-15 14:00:00+00:00,2026-02-15 17:45:00+00:00,short,0.009952274831689563,0.010752274831689564,target,15,0.4839398513919676,1,True,False,False,0.004835286557989337,0.010811289188211913,0,0,0.009894412558881401,68907.2,69082.8,68811.5,68926.0,2517.921,2026-02-15 14:14:59.999000+00:00,173682295.6416,73399,1099.413,75839741.1533,0.0002727934941159398,-0.007898964903223773,-0.019199070046418337,-2.27446141977963,0.06929598230741876,0.5779579800958394,0.35274603759674183,0.003936105388387588,25.80300743040162,-168.77824022042188,-0.012060845985879488,-0.01497696630687909,-0.00422748646336335,-0.0029124289213839916,0.035254453557412066,-0.8512002618325901,294.5321201949024,0.2868582457487019,1.2599068790522001,-1.0,0.97,-0.023600407978241145,-0.4999999999999997,-0.8660254037844388,6,1.0,0.8009162397075553,True
BTCUSDT,trend_ema__directionshort_only_fast21_rsi_threshold58.0_slow89,trend_ema,2026-02-15 14:00:00+00:00,2026-02-15 17:45:00+00:00,short,0.009952274831689563,0.010752274831689564,target,15,0.4839398513919676,1,True,False,False,0.004835286557989337,0.010811289188211913,0,0,0.009905985013443032,68907.2,69082.8,68811.5,68926.0,2517.921,2026-02-15 14:14:59.999000+00:00,173682295.6416,73399,1099.413,75839741.1533,0.0002727934941159398,-0.007898964903223773,-0.019199070046418337,-2.27446141977963,0.06929598230741876,0.5779579800958394,0.35274603759674183,0.003936105388387588,25.80300743040162,-168.77824022042188,-0.012060845985879488,-0.01497696630687909,-0.00422748646336335,-0.0029124289213839916,0.035254453557412066,-0.8512002618325901,294.5321201949024,0.2868582457487019,1.2599068790522001,-1.0,0.97,-0.023600407978241145,-0.4999999999999997,-0.8660254037844388,6,1.0,0.8009162397075553,True
SOLUSDT,trend_ema__directionshort_only_fast21_rsi_threshold55.0_slow89,trend_ema,2026-02-15 15:15:00+00:00,2026-02-15 17:45:00+00:00,short,0.015840950644874584,0.016640950644874582,target,10,0.2900816382412583,1,True,False,False,0.0034625339986469163,0.021438414483049645,0,0,0.01773268672055254,87.56,87.57,86.95,86.96,236383.82,2026-02-15 15:29:59.999000+00:00,20617877.8922,20442,99259.73,8657282.5829,-0.006876029841708318,-0.003329318269582628,-0.026665220882840752,-0.5688925884746262,0.9677419354838998,0.016129032258050097,0.016129032258050097,0.007129714811407433,35.495918087937085,-0.09462424789958196,-0.01217753008574645,-0.017387426080371984,-0.002992592828140017,-0.0029054130067002193,0.04664886969086418,-0.6159321379331856,0.5854062854529402,-0.42891489695321944,0.6770444101523672,-1.0,0.96,-0.028488437046140236,-0.7071067811865471,-0.7071067811865479,6,1.0,0.8860133197970589,True
SOLUSDT,trend_ema__directionshort_only_fast21_rsi_threshold58.0_slow89,trend_ema,2026-02-15 15:15:00+00:00,2026-02-15 17:45:00+00:00,short,0.015840950644874584,0.016640950644874582,target,10,0.2900816382412583,1,True,False,False,0.0034625339986469163,0.021438414483049645,0,0,0.017566740693733672,87.56,87.57,86.95,86.96,236383.82,2026-02-15 15:29:59.999000+00:00,20617877.8922,20442,99259.73,8657282.5829,-0.006876029841708318,-0.003329318269582628,-0.026665220882840752,-0.5688925884746262,0.9677419354838998,0.016129032258050097,0.016129032258050097,0.007129714811407433,35.495918087937085,-0.09462424789958196,-0.01217753008574645,-0.017387426080371984,-0.002992592828140017,-0.0029054130067002193,0.04664886969086418,-0.6159321379331856,0.5854062854529402,-0.42891489695321944,0.6770444101523672,-1.0,0.96,-0.028488437046140236,-0.7071067811865471,-0.7071067811865479,6,1.0,0.8860133197970589,True
SOLUSDT,trend_ema__directionshort_only_fast21_rsi_threshold52.0_slow89,trend_ema,2026-02-15 15:15:00+00:00,2026-02-15 17:45:00+00:00,short,0.015840950644874584,0.016640950644874582,target,10,0.2900816382412583,1,True,False,False,0.0034625339986469163,0.021438414483049645,0,0,0.01718323179398721,87.56,87.57,86.95,86.96,236383.82,2026-02-15 15:29:59.999000+00:00,20617877.8922,20442,99259.73,8657282.5829,-0.006876029841708318,-0.003329318269582628,-0.026665220882840752,-0.5688925884746262,0.9677419354838998,0.016129032258050097,0.016129032258050097,0.007129714811407433,35.495918087937085,-0.09462424789958196,-0.01217753008574645,-0.017387426080371984,-0.002992592828140017,-0.0029054130067002193,0.04664886969086418,-0.6159321379331856,0.5854062854529402,-0.42891489695321944,0.6770444101523672,-1.0,0.96,-0.028488437046140236,-0.7071067811865471,-0.7071067811865479,6,1.0,0.8871965145501779,True
SOLUSDT,trend_ema__directionboth_fast21_rsi_threshold55.0_slow89,trend_ema,2026-02-15 15:15:00+00:00,2026-02-15 17:45:00+00:00,short,0.015840950644874584,0.016640950644874582,target,10,0.2900816382412583,1,True,False,False,0.0034625339986469163,0.021438414483049645,0,0,0.01737498624386044,87.56,87.57,86.95,86.96,236383.82,2026-02-15 15:29:59.999000+00:00,20617877.8922,20442,99259.73,8657282.5829,-0.006876029841708318,-0.003329318269582628,-0.026665220882840752,-0.5688925884746262,0.9677419354838998,0.016129032258050097,0.016129032258050097,0.007129714811407433,35.495918087937085,-0.09462424789958196,-0.01217753008574645,-0.017387426080371984,-0.002992592828140017,-0.0029054130067002193,0.04664886969086418,-0.6159321379331856,0.5854062854529402,-0.42891489695321944,0.6770444101523672,-1.0,0.96,-0.028488437046140236,-0.7071067811865471,-0.7071067811865479,6,1.0,0.8860133197970589,True
XRPUSDT,trend_ema__directionboth_fast12_rsi_threshold52.0_slow89,trend_ema,2026-02-15 15:30:00+00:00,2026-02-15 17:45:00+00:00,short,0.024695133793343496,0.025495133793343495,target,9,0.2004839298038597,1,True,False,False,0.003304033480325836,0.02711903073484156,0,0,0.0064932041458040475,1.5221,1.5269,1.5202,1.5268,7510011.2,2026-02-15 15:44:59.999000+00:00,11445418.53995,22364,4462981.2,6801321.62193,0.0030830815854535117,-0.003987324300986984,-0.030700205426914342,-0.6163046681506714,0.7014925373134294,0.014925373134326875,0.28358208955224373,0.004388263033796128,39.975803509807015,-0.0003708832302161992,-0.010008714447821301,-0.01497387843681544,-0.003091732747407261,-0.0027901908874756742,0.06317763893278683,-0.3337863167611097,0.014890119683711147,-1.1864033429983973,0.348310124746997,-1.0,0.77,-0.03902316213494461,-0.7071067811865471,-0.7071067811865479,6,1.0,0.8522601441601819,True
XRPUSDT,trend_ema__directionboth_fast12_rsi_threshold55.0_slow89,trend_ema,2026-02-15 15:30:00+00:00,2026-02-15 17:45:00+00:00,short,0.024695133793343496,0.025495133793343495,target,9,0.2004839298038597,1,True,False,False,0.003304033480325836,0.02711903073484156,0,0,0.010264759486922919,1.5221,1.5269,1.5202,1.5268,7510011.2,2026-02-15 15:44:59.999000+00:00,11445418.53995,22364,4462981.2,6801321.62193,0.0030830815854535117,-0.003987324300986984,-0.030700205426914342,-0.6163046681506714,0.7014925373134294,0.014925373134326875,0.28358208955224373,0.004388263033796128,39.975803509807015,-0.0003708832302161992,-0.010008714447821301,-0.01497387843681544,-0.003091732747407261,-0.0027901908874756742,0.06317763893278683,-0.3337863167611097,0.014890119683711147,-1.1864033429983973,0.348310124746997,-1.0,0.77,-0.03902316213494461,-0.7071067811865471,-0.7071067811865479,6,1.0,0.863405292527978,True
XRPUSDT,trend_ema__directionboth_fast12_rsi_threshold58.0_slow89,trend_ema,2026-02-15 15:30:00+00:00,2026-02-15 17:45:00+00:00,short,0.024695133793343496,0.025495133793343495,target,9,0.2004839298038597,1,True,False,False,0.003304033480325836,0.02711903073484156,0,0,0.013444706886198653,1.5221,1.5269,1.5202,1.5268,7510011.2,2026-02-15 15:44:59.999000+00:00,11445418.53995,22364,4462981.2,6801321.62193,0.0030830815854535117,-0.003987324300986984,-0.030700205426914342,-0.6163046681506714,0.7014925373134294,0.014925373134326875,0.28358208955224373,0.004388263033796128,39.975803509807015,-0.0003708832302161992,-0.010008714447821301,-0.01497387843681544,-0.003091732747407261,-0.0027901908874756742,0.06317763893278683,-0.3337863167611097,0.014890119683711147,-1.1864033429983973,0.348310124746997,-1.0,0.77,-0.03902316213494461,-0.7071067811865471,-0.7071067811865479,6,1.0,0.8684934389294318,True
XRPUSDT,trend_ema__directionshort_only_fast12_rsi_threshold55.0_slow89,trend_ema,2026-02-15 15:30:00+00:00,2026-02-15 17:45:00+00:00,short,0.024695133793343496,0.025495133793343495,target,9,0.2004839298038597,1,True,False,False,0.003304033480325836,0.02711903073484156,0,0,0.01662465428547439,1.5221,1.5269,1.5202,1.5268,7510011.2,2026-02-15 15:44:59.999000+00:00,11445418.53995,22364,4462981.2,6801321.62193,0.0030830815854535117,-0.003987324300986984,-0.030700205426914342,-0.6163046681506714,0.7014925373134294,0.014925373134326875,0.28358208955224373,0.004388263033796128,39.975803509807015,-0.0003708832302161992,-0.010008714447821301,-0.01497387843681544,-0.003091732747407261,-0.0027901908874756742,0.06317763893278683,-0.3337863167611097,0.014890119683711147,-1.1864033429983973,0.348310124746997,-1.0,0.77,-0.03902316213494461,-0.7071067811865471,-0.7071067811865479,6,1.0,0.8708565568414041,True
XRPUSDT,trend_ema__directionshort_only_fast21_rsi_threshold58.0_slow89,trend_ema,2026-02-15 17:15:00+00:00,2026-02-15 17:45:00+00:00,short,0.020155699010816066,0.020955699010816065,target,2,0.28516711879960865,1,True,False,False,0.0001500225033755281,0.024427087872391007,0,0,0.02403000346516851,1.5179,1.5179,1.508,1.511,8593564.2,2026-02-15 17:29:59.999000+00:00,12983134.65039,24008,3960202.6,5981680.72242,-0.004621995682835788,-0.005609650084108348,-0.008632388619064426,-0.9112464475017027,0.6969696969697086,0.0,0.3030303030302915,0.006551952349437473,35.74164406001957,0.0005166326343620364,-0.012328311531654998,-0.020405989402321245,-0.003034937680160832,-0.003532426913817832,0.02320256708336341,-0.7338773473640656,0.012527156999784241,-0.8598385900683899,0.5070320285677393,-1.0,0.66,-0.024216984178237033,-0.9659258262890683,-0.25881904510252063,6,2.0,0.8840029700130669,True
XRPUSDT,trend_ema__directionshort_only_fast21_rsi_threshold55.0_slow89,trend_ema,2026-02-15 17:15:00+00:00,2026-02-15 17:45:00+00:00,short,0.020155699010816066,0.020955699010816065,target,2,0.28516711879960865,1,True,False,False,0.0001500225033755281,0.024427087872391007,0,0,0.020841961510656815,1.5179,1.5179,1.508,1.511,8593564.2,2026-02-15 17:29:59.999000+00:00,12983134.65039,24008,3960202.6,5981680.72242,-0.004621995682835788,-0.005609650084108348,-0.008632388619064426,-0.9112464475017027,0.6969696969697086,0.0,0.3030303030302915,0.006551952349437473,35.74164406001957,0.0005166326343620364,-0.012328311531654998,-0.020405989402321245,-0.003034937680160832,-0.003532426913817832,0.02320256708336341,-0.7338773473640656,0.012527156999784241,-0.8598385900683899,0.5070320285677393,-1.0,0.66,-0.024216984178237033,-0.9659258262890683,-0.25881904510252063,6,2.0,0.8840029700130669,True
XRPUSDT,trend_ema__directionshort_only_fast21_rsi_threshold52.0_slow89,trend_ema,2026-02-15 17:15:00+00:00,2026-02-15 17:45:00+00:00,short,0.020155699010816066,0.020955699010816065,target,2,0.28516711879960865,1,True,False,False,0.0001500225033755281,0.024427087872391007,0,0,0.024605325257586498,1.5179,1.5179,1.508,1.511,8593564.2,2026-02-15 17:29:59.999000+00:00,12983134.65039,24008,3960202.6,5981680.72242,-0.004621995682835788,-0.005609650084108348,-0.008632388619064426,-0.9112464475017027,0.6969696969697086,0.0,0.3030303030302915,0.006551952349437473,35.74164406001957,0.0005166326343620364,-0.012328311531654998,-0.020405989402321245,-0.003034937680160832,-0.003532426913817832,0.02320256708336341,-0.7338773473640656,0.012527156999784241,-0.8598385900683899,0.5070320285677393,-1.0,0.66,-0.024216984178237033,-0.9659258262890683,-0.25881904510252063,6,2.0,0.8840029700130669,True
XRPUSDT,trend_ema__directionboth_fast21_rsi_threshold55.0_slow89,trend_ema,2026-02-15 17:15:00+00:00,2026-02-15 17:45:00+00:00,short,0.020155699010816066,0.020955699010816065,target,2,0.28516711879960865,1,True,False,False,0.0001500225033755281,0.024427087872391007,0,0,0.023454681672750517,1.5179,1.5179,1.508,1.511,8593564.2,2026-02-15 17:29:59.999000+00:00,12983134.65039,24008,3960202.6,5981680.72242,-0.004621995682835788,-0.005609650084108348,-0.008632388619064426,-0.9112464475017027,0.6969696969697086,0.0,0.3030303030302915,0.006551952349437473,35.74164406001957,0.0005166326343620364,-0.012328311531654998,-0.020405989402321245,-0.003034937680160832,-0.003532426913817832,0.02320256708336341,-0.7338773473640656,0.012527156999784241,-0.8598385900683899,0.5070320285677393,-1.0,0.66,-0.024216984178237033,-0.9659258262890683,-0.25881904510252063,6,2.0,0.8840029700130669,True
XRPUSDT,trend_ema__directionlong_only_fast9_rsi_threshold58.0_slow55,trend_ema,2026-02-16 09:45:00+00:00,2026-02-16 10:15:00+00:00,long,-0.011041293618648413,-0.010241293618648412,stop,2,0.38106628972056883,0,False,True,False,0.014638631113070455,0.002707876190281005,0,0,0.004985532242877093,1.5044,1.5087,1.497,1.5003,15015959.6,2026-02-16 09:59:59.999000+00:00,22555879.02549,41465,7103367.3,10670555.44988,-0.002795528977132253,0.021083190919090358,0.030590461326734753,4.419147582747868,0.3504273504273551,0.3675213675213706,0.2820512820512743,0.007798440311937493,69.05331448602844,0.004981067444440356,0.01704667277305389,0.016817687028801362,0.0061422726576463305,0.0023765640325401627,0.0422708302090468,1.0354368048717304,0.010374812914893554,1.2462622853686183,1.9056534376246468,-1.0,0.57,-0.0027916251246261625,0.7071067811865476,-0.7071067811865475,0,1.0,0.7503938924614894,True
ZECUSDT,trend_ema__directionlong_only_fast9_rsi_threshold58.0_slow55,trend_ema,2026-02-16 11:45:00+00:00,2026-02-16 12:45:00+00:00,long,0.025276981433141974,0.026076981433141973,target,4,0.25296779634857147,1,True,False,False,0.001717995403103363,0.03455094036453635,0,0,0.005082953447677131,293.32,295.86,292.86,294.78,13941.76,2026-02-16 11:59:59.999000+00:00,4102492.23093,22225,8366.642,2462623.22835,0.004965152183013087,0.008688151957637823,0.03869978230320924,1.3668206402018233,0.48666666666665986,0.36000000000001364,0.15333333333332652,0.01017708121310808,62.64838981742857,1.1016423416165102,0.01689863211537528,0.014590254218054759,0.005485149894659536,0.0020221696329516536,0.05428861255912531,0.8735638751154992,3.0557319393422167,-0.3769093604532818,0.7995885441440262,-1.0,0.55,-0.00020350020350023978,0.258819045102521,-0.9659258262890682,0,1.0,0.8526319160741862,True
ZECUSDT,trend_ema__directionlong_only_fast12_rsi_threshold58.0_slow55,trend_ema,2026-02-16 12:00:00+00:00,2026-02-16 12:45:00+00:00,long,0.025110594391727786,0.025910594391727784,target,3,0.3053630772908872,1,True,False,False,0.0021511020777258637,0.029392047992556805,0,0,0.008193945201178063,294.79,297.47,294.76,296.34,20262.73,2026-02-16 12:14:59.999000+00:00,5999956.88347,32244,11018.867,3263619.61717,0.005278128371976625,0.021178345383606974,0.04510693736252316,3.322538026132915,0.5719557195571711,0.41697416974171114,0.011070110701117769,0.009144901127083879,65.26815386454436,1.1439937183250428,0.01997162151653926,0.019002076429267815,0.005446493401385144,0.002498065396343563,0.05920189603050384,0.9166632217263601,3.0310368008177755,0.2720380144737117,1.140733286390795,-1.0,0.55,0.0,1.2246467991473532e-16,-1.0,0,1.0,0.8867968915465104,True
ZECUSDT,trend_ema__directionlong_only_fast21_rsi_threshold58.0_slow34,trend_ema,2026-02-16 12:00:00+00:00,2026-02-16 12:45:00+00:00,long,0.025110594391727786,0.025910594391727784,target,3,0.3053630772908872,1,True,False,False,0.0021511020777258637,0.029392047992556805,0,0,0.011288298250537575,294.79,297.47,294.76,296.34,20262.73,2026-02-16 12:14:59.999000+00:00,5999956.88347,32244,11018.867,3263619.61717,0.005278128371976625,0.021178345383606974,0.04510693736252316,3.322538026132915,0.5719557195571711,0.41697416974171114,0.011070110701117769,0.009144901127083879,65.26815386454436,1.1439937183250428,0.01997162151653926,0.019002076429267815,0.005446493401385144,0.002498065396343563,0.05920189603050384,0.9166632217263601,3.0310368008177755,0.2720380144737117,1.140733286390795,-1.0,0.55,0.0,1.2246467991473532e-16,-1.0,0,1.0,0.887021120528009,True
ZECUSDT,trend_ema__directionlong_only_fast9_rsi_threshold58.0_slow89,trend_ema,2026-02-16 12:30:00+00:00,2026-02-16 13:00:00+00:00,long,0.025681232637047493,0.02648123263704749,target,2,0.3136573695651657,1,True,False,False,0.011054634668872729,0.04005676456082338,0,0,0.01753406817378857,298.91,299.01,295.65,297.81,22015.701,2026-02-16 12:44:59.999000+00:00,6542529.18624,37398,9864.106,2931632.74635,-0.003854085907488186,0.015191536044141519,0.042634073767311056,2.3973163726738234,0.3273809523809578,0.02976190476189449,0.6428571428571477,0.011282361237030367,65.68286847825829,1.205035908200803,0.019975822792829608,0.021865347996477272,0.007116593516973024,0.0038523079831391804,0.06629008661307478,0.8093159202822323,3.180485812950023,0.4296262016839134,1.2176307675138578,1.0,0.53,-0.003846668450628754,1.2246467991473532e-16,-1.0,0,1.0,0.8299718714329596,True
ZECUSDT,trend_ema__directionboth_fast9_rsi_threshold58.0_slow89,trend_ema,2026-02-16 12:30:00+00:00,2026-02-16 13:00:00+00:00,long,0.025681232637047493,0.02648123263704749,target,2,0.3136573695651657,1,True,False,False,0.011054634668872729,0.04005676456082338,0,0,0.014382651299897086,298.91,299.01,295.65,297.81,22015.701,2026-02-16 12:44:59.999000+00:00,6542529.18624,37398,9864.106,2931632.74635,-0.003854085907488186,0.015191536044141519,0.042634073767311056,2.3973163726738234,0.3273809523809578,0.02976190476189449,0.6428571428571477,0.011282361237030367,65.68286847825829,1.205035908200803,0.019975822792829608,0.021865347996477272,0.007116593516973024,0.0038523079831391804,0.06629008661307478,0.8093159202822323,3.180485812950023,0.4296262016839134,1.2176307675138578,1.0,0.53,-0.003846668450628754,1.2246467991473532e-16,-1.0,0,1.0,0.8265369563919925,True
ZECUSDT,trend_ema__directionboth_fast12_rsi_threshold52.0_slow89,trend_ema,2026-02-16 12:45:00+00:00,2026-02-16 13:00:00+00:00,long,0.025894946539977457,0.026694946539977456,target,1,0.37026898405613623,1,True,False,False,0.003910200548927949,0.04389834960167799,0,0,0.024383536091064743,297.81,303.5,296.69,299.71,57753.647,2026-02-16 12:59:59.999000+00:00,17351579.34572,66882,33612.806,10095774.52404,0.006359641196254759,0.016586025057383137,0.048398195355122874,2.595143098443406,0.27900146842877777,0.5565345080763611,0.1644640234948611,0.022721964565746898,68.51344920280681,1.209953848014826,0.02369449133094033,0.026965559848684675,0.0075301363621886885,0.0045628612214492215,0.06899763728801954,0.8844372749452651,3.4397368263107357,3.441999245250735,3.0650925857083218,1.0,0.55,0.0,1.2246467991473532e-16,-1.0,0,1.0,0.7848996735750875,True
ZECUSDT,trend_ema__directionlong_only_fast12_rsi_threshold58.0_slow89,trend_ema,2026-02-16 12:45:00+00:00,2026-02-16 13:00:00+00:00,long,0.025894946539977457,0.026694946539977456,target,1,0.37026898405613623,1,True,False,False,0.003910200548927949,0.04389834960167799,0,0,0.021635200368037077,297.81,303.5,296.69,299.71,57753.647,2026-02-16 12:59:59.999000+00:00,17351579.34572,66882,33612.806,10095774.52404,0.006359641196254759,0.016586025057383137,0.048398195355122874,2.595143098443406,0.27900146842877777,0.5565345080763611,0.1644640234948611,0.022721964565746898,68.51344920280681,1.209953848014826,0.02369449133094033,0.026965559848684675,0.0075301363621886885,0.0045628612214492215,0.06899763728801954,0.8844372749452651,3.4397368263107357,3.441999245250735,3.0650925857083218,1.0,0.55,0.0,1.2246467991473532e-16,-1.0,0,1.0,0.7874587996252094,True
ZECUSDT,trend_ema__directionboth_fast12_rsi_threshold55.0_slow89,trend_ema,2026-02-16 12:45:00+00:00,2026-02-16 13:00:00+00:00,long,0.025894946539977457,0.026694946539977456,target,1,0.37026898405613623,1,True,False,False,0.003910200548927949,0.04389834960167799,0,0,0.020261032506523245,297.81,303.5,296.69,299.71,57753.647,2026-02-16 12:59:59.999000+00:00,17351579.34572,66882,33612.806,10095774.52404,0.006359641196254759,0.016586025057383137,0.048398195355122874,2.595143098443406,0.27900146842877777,0.5565345080763611,0.1644640234948611,0.022721964565746898,68.51344920280681,1.209953848014826,0.02369449133094033,0.026965559848684675,0.0075301363621886885,0.0045628612214492215,0.06899763728801954,0.8844372749452651,3.4397368263107357,3.441999245250735,3.0650925857083218,1.0,0.55,0.0,1.2246467991473532e-16,-1.0,0,1.0,0.7874587996252094,True
ZECUSDT,trend_ema__directionlong_only_fast12_rsi_threshold55.0_slow89,trend_ema,2026-02-16 12:45:00+00:00,2026-02-16 13:00:00+00:00,long,0.025894946539977457,0.026694946539977456,target,1,0.37026898405613623,1,True,False,False,0.003910200548927949,0.04389834960167799,0,0,0.018886864645009407,297.81,303.5,296.69,299.71,57753.647,2026-02-16 12:59:59.999000+00:00,17351579.34572,66882,33612.806,10095774.52404,0.006359641196254759,0.016586025057383137,0.048398195355122874,2.595143098443406,0.27900146842877777,0.5565345080763611,0.1644640234948611,0.022721964565746898,68.51344920280681,1.209953848014826,0.02369449133094033,0.026965559848684675,0.0075301363621886885,0.0045628612214492215,0.06899763728801954,0.8844372749452651,3.4397368263107357,3.441999245250735,3.0650925857083218,1.0,0.55,0.0,1.2246467991473532e-16,-1.0,0,1.0,0.7889722652373742,True
ZECUSDT,trend_ema__directionboth_fast12_rsi_threshold58.0_slow89,trend_ema,2026-02-16 12:45:00+00:00,2026-02-16 13:00:00+00:00,long,0.025894946539977457,0.026694946539977456,target,1,0.37026898405613623,1,True,False,False,0.003910200548927949,0.04389834960167799,0,0,0.023009368229550912,297.81,303.5,296.69,299.71,57753.647,2026-02-16 12:59:59.999000+00:00,17351579.34572,66882,33612.806,10095774.52404,0.006359641196254759,0.016586025057383137,0.048398195355122874,2.595143098443406,0.27900146842877777,0.5565345080763611,0.1644640234948611,0.022721964565746898,68.51344920280681,1.209953848014826,0.02369449133094033,0.026965559848684675,0.0075301363621886885,0.0045628612214492215,0.06899763728801954,0.8844372749452651,3.4397368263107357,3.441999245250735,3.0650925857083218,1.0,0.55,0.0,1.2246467991473532e-16,-1.0,0,1.0,0.7874587996252094,True
BTCUSDT,trend_ema__directionshort_only_fast21_rsi_threshold58.0_slow89,trend_ema,2026-02-16 14:00:00+00:00,2026-02-16 15:30:00+00:00,short,0.012822879447440087,0.013622879447440088,target,6,0.1716855625877129,1,True,False,False,0.004962354245537472,0.016025206262085704,0,0,0.01108894422342814,68355.5,68540.7,68208.6,68373.8,3065.915,2026-02-16 14:14:59.999000+00:00,209646053.0098,96095,1462.685,100041161.9107,0.00026621926385235803,-0.018223032442921273,-0.007859482458865195,-4.058622784868141,0.055103884372187266,0.5025594700391405,0.4423366455886722,0.004857123635076466,41.415721870614355,-85.58372479840678,-0.006223956802655302,-0.005663001829824475,-0.002162688802968993,-0.00037641660488885176,0.023807305627305868,-0.5996467190841304,369.54336375337306,0.44474515085362354,1.4555180912162935,1.0,0.98,-0.019580064612062298,-0.4999999999999997,-0.8660254037844388,0,1.0,0.8226679346045854,True
BTCUSDT,trend_ema__directionshort_only_fast21_rsi_threshold55.0_slow89,trend_ema,2026-02-16 14:00:00+00:00,2026-02-16 15:30:00+00:00,short,0.012822879447440087,0.013622879447440088,target,6,0.1716855625877129,1,True,False,False,0.004962354245537472,0.016025206262085704,0,0,0.009917557468004665,68355.5,68540.7,68208.6,68373.8,3065.915,2026-02-16 14:14:59.999000+00:00,209646053.0098,96095,1462.685,100041161.9107,0.00026621926385235803,-0.018223032442921273,-0.007859482458865195,-4.058622784868141,0.055103884372187266,0.5025594700391405,0.4423366455886722,0.004857123635076466,41.415721870614355,-85.58372479840678,-0.006223956802655302,-0.005663001829824475,-0.002162688802968993,-0.00037641660488885176,0.023807305627305868,-0.5996467190841304,369.54336375337306,0.44474515085362354,1.4555180912162935,1.0,0.98,-0.019580064612062298,-0.4999999999999997,-0.8660254037844388,0,1.0,0.822740909379644,True
BTCUSDT,trend_ema__directionshort_only_fast9_rsi_threshold55.0_slow89,trend_ema,2026-02-16 14:00:00+00:00,2026-02-16 15:30:00+00:00,short,0.012822879447440087,0.013622879447440088,target,6,0.1716855625877129,1,True,False,False,0.004962354245537472,0.016025206262085704,0,0,0.010503250845716402,68355.5,68540.7,68208.6,68373.8,3065.915,2026-02-16 14:14:59.999000+00:00,209646053.0098,96095,1462.685,100041161.9107,0.00026621926385235803,-0.018223032442921273,-0.007859482458865195,-4.058622784868141,0.055103884372187266,0.5025594700391405,0.4423366455886722,0.004857123635076466,41.415721870614355,-85.58372479840678,-0.006223956802655302,-0.005663001829824475,-0.002162688802968993,-0.00037641660488885176,0.023807305627305868,-0.5996467190841304,369.54336375337306,0.44474515085362354,1.4555180912162935,1.0,0.98,-0.019580064612062298,-0.4999999999999997,-0.8660254037844388,0,1.0,0.822740909379644,True
BTCUSDT,trend_ema__directionboth_fast9_rsi_threshold58.0_slow89,trend_ema,2026-02-16 14:00:00+00:00,2026-02-16 15:30:00+00:00,short,0.012822879447440087,0.013622879447440088,target,6,0.1716855625877129,1,True,False,False,0.004962354245537472,0.016025206262085704,0,0,0.01138179091228401,68355.5,68540.7,68208.6,68373.8,3065.915,2026-02-16 14:14:59.999000+00:00,209646053.0098,96095,1462.685,100041161.9107,0.00026621926385235803,-0.018223032442921273,-0.007859482458865195,-4.058622784868141,0.055103884372187266,0.5025594700391405,0.4423366455886722,0.004857123635076466,41.415721870614355,-85.58372479840678,-0.006223956802655302,-0.005663001829824475,-0.002162688802968993,-0.00037641660488885176,0.023807305627305868,-0.5996467190841304,369.54336375337306,0.44474515085362354,1.4555180912162935,1.0,0.98,-0.019580064612062298,-0.4999999999999997,-0.8660254037844388,0,1.0,0.8226679346045854,True
BTCUSDT,trend_ema__directionboth_fast21_rsi_threshold55.0_slow89,trend_ema,2026-02-16 14:00:00+00:00,2026-02-16 15:30:00+00:00,short,0.012822879447440087,0.013622879447440088,target,6,0.1716855625877129,1,True,False,False,0.004962354245537472,0.016025206262085704,0,0,0.010210404156860534,68355.5,68540.7,68208.6,68373.8,3065.915,2026-02-16 14:14:59.999000+00:00,209646053.0098,96095,1462.685,100041161.9107,0.00026621926385235803,-0.018223032442921273,-0.007859482458865195,-4.058622784868141,0.055103884372187266,0.5025594700391405,0.4423366455886722,0.004857123635076466,41.415721870614355,-85.58372479840678,-0.006223956802655302,-0.005663001829824475,-0.002162688802968993,-0.00037641660488885176,0.023807305627305868,-0.5996467190841304,369.54336375337306,0.44474515085362354,1.4555180912162935,1.0,0.98,-0.019580064612062298,-0.4999999999999997,-0.8660254037844388,0,1.0,0.822740909379644,True
BTCUSDT,trend_ema__directionshort_only_fast21_rsi_threshold52.0_slow89,trend_ema,2026-02-16 14:00:00+00:00,2026-02-16 15:30:00+00:00,short,0.012822879447440087,0.013622879447440088,target,6,0.1716855625877129,1,True,False,False,0.004962354245537472,0.016025206262085704,0,0,0.010796097534572271,68355.5,68540.7,68208.6,68373.8,3065.915,2026-02-16 14:14:59.999000+00:00,209646053.0098,96095,1462.685,100041161.9107,0.00026621926385235803,-0.018223032442921273,-0.007859482458865195,-4.058622784868141,0.055103884372187266,0.5025594700391405,0.4423366455886722,0.004857123635076466,41.415721870614355,-85.58372479840678,-0.006223956802655302,-0.005663001829824475,-0.002162688802968993,-0.00037641660488885176,0.023807305627305868,-0.5996467190841304,369.54336375337306,0.44474515085362354,1.4555180912162935,1.0,0.98,-0.019580064612062298,-0.4999999999999997,-0.8660254037844388,0,1.0,0.8226679346045854,True
BTCUSDT,trend_ema__directionboth_fast12_rsi_threshold52.0_slow89,trend_ema,2026-02-16 14:15:00+00:00,2026-02-16 15:30:00+00:00,short,0.012713924344225578,0.013513924344225579,target,5,0.2048152026988427,1,True,False,False,0.004694849125187712,0.016287124825012968,0,0,0.011674637601139879,68373.7,68607.8,68224.5,68274.3,2276.271,2026-02-16 14:29:59.999000+00:00,155789648.4266,87990,1109.316,75929765.458,-0.0014562956614096992,-0.004381497768595903,-0.007133849197242154,-0.9772472091197554,0.2593268979911125,0.610748760761816,0.12992434124707156,0.005614118343212642,39.759239865057864,-101.02925251548109,-0.006957966387432054,-0.006849058028722468,-0.0021224443348624167,-0.0011346831778737965,0.024997076420848054,-0.6489198860329569,370.52598062813234,0.05233197672253416,1.0516694789983139,1.0,0.96,-0.02100680677896105,-0.4999999999999997,-0.8660254037844388,0,1.0,0.8796112001687089,True
BTCUSDT,trend_ema__directionshort_only_fast12_rsi_threshold52.0_slow89,trend_ema,2026-02-16 14:15:00+00:00,2026-02-16 15:30:00+00:00,short,0.012713924344225578,0.013513924344225579,target,5,0.2048152026988427,1,True,False,False,0.004694849125187712,0.016287124825012968,0,0,0.012779297406154282,68373.7,68607.8,68224.5,68274.3,2276.271,2026-02-16 14:29:59.999000+00:00,155789648.4266,87990,1109.316,75929765.458,-0.0014562956614096992,-0.004381497768595903,-0.007133849197242154,-0.9772472091197554,0.2593268979911125,0.610748760761816,0.12992434124707156,0.005614118343212642,39.759239865057864,-101.02925251548109,-0.006957966387432054,-0.006849058028722468,-0.0021224443348624167,-0.0011346831778737965,0.024997076420848054,-0.6489198860329569,370.52598062813234,0.05233197672253416,1.0516694789983139,1.0,0.96,-0.02100680677896105,-0.4999999999999997,-0.8660254037844388,0,1.0,0.8812418579464887,True
BTCUSDT,trend_ema__directionboth_fast12_rsi_threshold55.0_slow89,trend_ema,2026-02-16 14:15:00+00:00,2026-02-16 15:30:00+00:00,short,0.012713924344225578,0.013513924344225579,target,5,0.2048152026988427,1,True,False,False,0.004694849125187712,0.016287124825012968,0,0,0.012503132454900681,68373.7,68607.8,68224.5,68274.3,2276.271,2026-02-16 14:29:59.999000+00:00,155789648.4266,87990,1109.316,75929765.458,-0.0014562956614096992,-0.004381497768595903,-0.007133849197242154,-0.9772472091197554,0.2593268979911125,0.610748760761816,0.12992434124707156,0.005614118343212642,39.759239865057864,-101.02925251548109,-0.006957966387432054,-0.006849058028722468,-0.0021224443348624167,-0.0011346831778737965,0.024997076420848054,-0.6489198860329569,370.52598062813234,0.05233197672253416,1.0516694789983139,1.0,0.96,-0.02100680677896105,-0.4999999999999997,-0.8660254037844388,0,1.0,0.8812418579464887,True
BTCUSDT,trend_ema__directionshort_only_fast12_rsi_threshold55.0_slow89,trend_ema,2026-02-16 14:15:00+00:00,2026-02-16 15:30:00+00:00,short,0.012713924344225578,0.013513924344225579,target,5,0.2048152026988427,1,True,False,False,0.004694849125187712,0.016287124825012968,0,0,0.012768401895832832,68373.7,68607.8,68224.5,68274.3,2276.271,2026-02-16 14:29:59.999000+00:00,155789648.4266,87990,1109.316,75929765.458,-0.0014562956614096992,-0.004381497768595903,-0.007133849197242154,-0.9772472091197554,0.2593268979911125,0.610748760761816,0.12992434124707156,0.005614118343212642,39.759239865057864,-101.02925251548109,-0.006957966387432054,-0.006849058028722468,-0.0021224443348624167,-0.0011346831778737965,0.024997076420848054,-0.6489198860329569,370.52598062813234,0.05233197672253416,1.0516694789983139,1.0,0.96,-0.02100680677896105,-0.4999999999999997,-0.8660254037844388,0,1.0,0.8812418579464887,True
BTCUSDT,trend_ema__directionshort_only_fast12_rsi_threshold58.0_slow89,trend_ema,2026-02-16 14:15:00+00:00,2026-02-16 15:30:00+00:00,short,0.012713924344225578,0.013513924344225579,target,5,0.2048152026988427,1,True,False,False,0.004694849125187712,0.016287124825012968,0,0,0.01195080255239348,68373.7,68607.8,68224.5,68274.3,2276.271,2026-02-16 14:29:59.999000+00:00,155789648.4266,87990,1109.316,75929765.458,-0.0014562956614096992,-0.004381497768595903,-0.007133849197242154,-0.9772472091197554,0.2593268979911125,0.610748760761816,0.12992434124707156,0.005614118343212642,39.759239865057864,-101.02925251548109,-0.006957966387432054,-0.006849058028722468,-0.0021224443348624167,-0.0011346831778737965,0.024997076420848054,-0.6489198860329569,370.52598062813234,0.05233197672253416,1.0516694789983139,1.0,0.96,-0.02100680677896105,-0.4999999999999997,-0.8660254037844388,0,1.0,0.8805815634539176,True
BTCUSDT,trend_ema__directionboth_fast12_rsi_threshold58.0_slow89,trend_ema,2026-02-16 14:15:00+00:00,2026-02-16 15:30:00+00:00,short,0.012713924344225578,0.013513924344225579,target,5,0.2048152026988427,1,True,False,False,0.004694849125187712,0.016287124825012968,0,0,0.01222696750364708,68373.7,68607.8,68224.5,68274.3,2276.271,2026-02-16 14:29:59.999000+00:00,155789648.4266,87990,1109.316,75929765.458,-0.0014562956614096992,-0.004381497768595903,-0.007133849197242154,-0.9772472091197554,0.2593268979911125,0.610748760761816,0.12992434124707156,0.005614118343212642,39.759239865057864,-101.02925251548109,-0.006957966387432054,-0.006849058028722468,-0.0021224443348624167,-0.0011346831778737965,0.024997076420848054,-0.6489198860329569,370.52598062813234,0.05233197672253416,1.0516694789983139,1.0,0.96,-0.02100680677896105,-0.4999999999999997,-0.8660254037844388,0,1.0,0.8812418579464887,True
BTCUSDT,trend_ema__directionshort_only_fast21_rsi_threshold55.0_slow55,trend_ema,2026-02-16 14:45:00+00:00,2026-02-16 15:30:00+00:00,short,0.012652991248612678,0.013452991248612678,target,3,0.14168073748655885,1,True,False,False,0.0033198895478847206,0.017633369846788313,0,0,0.012740517565628643,68467.4,68684.4,68250.0,68386.7,1922.398,2026-02-16 14:59:59.999000+00:00,131567007.3065,60214,1053.242,72089750.291,-0.0011778977497040922,0.00045487022722636756,-0.005472905492652225,0.10021382579937556,0.18577348066297922,0.49953959484346894,0.31468692449355185,0.006352112325934636,42.91596312567206,-89.57045755831359,-0.0044425086976686914,-0.004839212545011401,-0.0015820942967367246,-0.0011099710095664461,0.0258255049619131,-0.4403002533548753,373.09689145997083,-0.1390186077254653,0.8672475440780242,-1.0,1.0,-0.019395089999469484,-0.4999999999999997,-0.8660254037844388,0,1.0,0.7384157126555284,True
BTCUSDT,trend_ema__directionshort_only_fast21_rsi_threshold52.0_slow55,trend_ema,2026-02-16 14:45:00+00:00,2026-02-16 15:30:00+00:00,short,0.012652991248612678,0.013452991248612678,target,3,0.14168073748655885,1,True,False,False,0.0033198895478847206,0.017633369846788313,0,0,0.012757506385511383,68467.4,68684.4,68250.0,68386.7,1922.398,2026-02-16 14:59:59.999000+00:00,131567007.3065,60214,1053.242,72089750.291,-0.0011778977497040922,0.00045487022722636756,-0.005472905492652225,0.10021382579937556,0.18577348066297922,0.49953959484346894,0.31468692449355185,0.006352112325934636,42.91596312567206,-89.57045755831359,-0.0044425086976686914,-0.004839212545011401,-0.0015820942967367246,-0.0011099710095664461,0.0258255049619131,-0.4403002533548753,373.09689145997083,-0.1390186077254653,0.8672475440780242,-1.0,1.0,-0.019395089999469484,-0.4999999999999997,-0.8660254037844388,0,1.0,0.7384157126555284,True
HYPEUSDT,trend_ema__directionshort_only_fast21_rsi_threshold52.0_slow55,trend_ema,2026-02-16 15:45:00+00:00,2026-02-16 20:45:00+00:00,short,-0.013068852580067479,-0.012268852580067479,stop,20,0.22745497897508912,0,False,True,False,0.018537349619923496,0.006180040930190169,0,0,0.016634603300413334,29.862,30.007,29.759,29.815,125331.87,2026-02-16 15:59:59.999000+00:00,3744263.94462,18605,49353.5,1475176.15632,-0.001575146529402831,-0.017092727925760415,-0.003716045186158347,-3.292742974704579,0.1895161290322453,0.5846774193548487,0.225806451612906,0.008317960758007751,38.627251051245544,-0.05794633424688706,-0.010005787026265757,-0.010556034154228285,-0.0029121563423133434,-0.0006685170275666508,0.032688694639534,-0.696765953072827,0.24448227420809363,0.06830061758562878,1.047101556190426,-1.0,0.97,-0.021271706660539014,-0.7071067811865471,-0.7071067811865479,0,1.0,0.869525343198731,True
HYPEUSDT,trend_ema__directionboth_fast9_rsi_threshold58.0_slow89,trend_ema,2026-02-16 21:45:00+00:00,2026-02-16 23:15:00+00:00,long,0.01530774501527238,0.01610774501527238,target,6,0.4811483430352385,1,True,False,False,0.0006100412749828715,0.019337009394032146,0,2,-0.002955169890527983,30.426,30.618,30.412,30.602,142505.41,2026-02-16 21:59:59.999000+00:00,4351780.34323,17349,71774.03,2192239.73943,0.005734994171553846,0.010379806765157823,0.025081551690353733,3.5512992271015906,0.8543689320388463,0.07766990291261298,0.06796116504854068,0.006731586170838491,74.05741715176192,0.07671034317619613,0.015428782734244965,0.016949507156332352,0.004052803423840734,0.0023005613617963494,0.030788682511837837,1.250100657291543,0.19677659804679912,0.5785076809793603,1.466021815757414,1.0,0.07,0.0,-0.7071067811865477,0.7071067811865474,0,2.0,0.8268219898797924,True
HYPEUSDT,trend_ema__directionlong_only_fast9_rsi_threshold58.0_slow89,trend_ema,2026-02-16 21:45:00+00:00,2026-02-16 23:15:00+00:00,long,0.01530774501527238,0.01610774501527238,target,6,0.4811483430352385,1,True,False,False,0.0006100412749828715,0.019337009394032146,0,1,-0.0003916195115160349,30.426,30.618,30.412,30.602,142505.41,2026-02-16 21:59:59.999000+00:00,4351780.34323,17349,71774.03,2192239.73943,0.005734994171553846,0.010379806765157823,0.025081551690353733,3.5512992271015906,0.8543689320388463,0.07766990291261298,0.06796116504854068,0.006731586170838491,74.05741715176192,0.07671034317619613,0.015428782734244965,0.016949507156332352,0.004052803423840734,0.0023005613617963494,0.030788682511837837,1.250100657291543,0.19677659804679912,0.5785076809793603,1.466021815757414,1.0,0.07,0.0,-0.7071067811865477,0.7071067811865474,0,2.0,0.8955136372326062,True
HYPEUSDT,trend_ema__directionboth_fast12_rsi_threshold55.0_slow89,trend_ema,2026-02-16 22:00:00+00:00,2026-02-16 23:45:00+00:00,long,0.015273057805364124,0.016073057805364124,target,7,0.5686444420647883,1,True,False,False,0.002829139056368672,0.021806078150430126,0,0,0.009978732573449133,30.602,30.877,30.52,30.814,174192.97,2026-02-16 22:14:59.999000+00:00,5355132.93261,20615,100610.89,3094441.74068,0.006903765859961442,0.018539065570951377,0.031214940194802598,6.3101381529446865,0.593837535014006,0.1764705882352912,0.2296918767507028,0.011585642889595616,78.43222210323941,0.09347078570510586,0.020088087009667747,0.02278296730535384,0.005038277372724664,0.0028991820552650704,0.03784007625805434,1.299083907645054,0.208221126757742,1.0294449260519365,1.8204523894586522,1.0,0.08,0.0,-0.5000000000000004,0.8660254037844384,0,2.0,0.9316860235689689,True
HYPEUSDT,trend_ema__directionboth_fast12_rsi_threshold58.0_slow89,trend_ema,2026-02-16 22:00:00+00:00,2026-02-16 23:45:00+00:00,long,0.015273057805364124,0.016073057805364124,target,7,0.5686444420647883,1,True,False,False,0.002829139056368672,0.021806078150430126,0,0,0.012665370963360106,30.602,30.877,30.52,30.814,174192.97,2026-02-16 22:14:59.999000+00:00,5355132.93261,20615,100610.89,3094441.74068,0.006903765859961442,0.018539065570951377,0.031214940194802598,6.3101381529446865,0.593837535014006,0.1764705882352912,0.2296918767507028,0.011585642889595616,78.43222210323941,0.09347078570510586,0.020088087009667747,0.02278296730535384,0.005038277372724664,0.0028991820552650704,0.03784007625805434,1.299083907645054,0.208221126757742,1.0294449260519365,1.8204523894586522,1.0,0.08,0.0,-0.5000000000000004,0.8660254037844384,0,2.0,0.9320671910720452,True
HYPEUSDT,trend_ema__directionboth_fast12_rsi_threshold52.0_slow89,trend_ema,2026-02-16 22:00:00+00:00,2026-02-16 23:45:00+00:00,long,0.015273057805364124,0.016073057805364124,target,7,0.5686444420647883,1,True,False,False,0.002829139056368672,0.021806078150430126,0,0,0.0072920941835381585,30.602,30.877,30.52,30.814,174192.97,2026-02-16 22:14:59.999000+00:00,5355132.93261,20615,100610.89,3094441.74068,0.006903765859961442,0.018539065570951377,0.031214940194802598,6.3101381529446865,0.593837535014006,0.1764705882352912,0.2296918767507028,0.011585642889595616,78.43222210323941,0.09347078570510586,0.020088087009667747,0.02278296730535384,0.005038277372724664,0.0028991820552650704,0.03784007625805434,1.299083907645054,0.208221126757742,1.0294449260519365,1.8204523894586522,1.0,0.08,0.0,-0.5000000000000004,0.8660254037844384,0,2.0,0.9313172390850166,True
HYPEUSDT,trend_ema__directionlong_only_fast12_rsi_threshold58.0_slow89,trend_ema,2026-02-16 22:00:00+00:00,2026-02-16 23:45:00+00:00,long,0.015273057805364124,0.016073057805364124,target,7,0.5686444420647883,1,True,False,False,0.002829139056368672,0.021806078150430126,0,0,0.004732012525517035,30.602,30.877,30.52,30.814,174192.97,2026-02-16 22:14:59.999000+00:00,5355132.93261,20615,100610.89,3094441.74068,0.006903765859961442,0.018539065570951377,0.031214940194802598,6.3101381529446865,0.593837535014006,0.1764705882352912,0.2296918767507028,0.011585642889595616,78.43222210323941,0.09347078570510586,0.020088087009667747,0.02278296730535384,0.005038277372724664,0.0028991820552650704,0.03784007625805434,1.299083907645054,0.208221126757742,1.0294449260519365,1.8204523894586522,1.0,0.08,0.0,-0.5000000000000004,0.8660254037844384,0,2.0,0.9305024147354741,True
HYPEUSDT,trend_ema__directionlong_only_fast12_rsi_threshold55.0_slow89,trend_ema,2026-02-16 22:00:00+00:00,2026-02-16 23:45:00+00:00,long,0.015273057805364124,0.016073057805364124,target,7,0.5686444420647883,1,True,False,False,0.002829139056368672,0.021806078150430126,0,0,0.0021719308674959135,30.602,30.877,30.52,30.814,174192.97,2026-02-16 22:14:59.999000+00:00,5355132.93261,20615,100610.89,3094441.74068,0.006903765859961442,0.018539065570951377,0.031214940194802598,6.3101381529446865,0.593837535014006,0.1764705882352912,0.2296918767507028,0.011585642889595616,78.43222210323941,0.09347078570510586,0.020088087009667747,0.02278296730535384,0.005038277372724664,0.0028991820552650704,0.03784007625805434,1.299083907645054,0.208221126757742,1.0294449260519365,1.8204523894586522,1.0,0.08,0.0,-0.5000000000000004,0.8660254037844384,0,2.0,0.925752540958903,True
SOLUSDT,trend_ema__directionlong_only_fast12_rsi_threshold55.0_slow89,trend_ema,2026-02-16 22:15:00+00:00,2026-02-17 00:45:00+00:00,long,0.012991505836401502,0.013791505836401503,target,10,0.31173511230441764,1,True,False,False,0.0044571670286250595,0.01405210687718048,0,0,0.00872715415159348,85.89,85.97,85.64,85.77,139343.8,2026-02-16 22:29:59.999000+00:00,11953573.5846,14611,51284.68,4399446.3858,-0.0012816780082501515,0.002919028285540442,0.011845561602231595,1.4368607302038185,0.3636363636363793,0.24242424242423852,0.3939393939393822,0.0038474991255683607,65.58675561522088,0.12719141606045434,0.0073239341919422085,0.00915880161695364,0.002990233276038312,0.002029509413978836,0.024634467975001545,0.7234135808405769,0.46361404425719066,-0.6485195461670544,0.49900619518121414,1.0,0.01,-0.002326392927765486,-0.5000000000000004,0.8660254037844384,0,2.0,0.8050637149970531,True
SOLUSDT,trend_ema__directionboth_fast12_rsi_threshold55.0_slow89,trend_ema,2026-02-16 22:15:00+00:00,2026-02-17 00:45:00+00:00,long,0.012991505836401502,0.013791505836401503,target,10,0.31173511230441764,1,True,False,False,0.0044571670286250595,0.01405210687718048,0,0,0.010955029550761353,85.89,85.97,85.64,85.77,139343.8,2026-02-16 22:29:59.999000+00:00,11953573.5846,14611,51284.68,4399446.3858,-0.0012816780082501515,0.002919028285540442,0.011845561602231595,1.4368607302038185,0.3636363636363793,0.24242424242423852,0.3939393939393822,0.0038474991255683607,65.58675561522088,0.12719141606045434,0.0073239341919422085,0.00915880161695364,0.002990233276038312,0.002029509413978836,0.024634467975001545,0.7234135808405769,0.46361404425719066,-0.6485195461670544,0.49900619518121414,1.0,0.01,-0.002326392927765486,-0.5000000000000004,0.8660254037844384,0,2.0,0.8036072248558731,True
SOLUSDT,trend_ema__directionlong_only_fast12_rsi_threshold58.0_slow89,trend_ema,2026-02-16 22:15:00+00:00,2026-02-17 00:45:00+00:00,long,0.012991505836401502,0.013791505836401503,target,10,0.31173511230441764,1,True,False,False,0.0044571670286250595,0.01405210687718048,0,0,0.006477797099936848,85.89,85.97,85.64,85.77,139343.8,2026-02-16 22:29:59.999000+00:00,11953573.5846,14611,51284.68,4399446.3858,-0.0012816780082501515,0.002919028285540442,0.011845561602231595,1.4368607302038185,0.3636363636363793,0.24242424242423852,0.3939393939393822,0.0038474991255683607,65.58675561522088,0.12719141606045434,0.0073239341919422085,0.00915880161695364,0.002990233276038312,0.002029509413978836,0.024634467975001545,0.7234135808405769,0.46361404425719066,-0.6485195461670544,0.49900619518121414,1.0,0.01,-0.002326392927765486,-0.5000000000000004,0.8660254037844384,0,2.0,0.803883615181869,True
SOLUSDT,trend_ema__directionboth_fast12_rsi_threshold52.0_slow89,trend_ema,2026-02-16 22:15:00+00:00,2026-02-17 00:45:00+00:00,long,0.012991505836401502,0.013791505836401503,target,10,0.31173511230441764,1,True,False,False,0.0044571670286250595,0.01405210687718048,0,0,0.006450988634018368,85.89,85.97,85.64,85.77,139343.8,2026-02-16 22:29:59.999000+00:00,11953573.5846,14611,51284.68,4399446.3858,-0.0012816780082501515,0.002919028285540442,0.011845561602231595,1.4368607302038185,0.3636363636363793,0.24242424242423852,0.3939393939393822,0.0038474991255683607,65.58675561522088,0.12719141606045434,0.0073239341919422085,0.00915880161695364,0.002990233276038312,0.002029509413978836,0.024634467975001545,0.7234135808405769,0.46361404425719066,-0.6485195461670544,0.49900619518121414,1.0,0.01,-0.002326392927765486,-0.5000000000000004,0.8660254037844384,0,2.0,0.803883615181869,True
SOLUSDT,trend_ema__directionboth_fast12_rsi_threshold58.0_slow89,trend_ema,2026-02-16 22:15:00+00:00,2026-02-17 00:45:00+00:00,long,0.012991505836401502,0.013791505836401503,target,10,0.31173511230441764,1,True,False,False,0.0044571670286250595,0.01405210687718048,0,0,0.006499278752425607,85.89,85.97,85.64,85.77,139343.8,2026-02-16 22:29:59.999000+00:00,11953573.5846,14611,51284.68,4399446.3858,-0.0012816780082501515,0.002919028285540442,0.011845561602231595,1.4368607302038185,0.3636363636363793,0.24242424242423852,0.3939393939393822,0.0038474991255683607,65.58675561522088,0.12719141606045434,0.0073239341919422085,0.00915880161695364,0.002990233276038312,0.002029509413978836,0.024634467975001545,0.7234135808405769,0.46361404425719066,-0.6485195461670544,0.49900619518121414,1.0,0.01,-0.002326392927765486,-0.5000000000000004,0.8660254037844384,0,2.0,0.803883615181869,True
HYPEUSDT,trend_ema__directionboth_fast21_rsi_threshold55.0_slow89,trend_ema,2026-02-16 22:30:00+00:00,2026-02-17 00:00:00+00:00,long,0.015586589258747471,0.01638658925874747,target,6,0.3723232440459023,1,True,False,False,0.0055386046172487555,0.019326987968459938,0,0,0.015348808258230543,30.801,30.813,30.64,30.658,97771.44,2026-02-16 22:44:59.999000+00:00,3003656.07015,11127,31227.9,959875.77992,-0.00465351724102169,0.007563267615847848,0.02543657769748358,2.361741878565984,0.8265895953757142,0.0693641618497143,0.10404624277457146,0.0056428990801747755,68.61616220229511,0.08545337843009154,0.011960415538526333,0.016265246683447403,0.005359110592229488,0.0037305277931640735,0.044959154517421274,0.7347554525193223,0.1998539307247877,0.025710773189490062,1.020519849977337,1.0,0.1,-0.0050626338677224325,-0.5000000000000004,0.8660254037844384,0,2.0,0.8323103392104317,True
SOLUSDT,trend_ema__directionboth_fast21_rsi_threshold55.0_slow89,trend_ema,2026-02-16 23:15:00+00:00,2026-02-17 02:15:00+00:00,long,0.012723262209382098,0.013523262209382098,target,12,0.3438256603328213,1,True,False,False,0.004215825160790749,0.01518407651888122,0,0,0.013185568775407372,86.07,86.41,85.99,86.19,243377.15,2026-02-16 23:29:59.999000+00:00,20976950.7015,21471,126132.66,10872472.7808,0.0013932429979247472,0.00488486665697775,0.01826534797729319,2.0467525871099106,0.28571428571429536,0.523809523809519,0.19047619047618564,0.004872955099199463,67.19128301664107,0.08280835542871628,0.008894992199811541,0.012266320557136943,0.002344229969627021,0.002123301486258944,0.028237807750461915,0.7494813749211722,0.4623880861627873,0.15152123458547034,1.0771988015178362,1.0,0.14,0.0,-0.25881904510252157,0.9659258262890681,0,2.0,0.8225728585132364,True
ZECUSDT,trend_ema__directionshort_only_fast12_rsi_threshold55.0_slow89,trend_ema,2026-02-17 04:45:00+00:00,2026-02-17 09:00:00+00:00,short,0.020626138232453278,0.021426138232453276,target,17,0.2027647185906156,1,True,False,False,0.0077242964824972,0.02468252871584513,0,0,-0.0004285105501849802,289.18,290.08,289.0,289.4,5926.699,2026-02-17 04:59:59.999000+00:00,1716143.12473,11433,2948.296,853767.16691,0.000760482597403153,-0.00633785532912691,-0.013113366312735108,-1.5838365684816984,0.20370370370367932,0.6296296296296452,0.16666666666667543,0.0037318590186592405,39.86176407046922,-0.6610470536375965,-0.008700228209737893,-0.008242927537799077,-0.0030770608060908256,-0.001291536628644785,0.025503615090525265,-0.8849314917090503,2.3781730366290104,-0.9460946469061304,0.6214964008790984,1.0,0.04,-0.0204772381113556,0.8660254037844386,0.5000000000000001,1,0.0,0.8097511597849495,True
BTCUSDT,trend_ema__directionshort_only_fast9_rsi_threshold55.0_slow89,trend_ema,2026-02-17 05:00:00+00:00,2026-02-17 05:30:00+00:00,short,0.007721862598171186,0.008521862598171186,target,2,0.1987094699942375,1,True,False,False,0.000662882485696559,0.008555446940123577,0,0,0.012723528745745899,68450.0,68485.1,68303.8,68321.0,527.624,2026-02-17 05:14:59.999000+00:00,36095383.0533,21748,232.444,15903288.5643,-0.0018878262782341946,-0.0034527055749198174,-0.008482532060474848,-1.5713723112926061,0.7115278543849858,0.19360176503036547,0.09487038058464872,0.00265364968311358,40.064526500288125,-65.88411066873134,-0.004035136759101056,-0.0034982867453254136,-0.0010654752152549074,-0.00034029560506287915,0.012642940790900833,-0.8853954207840502,229.57977017336174,-0.8561352511012679,0.5350442613383714,1.0,0.46,-0.011191950710840115,0.9659258262890683,0.25881904510252074,1,0.0,0.7915632762147995,True
ZECUSDT,trend_ema__directionshort_only_fast21_rsi_threshold55.0_slow89,trend_ema,2026-02-17 05:00:00+00:00,2026-02-17 08:30:00+00:00,short,0.019746368612879827,0.020546368612879826,target,14,0.11719347383770341,1,True,False,False,0.006923437534323249,0.02200180930702037,0,0,0.012075021858472165,289.41,291.37,288.75,290.36,8608.398,2026-02-17 05:14:59.999000+00:00,2499674.73791,15573,4539.221,1318172.49803,0.0033117182192565504,-0.003438083562657898,-0.00867557948904981,-0.9312024876187832,0.3625954198473233,0.38549618320610274,0.251908396946574,0.009023281443725046,44.14032630811483,-0.580213876228374,-0.004854249049466283,-0.0047169070877876645,-0.0024940108121808136,-0.001359174880781966,0.026301400833092632,-0.5928375101120134,2.39544639115551,-0.23696002968361518,0.9048827509392267,1.0,0.01,-0.017227957353189938,0.9659258262890683,0.25881904510252074,1,0.0,0.734978691263074,True
ZECUSDT,trend_ema__directionshort_only_fast21_rsi_threshold52.0_slow89,trend_ema,2026-02-17 05:00:00+00:00,2026-02-17 08:30:00+00:00,short,0.019746368612879827,0.020546368612879826,target,14,0.11719347383770341,1,True,False,False,0.006923437534323249,0.02200180930702037,0,0,0.016172496745392832,289.41,291.37,288.75,290.36,8608.398,2026-02-17 05:14:59.999000+00:00,2499674.73791,15573,4539.221,1318172.49803,0.0033117182192565504,-0.003438083562657898,-0.00867557948904981,-0.9312024876187832,0.3625954198473233,0.38549618320610274,0.251908396946574,0.009023281443725046,44.14032630811483,-0.580213876228374,-0.004854249049466283,-0.0047169070877876645,-0.0024940108121808136,-0.001359174880781966,0.026301400833092632,-0.5928375101120134,2.39544639115551,-0.23696002968361518,0.9048827509392267,1.0,0.01,-0.017227957353189938,0.9659258262890683,0.25881904510252074,1,0.0,0.7352761521386556,True
ZECUSDT,trend_ema__directionboth_fast21_rsi_threshold55.0_slow89,trend_ema,2026-02-17 05:00:00+00:00,2026-02-17 08:30:00+00:00,short,0.019746368612879827,0.020546368612879826,target,14,0.11719347383770341,1,True,False,False,0.006923437534323249,0.02200180930702037,0,0,0.0038185066916619306,289.41,291.37,288.75,290.36,8608.398,2026-02-17 05:14:59.999000+00:00,2499674.73791,15573,4539.221,1318172.49803,0.0033117182192565504,-0.003438083562657898,-0.00867557948904981,-0.9312024876187832,0.3625954198473233,0.38549618320610274,0.251908396946574,0.009023281443725046,44.14032630811483,-0.580213876228374,-0.004854249049466283,-0.0047169070877876645,-0.0024940108121808136,-0.001359174880781966,0.026301400833092632,-0.5928375101120134,2.39544639115551,-0.23696002968361518,0.9048827509392267,1.0,0.01,-0.017227957353189938,0.9659258262890683,0.25881904510252074,1,0.0,0.7237149535409678,True
ZECUSDT,trend_ema__directionshort_only_fast21_rsi_threshold58.0_slow89,trend_ema,2026-02-17 05:00:00+00:00,2026-02-17 08:30:00+00:00,short,0.019746368612879827,0.020546368612879826,target,14,0.11719347383770341,1,True,False,False,0.006923437534323249,0.02200180930702037,0,0,0.007977546971551498,289.41,291.37,288.75,290.36,8608.398,2026-02-17 05:14:59.999000+00:00,2499674.73791,15573,4539.221,1318172.49803,0.0033117182192565504,-0.003438083562657898,-0.00867557948904981,-0.9312024876187832,0.3625954198473233,0.38549618320610274,0.251908396946574,0.009023281443725046,44.14032630811483,-0.580213876228374,-0.004854249049466283,-0.0047169070877876645,-0.0024940108121808136,-0.001359174880781966,0.026301400833092632,-0.5928375101120134,2.39544639115551,-0.23696002968361518,0.9048827509392267,1.0,0.01,-0.017227957353189938,0.9659258262890683,0.25881904510252074,1,0.0,0.733567628702377,True
BTCUSDT,trend_ema__directionshort_only_fast12_rsi_threshold52.0_slow89,trend_ema,2026-02-17 05:15:00+00:00,2026-02-17 10:30:00+00:00,short,0.007602024129632177,0.008402024129632178,target,21,0.3423201933029904,1,True,False,False,0.0027162326338451173,0.00851770720712765,0,0,0.011180151507578878,68321.1,68330.0,67892.8,68019.0,3827.129,2026-02-17 05:29:59.999000+00:00,260479105.3462,72111,1629.43,110870876.8538,-0.004430108462921225,-0.008037417276649209,-0.011894750401030612,-3.3848962832126377,0.6909881061299356,0.020356816102457088,0.28865507776760735,0.006427615813228614,32.88399033485048,-84.19914544416747,-0.0076841323690736135,-0.007641842860988851,-0.0014935225058216872,-0.0006347579499152989,0.015312363585063547,-1.2271144575085962,244.40978658954998,3.7641799708863113,3.6222096147257976,1.0,0.64,-0.015562788826285257,0.9659258262890683,0.25881904510252074,1,0.0,0.915811656212548,True
BTCUSDT,trend_ema__directionshort_only_fast12_rsi_threshold55.0_slow89,trend_ema,2026-02-17 05:15:00+00:00,2026-02-17 10:30:00+00:00,short,0.007602024129632177,0.008402024129632178,target,21,0.3423201933029904,1,True,False,False,0.0027162326338451173,0.00851770720712765,0,0,0.01221342706081901,68321.1,68330.0,67892.8,68019.0,3827.129,2026-02-17 05:29:59.999000+00:00,260479105.3462,72111,1629.43,110870876.8538,-0.004430108462921225,-0.008037417276649209,-0.011894750401030612,-3.3848962832126377,0.6909881061299356,0.020356816102457088,0.28865507776760735,0.006427615813228614,32.88399033485048,-84.19914544416747,-0.0076841323690736135,-0.007641842860988851,-0.0014935225058216872,-0.0006347579499152989,0.015312363585063547,-1.2271144575085962,244.40978658954998,3.7641799708863113,3.6222096147257976,1.0,0.64,-0.015562788826285257,0.9659258262890683,0.25881904510252074,1,0.0,0.915811656212548,True
BTCUSDT,trend_ema__directionboth_fast12_rsi_threshold52.0_slow89,trend_ema,2026-02-17 05:15:00+00:00,2026-02-17 10:30:00+00:00,short,0.007602024129632177,0.008402024129632178,target,21,0.3423201933029904,1,True,False,False,0.0027162326338451173,0.00851770720712765,0,0,0.01169134152903822,68321.1,68330.0,67892.8,68019.0,3827.129,2026-02-17 05:29:59.999000+00:00,260479105.3462,72111,1629.43,110870876.8538,-0.004430108462921225,-0.008037417276649209,-0.011894750401030612,-3.3848962832126377,0.6909881061299356,0.020356816102457088,0.28865507776760735,0.006427615813228614,32.88399033485048,-84.19914544416747,-0.0076841323690736135,-0.007641842860988851,-0.0014935225058216872,-0.0006347579499152989,0.015312363585063547,-1.2271144575085962,244.40978658954998,3.7641799708863113,3.6222096147257976,1.0,0.64,-0.015562788826285257,0.9659258262890683,0.25881904510252074,1,0.0,0.915811656212548,True
BTCUSDT,trend_ema__directionshort_only_fast12_rsi_threshold58.0_slow89,trend_ema,2026-02-17 05:15:00+00:00,2026-02-17 10:30:00+00:00,short,0.007602024129632177,0.008402024129632178,target,21,0.3423201933029904,1,True,False,False,0.0027162326338451173,0.00851770720712765,0,0,0.009646581443200858,68321.1,68330.0,67892.8,68019.0,3827.129,2026-02-17 05:29:59.999000+00:00,260479105.3462,72111,1629.43,110870876.8538,-0.004430108462921225,-0.008037417276649209,-0.011894750401030612,-3.3848962832126377,0.6909881061299356,0.020356816102457088,0.28865507776760735,0.006427615813228614,32.88399033485048,-84.19914544416747,-0.0076841323690736135,-0.007641842860988851,-0.0014935225058216872,-0.0006347579499152989,0.015312363585063547,-1.2271144575085962,244.40978658954998,3.7641799708863113,3.6222096147257976,1.0,0.64,-0.015562788826285257,0.9659258262890683,0.25881904510252074,1,0.0,0.9152486788205417,True
BTCUSDT,trend_ema__directionboth_fast12_rsi_threshold55.0_slow89,trend_ema,2026-02-17 05:15:00+00:00,2026-02-17 10:30:00+00:00,short,0.007602024129632177,0.008402024129632178,target,21,0.3423201933029904,1,True,False,False,0.0027162326338451173,0.00851770720712765,0,0,0.010157771464660199,68321.1,68330.0,67892.8,68019.0,3827.129,2026-02-17 05:29:59.999000+00:00,260479105.3462,72111,1629.43,110870876.8538,-0.004430108462921225,-0.008037417276649209,-0.011894750401030612,-3.3848962832126377,0.6909881061299356,0.020356816102457088,0.28865507776760735,0.006427615813228614,32.88399033485048,-84.19914544416747,-0.0076841323690736135,-0.007641842860988851,-0.0014935225058216872,-0.0006347579499152989,0.015312363585063547,-1.2271144575085962,244.40978658954998,3.7641799708863113,3.6222096147257976,1.0,0.64,-0.015562788826285257,0.9659258262890683,0.25881904510252074,1,0.0,0.915671505242429,True
BTCUSDT,trend_ema__directionboth_fast12_rsi_threshold58.0_slow89,trend_ema,2026-02-17 05:15:00+00:00,2026-02-17 10:30:00+00:00,short,0.007602024129632177,0.008402024129632178,target,21,0.3423201933029904,1,True,False,False,0.0027162326338451173,0.00851770720712765,0,0,0.010668961486119538,68321.1,68330.0,67892.8,68019.0,3827.129,2026-02-17 05:29:59.999000+00:00,260479105.3462,72111,1629.43,110870876.8538,-0.004430108462921225,-0.008037417276649209,-0.011894750401030612,-3.3848962832126377,0.6909881061299356,0.020356816102457088,0.28865507776760735,0.006427615813228614,32.88399033485048,-84.19914544416747,-0.0076841323690736135,-0.007641842860988851,-0.0014935225058216872,-0.0006347579499152989,0.015312363585063547,-1.2271144575085962,244.40978658954998,3.7641799708863113,3.6222096147257976,1.0,0.64,-0.015562788826285257,0.9659258262890683,0.25881904510252074,1,0.0,0.915671505242429,True
BTCUSDT,trend_ema__directionshort_only_fast21_rsi_threshold58.0_slow89,trend_ema,2026-02-17 05:30:00+00:00,2026-02-17 06:00:00+00:00,short,-0.00619068703255962,-0.00539068703255962,stop,2,0.25505026578426665,0,False,True,False,0.006044839459518659,0.0022746602505982457,0,0,0.009135391421741518,68019.1,68160.7,67854.2,68127.8,1574.749,2026-02-17 05:44:59.999000+00:00,107110317.507,53266,777.282,52880155.8796,0.0015982751436045418,-0.003993319508401997,-0.010116312616568125,-1.6478953449503235,0.3546492659053739,0.1073409461663758,0.5380097879282504,0.004498897659986085,37.24748671078667,-84.33071803481488,-0.005496303930070534,-0.005796066138593018,-0.001798931096358869,-0.0008615237790836616,0.016611263769075266,-0.8782421823810879,248.84480183315355,0.6988879113453361,1.4868180829672875,-1.0,0.65,-0.013988129266813587,0.9659258262890683,0.25881904510252074,1,0.0,0.8512886909936266,True
XRPUSDT,trend_ema__directionshort_only_fast21_rsi_threshold52.0_slow55,trend_ema,2026-02-17 05:30:00+00:00,2026-02-17 09:00:00+00:00,short,0.011537118059556574,0.012337118059556574,target,14,0.17220154443079963,1,True,False,False,0.0014356493505146217,0.013924208244253368,0,0,0.003532367894468111,1.4781,1.4784,1.4694,1.4757,7864172.6,2026-02-17 05:44:59.999000+00:00,11587685.05586,20297,3516452.8,5182789.00566,-0.0016250257486231945,-0.004934609668528385,-0.007022785295119887,-1.7175399879713156,0.266666666666665,0.033333333333330044,0.700000000000005,0.0060988005692213165,41.38992277846002,-0.0009322637566939514,-0.004592896994178532,-0.004971010488806484,-0.0010778286948773808,-0.00039891079453602263,0.010052839619437832,-1.0440389451814889,0.007415024726745711,1.5337204176979433,1.8443882421835749,-1.0,0.24,-0.008865605480556038,0.9659258262890683,0.25881904510252074,1,0.0,0.7945521608101098,True
ZECUSDT,trend_ema__directionshort_only_fast21_rsi_threshold52.0_slow55,trend_ema,2026-02-17 05:30:00+00:00,2026-02-17 11:45:00+00:00,short,-0.014130558775305195,-0.013330558775305194,stop,25,0.2352308860035923,0,False,True,False,0.022152698316801972,0.02778712896319928,0,0,0.020269971632313498,288.19,288.9,286.59,288.33,8940.217,2026-02-17 05:44:59.999000+00:00,2571339.05,19509,4440.983,1277080.82753,0.00045097393788100487,-0.0029436740966776944,-0.019167940521358028,-0.7526049849754328,0.06060606060605464,0.24675324675324356,0.6926406926407018,0.008011653313911151,38.238455699820385,-0.6320376625497488,-0.009726133369597385,-0.010867047435202896,-0.002684008600571497,-0.0018147552380770593,0.03211704658910508,-0.8280147223576502,2.5428593882922494,-0.1499300674404975,0.9327112108133476,-1.0,0.04,-0.024098832289727534,0.9659258262890683,0.25881904510252074,1,0.0,0.8634477795518979,True
XRPUSDT,trend_ema__directionshort_only_fast21_rsi_threshold55.0_slow55,trend_ema,2026-02-17 05:30:00+00:00,2026-02-17 09:00:00+00:00,short,0.011537118059556574,0.012337118059556574,target,14,0.17220154443079963,1,True,False,False,0.0014356493505146217,0.013924208244253368,0,0,0.005513821898069508,1.4781,1.4784,1.4694,1.4757,7864172.6,2026-02-17 05:44:59.999000+00:00,11587685.05586,20297,3516452.8,5182789.00566,-0.0016250257486231945,-0.004934609668528385,-0.007022785295119887,-1.7175399879713156,0.266666666666665,0.033333333333330044,0.700000000000005,0.0060988005692213165,41.38992277846002,-0.0009322637566939514,-0.004592896994178532,-0.004971010488806484,-0.0010778286948773808,-0.00039891079453602263,0.010052839619437832,-1.0440389451814889,0.007415024726745711,1.5337204176979433,1.8443882421835749,-1.0,0.24,-0.008865605480556038,0.9659258262890683,0.25881904510252074,1,0.0,0.7968181274869891,True
HYPEUSDT,trend_ema__directionboth_fast12_rsi_threshold58.0_slow89,trend_ema,2026-02-17 06:30:00+00:00,2026-02-17 08:30:00+00:00,short,0.015864003441749073,0.01666400344174907,target,8,0.2674898128600974,1,True,False,False,0.0013366355874516985,0.017748058181439152,0,0,0.007402014868950632,30.343,30.356,30.231,30.304,54837.05,2026-02-17 06:44:59.999000+00:00,1661538.52507,11165,27152.02,822717.21171,-0.001352042284150703,0.0014530086434577443,-0.024061409225325223,0.4288939895318735,0.3120000000000118,0.10400000000001342,0.5839999999999748,0.0041248680042238655,36.62550935699513,-0.07883694402644509,-0.009669562648310339,-0.009502972467393504,-0.003351782413038573,-0.0022707022476283756,0.043811928792951774,-0.6203712824382768,0.19670800410596767,-0.747300929034084,0.5912337251619915,1.0,0.14,-0.028157270219998698,1.0,6.123233995736766e-17,1,0.0,0.8834348512768279,True
HYPEUSDT,trend_ema__directionshort_only_fast12_rsi_threshold55.0_slow89,trend_ema,2026-02-17 06:30:00+00:00,2026-02-17 08:30:00+00:00,short,0.015864003441749073,0.01666400344174907,target,8,0.2674898128600974,1,True,False,False,0.0013366355874516985,0.017748058181439152,0,0,0.0072386182106941865,30.343,30.356,30.231,30.304,54837.05,2026-02-17 06:44:59.999000+00:00,1661538.52507,11165,27152.02,822717.21171,-0.001352042284150703,0.0014530086434577443,-0.024061409225325223,0.4288939895318735,0.3120000000000118,0.10400000000001342,0.5839999999999748,0.0041248680042238655,36.62550935699513,-0.07883694402644509,-0.009669562648310339,-0.009502972467393504,-0.003351782413038573,-0.0022707022476283756,0.043811928792951774,-0.6203712824382768,0.19670800410596767,-0.747300929034084,0.5912337251619915,1.0,0.14,-0.028157270219998698,1.0,6.123233995736766e-17,1,0.0,0.8834348512768279,True
HYPEUSDT,trend_ema__directionboth_fast12_rsi_threshold52.0_slow89,trend_ema,2026-02-17 06:30:00+00:00,2026-02-17 08:30:00+00:00,short,0.015864003441749073,0.01666400344174907,target,8,0.2674898128600974,1,True,False,False,0.0013366355874516985,0.017748058181439152,0,0,0.007565411527207076,30.343,30.356,30.231,30.304,54837.05,2026-02-17 06:44:59.999000+00:00,1661538.52507,11165,27152.02,822717.21171,-0.001352042284150703,0.0014530086434577443,-0.024061409225325223,0.4288939895318735,0.3120000000000118,0.10400000000001342,0.5839999999999748,0.0041248680042238655,36.62550935699513,-0.07883694402644509,-0.009669562648310339,-0.009502972467393504,-0.003351782413038573,-0.0022707022476283756,0.043811928792951774,-0.6203712824382768,0.19670800410596767,-0.747300929034084,0.5912337251619915,1.0,0.14,-0.028157270219998698,1.0,6.123233995736766e-17,1,0.0,0.8834348512768279,True
HYPEUSDT,trend_ema__directionshort_only_fast21_rsi_threshold52.0_slow55,trend_ema,2026-02-17 07:15:00+00:00,2026-02-17 08:30:00+00:00,short,0.014302221809580715,0.015102221809580716,target,5,0.34495568421586853,1,True,False,False,0.0015375138640738523,0.015541844075950743,0,0,0.01013190381287584,30.275,30.317,30.152,30.16,61284.19,2026-02-17 07:29:59.999000+00:00,1851984.72343,9901,19746.82,596964.79534,-0.0038057462994006,-0.0061152161480631274,-0.023495027038360657,-1.9394908007361569,0.6969696969696911,0.2545454545454655,0.0484848484848434,0.00547082228116708,32.75221578920657,-0.05394423957135913,-0.011319015924446021,-0.012966744964321432,-0.0031259542963391063,-0.0020649099636198542,0.04265124211750254,-0.6556026138558225,0.1815847248618115,-0.4507817010274313,0.7412860901236539,-1.0,0.1,-0.02841311771148769,0.9659258262890683,-0.25881904510252063,1,0.0,0.8995069231167792,True
HYPEUSDT,trend_ema__directionshort_only_fast21_rsi_threshold58.0_slow55,trend_ema,2026-02-17 07:15:00+00:00,2026-02-17 08:30:00+00:00,short,0.014302221809580715,0.015102221809580716,target,5,0.34495568421586853,1,True,False,False,0.0015375138640738523,0.015541844075950743,0,0,0.012869011251840663,30.275,30.317,30.152,30.16,61284.19,2026-02-17 07:29:59.999000+00:00,1851984.72343,9901,19746.82,596964.79534,-0.0038057462994006,-0.0061152161480631274,-0.023495027038360657,-1.9394908007361569,0.6969696969696911,0.2545454545454655,0.0484848484848434,0.00547082228116708,32.75221578920657,-0.05394423957135913,-0.011319015924446021,-0.012966744964321432,-0.0031259542963391063,-0.0020649099636198542,0.04265124211750254,-0.6556026138558225,0.1815847248618115,-0.4507817010274313,0.7412860901236539,-1.0,0.1,-0.02841311771148769,0.9659258262890683,-0.25881904510252063,1,0.0,0.9009194994553295,True
HYPEUSDT,trend_ema__directionshort_only_fast21_rsi_threshold55.0_slow55,trend_ema,2026-02-17 07:15:00+00:00,2026-02-17 08:30:00+00:00,short,0.014302221809580715,0.015102221809580716,target,5,0.34495568421586853,1,True,False,False,0.0015375138640738523,0.015541844075950743,0,0,0.015606118690805481,30.275,30.317,30.152,30.16,61284.19,2026-02-17 07:29:59.999000+00:00,1851984.72343,9901,19746.82,596964.79534,-0.0038057462994006,-0.0061152161480631274,-0.023495027038360657,-1.9394908007361569,0.6969696969696911,0.2545454545454655,0.0484848484848434,0.00547082228116708,32.75221578920657,-0.05394423957135913,-0.011319015924446021,-0.012966744964321432,-0.0031259542963391063,-0.0020649099636198542,0.04265124211750254,-0.6556026138558225,0.1815847248618115,-0.4507817010274313,0.7412860901236539,-1.0,0.1,-0.02841311771148769,0.9659258262890683,-0.25881904510252063,1,0.0,0.9006344527661685,True
HYPEUSDT,trend_ema__directionshort_only_fast21_rsi_threshold52.0_slow89,trend_ema,2026-02-17 07:45:00+00:00,2026-02-17 10:15:00+00:00,short,0.014027544144333486,0.014827544144333486,target,10,0.35915525180082597,1,True,False,False,0.0023380993226948207,0.01758666080474258,0,0,0.014844531162873889,30.168,30.175,30.02,30.128,79125.82,2026-02-17 07:59:59.999000+00:00,2380960.92504,13821,38259.28,1151375.93632,-0.0013599351980650301,-0.004371736445413303,-0.02400587502021821,-1.4070862966062359,0.25806451612902487,0.04516129032258966,0.6967741935483854,0.00514471587891666,32.0422374099587,-0.04206748126201515,-0.010262240805183292,-0.013014137814319216,-0.003279123312819987,-0.0023499014480072855,0.04113112424280937,-0.5929078198592581,0.1771929515390109,0.08288640389389271,1.0411727160195856,-1.0,0.1,-0.028348437449608244,0.9659258262890683,-0.25881904510252063,1,0.0,0.8978406530901845,True
HYPEUSDT,trend_ema__directionshort_only_fast21_rsi_threshold58.0_slow89,trend_ema,2026-02-17 07:45:00+00:00,2026-02-17 10:15:00+00:00,short,0.014027544144333486,0.014827544144333486,target,10,0.35915525180082597,1,True,False,False,0.0023380993226948207,0.01758666080474258,0,0,0.015422704739843607,30.168,30.175,30.02,30.128,79125.82,2026-02-17 07:59:59.999000+00:00,2380960.92504,13821,38259.28,1151375.93632,-0.0013599351980650301,-0.004371736445413303,-0.02400587502021821,-1.4070862966062359,0.25806451612902487,0.04516129032258966,0.6967741935483854,0.00514471587891666,32.0422374099587,-0.04206748126201515,-0.010262240805183292,-0.013014137814319216,-0.003279123312819987,-0.0023499014480072855,0.04113112424280937,-0.5929078198592581,0.1771929515390109,0.08288640389389271,1.0411727160195856,-1.0,0.1,-0.028348437449608244,0.9659258262890683,-0.25881904510252063,1,0.0,0.8982006475260051,True
HYPEUSDT,trend_ema__directionboth_fast21_rsi_threshold55.0_slow89,trend_ema,2026-02-17 07:45:00+00:00,2026-02-17 10:15:00+00:00,short,0.014027544144333486,0.014827544144333486,target,10,0.35915525180082597,1,True,False,False,0.0023380993226948207,0.01758666080474258,0,0,0.015211823022357008,30.168,30.175,30.02,30.128,79125.82,2026-02-17 07:59:59.999000+00:00,2380960.92504,13821,38259.28,1151375.93632,-0.0013599351980650301,-0.004371736445413303,-0.02400587502021821,-1.4070862966062359,0.25806451612902487,0.04516129032258966,0.6967741935483854,0.00514471587891666,32.0422374099587,-0.04206748126201515,-0.010262240805183292,-0.013014137814319216,-0.003279123312819987,-0.0023499014480072855,0.04113112424280937,-0.5929078198592581,0.1771929515390109,0.08288640389389271,1.0411727160195856,-1.0,0.1,-0.028348437449608244,0.9659258262890683,-0.25881904510252063,1,0.0,0.8975964799713387,True
HYPEUSDT,trend_ema__directionshort_only_fast21_rsi_threshold55.0_slow89,trend_ema,2026-02-17 07:45:00+00:00,2026-02-17 10:15:00+00:00,short,0.014027544144333486,0.014827544144333486,target,10,0.35915525180082597,1,True,False,False,0.0023380993226948207,0.01758666080474258,0,0,0.01502817709261545,30.168,30.175,30.02,30.128,79125.82,2026-02-17 07:59:59.999000+00:00,2380960.92504,13821,38259.28,1151375.93632,-0.0013599351980650301,-0.004371736445413303,-0.02400587502021821,-1.4070862966062359,0.25806451612902487,0.04516129032258966,0.6967741935483854,0.00514471587891666,32.0422374099587,-0.04206748126201515,-0.010262240805183292,-0.013014137814319216,-0.003279123312819987,-0.0023499014480072855,0.04113112424280937,-0.5929078198592581,0.1771929515390109,0.08288640389389271,1.0411727160195856,-1.0,0.1,-0.028348437449608244,0.9659258262890683,-0.25881904510252063,1,0.0,0.8978406530901845,True
SOLUSDT,trend_ema__directionshort_only_fast9_rsi_threshold55.0_slow89,trend_ema,2026-02-17 10:15:00+00:00,2026-02-17 11:00:00+00:00,short,0.010210751123865042,0.011010751123865042,target,3,0.3905896537555444,1,True,False,False,0.0001500225033754394,0.011634292974090897,0,0,0.016236702942139792,85.72,85.72,85.05,85.06,363786.11,2026-02-17 10:29:59.999000+00:00,31021802.8147,26096,136902.94,11673591.929,-0.0076126150853038105,-0.009244697517996977,-0.017711952188347015,-3.44222687240984,0.985074626865664,0.0,0.014925373134335956,0.007876792852104417,30.470517312222782,-0.1021531805317416,-0.010895534733208277,-0.011228410396675263,-0.0018997807215465068,-0.0009730559652795234,0.01741424980603235,-1.3740727990365689,0.39837428946562553,2.4801382551395394,2.2807421550006906,-1.0,0.39,-0.018236380424746068,0.49999999999999994,-0.8660254037844387,1,1.0,0.909054493055921,True
SOLUSDT,trend_ema__directionboth_fast9_rsi_threshold58.0_slow89,trend_ema,2026-02-17 10:15:00+00:00,2026-02-17 11:00:00+00:00,short,0.010210751123865042,0.011010751123865042,target,3,0.3905896537555444,1,True,False,False,0.0001500225033754394,0.011634292974090897,0,0,0.016991477344113975,85.72,85.72,85.05,85.06,363786.11,2026-02-17 10:29:59.999000+00:00,31021802.8147,26096,136902.94,11673591.929,-0.0076126150853038105,-0.009244697517996977,-0.017711952188347015,-3.44222687240984,0.985074626865664,0.0,0.014925373134335956,0.007876792852104417,30.470517312222782,-0.1021531805317416,-0.010895534733208277,-0.011228410396675263,-0.0018997807215465068,-0.0009730559652795234,0.01741424980603235,-1.3740727990365689,0.39837428946562553,2.4801382551395394,2.2807421550006906,-1.0,0.39,-0.018236380424746068,0.49999999999999994,-0.8660254037844387,1,1.0,0.9089351745744709,True
SOLUSDT,trend_ema__directionboth_fast12_rsi_threshold52.0_slow89,trend_ema,2026-02-17 10:30:00+00:00,2026-02-17 14:30:00+00:00,short,0.010911759393704016,0.011711759393704016,target,16,0.4001171157672823,1,True,False,False,0.005794608168297511,0.017489307699505987,0,0,0.014797254965175314,85.05,85.2,84.87,85.02,293392.22,2026-02-17 10:44:59.999000+00:00,24950039.2434,22437,149702.54,12732749.3425,-0.0004703668948434282,-0.008666174391847886,-0.018875079762091202,-3.278109087997762,0.09090909090909483,0.4545454545454741,0.45454545454543105,0.0038814396612561553,29.994144211635884,-0.12224439025063533,-0.010288172812966867,-0.011245183562049746,-0.00265933666991669,-0.0013130881153832208,0.02067955808101342,-1.14487202901676,0.39349041164665216,1.6175280491752755,1.8373415773778201,-1.0,0.39,-0.018698060941828354,0.49999999999999994,-0.8660254037844387,1,1.0,0.8694731022024635,True
SOLUSDT,trend_ema__directionshort_only_fast12_rsi_threshold55.0_slow89,trend_ema,2026-02-17 10:30:00+00:00,2026-02-17 14:30:00+00:00,short,0.010911759393704016,0.011711759393704016,target,16,0.4001171157672823,1,True,False,False,0.005794608168297511,0.017489307699505987,0,0,0.014112581390185026,85.05,85.2,84.87,85.02,293392.22,2026-02-17 10:44:59.999000+00:00,24950039.2434,22437,149702.54,12732749.3425,-0.0004703668948434282,-0.008666174391847886,-0.018875079762091202,-3.278109087997762,0.09090909090909483,0.4545454545454741,0.45454545454543105,0.0038814396612561553,29.994144211635884,-0.12224439025063533,-0.010288172812966867,-0.011245183562049746,-0.00265933666991669,-0.0013130881153832208,0.02067955808101342,-1.14487202901676,0.39349041164665216,1.6175280491752755,1.8373415773778201,-1.0,0.39,-0.018698060941828354,0.49999999999999994,-0.8660254037844387,1,1.0,0.8694731022024635,True
SOLUSDT,trend_ema__directionshort_only_fast12_rsi_threshold52.0_slow89,trend_ema,2026-02-17 10:30:00+00:00,2026-02-17 14:30:00+00:00,short,0.010911759393704016,0.011711759393704016,target,16,0.4001171157672823,1,True,False,False,0.005794608168297511,0.017489307699505987,0,0,0.015481928540165604,85.05,85.2,84.87,85.02,293392.22,2026-02-17 10:44:59.999000+00:00,24950039.2434,22437,149702.54,12732749.3425,-0.0004703668948434282,-0.008666174391847886,-0.018875079762091202,-3.278109087997762,0.09090909090909483,0.4545454545454741,0.45454545454543105,0.0038814396612561553,29.994144211635884,-0.12224439025063533,-0.010288172812966867,-0.011245183562049746,-0.00265933666991669,-0.0013130881153832208,0.02067955808101342,-1.14487202901676,0.39349041164665216,1.6175280491752755,1.8373415773778201,-1.0,0.39,-0.018698060941828354,0.49999999999999994,-0.8660254037844387,1,1.0,0.8712022228136433,True
SOLUSDT,trend_ema__directionboth_fast12_rsi_threshold55.0_slow89,trend_ema,2026-02-17 10:30:00+00:00,2026-02-17 14:30:00+00:00,short,0.010911759393704016,0.011711759393704016,target,16,0.4001171157672823,1,True,False,False,0.005794608168297511,0.017489307699505987,0,0,0.013427907815194737,85.05,85.2,84.87,85.02,293392.22,2026-02-17 10:44:59.999000+00:00,24950039.2434,22437,149702.54,12732749.3425,-0.0004703668948434282,-0.008666174391847886,-0.018875079762091202,-3.278109087997762,0.09090909090909483,0.4545454545454741,0.45454545454543105,0.0038814396612561553,29.994144211635884,-0.12224439025063533,-0.010288172812966867,-0.011245183562049746,-0.00265933666991669,-0.0013130881153832208,0.02067955808101342,-1.14487202901676,0.39349041164665216,1.6175280491752755,1.8373415773778201,-1.0,0.39,-0.018698060941828354,0.49999999999999994,-0.8660254037844387,1,1.0,0.869834621006177,True
SOLUSDT,trend_ema__directionshort_only_fast12_rsi_threshold58.0_slow89,trend_ema,2026-02-17 10:30:00+00:00,2026-02-17 14:30:00+00:00,short,0.010911759393704016,0.011711759393704016,target,16,0.4001171157672823,1,True,False,False,0.005794608168297511,0.017489307699505987,0,0,0.012250315115087392,85.05,85.2,84.87,85.02,293392.22,2026-02-17 10:44:59.999000+00:00,24950039.2434,22437,149702.54,12732749.3425,-0.0004703668948434282,-0.008666174391847886,-0.018875079762091202,-3.278109087997762,0.09090909090909483,0.4545454545454741,0.45454545454543105,0.0038814396612561553,29.994144211635884,-0.12224439025063533,-0.010288172812966867,-0.011245183562049746,-0.00265933666991669,-0.0013130881153832208,0.02067955808101342,-1.14487202901676,0.39349041164665216,1.6175280491752755,1.8373415773778201,-1.0,0.39,-0.018698060941828354,0.49999999999999994,-0.8660254037844387,1,1.0,0.869834621006177,True
SOLUSDT,trend_ema__directionboth_fast12_rsi_threshold58.0_slow89,trend_ema,2026-02-17 10:30:00+00:00,2026-02-17 14:30:00+00:00,short,0.010911759393704016,0.011711759393704016,target,16,0.4001171157672823,1,True,False,False,0.005794608168297511,0.017489307699505987,0,0,0.01274323424020445,85.05,85.2,84.87,85.02,293392.22,2026-02-17 10:44:59.999000+00:00,24950039.2434,22437,149702.54,12732749.3425,-0.0004703668948434282,-0.008666174391847886,-0.018875079762091202,-3.278109087997762,0.09090909090909483,0.4545454545454741,0.45454545454543105,0.0038814396612561553,29.994144211635884,-0.12224439025063533,-0.010288172812966867,-0.011245183562049746,-0.00265933666991669,-0.0013130881153832208,0.02067955808101342,-1.14487202901676,0.39349041164665216,1.6175280491752755,1.8373415773778201,-1.0,0.39,-0.018698060941828354,0.49999999999999994,-0.8660254037844387,1,1.0,0.869834621006177,True
SOLUSDT,trend_ema__directionshort_only_fast21_rsi_threshold58.0_slow55,trend_ema,2026-02-17 10:45:00+00:00,2026-02-17 14:30:00+00:00,short,0.010770899801930476,0.011570899801930476,target,15,0.40759760760062763,1,True,False,False,0.0060311822264342806,0.01725821027687852,0,0,0.011757395989970335,85.03,85.08,84.82,84.99,155035.05,2026-02-17 10:59:59.999000+00:00,13170318.3692,14106,86169.14,7320918.5264,-0.0003529204201091665,-0.010300922173858654,-0.016916929128150394,-3.9504511014432473,0.15384615384617487,0.19230769230767758,0.6538461538461475,0.0030591834333451597,29.62011961996862,-0.12918205059895035,-0.009630997819693352,-0.011147149910561168,-0.0032037289372157662,-0.0016125899789070086,0.023323333790400642,-0.9873636209945501,0.38395538224332026,-0.04323999771301279,0.977508209690755,-1.0,0.39,-0.019044321329639957,0.49999999999999994,-0.8660254037844387,1,1.0,0.8815680909624655,True
SOLUSDT,trend_ema__directionshort_only_fast21_rsi_threshold55.0_slow55,trend_ema,2026-02-17 10:45:00+00:00,2026-02-17 14:30:00+00:00,short,0.010770899801930476,0.011570899801930476,target,15,0.40759760760062763,1,True,False,False,0.0060311822264342806,0.01725821027687852,0,0,0.011250390905675926,85.03,85.08,84.82,84.99,155035.05,2026-02-17 10:59:59.999000+00:00,13170318.3692,14106,86169.14,7320918.5264,-0.0003529204201091665,-0.010300922173858654,-0.016916929128150394,-3.9504511014432473,0.15384615384617487,0.19230769230767758,0.6538461538461475,0.0030591834333451597,29.62011961996862,-0.12918205059895035,-0.009630997819693352,-0.011147149910561168,-0.0032037289372157662,-0.0016125899789070086,0.023323333790400642,-0.9873636209945501,0.38395538224332026,-0.04323999771301279,0.977508209690755,-1.0,0.39,-0.019044321329639957,0.49999999999999994,-0.8660254037844387,1,1.0,0.8805566242734778,True
SOLUSDT,trend_ema__directionshort_only_fast21_rsi_threshold52.0_slow55,trend_ema,2026-02-17 10:45:00+00:00,2026-02-17 14:30:00+00:00,short,0.010770899801930476,0.011570899801930476,target,15,0.40759760760062763,1,True,False,False,0.0060311822264342806,0.01725821027687852,0,0,0.010743385821381514,85.03,85.08,84.82,84.99,155035.05,2026-02-17 10:59:59.999000+00:00,13170318.3692,14106,86169.14,7320918.5264,-0.0003529204201091665,-0.010300922173858654,-0.016916929128150394,-3.9504511014432473,0.15384615384617487,0.19230769230767758,0.6538461538461475,0.0030591834333451597,29.62011961996862,-0.12918205059895035,-0.009630997819693352,-0.011147149910561168,-0.0032037289372157662,-0.0016125899789070086,0.023323333790400642,-0.9873636209945501,0.38395538224332026,-0.04323999771301279,0.977508209690755,-1.0,0.39,-0.019044321329639957,0.49999999999999994,-0.8660254037844387,1,1.0,0.8805566242734778,True
SOLUSDT,trend_ema__directionshort_only_fast21_rsi_threshold55.0_slow89,trend_ema,2026-02-17 11:00:00+00:00,2026-02-17 14:30:00+00:00,short,0.010495828456022822,0.011295828456022823,target,14,0.41285418515356637,1,True,False,False,0.006504664368910626,0.016795689138051226,0,0,0.010799400689188058,84.99,85.25,84.71,84.97,240157.68,2026-02-17 11:14:59.999000+00:00,20413086.0079,19403,124175.42,10556827.4878,-0.00023534949508481617,-0.008671251895341322,-0.012862665645933071,-3.4715581810443146,0.03703703703702924,0.4814814814814854,0.4814814814814854,0.006355184182652775,29.35729074232168,-0.12657902874668234,-0.008928771268973876,-0.01093867438196894,-0.00300158358224345,-0.001959568645202636,0.025132967320510027,-0.8702455719355391,0.39510142636879786,0.928252407791293,1.4756458962004455,-1.0,0.36,-0.01927516158818099,0.258819045102521,-0.9659258262890682,1,1.0,0.8742171118599033,True
SOLUSDT,trend_ema__directionshort_only_fast21_rsi_threshold52.0_slow89,trend_ema,2026-02-17 11:00:00+00:00,2026-02-17 14:30:00+00:00,short,0.010495828456022822,0.011295828456022823,target,14,0.41285418515356637,1,True,False,False,0.006504664368910626,0.016795689138051226,0,0,0.010827908422403835,84.99,85.25,84.71,84.97,240157.68,2026-02-17 11:14:59.999000+00:00,20413086.0079,19403,124175.42,10556827.4878,-0.00023534949508481617,-0.008671251895341322,-0.012862665645933071,-3.4715581810443146,0.03703703703702924,0.4814814814814854,0.4814814814814854,0.006355184182652775,29.35729074232168,-0.12657902874668234,-0.008928771268973876,-0.01093867438196894,-0.00300158358224345,-0.001959568645202636,0.025132967320510027,-0.8702455719355391,0.39510142636879786,0.928252407791293,1.4756458962004455,-1.0,0.36,-0.01927516158818099,0.258819045102521,-0.9659258262890682,1,1.0,0.8742171118599033,True
SOLUSDT,trend_ema__directionboth_fast21_rsi_threshold55.0_slow89,trend_ema,2026-02-17 11:00:00+00:00,2026-02-17 14:30:00+00:00,short,0.010495828456022822,0.011295828456022823,target,14,0.41285418515356637,1,True,False,False,0.006504664368910626,0.016795689138051226,0,0,0.010786315328635715,84.99,85.25,84.71,84.97,240157.68,2026-02-17 11:14:59.999000+00:00,20413086.0079,19403,124175.42,10556827.4878,-0.00023534949508481617,-0.008671251895341322,-0.012862665645933071,-3.4715581810443146,0.03703703703702924,0.4814814814814854,0.4814814814814854,0.006355184182652775,29.35729074232168,-0.12657902874668234,-0.008928771268973876,-0.01093867438196894,-0.00300158358224345,-0.001959568645202636,0.025132967320510027,-0.8702455719355391,0.39510142636879786,0.928252407791293,1.4756458962004455,-1.0,0.36,-0.01927516158818099,0.258819045102521,-0.9659258262890682,1,1.0,0.8742171118599033,True
SOLUSDT,trend_ema__directionshort_only_fast21_rsi_threshold58.0_slow89,trend_ema,2026-02-17 11:00:00+00:00,2026-02-17 14:30:00+00:00,short,0.010495828456022822,0.011295828456022823,target,14,0.41285418515356637,1,True,False,False,0.006504664368910626,0.016795689138051226,0,0,0.010744722234867592,84.99,85.25,84.71,84.97,240157.68,2026-02-17 11:14:59.999000+00:00,20413086.0079,19403,124175.42,10556827.4878,-0.00023534949508481617,-0.008671251895341322,-0.012862665645933071,-3.4715581810443146,0.03703703703702924,0.4814814814814854,0.4814814814814854,0.006355184182652775,29.35729074232168,-0.12657902874668234,-0.008928771268973876,-0.01093867438196894,-0.00300158358224345,-0.001959568645202636,0.025132967320510027,-0.8702455719355391,0.39510142636879786,0.928252407791293,1.4756458962004455,-1.0,0.36,-0.01927516158818099,0.258819045102521,-0.9659258262890682,1,1.0,0.8742171118599033,True
ZECUSDT,trend_ema__directionlong_only_fast12_rsi_threshold55.0_slow89,trend_ema,2026-02-17 23:30:00+00:00,2026-02-17 23:30:00+00:00,long,0.018352794634945994,0.019152794634945992,target,0,0.40385705102691816,1,True,False,False,0.002981826834844624,0.020847149247038323,0,4,-0.013611856691910038,289.52,295.6,288.7,295.08,32539.696,2026-02-17 23:44:59.999000+00:00,9534921.914,35874,19653.048,5757874.36411,0.019022126760614537,0.0226900778607374,0.023591822450679825,4.291297375176615,0.8057971014492717,0.07536231884058495,0.11884057971014335,0.023383489223261604,70.19285255134591,0.5234134770586056,0.021668070426093585,0.023996852379773986,0.0033350828690597023,0.0016844619092826196,0.025969868308148146,1.771487777998421,2.5527810089592804,3.029971204899631,3.129376720427949,1.0,0.5,0.0,-0.25881904510252157,0.9659258262890681,1,2.0,0.843911055599188,True
ZECUSDT,trend_ema__directionboth_fast12_rsi_threshold55.0_slow89,trend_ema,2026-02-17 23:30:00+00:00,2026-02-17 23:30:00+00:00,long,0.018352794634945994,0.019152794634945992,target,0,0.40385705102691816,1,True,False,False,0.002981826834844624,0.020847149247038323,0,3,-0.01032639798825189,289.52,295.6,288.7,295.08,32539.696,2026-02-17 23:44:59.999000+00:00,9534921.914,35874,19653.048,5757874.36411,0.019022126760614537,0.0226900778607374,0.023591822450679825,4.291297375176615,0.8057971014492717,0.07536231884058495,0.11884057971014335,0.023383489223261604,70.19285255134591,0.5234134770586056,0.021668070426093585,0.023996852379773986,0.0033350828690597023,0.0016844619092826196,0.025969868308148146,1.771487777998421,2.5527810089592804,3.029971204899631,3.129376720427949,1.0,0.5,0.0,-0.25881904510252157,0.9659258262890681,1,2.0,0.8628555331744757,True
SOLUSDT,trend_ema__directionshort_only_fast12_rsi_threshold52.0_slow89,trend_ema,2026-02-18 01:00:00+00:00,2026-02-18 04:00:00+00:00,short,-0.008364263968951246,-0.007564263968951246,stop,12,0.18876192466287847,0,False,True,False,0.008168202358389609,0.01105184641171765,0,0,0.010703129141099475,84.82,84.94,84.2,84.37,235599.17,2026-02-18 01:14:59.999000+00:00,19909155.2486,21619,91171.29,7706072.7301,-0.0053194758689091145,-0.01119700542561435,-0.011314204370957984,-4.156944636481281,0.6081081081080969,0.16216216216216942,0.22972972972973363,0.00877089012682227,40.56190376685608,-0.07196014663741648,-0.006940166970170943,-0.006720803512130776,-0.0006694414962638007,8.591289073289765e-05,0.010105274788915479,-1.5847091141643084,0.44997905649084025,0.5753981097054341,1.3666197616156612,1.0,0.4,-0.011250439470291695,0.25881904510252074,0.9659258262890683,2,0.0,0.9192253868280759,True
XRPUSDT,trend_ema__directionshort_only_fast9_rsi_threshold55.0_slow89,trend_ema,2026-02-18 01:15:00+00:00,2026-02-18 03:00:00+00:00,short,-0.008020764556317814,-0.007220764556317815,stop,7,0.18020574451742363,0,False,True,False,0.007720199966578792,0.0022369703904271615,0,0,0.007495275901670903,1.4665,1.4687,1.4653,1.4667,3508542.5,2026-02-18 01:29:59.999000+00:00,5147236.87207,12088,1599739.7,2346893.28314,0.0002045617272143694,-0.005100490502478888,-0.010917213023867655,-2.5198584206617105,0.05882352941176086,0.588235294117674,0.35294117647056517,0.002318129133428682,40.98971277412882,-0.0016817765016398142,-0.00483980709384771,-0.004110362952208942,-0.0015508644448762876,-0.000410979467775352,0.017194592122902273,-0.7876727889061638,0.006797124611620809,-0.43238578519792353,0.7582026172762389,1.0,0.03,-0.015703644050734877,0.25881904510252074,0.9659258262890683,2,0.0,0.7980160008436233,True
HYPEUSDT,trend_ema__directionlong_only_fast9_rsi_threshold58.0_slow55,trend_ema,2026-02-18 07:45:00+00:00,2026-02-18 08:45:00+00:00,long,-0.007632292191840662,-0.006832292191840662,stop,4,0.3404873262127131,0,False,True,False,0.008243471563855291,0.004233998446052375,0,0,0.015342236078335214,29.649,29.715,29.55,29.653,90412.68,2026-02-18 07:59:59.999000+00:00,2681900.37584,17019,54290.44,1610646.60836,0.00010117532005322284,0.006190504014184371,0.01310269933404636,2.7504411698292754,0.024242424242410934,0.3757575757575848,0.6000000000000043,0.005564361110174321,67.02436631063566,0.041682902778436746,0.0076569053155308795,0.006979091182719656,0.0021044300984969233,0.0008069938148320688,0.01611794418448779,1.1186996493219874,0.1372053913465399,0.9949188449705668,1.60511073222581,-1.0,0.08,0.0,0.9659258262890683,-0.25881904510252063,2,0.0,0.7937467150986941,True
BTCUSDT,trend_ema__directionboth_fast21_rsi_threshold55.0_slow89,trend_ema,2026-02-18 08:15:00+00:00,2026-02-18 10:30:00+00:00,long,-0.0049087055622075845,-0.004108705562207584,stop,9,0.4138317930616378,0,False,True,False,0.007216361108212419,0.00354671331791561,0,0,0.006012858342161214,68185.9,68438.0,68166.5,68254.7,2637.633,2026-02-18 08:29:59.999000+00:00,180191110.3698,61966,1466.698,100196278.8735,0.0010070309783780354,0.007956296544628224,0.009024596151309723,5.17196601913779,0.2534069981583901,0.6751381215469721,0.07145488029463785,0.003977748052515065,70.69158965308189,50.868722892085174,0.006386863252481017,0.00825263519909942,0.0018630058376178926,0.0012181535383821718,0.012084320638341663,1.1296230185128442,192.84864426226338,2.8001963748582255,2.686543585660363,1.0,0.27,0.0,0.8660254037844387,-0.4999999999999998,2,1.0,0.7747318008872611,True
ZECUSDT,trend_ema__directionshort_only_fast9_rsi_threshold55.0_slow89,trend_ema,2026-02-18 09:00:00+00:00,2026-02-18 17:00:00+00:00,short,0.02283002687473703,0.023630026874737028,target,32,0.3319339162810894,1,True,False,False,0.010520282130049144,0.027586027820169,0,0,0.02283002687473703,284.51,286.1,283.96,284.96,30073.355,2026-02-18 09:14:59.999000+00:00,8567412.57585,38291,15616.613,4450001.07361,0.0015804172078052272,-0.02018375710989126,-0.032556599345160385,-3.778052327517521,0.21028037383176615,0.5327102803738412,0.25700934579439266,0.007509825940483027,33.40330418594553,-0.7624377814064113,-0.019533320620060305,-0.021524094797158423,-0.005224534151307858,-0.002151079217460272,0.036612624231533684,-1.174319341808325,2.6495890425932553,1.3129805395449201,2.2285795868733667,-1.0,0.33,-0.033509700176366786,0.7071067811865476,-0.7071067811865475,2,1.0,0.8240560268879186,True
ZECUSDT,trend_ema__directionshort_only_fast12_rsi_threshold58.0_slow89,trend_ema,2026-02-18 09:00:00+00:00,2026-02-18 17:00:00+00:00,short,0.02283002687473703,0.023630026874737028,target,32,0.3319339162810894,1,True,False,False,0.010520282130049144,0.027586027820169,0,0,0.009527395816734155,284.51,286.1,283.96,284.96,30073.355,2026-02-18 09:14:59.999000+00:00,8567412.57585,38291,15616.613,4450001.07361,0.0015804172078052272,-0.02018375710989126,-0.032556599345160385,-3.778052327517521,0.21028037383176615,0.5327102803738412,0.25700934579439266,0.007509825940483027,33.40330418594553,-0.7624377814064113,-0.019533320620060305,-0.021524094797158423,-0.005224534151307858,-0.002151079217460272,0.036612624231533684,-1.174319341808325,2.6495890425932553,1.3129805395449201,2.2285795868733667,-1.0,0.33,-0.033509700176366786,0.7071067811865476,-0.7071067811865475,2,1.0,0.8096658739037701,True
ZECUSDT,trend_ema__directionboth_fast12_rsi_threshold58.0_slow89,trend_ema,2026-02-18 09:00:00+00:00,2026-02-18 17:00:00+00:00,short,0.02283002687473703,0.023630026874737028,target,32,0.3319339162810894,1,True,False,False,0.010520282130049144,0.027586027820169,0,0,0.005093185464066531,284.51,286.1,283.96,284.96,30073.355,2026-02-18 09:14:59.999000+00:00,8567412.57585,38291,15616.613,4450001.07361,0.0015804172078052272,-0.02018375710989126,-0.032556599345160385,-3.778052327517521,0.21028037383176615,0.5327102803738412,0.25700934579439266,0.007509825940483027,33.40330418594553,-0.7624377814064113,-0.019533320620060305,-0.021524094797158423,-0.005224534151307858,-0.002151079217460272,0.036612624231533684,-1.174319341808325,2.6495890425932553,1.3129805395449201,2.2285795868733667,-1.0,0.33,-0.033509700176366786,0.7071067811865476,-0.7071067811865475,2,1.0,0.7969106235840416,True
ZECUSDT,trend_ema__directionboth_fast12_rsi_threshold52.0_slow89,trend_ema,2026-02-18 09:00:00+00:00,2026-02-18 17:00:00+00:00,short,0.02283002687473703,0.023630026874737028,target,32,0.3319339162810894,1,True,False,False,0.010520282130049144,0.027586027820169,0,0,0.018395816522069404,284.51,286.1,283.96,284.96,30073.355,2026-02-18 09:14:59.999000+00:00,8567412.57585,38291,15616.613,4450001.07361,0.0015804172078052272,-0.02018375710989126,-0.032556599345160385,-3.778052327517521,0.21028037383176615,0.5327102803738412,0.25700934579439266,0.007509825940483027,33.40330418594553,-0.7624377814064113,-0.019533320620060305,-0.021524094797158423,-0.005224534151307858,-0.002151079217460272,0.036612624231533684,-1.174319341808325,2.6495890425932553,1.3129805395449201,2.2285795868733667,-1.0,0.33,-0.033509700176366786,0.7071067811865476,-0.7071067811865475,2,1.0,0.823567684353683,True
ZECUSDT,trend_ema__directionshort_only_fast21_rsi_threshold55.0_slow55,trend_ema,2026-02-18 09:00:00+00:00,2026-02-18 17:00:00+00:00,short,0.02283002687473703,0.023630026874737028,target,32,0.3319339162810894,1,True,False,False,0.010520282130049144,0.027586027820169,0,0,0.01396160616940178,284.51,286.1,283.96,284.96,30073.355,2026-02-18 09:14:59.999000+00:00,8567412.57585,38291,15616.613,4450001.07361,0.0015804172078052272,-0.02018375710989126,-0.032556599345160385,-3.778052327517521,0.21028037383176615,0.5327102803738412,0.25700934579439266,0.007509825940483027,33.40330418594553,-0.7624377814064113,-0.019533320620060305,-0.021524094797158423,-0.005224534151307858,-0.002151079217460272,0.036612624231533684,-1.174319341808325,2.6495890425932553,1.3129805395449201,2.2285795868733667,-1.0,0.33,-0.033509700176366786,0.7071067811865476,-0.7071067811865475,2,1.0,0.8209117661834944,True
ZECUSDT,trend_ema__directionshort_only_fast12_rsi_threshold55.0_slow89,trend_ema,2026-02-18 09:00:00+00:00,2026-02-18 17:00:00+00:00,short,0.02283002687473703,0.023630026874737028,target,32,0.3319339162810894,1,True,False,False,0.010520282130049144,0.027586027820169,0,0,0.0006589751113989066,284.51,286.1,283.96,284.96,30073.355,2026-02-18 09:14:59.999000+00:00,8567412.57585,38291,15616.613,4450001.07361,0.0015804172078052272,-0.02018375710989126,-0.032556599345160385,-3.778052327517521,0.21028037383176615,0.5327102803738412,0.25700934579439266,0.007509825940483027,33.40330418594553,-0.7624377814064113,-0.019533320620060305,-0.021524094797158423,-0.005224534151307858,-0.002151079217460272,0.036612624231533684,-1.174319341808325,2.6495890425932553,1.3129805395449201,2.2285795868733667,-1.0,0.33,-0.033509700176366786,0.7071067811865476,-0.7071067811865475,2,1.0,0.7691137479932179,True
ZECUSDT,trend_ema__directionshort_only_fast21_rsi_threshold58.0_slow89,trend_ema,2026-02-18 09:15:00+00:00,2026-02-18 17:00:00+00:00,short,0.022448758953663255,0.023248758953663254,target,31,0.2387762644180016,1,True,False,False,0.008924499820396876,0.029121633826208145,0,0,0.02283002687473703,284.96,286.73,284.88,286.32,11634.0,2026-02-18 09:29:59.999000+00:00,3325334.18045,21331,6397.003,1828683.63482,0.004761246916418953,-0.02087585315442067,-0.021662245194262922,-3.792253396720595,0.7351351351351335,0.22162162162163243,0.04324324324323411,0.006461302039675967,38.06118677909992,-0.7221298581233606,-0.013291502985995475,-0.016018125655136717,-0.005762267693942946,-0.00266527175712139,0.037642506854759554,-0.8175414515209473,2.5924755395508816,-0.06953179615310158,0.9370726428421211,-1.0,0.34,-0.0274126159176602,0.7071067811865476,-0.7071067811865475,2,1.0,0.8436958225568227,True
ZECUSDT,trend_ema__directionshort_only_fast21_rsi_threshold55.0_slow89,trend_ema,2026-02-18 09:15:00+00:00,2026-02-18 17:00:00+00:00,short,0.022448758953663255,0.023248758953663254,target,31,0.2387762644180016,1,True,False,False,0.008924499820396876,0.029121633826208145,0,0,0.02279190008262965,284.96,286.73,284.88,286.32,11634.0,2026-02-18 09:29:59.999000+00:00,3325334.18045,21331,6397.003,1828683.63482,0.004761246916418953,-0.02087585315442067,-0.021662245194262922,-3.792253396720595,0.7351351351351335,0.22162162162163243,0.04324324324323411,0.006461302039675967,38.06118677909992,-0.7221298581233606,-0.013291502985995475,-0.016018125655136717,-0.005762267693942946,-0.00266527175712139,0.037642506854759554,-0.8175414515209473,2.5924755395508816,-0.06953179615310158,0.9370726428421211,-1.0,0.34,-0.0274126159176602,0.7071067811865476,-0.7071067811865475,2,1.0,0.8436958225568227,True
ZECUSDT,trend_ema__directionboth_fast21_rsi_threshold55.0_slow89,trend_ema,2026-02-18 09:15:00+00:00,2026-02-18 17:00:00+00:00,short,0.022448758953663255,0.023248758953663254,target,31,0.2387762644180016,1,True,False,False,0.008924499820396876,0.029121633826208145,0,0,0.022715646498414892,284.96,286.73,284.88,286.32,11634.0,2026-02-18 09:29:59.999000+00:00,3325334.18045,21331,6397.003,1828683.63482,0.004761246916418953,-0.02087585315442067,-0.021662245194262922,-3.792253396720595,0.7351351351351335,0.22162162162163243,0.04324324324323411,0.006461302039675967,38.06118677909992,-0.7221298581233606,-0.013291502985995475,-0.016018125655136717,-0.005762267693942946,-0.00266527175712139,0.037642506854759554,-0.8175414515209473,2.5924755395508816,-0.06953179615310158,0.9370726428421211,-1.0,0.34,-0.0274126159176602,0.7071067811865476,-0.7071067811865475,2,1.0,0.8436958225568227,True
ZECUSDT,trend_ema__directionshort_only_fast21_rsi_threshold52.0_slow89,trend_ema,2026-02-18 09:15:00+00:00,2026-02-18 17:00:00+00:00,short,0.022448758953663255,0.023248758953663254,target,31,0.2387762644180016,1,True,False,False,0.008924499820396876,0.029121633826208145,0,0,0.02275377329052227,284.96,286.73,284.88,286.32,11634.0,2026-02-18 09:29:59.999000+00:00,3325334.18045,21331,6397.003,1828683.63482,0.004761246916418953,-0.02087585315442067,-0.021662245194262922,-3.792253396720595,0.7351351351351335,0.22162162162163243,0.04324324324323411,0.006461302039675967,38.06118677909992,-0.7221298581233606,-0.013291502985995475,-0.016018125655136717,-0.005762267693942946,-0.00266527175712139,0.037642506854759554,-0.8175414515209473,2.5924755395508816,-0.06953179615310158,0.9370726428421211,-1.0,0.34,-0.0274126159176602,0.7071067811865476,-0.7071067811865475,2,1.0,0.8436958225568227,True
HYPEUSDT,trend_ema__directionshort_only_fast21_rsi_threshold52.0_slow55,trend_ema,2026-02-18 09:45:00+00:00,2026-02-18 10:30:00+00:00,short,0.011727852592858022,0.012527852592858022,target,3,0.14488607628840683,1,True,False,False,0.0009999987267354958,0.01674750481702357,0,0,0.014660885233132331,29.417,29.442,29.293,29.343,59067.05,2026-02-18 09:59:59.999000+00:00,1734984.07295,8804,26985.8,792818.34976,-0.0025867071364714953,-0.004216976152234366,-0.00013630942259992338,-1.7725224116361071,0.49664429530202125,0.1677852348993183,0.33557046979866045,0.005077872064887738,42.75569618557966,-0.020619556808636363,-0.004224285632657146,-0.004154127593857055,-0.0006582033364054274,-0.00015860020588442936,0.016317990882947497,-0.5615121356699648,0.1475055794093109,0.14398267548074875,1.0743725509489532,1.0,0.13,-0.012219753585134274,0.7071067811865476,-0.7071067811865475,2,1.0,0.7108282324032966,True
SOLUSDT,trend_ema__directionboth_fast9_rsi_threshold58.0_slow89,trend_ema,2026-02-18 11:00:00+00:00,2026-02-18 11:00:00+00:00,short,0.009509143820638794,0.010309143820638795,target,0,0.516508563373946,1,True,False,False,0.0002687910608512997,0.012320676031579297,0,0,0.004020333193820816,84.21,84.22,83.16,83.43,761903.97,2026-02-18 11:14:59.999000+00:00,63710676.3253,45997,345190.37,28859594.2153,-0.009424465819798495,-0.019466490073809673,-0.015815776486115096,-6.263028241496852,0.7358490566037597,0.00943396226415575,0.2547169811320846,0.012705261896200434,24.1745718313027,-0.19381300624661255,-0.01771367189868057,-0.018356114191678298,-0.0035373741664540548,-0.001364635535594183,0.024920648611362447,-1.536528773236866,0.39811531872616523,4.207879509981475,5.040003299038388,-1.0,0.65,-0.025805698271835542,0.258819045102521,-0.9659258262890682,2,1.0,0.9676989387726808,True
SOLUSDT,trend_ema__directionshort_only_fast12_rsi_threshold52.0_slow89,trend_ema,2026-02-18 11:00:00+00:00,2026-02-18 11:00:00+00:00,short,0.009509143820638794,0.010309143820638795,target,0,0.516508563373946,1,True,False,False,0.0002687910608512997,0.012320676031579297,0,4,0.002880017465273759,84.21,84.22,83.16,83.43,761903.97,2026-02-18 11:14:59.999000+00:00,63710676.3253,45997,345190.37,28859594.2153,-0.009424465819798495,-0.019466490073809673,-0.015815776486115096,-6.263028241496852,0.7358490566037597,0.00943396226415575,0.2547169811320846,0.012705261896200434,24.1745718313027,-0.19381300624661255,-0.01771367189868057,-0.018356114191678298,-0.0035373741664540548,-0.001364635535594183,0.024920648611362447,-1.536528773236866,0.39811531872616523,4.207879509981475,5.040003299038388,-1.0,0.65,-0.025805698271835542,0.258819045102521,-0.9659258262890682,2,1.0,0.9436829872300853,True
SOLUSDT,trend_ema__directionshort_only_fast9_rsi_threshold55.0_slow89,trend_ema,2026-02-18 11:00:00+00:00,2026-02-18 11:00:00+00:00,short,0.009509143820638794,0.010309143820638795,target,0,0.516508563373946,1,True,False,False,0.0002687910608512997,0.012320676031579297,0,4,0.0027538418671445913,84.21,84.22,83.16,83.43,761903.97,2026-02-18 11:14:59.999000+00:00,63710676.3253,45997,345190.37,28859594.2153,-0.009424465819798495,-0.019466490073809673,-0.015815776486115096,-6.263028241496852,0.7358490566037597,0.00943396226415575,0.2547169811320846,0.012705261896200434,24.1745718313027,-0.19381300624661255,-0.01771367189868057,-0.018356114191678298,-0.0035373741664540548,-0.001364635535594183,0.024920648611362447,-1.536528773236866,0.39811531872616523,4.207879509981475,5.040003299038388,-1.0,0.65,-0.025805698271835542,0.258819045102521,-0.9659258262890682,2,1.0,0.9436829872300853,True
SOLUSDT,trend_ema__directionboth_fast12_rsi_threshold52.0_slow89,trend_ema,2026-02-18 11:00:00+00:00,2026-02-18 11:00:00+00:00,short,0.009509143820638794,0.010309143820638795,target,0,0.516508563373946,1,True,False,False,0.0002687910608512997,0.012320676031579297,0,3,0.002627666269015424,84.21,84.22,83.16,83.43,761903.97,2026-02-18 11:14:59.999000+00:00,63710676.3253,45997,345190.37,28859594.2153,-0.009424465819798495,-0.019466490073809673,-0.015815776486115096,-6.263028241496852,0.7358490566037597,0.00943396226415575,0.2547169811320846,0.012705261896200434,24.1745718313027,-0.19381300624661255,-0.01771367189868057,-0.018356114191678298,-0.0035373741664540548,-0.001364635535594183,0.024920648611362447,-1.536528773236866,0.39811531872616523,4.207879509981475,5.040003299038388,-1.0,0.65,-0.025805698271835542,0.258819045102521,-0.9659258262890682,2,1.0,0.9451234139954124,True
SOLUSDT,trend_ema__directionboth_fast12_rsi_threshold55.0_slow89,trend_ema,2026-02-18 11:00:00+00:00,2026-02-18 11:00:00+00:00,short,0.009509143820638794,0.010309143820638795,target,0,0.516508563373946,1,True,False,False,0.0002687910608512997,0.012320676031579297,0,2,0.0025289978054770204,84.21,84.22,83.16,83.43,761903.97,2026-02-18 11:14:59.999000+00:00,63710676.3253,45997,345190.37,28859594.2153,-0.009424465819798495,-0.019466490073809673,-0.015815776486115096,-6.263028241496852,0.7358490566037597,0.00943396226415575,0.2547169811320846,0.012705261896200434,24.1745718313027,-0.19381300624661255,-0.01771367189868057,-0.018356114191678298,-0.0035373741664540548,-0.001364635535594183,0.024920648611362447,-1.536528773236866,0.39811531872616523,4.207879509981475,5.040003299038388,-1.0,0.65,-0.025805698271835542,0.258819045102521,-0.9659258262890682,2,1.0,0.9491071534291953,True
SOLUSDT,trend_ema__directionshort_only_fast12_rsi_threshold58.0_slow89,trend_ema,2026-02-18 11:00:00+00:00,2026-02-18 11:00:00+00:00,short,0.009509143820638794,0.010309143820638795,target,0,0.516508563373946,1,True,False,False,0.0002687910608512997,0.012320676031579297,0,1,0.0024303293419386178,84.21,84.22,83.16,83.43,761903.97,2026-02-18 11:14:59.999000+00:00,63710676.3253,45997,345190.37,28859594.2153,-0.009424465819798495,-0.019466490073809673,-0.015815776486115096,-6.263028241496852,0.7358490566037597,0.00943396226415575,0.2547169811320846,0.012705261896200434,24.1745718313027,-0.19381300624661255,-0.01771367189868057,-0.018356114191678298,-0.0035373741664540548,-0.001364635535594183,0.024920648611362447,-1.536528773236866,0.39811531872616523,4.207879509981475,5.040003299038388,-1.0,0.65,-0.025805698271835542,0.258819045102521,-0.9659258262890682,2,1.0,0.9496415791596636,True
SOLUSDT,trend_ema__directionshort_only_fast12_rsi_threshold55.0_slow89,trend_ema,2026-02-18 11:00:00+00:00,2026-02-18 11:00:00+00:00,short,0.009509143820638794,0.010309143820638795,target,0,0.516508563373946,1,True,False,False,0.0002687910608512997,0.012320676031579297,0,0,0.002331660878400215,84.21,84.22,83.16,83.43,761903.97,2026-02-18 11:14:59.999000+00:00,63710676.3253,45997,345190.37,28859594.2153,-0.009424465819798495,-0.019466490073809673,-0.015815776486115096,-6.263028241496852,0.7358490566037597,0.00943396226415575,0.2547169811320846,0.012705261896200434,24.1745718313027,-0.19381300624661255,-0.01771367189868057,-0.018356114191678298,-0.0035373741664540548,-0.001364635535594183,0.024920648611362447,-1.536528773236866,0.39811531872616523,4.207879509981475,5.040003299038388,-1.0,0.65,-0.025805698271835542,0.258819045102521,-0.9659258262890682,2,1.0,0.9674902124534978,True
SOLUSDT,trend_ema__directionboth_fast12_rsi_threshold58.0_slow89,trend_ema,2026-02-18 11:00:00+00:00,2026-02-18 11:00:00+00:00,short,0.009509143820638794,0.010309143820638795,target,0,0.516508563373946,1,True,False,False,0.0002687910608512997,0.012320676031579297,0,0,0.0022329924148618125,84.21,84.22,83.16,83.43,761903.97,2026-02-18 11:14:59.999000+00:00,63710676.3253,45997,345190.37,28859594.2153,-0.009424465819798495,-0.019466490073809673,-0.015815776486115096,-6.263028241496852,0.7358490566037597,0.00943396226415575,0.2547169811320846,0.012705261896200434,24.1745718313027,-0.19381300624661255,-0.01771367189868057,-0.018356114191678298,-0.0035373741664540548,-0.001364635535594183,0.024920648611362447,-1.536528773236866,0.39811531872616523,4.207879509981475,5.040003299038388,-1.0,0.65,-0.025805698271835542,0.258819045102521,-0.9659258262890682,2,1.0,0.9674902124534978,True
SOLUSDT,trend_ema__directionshort_only_fast21_rsi_threshold52.0_slow89,trend_ema,2026-02-18 11:15:00+00:00,2026-02-18 12:30:00+00:00,short,0.011132841194644997,0.011932841194644998,target,5,0.4713368649428045,1,True,False,False,0.003147355344730605,0.013997388507820747,0,0,0.009996253032840654,83.42,83.67,83.33,83.52,412586.62,2026-02-18 11:29:59.999000+00:00,34466642.998,25570,201163.59,16800203.4036,0.001078167220345223,-0.017800398796315425,-0.014973541790162593,-5.7055816685454435,0.29411764705880383,0.4411764705882476,0.26470588235294856,0.004070881226053681,26.433156752859773,-0.22462450009331716,-0.015034426475341907,-0.01658193405444156,-0.004421732173194637,-0.0020255851980151007,0.029713006248921044,-1.1552627597977645,0.3939642245314394,1.6552708898010262,2.5839775092890247,-1.0,0.65,-0.02475478748248483,0.258819045102521,-0.9659258262890682,2,1.0,0.7642182961818762,True
SOLUSDT,trend_ema__directionshort_only_fast21_rsi_threshold52.0_slow55,trend_ema,2026-02-18 11:15:00+00:00,2026-02-18 12:30:00+00:00,short,0.011132841194644997,0.011932841194644998,target,5,0.4713368649428045,1,True,False,False,0.003147355344730605,0.013997388507820747,0,0,0.007841910015766755,83.42,83.67,83.33,83.52,412586.62,2026-02-18 11:29:59.999000+00:00,34466642.998,25570,201163.59,16800203.4036,0.001078167220345223,-0.017800398796315425,-0.014973541790162593,-5.7055816685454435,0.29411764705880383,0.4411764705882476,0.26470588235294856,0.004070881226053681,26.433156752859773,-0.22462450009331716,-0.015034426475341907,-0.01658193405444156,-0.004421732173194637,-0.0020255851980151007,0.029713006248921044,-1.1552627597977645,0.3939642245314394,1.6552708898010262,2.5839775092890247,-1.0,0.65,-0.02475478748248483,0.258819045102521,-0.9659258262890682,2,1.0,0.7537696246197626,True
SOLUSDT,trend_ema__directionshort_only_fast21_rsi_threshold58.0_slow55,trend_ema,2026-02-18 11:15:00+00:00,2026-02-18 12:30:00+00:00,short,0.011132841194644997,0.011932841194644998,target,5,0.4713368649428045,1,True,False,False,0.003147355344730605,0.013997388507820747,0,0,0.009833883295440035,83.42,83.67,83.33,83.52,412586.62,2026-02-18 11:29:59.999000+00:00,34466642.998,25570,201163.59,16800203.4036,0.001078167220345223,-0.017800398796315425,-0.014973541790162593,-5.7055816685454435,0.29411764705880383,0.4411764705882476,0.26470588235294856,0.004070881226053681,26.433156752859773,-0.22462450009331716,-0.015034426475341907,-0.01658193405444156,-0.004421732173194637,-0.0020255851980151007,0.029713006248921044,-1.1552627597977645,0.3939642245314394,1.6552708898010262,2.5839775092890247,-1.0,0.65,-0.02475478748248483,0.258819045102521,-0.9659258262890682,2,1.0,0.7626865350283892,True
SOLUSDT,trend_ema__directionshort_only_fast21_rsi_threshold55.0_slow89,trend_ema,2026-02-18 11:15:00+00:00,2026-02-18 12:30:00+00:00,short,0.011132841194644997,0.011932841194644998,target,5,0.4713368649428045,1,True,False,False,0.003147355344730605,0.013997388507820747,0,0,0.010483362245042515,83.42,83.67,83.33,83.52,412586.62,2026-02-18 11:29:59.999000+00:00,34466642.998,25570,201163.59,16800203.4036,0.001078167220345223,-0.017800398796315425,-0.014973541790162593,-5.7055816685454435,0.29411764705880383,0.4411764705882476,0.26470588235294856,0.004070881226053681,26.433156752859773,-0.22462450009331716,-0.015034426475341907,-0.01658193405444156,-0.004421732173194637,-0.0020255851980151007,0.029713006248921044,-1.1552627597977645,0.3939642245314394,1.6552708898010262,2.5839775092890247,-1.0,0.65,-0.02475478748248483,0.258819045102521,-0.9659258262890682,2,1.0,0.7642182961818762,True
SOLUSDT,trend_ema__directionshort_only_fast21_rsi_threshold55.0_slow55,trend_ema,2026-02-18 11:15:00+00:00,2026-02-18 12:30:00+00:00,short,0.011132841194644997,0.011932841194644998,target,5,0.4713368649428045,1,True,False,False,0.003147355344730605,0.013997388507820747,0,0,0.010158622770241276,83.42,83.67,83.33,83.52,412586.62,2026-02-18 11:29:59.999000+00:00,34466642.998,25570,201163.59,16800203.4036,0.001078167220345223,-0.017800398796315425,-0.014973541790162593,-5.7055816685454435,0.29411764705880383,0.4411764705882476,0.26470588235294856,0.004070881226053681,26.433156752859773,-0.22462450009331716,-0.015034426475341907,-0.01658193405444156,-0.004421732173194637,-0.0020255851980151007,0.029713006248921044,-1.1552627597977645,0.3939642245314394,1.6552708898010262,2.5839775092890247,-1.0,0.65,-0.02475478748248483,0.258819045102521,-0.9659258262890682,2,1.0,0.7642182961818762,True
SOLUSDT,trend_ema__directionboth_fast21_rsi_threshold55.0_slow89,trend_ema,2026-02-18 11:15:00+00:00,2026-02-18 12:30:00+00:00,short,0.011132841194644997,0.011932841194644998,target,5,0.4713368649428045,1,True,False,False,0.003147355344730605,0.013997388507820747,0,0,0.010320992507641897,83.42,83.67,83.33,83.52,412586.62,2026-02-18 11:29:59.999000+00:00,34466642.998,25570,201163.59,16800203.4036,0.001078167220345223,-0.017800398796315425,-0.014973541790162593,-5.7055816685454435,0.29411764705880383,0.4411764705882476,0.26470588235294856,0.004070881226053681,26.433156752859773,-0.22462450009331716,-0.015034426475341907,-0.01658193405444156,-0.004421732173194637,-0.0020255851980151007,0.029713006248921044,-1.1552627597977645,0.3939642245314394,1.6552708898010262,2.5839775092890247,-1.0,0.65,-0.02475478748248483,0.258819045102521,-0.9659258262890682,2,1.0,0.7642182961818762,True
SOLUSDT,trend_ema__directionshort_only_fast21_rsi_threshold58.0_slow89,trend_ema,2026-02-18 11:15:00+00:00,2026-02-18 12:30:00+00:00,short,0.011132841194644997,0.011932841194644998,target,5,0.4713368649428045,1,True,False,False,0.003147355344730605,0.013997388507820747,0,0,0.005849936736093475,83.42,83.67,83.33,83.52,412586.62,2026-02-18 11:29:59.999000+00:00,34466642.998,25570,201163.59,16800203.4036,0.001078167220345223,-0.017800398796315425,-0.014973541790162593,-5.7055816685454435,0.29411764705880383,0.4411764705882476,0.26470588235294856,0.004070881226053681,26.433156752859773,-0.22462450009331716,-0.015034426475341907,-0.01658193405444156,-0.004421732173194637,-0.0020255851980151007,0.029713006248921044,-1.1552627597977645,0.3939642245314394,1.6552708898010262,2.5839775092890247,-1.0,0.65,-0.02475478748248483,0.258819045102521,-0.9659258262890682,2,1.0,0.7475044879530792,True
BTCUSDT,trend_ema__directionboth_fast12_rsi_threshold58.0_slow89,trend_ema,2026-02-18 11:45:00+00:00,2026-02-18 14:45:00+00:00,short,0.007409087081509707,0.008209087081509707,target,12,0.2877981159820638,1,True,False,False,0.002182293789963552,0.012508716866291271,0,0,0.0019624952115602713,67520.8,67565.7,67319.9,67345.4,1211.25,2026-02-18 11:59:59.999000+00:00,81702133.3869,34499,539.33,36375566.5976,-0.002599616934473976,-0.006302725343167366,-0.010825381628249796,-2.7213939315248594,0.7135882831570654,0.18266883645237447,0.1037428803905602,0.003649840969093701,35.61009420089681,-102.68012441058826,-0.006310232705057464,-0.005991549738354637,-0.001780635633337302,-0.0008895008219012013,0.018098566406413025,-0.9187649214363344,223.40322277496887,-0.08130564367917748,0.9244127622613385,1.0,0.65,-0.013322159499638886,0.258819045102521,-0.9659258262890682,2,1.0,0.8934347165300631,True
BTCUSDT,trend_ema__directionboth_fast12_rsi_threshold55.0_slow89,trend_ema,2026-02-18 11:45:00+00:00,2026-02-18 14:45:00+00:00,short,0.007409087081509707,0.008209087081509707,target,12,0.2877981159820638,1,True,False,False,0.002182293789963552,0.012508716866291271,0,0,0.0006025178001533383,67520.8,67565.7,67319.9,67345.4,1211.25,2026-02-18 11:59:59.999000+00:00,81702133.3869,34499,539.33,36375566.5976,-0.002599616934473976,-0.006302725343167366,-0.010825381628249796,-2.7213939315248594,0.7135882831570654,0.18266883645237447,0.1037428803905602,0.003649840969093701,35.61009420089681,-102.68012441058826,-0.006310232705057464,-0.005991549738354637,-0.001780635633337302,-0.0008895008219012013,0.018098566406413025,-0.9187649214363344,223.40322277496887,-0.08130564367917748,0.9244127622613385,1.0,0.65,-0.013322159499638886,0.258819045102521,-0.9659258262890682,2,1.0,0.891798277095108,True
BTCUSDT,trend_ema__directionshort_only_fast12_rsi_threshold52.0_slow89,trend_ema,2026-02-18 11:45:00+00:00,2026-02-18 14:45:00+00:00,short,0.007409087081509707,0.008209087081509707,target,12,0.2877981159820638,1,True,False,False,0.002182293789963552,0.012508716866291271,0,0,0.0033224726229672042,67520.8,67565.7,67319.9,67345.4,1211.25,2026-02-18 11:59:59.999000+00:00,81702133.3869,34499,539.33,36375566.5976,-0.002599616934473976,-0.006302725343167366,-0.010825381628249796,-2.7213939315248594,0.7135882831570654,0.18266883645237447,0.1037428803905602,0.003649840969093701,35.61009420089681,-102.68012441058826,-0.006310232705057464,-0.005991549738354637,-0.001780635633337302,-0.0008895008219012013,0.018098566406413025,-0.9187649214363344,223.40322277496887,-0.08130564367917748,0.9244127622613385,1.0,0.65,-0.013322159499638886,0.258819045102521,-0.9659258262890682,2,1.0,0.8947328714528378,True
BTCUSDT,trend_ema__directionshort_only_fast12_rsi_threshold55.0_slow89,trend_ema,2026-02-18 11:45:00+00:00,2026-02-18 14:45:00+00:00,short,0.007409087081509707,0.008209087081509707,target,12,0.2877981159820638,1,True,False,False,0.002182293789963552,0.012508716866291271,0,1,-0.0007574596112535942,67520.8,67565.7,67319.9,67345.4,1211.25,2026-02-18 11:59:59.999000+00:00,81702133.3869,34499,539.33,36375566.5976,-0.002599616934473976,-0.006302725343167366,-0.010825381628249796,-2.7213939315248594,0.7135882831570654,0.18266883645237447,0.1037428803905602,0.003649840969093701,35.61009420089681,-102.68012441058826,-0.006310232705057464,-0.005991549738354637,-0.001780635633337302,-0.0008895008219012013,0.018098566406413025,-0.9187649214363344,223.40322277496887,-0.08130564367917748,0.9244127622613385,1.0,0.65,-0.013322159499638886,0.258819045102521,-0.9659258262890682,2,1.0,0.7111886873188866,True
ETHUSDT,trend_ema__directionboth_fast12_rsi_threshold58.0_slow89,trend_ema,2026-02-18 12:30:00+00:00,2026-02-18 14:45:00+00:00,short,0.009965233287216206,0.010765233287216206,target,9,0.27452311923374295,1,True,False,False,0.0053862514358195696,0.013750978703006922,0,0,0.001182438265447948,1980.73,1983.3,1970.28,1982.83,72330.229,2026-02-18 12:44:59.999000+00:00,142942771.74086,109488,35414.705,69996075.52853,0.001064702198444792,-0.0005243653534826167,-0.019369106487735557,-0.18587319362463528,0.1612903225806384,0.03609831029186082,0.8026113671275008,0.00656637230624914,36.27384403831285,-3.6225223987190986,-0.006401950403065568,-0.007093543103243334,-0.0022795535979959203,-0.0016129473822639184,0.035232054013957306,-0.5987630324640498,8.848791056765979,0.5829000393713936,1.5007597953667555,-1.0,0.56,-0.022894707015754245,1.2246467991473532e-16,-1.0,2,1.0,0.8581388383864821,True
XRPUSDT,trend_ema__directionboth_fast21_rsi_threshold55.0_slow89,trend_ema,2026-02-18 12:30:00+00:00,2026-02-18 14:45:00+00:00,short,0.008934645328742157,0.009734645328742157,target,9,0.3563100416860695,1,True,False,False,0.003767325027783642,0.009814622186503912,0,0,0.0011533383451626557,1.4654,1.4665,1.4574,1.4651,10314490.5,2026-02-18 12:44:59.999000+00:00,15072414.40431,22847,4818862.4,7044077.21878,-0.00020474321859607135,-0.0028625973746332026,-0.01476991619591026,-1.313116578485927,0.03296703296702975,0.12087912087910908,0.8461538461538611,0.006211180124223524,32.184497915696525,-0.0022358334080146,-0.006668263495649206,-0.007879246757733155,-0.0022055503018482137,-0.0015586641197093964,0.02596449954576958,-0.7350207842224744,0.005947689240015325,2.0468812097513567,2.4990298528379817,-1.0,0.42,-0.01677739749010132,1.2246467991473532e-16,-1.0,2,1.0,0.8491512247001468,True
ETHUSDT,trend_ema__directionboth_fast12_rsi_threshold55.0_slow89,trend_ema,2026-02-18 12:30:00+00:00,2026-02-18 14:45:00+00:00,short,0.009965233287216206,0.010765233287216206,target,9,0.27452311923374295,1,True,False,False,0.0053862514358195696,0.013750978703006922,0,0,0.002931856543589228,1980.73,1983.3,1970.28,1982.83,72330.229,2026-02-18 12:44:59.999000+00:00,142942771.74086,109488,35414.705,69996075.52853,0.001064702198444792,-0.0005243653534826167,-0.019369106487735557,-0.18587319362463528,0.1612903225806384,0.03609831029186082,0.8026113671275008,0.00656637230624914,36.27384403831285,-3.6225223987190986,-0.006401950403065568,-0.007093543103243334,-0.0022795535979959203,-0.0016129473822639184,0.035232054013957306,-0.5987630324640498,8.848791056765979,0.5829000393713936,1.5007597953667555,-1.0,0.56,-0.022894707015754245,1.2246467991473532e-16,-1.0,2,1.0,0.8619291527750489,True
ETHUSDT,trend_ema__directionshort_only_fast12_rsi_threshold55.0_slow89,trend_ema,2026-02-18 12:30:00+00:00,2026-02-18 14:45:00+00:00,short,0.009965233287216206,0.010765233287216206,target,9,0.27452311923374295,1,True,False,False,0.0053862514358195696,0.013750978703006922,0,0,0.0046812748217305074,1980.73,1983.3,1970.28,1982.83,72330.229,2026-02-18 12:44:59.999000+00:00,142942771.74086,109488,35414.705,69996075.52853,0.001064702198444792,-0.0005243653534826167,-0.019369106487735557,-0.18587319362463528,0.1612903225806384,0.03609831029186082,0.8026113671275008,0.00656637230624914,36.27384403831285,-3.6225223987190986,-0.006401950403065568,-0.007093543103243334,-0.0022795535979959203,-0.0016129473822639184,0.035232054013957306,-0.5987630324640498,8.848791056765979,0.5829000393713936,1.5007597953667555,-1.0,0.56,-0.022894707015754245,1.2246467991473532e-16,-1.0,2,1.0,0.8719529433851484,True
XRPUSDT,trend_ema__directionshort_only_fast21_rsi_threshold55.0_slow89,trend_ema,2026-02-18 12:30:00+00:00,2026-02-18 14:45:00+00:00,short,0.008934645328742157,0.009734645328742157,target,9,0.3563100416860695,1,True,False,False,0.003767325027783642,0.009814622186503912,0,0,0.002728129772061769,1.4654,1.4665,1.4574,1.4651,10314490.5,2026-02-18 12:44:59.999000+00:00,15072414.40431,22847,4818862.4,7044077.21878,-0.00020474321859607135,-0.0028625973746332026,-0.01476991619591026,-1.313116578485927,0.03296703296702975,0.12087912087910908,0.8461538461538611,0.006211180124223524,32.184497915696525,-0.0022358334080146,-0.006668263495649206,-0.007879246757733155,-0.0022055503018482137,-0.0015586641197093964,0.02596449954576958,-0.7350207842224744,0.005947689240015325,2.0468812097513567,2.4990298528379817,-1.0,0.42,-0.01677739749010132,1.2246467991473532e-16,-1.0,2,1.0,0.8553443953713964,True
ETHUSDT,trend_ema__directionshort_only_fast21_rsi_threshold58.0_slow55,trend_ema,2026-02-18 12:45:00+00:00,2026-02-18 13:45:00+00:00,short,0.01035849973087848,0.01115849973087848,target,4,0.292797244184473,1,True,False,False,0.004326519707523085,0.011567372430483065,0,0,0.006430693099871787,1982.82,1985.44,1980.57,1981.49,25154.62,2026-02-18 12:59:59.999000+00:00,49892340.76607,40757,12518.603,24830990.51555,-0.0006760302150348855,0.0006562872552353285,-0.019045433561013854,0.2457456498427911,0.2731006160164055,0.5379876796714691,0.18891170431212534,0.002457746443333107,35.36013779077635,-3.143335731638694,-0.006408011071911023,-0.0074697127156816015,-0.0021874483526898025,-0.0015968671964405878,0.0360490295752934,-0.5733841983324776,8.564591695568417,-0.5564867532510196,0.5219282711160687,-1.0,0.55,-0.023555036490595205,1.2246467991473532e-16,-1.0,2,1.0,0.8808941801858373,True
BTCUSDT,trend_ema__directionshort_only_fast21_rsi_threshold55.0_slow55,trend_ema,2026-02-18 12:45:00+00:00,2026-02-18 14:45:00+00:00,short,0.00758016217997406,0.00838016217997406,target,8,0.1998258735299919,1,True,False,False,0.001013683049961656,0.012401942867507629,0,0,0.007443225078018328,67513.5,67571.8,67419.0,67429.8,571.814,2026-02-18 12:59:59.999000+00:00,38597941.2069,19432,245.157,16550617.0801,-0.0012405211779135967,0.0012524561051710673,-0.009888688022370461,0.5866458946376011,0.5477748691099181,0.3815445026178128,0.07068062827226901,0.0022660604065265345,40.008706323500405,-59.11615722656541,-0.0037440709808376385,-0.004200516585902994,-0.001001043697916315,-0.000772265262990568,0.020132681349725578,-0.5925435442723512,221.02742205528673,-0.6121395207414199,0.43297472323953484,-1.0,0.57,-0.012085614617015294,1.2246467991473532e-16,-1.0,2,1.0,0.7820470547149297,True
ETHUSDT,trend_ema__directionshort_only_fast21_rsi_threshold55.0_slow55,trend_ema,2026-02-18 12:45:00+00:00,2026-02-18 13:45:00+00:00,short,0.01035849973087848,0.01115849973087848,target,4,0.292797244184473,1,True,False,False,0.004326519707523085,0.011567372430483065,0,0,0.008219438022379294,1982.82,1985.44,1980.57,1981.49,25154.62,2026-02-18 12:59:59.999000+00:00,49892340.76607,40757,12518.603,24830990.51555,-0.0006760302150348855,0.0006562872552353285,-0.019045433561013854,0.2457456498427911,0.2731006160164055,0.5379876796714691,0.18891170431212534,0.002457746443333107,35.36013779077635,-3.143335731638694,-0.006408011071911023,-0.0074697127156816015,-0.0021874483526898025,-0.0015968671964405878,0.0360490295752934,-0.5733841983324776,8.564591695568417,-0.5564867532510196,0.5219282711160687,-1.0,0.55,-0.023555036490595205,1.2246467991473532e-16,-1.0,2,1.0,0.885931514277096,True
BTCUSDT,trend_ema__directionshort_only_fast21_rsi_threshold52.0_slow55,trend_ema,2026-02-18 12:45:00+00:00,2026-02-18 14:45:00+00:00,short,0.00758016217997406,0.00838016217997406,target,8,0.1998258735299919,1,True,False,False,0.001013683049961656,0.012401942867507629,0,0,0.007460332587864764,67513.5,67571.8,67419.0,67429.8,571.814,2026-02-18 12:59:59.999000+00:00,38597941.2069,19432,245.157,16550617.0801,-0.0012405211779135967,0.0012524561051710673,-0.009888688022370461,0.5866458946376011,0.5477748691099181,0.3815445026178128,0.07068062827226901,0.0022660604065265345,40.008706323500405,-59.11615722656541,-0.0037440709808376385,-0.004200516585902994,-0.001001043697916315,-0.000772265262990568,0.020132681349725578,-0.5925435442723512,221.02742205528673,-0.6121395207414199,0.43297472323953484,-1.0,0.57,-0.012085614617015294,1.2246467991473532e-16,-1.0,2,1.0,0.7820470547149297,True
ETHUSDT,trend_ema__directionshort_only_fast21_rsi_threshold52.0_slow55,trend_ema,2026-02-18 12:45:00+00:00,2026-02-18 13:45:00+00:00,short,0.01035849973087848,0.01115849973087848,target,4,0.292797244184473,1,True,False,False,0.004326519707523085,0.011567372430483065,0,0,0.010008182944886802,1982.82,1985.44,1980.57,1981.49,25154.62,2026-02-18 12:59:59.999000+00:00,49892340.76607,40757,12518.603,24830990.51555,-0.0006760302150348855,0.0006562872552353285,-0.019045433561013854,0.2457456498427911,0.2731006160164055,0.5379876796714691,0.18891170431212534,0.002457746443333107,35.36013779077635,-3.143335731638694,-0.006408011071911023,-0.0074697127156816015,-0.0021874483526898025,-0.0015968671964405878,0.0360490295752934,-0.5733841983324776,8.564591695568417,-0.5564867532510196,0.5219282711160687,-1.0,0.55,-0.023555036490595205,1.2246467991473532e-16,-1.0,2,1.0,0.8871223042009063,True
ETHUSDT,trend_ema__directionboth_fast21_rsi_threshold55.0_slow89,trend_ema,2026-02-18 13:30:00+00:00,2026-02-18 13:45:00+00:00,short,0.009997679578386615,0.010797679578386616,target,1,0.3443237784015264,1,True,False,False,0.001273690325541436,0.012588238727277063,0,0,0.01008645784943193,1984.87,1987.1,1972.2,1974.59,58707.336,2026-02-18 13:44:59.999000+00:00,116184518.9807,87612,27812.962,55051226.62665,-0.005187600819049919,-0.004164335303281463,-0.02323165655591913,-1.7334916687140363,0.6899328859060447,0.14966442953020392,0.1604026845637513,0.007545870281931877,32.78381107992368,-1.9484712547908387,-0.008249685060597823,-0.010152615626846646,-0.0016586526515626199,-0.0014178591554011577,0.03376043100678189,-0.6360031213214155,9.023545173164644,0.1802368139820458,1.1391627037694967,-1.0,0.43,-0.02296387926768928,-0.2588190451025208,-0.9659258262890683,2,1.0,0.8990573036210008,True
ETHUSDT,trend_ema__directionshort_only_fast21_rsi_threshold58.0_slow89,trend_ema,2026-02-18 13:30:00+00:00,2026-02-18 13:45:00+00:00,short,0.009997679578386615,0.010797679578386616,target,1,0.3443237784015264,1,True,False,False,0.001273690325541436,0.012588238727277063,0,0,0.010065361404783958,1984.87,1987.1,1972.2,1974.59,58707.336,2026-02-18 13:44:59.999000+00:00,116184518.9807,87612,27812.962,55051226.62665,-0.005187600819049919,-0.004164335303281463,-0.02323165655591913,-1.7334916687140363,0.6899328859060447,0.14966442953020392,0.1604026845637513,0.007545870281931877,32.78381107992368,-1.9484712547908387,-0.008249685060597823,-0.010152615626846646,-0.0016586526515626199,-0.0014178591554011577,0.03376043100678189,-0.6360031213214155,9.023545173164644,0.1802368139820458,1.1391627037694967,-1.0,0.43,-0.02296387926768928,-0.2588190451025208,-0.9659258262890683,2,1.0,0.8990573036210008,True
ETHUSDT,trend_ema__directionshort_only_fast21_rsi_threshold55.0_slow89,trend_ema,2026-02-18 13:30:00+00:00,2026-02-18 13:45:00+00:00,short,0.009997679578386615,0.010797679578386616,target,1,0.3443237784015264,1,True,False,False,0.001273690325541436,0.012588238727277063,0,0,0.01009294710766601,1984.87,1987.1,1972.2,1974.59,58707.336,2026-02-18 13:44:59.999000+00:00,116184518.9807,87612,27812.962,55051226.62665,-0.005187600819049919,-0.004164335303281463,-0.02323165655591913,-1.7334916687140363,0.6899328859060447,0.14966442953020392,0.1604026845637513,0.007545870281931877,32.78381107992368,-1.9484712547908387,-0.008249685060597823,-0.010152615626846646,-0.0016586526515626199,-0.0014178591554011577,0.03376043100678189,-0.6360031213214155,9.023545173164644,0.1802368139820458,1.1391627037694967,-1.0,0.43,-0.02296387926768928,-0.2588190451025208,-0.9659258262890683,2,1.0,0.8990573036210008,True
ETHUSDT,trend_ema__directionshort_only_fast21_rsi_threshold52.0_slow89,trend_ema,2026-02-18 13:30:00+00:00,2026-02-18 13:45:00+00:00,short,0.009997679578386615,0.010797679578386616,target,1,0.3443237784015264,1,True,False,False,0.001273690325541436,0.012588238727277063,0,0,0.010089702478548969,1984.87,1987.1,1972.2,1974.59,58707.336,2026-02-18 13:44:59.999000+00:00,116184518.9807,87612,27812.962,55051226.62665,-0.005187600819049919,-0.004164335303281463,-0.02323165655591913,-1.7334916687140363,0.6899328859060447,0.14966442953020392,0.1604026845637513,0.007545870281931877,32.78381107992368,-1.9484712547908387,-0.008249685060597823,-0.010152615626846646,-0.0016586526515626199,-0.0014178591554011577,0.03376043100678189,-0.6360031213214155,9.023545173164644,0.1802368139820458,1.1391627037694967,-1.0,0.43,-0.02296387926768928,-0.2588190451025208,-0.9659258262890683,2,1.0,0.8990573036210008,True
ETHUSDT,trend_ema__directionshort_only_fast9_rsi_threshold55.0_slow89,trend_ema,2026-02-19 10:15:00+00:00,2026-02-19 12:00:00+00:00,short,0.008962851017305958,0.009762851017305958,target,7,0.1344394078918738,1,True,False,False,0.00153954390868556,0.010574232445299321,0,0,0.010096191736783052,1965.0,1967.73,1964.0,1965.0,15379.957,2026-02-19 10:29:59.999000+00:00,30235410.94264,35024,7942.116,15613874.05705,0.0,-0.005759463825654007,-0.007705604385052723,-2.8993774375500303,0.0,0.731903485254693,0.268096514745307,0.0018982188295165487,43.27802960540631,-1.92743613415871,-0.0030750053868806478,-0.0021783238417738037,-0.0011821706643937446,-0.00012036933592773913,0.013288997619984293,-0.6767987576881874,7.390846298077014,-0.8931421020654299,0.5501885857735738,1.0,0.1,-0.008957211160200873,0.49999999999999994,-0.8660254037844387,3,1.0,0.7381794798500313,True
ETHUSDT,trend_ema__directionshort_only_fast12_rsi_threshold55.0_slow89,trend_ema,2026-02-19 10:30:00+00:00,2026-02-19 11:45:00+00:00,short,0.00860447515704848,0.00940447515704848,target,5,0.1317353100934014,1,True,False,False,0.001050916412226368,0.009469692116557122,0,0,0.009995953509792026,1965.01,1966.78,1961.64,1965.1,15387.019,2026-02-19 10:44:59.999000+00:00,30220912.25662,39001,7587.661,14902899.53786,5.0889290359756794e-05,-0.003996887042131987,-0.006992946835922277,-2.0209984645378842,0.017509727626443653,0.32684824902725784,0.6556420233462985,0.002615642969823354,43.41323449532993,-1.8533821822798011,-0.0027359646333081707,-0.002043900486082044,-0.0009658245018956402,-0.00033960508164643244,0.01344503581137251,-0.6569812774087028,7.2300715625000755,-0.9119636579367651,0.5477616548768001,1.0,0.1,-0.008906776412677342,0.49999999999999994,-0.8660254037844387,3,1.0,0.7210291993462884,True
ETHUSDT,trend_ema__directionboth_fast12_rsi_threshold52.0_slow89,trend_ema,2026-02-19 10:30:00+00:00,2026-02-19 11:45:00+00:00,short,0.00860447515704848,0.00940447515704848,target,5,0.1317353100934014,1,True,False,False,0.001050916412226368,0.009469692116557122,0,0,0.009548399426375483,1965.01,1966.78,1961.64,1965.1,15387.019,2026-02-19 10:44:59.999000+00:00,30220912.25662,39001,7587.661,14902899.53786,5.0889290359756794e-05,-0.003996887042131987,-0.006992946835922277,-2.0209984645378842,0.017509727626443653,0.32684824902725784,0.6556420233462985,0.002615642969823354,43.41323449532993,-1.8533821822798011,-0.0027359646333081707,-0.002043900486082044,-0.0009658245018956402,-0.00033960508164643244,0.01344503581137251,-0.6569812774087028,7.2300715625000755,-0.9119636579367651,0.5477616548768001,1.0,0.1,-0.008906776412677342,0.49999999999999994,-0.8660254037844387,3,1.0,0.7230194611863867,True
ETHUSDT,trend_ema__directionshort_only_fast12_rsi_threshold52.0_slow89,trend_ema,2026-02-19 10:30:00+00:00,2026-02-19 11:45:00+00:00,short,0.00860447515704848,0.00940447515704848,target,5,0.1317353100934014,1,True,False,False,0.001050916412226368,0.009469692116557122,0,0,0.009723801883758484,1965.01,1966.78,1961.64,1965.1,15387.019,2026-02-19 10:44:59.999000+00:00,30220912.25662,39001,7587.661,14902899.53786,5.0889290359756794e-05,-0.003996887042131987,-0.006992946835922277,-2.0209984645378842,0.017509727626443653,0.32684824902725784,0.6556420233462985,0.002615642969823354,43.41323449532993,-1.8533821822798011,-0.0027359646333081707,-0.002043900486082044,-0.0009658245018956402,-0.00033960508164643244,0.01344503581137251,-0.6569812774087028,7.2300715625000755,-0.9119636579367651,0.5477616548768001,1.0,0.1,-0.008906776412677342,0.49999999999999994,-0.8660254037844387,3,1.0,0.7230194611863867,True
HYPEUSDT,trend_ema__directionboth_fast12_rsi_threshold55.0_slow89,trend_ema,2026-02-19 10:30:00+00:00,2026-02-19 12:45:00+00:00,short,0.014316640626591944,0.015116640626591944,target,9,0.16292286371504802,1,True,False,False,0.00042948183696583274,0.02014571159862799,0,0,0.014051520975633985,28.631,28.639,28.454,28.585,54811.98,2026-02-19 10:44:59.999000+00:00,1564235.61677,11155,24037.7,686170.21287,-0.0016079421808933726,-0.007041791630444681,-0.002864530708836651,-1.595094317136595,0.248648648648647,0.04324324324323878,0.7081081081081142,0.0064719258352282216,41.8538568142476,-0.05168436809271963,-0.00713784025694552,-0.0062309303556389705,-0.0019011839371817496,-0.0007277816944002424,0.024310883387598528,-0.73164225797069,0.17394614349402138,-0.15312065349694903,0.893809266231604,1.0,0.7,-0.02052494517543857,0.49999999999999994,-0.8660254037844387,3,1.0,0.8387410689620873,True
HYPEUSDT,trend_ema__directionshort_only_fast12_rsi_threshold55.0_slow89,trend_ema,2026-02-19 10:30:00+00:00,2026-02-19 12:45:00+00:00,short,0.014316640626591944,0.015116640626591944,target,9,0.16292286371504802,1,True,False,False,0.00042948183696583274,0.02014571159862799,0,0,0.014022611327408141,28.631,28.639,28.454,28.585,54811.98,2026-02-19 10:44:59.999000+00:00,1564235.61677,11155,24037.7,686170.21287,-0.0016079421808933726,-0.007041791630444681,-0.002864530708836651,-1.595094317136595,0.248648648648647,0.04324324324323878,0.7081081081081142,0.0064719258352282216,41.8538568142476,-0.05168436809271963,-0.00713784025694552,-0.0062309303556389705,-0.0019011839371817496,-0.0007277816944002424,0.024310883387598528,-0.73164225797069,0.17394614349402138,-0.15312065349694903,0.893809266231604,1.0,0.7,-0.02052494517543857,0.49999999999999994,-0.8660254037844387,3,1.0,0.8387410689620873,True
HYPEUSDT,trend_ema__directionshort_only_fast12_rsi_threshold52.0_slow89,trend_ema,2026-02-19 10:30:00+00:00,2026-02-19 12:45:00+00:00,short,0.014316640626591944,0.015116640626591944,target,9,0.16292286371504802,1,True,False,False,0.00042948183696583274,0.02014571159862799,0,0,0.014021169445707018,28.631,28.639,28.454,28.585,54811.98,2026-02-19 10:44:59.999000+00:00,1564235.61677,11155,24037.7,686170.21287,-0.0016079421808933726,-0.007041791630444681,-0.002864530708836651,-1.595094317136595,0.248648648648647,0.04324324324323878,0.7081081081081142,0.0064719258352282216,41.8538568142476,-0.05168436809271963,-0.00713784025694552,-0.0062309303556389705,-0.0019011839371817496,-0.0007277816944002424,0.024310883387598528,-0.73164225797069,0.17394614349402138,-0.15312065349694903,0.893809266231604,1.0,0.7,-0.02052494517543857,0.49999999999999994,-0.8660254037844387,3,1.0,0.8387410689620873,True
ETHUSDT,trend_ema__directionboth_fast12_rsi_threshold55.0_slow89,trend_ema,2026-02-19 10:30:00+00:00,2026-02-19 11:45:00+00:00,short,0.00860447515704848,0.00940447515704848,target,5,0.1317353100934014,1,True,False,False,0.001050916412226368,0.009469692116557122,0,0,0.009859877696775255,1965.01,1966.78,1961.64,1965.1,15387.019,2026-02-19 10:44:59.999000+00:00,30220912.25662,39001,7587.661,14902899.53786,5.0889290359756794e-05,-0.003996887042131987,-0.006992946835922277,-2.0209984645378842,0.017509727626443653,0.32684824902725784,0.6556420233462985,0.002615642969823354,43.41323449532993,-1.8533821822798011,-0.0027359646333081707,-0.002043900486082044,-0.0009658245018956402,-0.00033960508164643244,0.01344503581137251,-0.6569812774087028,7.2300715625000755,-0.9119636579367651,0.5477616548768001,1.0,0.1,-0.008906776412677342,0.49999999999999994,-0.8660254037844387,3,1.0,0.7230194611863867,True
HYPEUSDT,trend_ema__directionboth_fast12_rsi_threshold52.0_slow89,trend_ema,2026-02-19 10:30:00+00:00,2026-02-19 12:45:00+00:00,short,0.014316640626591944,0.015116640626591944,target,9,0.16292286371504802,1,True,False,False,0.00042948183696583274,0.02014571159862799,0,0,0.014019727564005897,28.631,28.639,28.454,28.585,54811.98,2026-02-19 10:44:59.999000+00:00,1564235.61677,11155,24037.7,686170.21287,-0.0016079421808933726,-0.007041791630444681,-0.002864530708836651,-1.595094317136595,0.248648648648647,0.04324324324323878,0.7081081081081142,0.0064719258352282216,41.8538568142476,-0.05168436809271963,-0.00713784025694552,-0.0062309303556389705,-0.0019011839371817496,-0.0007277816944002424,0.024310883387598528,-0.73164225797069,0.17394614349402138,-0.15312065349694903,0.893809266231604,1.0,0.7,-0.02052494517543857,0.49999999999999994,-0.8660254037844387,3,1.0,0.8387410689620873,True
HYPEUSDT,trend_ema__directionshort_only_fast21_rsi_threshold58.0_slow55,trend_ema,2026-02-19 11:15:00+00:00,2026-02-19 13:45:00+00:00,short,0.014893714093765222,0.015693714093765222,target,10,0.2961567935038434,1,True,False,False,0.003211921720695219,0.017658264898507456,0,0,0.014080430623859833,28.418,28.471,28.346,28.372,102697.63,2026-02-19 11:29:59.999000+00:00,2916650.47098,8956,32416.61,920797.76263,-0.0016200038760432183,-0.009087303556987747,-0.01805815648591769,-2.0720599882872013,0.367999999999995,0.4240000000000066,0.2079999999999984,0.004405752150007049,35.19216032480783,-0.07094425895311902,-0.011298174135760716,-0.012413503459939624,-0.003351392869410663,-0.0018026814130767121,0.03199406865089214,-0.931771281824291,0.17455491153657618,0.7443479597207728,1.5174155377096388,-1.0,0.67,-0.027823464912280715,0.258819045102521,-0.9659258262890682,3,1.0,0.8928092237901614,True
HYPEUSDT,trend_ema__directionshort_only_fast21_rsi_threshold52.0_slow55,trend_ema,2026-02-19 11:15:00+00:00,2026-02-19 13:45:00+00:00,short,0.014893714093765222,0.015693714093765222,target,10,0.2961567935038434,1,True,False,False,0.003211921720695219,0.017658264898507456,0,0,0.014253664613746182,28.418,28.471,28.346,28.372,102697.63,2026-02-19 11:29:59.999000+00:00,2916650.47098,8956,32416.61,920797.76263,-0.0016200038760432183,-0.009087303556987747,-0.01805815648591769,-2.0720599882872013,0.367999999999995,0.4240000000000066,0.2079999999999984,0.004405752150007049,35.19216032480783,-0.07094425895311902,-0.011298174135760716,-0.012413503459939624,-0.003351392869410663,-0.0018026814130767121,0.03199406865089214,-0.931771281824291,0.17455491153657618,0.7443479597207728,1.5174155377096388,-1.0,0.67,-0.027823464912280715,0.258819045102521,-0.9659258262890682,3,1.0,0.8928092237901614,True
HYPEUSDT,trend_ema__directionshort_only_fast21_rsi_threshold55.0_slow55,trend_ema,2026-02-19 11:15:00+00:00,2026-02-19 13:45:00+00:00,short,0.014893714093765222,0.015693714093765222,target,10,0.2961567935038434,1,True,False,False,0.003211921720695219,0.017658264898507456,0,0,0.014167047618803006,28.418,28.471,28.346,28.372,102697.63,2026-02-19 11:29:59.999000+00:00,2916650.47098,8956,32416.61,920797.76263,-0.0016200038760432183,-0.009087303556987747,-0.01805815648591769,-2.0720599882872013,0.367999999999995,0.4240000000000066,0.2079999999999984,0.004405752150007049,35.19216032480783,-0.07094425895311902,-0.011298174135760716,-0.012413503459939624,-0.003351392869410663,-0.0018026814130767121,0.03199406865089214,-0.931771281824291,0.17455491153657618,0.7443479597207728,1.5174155377096388,-1.0,0.67,-0.027823464912280715,0.258819045102521,-0.9659258262890682,3,1.0,0.8928092237901614,True
ETHUSDT,trend_ema__directionshort_only_fast21_rsi_threshold52.0_slow55,trend_ema,2026-02-19 11:30:00+00:00,2026-02-19 13:00:00+00:00,short,0.008162635683056155,0.008962635683056155,target,6,0.2643654377044386,1,True,False,False,0.0004919925242872612,0.013850332233356147,0,0,0.008763807826120894,1959.53,1960.2,1953.96,1956.01,30980.511,2026-02-19 11:44:59.999000+00:00,60610223.06876,51333,11743.331,22977209.91661,-0.0017928612168455955,-0.004636450537589791,-0.012977729206765612,-2.453131381678971,0.5641025641025603,0.10737179487180637,0.32852564102563325,0.00319016773942874,36.78172811477807,-2.026783446373124,-0.005486176185480564,-0.005954679361422911,-0.0013325809253220688,-0.0008241558521153713,0.017493121290713756,-0.8481267105632875,6.967969957740641,0.18716488357560238,1.087108746085169,-1.0,0.11,-0.013491294962577394,0.258819045102521,-0.9659258262890682,3,1.0,0.8689799624112724,True
ETHUSDT,trend_ema__directionshort_only_fast21_rsi_threshold55.0_slow55,trend_ema,2026-02-19 11:30:00+00:00,2026-02-19 13:00:00+00:00,short,0.008162635683056155,0.008962635683056155,target,6,0.2643654377044386,1,True,False,False,0.0004919925242872612,0.013850332233356147,0,0,0.008580303436587848,1959.53,1960.2,1953.96,1956.01,30980.511,2026-02-19 11:44:59.999000+00:00,60610223.06876,51333,11743.331,22977209.91661,-0.0017928612168455955,-0.004636450537589791,-0.012977729206765612,-2.453131381678971,0.5641025641025603,0.10737179487180637,0.32852564102563325,0.00319016773942874,36.78172811477807,-2.026783446373124,-0.005486176185480564,-0.005954679361422911,-0.0013325809253220688,-0.0008241558521153713,0.017493121290713756,-0.8481267105632875,6.967969957740641,0.18716488357560238,1.087108746085169,-1.0,0.11,-0.013491294962577394,0.258819045102521,-0.9659258262890682,3,1.0,0.8689799624112724,True
ETHUSDT,trend_ema__directionshort_only_fast21_rsi_threshold58.0_slow55,trend_ema,2026-02-19 11:30:00+00:00,2026-02-19 13:00:00+00:00,short,0.008162635683056155,0.008962635683056155,target,6,0.2643654377044386,1,True,False,False,0.0004919925242872612,0.013850332233356147,0,0,0.008500281903162868,1959.53,1960.2,1953.96,1956.01,30980.511,2026-02-19 11:44:59.999000+00:00,60610223.06876,51333,11743.331,22977209.91661,-0.0017928612168455955,-0.004636450537589791,-0.012977729206765612,-2.453131381678971,0.5641025641025603,0.10737179487180637,0.32852564102563325,0.00319016773942874,36.78172811477807,-2.026783446373124,-0.005486176185480564,-0.005954679361422911,-0.0013325809253220688,-0.0008241558521153713,0.017493121290713756,-0.8481267105632875,6.967969957740641,0.18716488357560238,1.087108746085169,-1.0,0.11,-0.013491294962577394,0.258819045102521,-0.9659258262890682,3,1.0,0.8689799624112724,True
BTCUSDT,trend_ema__directionshort_only_fast21_rsi_threshold55.0_slow55,trend_ema,2026-02-19 12:00:00+00:00,2026-02-19 13:30:00+00:00,short,0.005751337106335842,0.006551337106335842,target,6,0.2512274843879807,1,True,False,False,0.00295928051918699,0.008629849227883768,0,0,0.006865185826478269,66468.8,66551.3,66272.4,66538.9,2781.179,2026-02-19 12:14:59.999000+00:00,184711143.9191,63382,1197.892,79581317.6378,0.001052569946465907,-0.005244800024057276,-0.007463933561518639,-3.3769312006059673,0.251344567945461,0.04446038006456918,0.7041950519899698,0.004191533073134794,37.438625780600965,-58.24390810203622,-0.0041830508421769426,-0.004599553073754335,-0.001424726029443768,-0.0006080402900939808,0.011762352075578271,-0.9191041809390766,181.6392731440339,2.6339211889286216,2.7030496037450855,-1.0,0.28,-0.009591669358307908,1.2246467991473532e-16,-1.0,3,1.0,0.7698156145900681,True
BTCUSDT,trend_ema__directionshort_only_fast21_rsi_threshold52.0_slow55,trend_ema,2026-02-19 12:00:00+00:00,2026-02-19 13:30:00+00:00,short,0.005751337106335842,0.006551337106335842,target,6,0.2512274843879807,1,True,False,False,0.00295928051918699,0.008629849227883768,0,0,0.006690876329833726,66468.8,66551.3,66272.4,66538.9,2781.179,2026-02-19 12:14:59.999000+00:00,184711143.9191,63382,1197.892,79581317.6378,0.001052569946465907,-0.005244800024057276,-0.007463933561518639,-3.3769312006059673,0.251344567945461,0.04446038006456918,0.7041950519899698,0.004191533073134794,37.438625780600965,-58.24390810203622,-0.0041830508421769426,-0.004599553073754335,-0.001424726029443768,-0.0006080402900939808,0.011762352075578271,-0.9191041809390766,181.6392731440339,2.6339211889286216,2.7030496037450855,-1.0,0.28,-0.009591669358307908,1.2246467991473532e-16,-1.0,3,1.0,0.7726024495745863,True
BTCUSDT,trend_ema__directionshort_only_fast21_rsi_threshold58.0_slow55,trend_ema,2026-02-19 12:00:00+00:00,2026-02-19 13:30:00+00:00,short,0.005751337106335842,0.006551337106335842,target,6,0.2512274843879807,1,True,False,False,0.00295928051918699,0.008629849227883768,0,0,0.006516566833189184,66468.8,66551.3,66272.4,66538.9,2781.179,2026-02-19 12:14:59.999000+00:00,184711143.9191,63382,1197.892,79581317.6378,0.001052569946465907,-0.005244800024057276,-0.007463933561518639,-3.3769312006059673,0.251344567945461,0.04446038006456918,0.7041950519899698,0.004191533073134794,37.438625780600965,-58.24390810203622,-0.0041830508421769426,-0.004599553073754335,-0.001424726029443768,-0.0006080402900939808,0.011762352075578271,-0.9191041809390766,181.6392731440339,2.6339211889286216,2.7030496037450855,-1.0,0.28,-0.009591669358307908,1.2246467991473532e-16,-1.0,3,1.0,0.7726024495745863,True
ZECUSDT,trend_ema__directionlong_only_fast9_rsi_threshold58.0_slow55,trend_ema,2026-02-19 19:15:00+00:00,2026-02-20 05:30:00+00:00,long,0.020508989426749415,0.021308989426749414,target,41,0.15814887807648845,1,True,False,False,0.005762822279476565,0.022988688716474012,0,0,0.000241469903126678,261.86,262.13,261.04,261.43,8790.316,2026-02-19 19:29:59.999000+00:00,2298580.61768,13964,4426.216,1157459.38091,-0.0016434485535097903,0.001914389128966888,0.00941572260540327,0.4423704255914417,0.394495412844052,0.24770642201833762,0.35779816513761037,0.004169376123627644,57.90744390382442,0.31875125092373957,0.005371903597769482,0.004027051006415404,0.0022466946711563462,0.0010320404606296574,0.01964853108453687,0.6232549707370884,2.1507290449170253,-0.8051134733308624,0.4994616112917903,-1.0,0.45,-0.0016802230114179029,-0.9659258262890684,0.2588190451025203,3,2.0,0.7145411888753423,True
ZECUSDT,trend_ema__directionlong_only_fast12_rsi_threshold58.0_slow55,trend_ema,2026-02-19 20:00:00+00:00,2026-02-20 07:45:00+00:00,long,-0.013045771317853122,-0.012245771317853121,stop,47,0.23955007610823828,0,False,True,False,0.01515532548537178,0.01778046362954372,0,0,0.004177673010246186,263.2,263.71,262.52,262.79,6012.127,2026-02-19 20:14:59.999000+00:00,1581943.94318,13330,3209.583,844527.07587,-0.0015209706723134126,0.0035452243364814755,0.014836100458779223,0.9377113784637949,0.3445378151260243,0.4285714285714217,0.22689075630255393,0.004528330606187441,61.977503805411914,0.3269139505631721,0.008095909452164969,0.008288228190087683,0.0024491921399480976,0.0013062321417545153,0.023691505931329442,0.7955881923680579,2.0805436267065267,-0.9364128809190084,0.36116414176226924,1.0,0.08,-0.0015198145826208487,-0.8660254037844386,0.5000000000000001,3,2.0,0.7870979949525857,True
HYPEUSDT,trend_ema__directionboth_fast12_rsi_threshold58.0_slow89,trend_ema,2026-02-19 20:15:00+00:00,2026-02-19 21:15:00+00:00,long,0.015861877006930977,0.016661877006930975,target,4,0.16908553026460296,1,True,False,False,0.0028961497307929325,0.02234082542244384,0,0,0.0062229053318938144,28.763,28.776,28.69,28.709,28388.12,2026-02-19 20:29:59.999000+00:00,815507.90665,8035,11333.99,325592.43367,-0.0019139427832045948,0.0037340170062992646,0.011455521044697062,1.246769601678707,0.6279069767442206,0.1511627906976552,0.22093023255812416,0.002995576300114895,58.45427651323015,0.02454781379522558,0.005067056314640452,0.006544452315073626,0.0018820798275176465,0.0012239043254043125,0.022106813585690853,0.5403422770777379,0.18417505478322585,-0.9497646458923834,0.25892483664248034,1.0,0.13,-0.0026056142301278395,-0.8660254037844386,0.5000000000000001,3,2.0,0.7564198760741373,True
HYPEUSDT,trend_ema__directionboth_fast12_rsi_threshold55.0_slow89,trend_ema,2026-02-19 20:15:00+00:00,2026-02-19 21:15:00+00:00,long,0.015861877006930977,0.016661877006930975,target,4,0.16908553026460296,1,True,False,False,0.0028961497307929325,0.02234082542244384,0,0,0.013827826053936712,28.763,28.776,28.69,28.709,28388.12,2026-02-19 20:29:59.999000+00:00,815507.90665,8035,11333.99,325592.43367,-0.0019139427832045948,0.0037340170062992646,0.011455521044697062,1.246769601678707,0.6279069767442206,0.1511627906976552,0.22093023255812416,0.002995576300114895,58.45427651323015,0.02454781379522558,0.005067056314640452,0.006544452315073626,0.0018820798275176465,0.0012239043254043125,0.022106813585690853,0.5403422770777379,0.18417505478322585,-0.9497646458923834,0.25892483664248034,1.0,0.13,-0.0026056142301278395,-0.8660254037844386,0.5000000000000001,3,2.0,0.7583660884342016,True
HYPEUSDT,trend_ema__directionlong_only_fast12_rsi_threshold58.0_slow89,trend_ema,2026-02-19 20:15:00+00:00,2026-02-19 21:15:00+00:00,long,0.015861877006930977,0.016661877006930975,target,4,0.16908553026460296,1,True,False,False,0.0028961497307929325,0.02234082542244384,0,0,0.011292852479922415,28.763,28.776,28.69,28.709,28388.12,2026-02-19 20:29:59.999000+00:00,815507.90665,8035,11333.99,325592.43367,-0.0019139427832045948,0.0037340170062992646,0.011455521044697062,1.246769601678707,0.6279069767442206,0.1511627906976552,0.22093023255812416,0.002995576300114895,58.45427651323015,0.02454781379522558,0.005067056314640452,0.006544452315073626,0.0018820798275176465,0.0012239043254043125,0.022106813585690853,0.5403422770777379,0.18417505478322585,-0.9497646458923834,0.25892483664248034,1.0,0.13,-0.0026056142301278395,-0.8660254037844386,0.5000000000000001,3,2.0,0.7579604913777405,True
HYPEUSDT,trend_ema__directionboth_fast12_rsi_threshold52.0_slow89,trend_ema,2026-02-19 20:15:00+00:00,2026-02-19 21:15:00+00:00,long,0.015861877006930977,0.016661877006930975,target,4,0.16908553026460296,1,True,False,False,0.0028961497307929325,0.02234082542244384,0,0,0.0036879317578795154,28.763,28.776,28.69,28.709,28388.12,2026-02-19 20:29:59.999000+00:00,815507.90665,8035,11333.99,325592.43367,-0.0019139427832045948,0.0037340170062992646,0.011455521044697062,1.246769601678707,0.6279069767442206,0.1511627906976552,0.22093023255812416,0.002995576300114895,58.45427651323015,0.02454781379522558,0.005067056314640452,0.006544452315073626,0.0018820798275176465,0.0012239043254043125,0.022106813585690853,0.5403422770777379,0.18417505478322585,-0.9497646458923834,0.25892483664248034,1.0,0.13,-0.0026056142301278395,-0.8660254037844386,0.5000000000000001,3,2.0,0.7561207601964126,True
HYPEUSDT,trend_ema__directionlong_only_fast12_rsi_threshold55.0_slow89,trend_ema,2026-02-19 20:15:00+00:00,2026-02-19 21:15:00+00:00,long,0.015861877006930977,0.016661877006930975,target,4,0.16908553026460296,1,True,False,False,0.0028961497307929325,0.02234082542244384,0,0,0.008757878905908114,28.763,28.776,28.69,28.709,28388.12,2026-02-19 20:29:59.999000+00:00,815507.90665,8035,11333.99,325592.43367,-0.0019139427832045948,0.0037340170062992646,0.011455521044697062,1.246769601678707,0.6279069767442206,0.1511627906976552,0.22093023255812416,0.002995576300114895,58.45427651323015,0.02454781379522558,0.005067056314640452,0.006544452315073626,0.0018820798275176465,0.0012239043254043125,0.022106813585690853,0.5403422770777379,0.18417505478322585,-0.9497646458923834,0.25892483664248034,1.0,0.13,-0.0026056142301278395,-0.8660254037844386,0.5000000000000001,3,2.0,0.7577208067538981,True
SOLUSDT,trend_ema__directionlong_only_fast12_rsi_threshold55.0_slow89,trend_ema,2026-02-19 20:30:00+00:00,2026-02-20 05:30:00+00:00,long,0.017128186269643027,0.017928186269643025,target,36,0.2184330423689184,1,True,False,False,0.00307565423343043,0.020451662804102853,0,0,0.0056355132089953505,82.02,82.22,81.79,81.96,243908.07,2026-02-19 20:44:59.999000+00:00,20004996.392,17456,69007.15,5661160.5815,-0.0007317965932142287,0.005137625979591613,0.017104951581594467,1.4190209180638227,0.13953488372093792,0.46511627906978203,0.39534883720928005,0.005246461688628509,60.92165211844592,0.10282336608243242,0.006670886739411847,0.008257034129458017,0.0024435111092575568,0.001638010118772515,0.03015142682437544,0.5895221150462674,0.5769707230872363,-0.5862153869004962,0.7257610149420372,1.0,0.8,-0.000731528895391409,-0.8660254037844386,0.5000000000000001,3,2.0,0.7725225049705073,True
SOLUSDT,trend_ema__directionlong_only_fast12_rsi_threshold58.0_slow89,trend_ema,2026-02-19 20:30:00+00:00,2026-02-20 05:30:00+00:00,long,0.017128186269643027,0.017928186269643025,target,36,0.2184330423689184,1,True,False,False,0.00307565423343043,0.020451662804102853,0,0,0.015291091715503241,82.02,82.22,81.79,81.96,243908.07,2026-02-19 20:44:59.999000+00:00,20004996.392,17456,69007.15,5661160.5815,-0.0007317965932142287,0.005137625979591613,0.017104951581594467,1.4190209180638227,0.13953488372093792,0.46511627906978203,0.39534883720928005,0.005246461688628509,60.92165211844592,0.10282336608243242,0.006670886739411847,0.008257034129458017,0.0024435111092575568,0.001638010118772515,0.03015142682437544,0.5895221150462674,0.5769707230872363,-0.5862153869004962,0.7257610149420372,1.0,0.8,-0.000731528895391409,-0.8660254037844386,0.5000000000000001,3,2.0,0.7718822715658992,True
SOLUSDT,trend_ema__directionboth_fast12_rsi_threshold55.0_slow89,trend_ema,2026-02-19 20:30:00+00:00,2026-02-20 05:30:00+00:00,long,0.017128186269643027,0.017928186269643025,target,36,0.2184330423689184,1,True,False,False,0.00307565423343043,0.020451662804102853,0,0,0.012854956600672702,82.02,82.22,81.79,81.96,243908.07,2026-02-19 20:44:59.999000+00:00,20004996.392,17456,69007.15,5661160.5815,-0.0007317965932142287,0.005137625979591613,0.017104951581594467,1.4190209180638227,0.13953488372093792,0.46511627906978203,0.39534883720928005,0.005246461688628509,60.92165211844592,0.10282336608243242,0.006670886739411847,0.008257034129458017,0.0024435111092575568,0.001638010118772515,0.03015142682437544,0.5895221150462674,0.5769707230872363,-0.5862153869004962,0.7257610149420372,1.0,0.8,-0.000731528895391409,-0.8660254037844386,0.5000000000000001,3,2.0,0.7705954450578459,True
SOLUSDT,trend_ema__directionboth_fast12_rsi_threshold58.0_slow89,trend_ema,2026-02-19 20:30:00+00:00,2026-02-20 05:30:00+00:00,long,0.017128186269643027,0.017928186269643025,target,36,0.2184330423689184,1,True,False,False,0.00307565423343043,0.020451662804102853,0,0,0.007998499847097612,82.02,82.22,81.79,81.96,243908.07,2026-02-19 20:44:59.999000+00:00,20004996.392,17456,69007.15,5661160.5815,-0.0007317965932142287,0.005137625979591613,0.017104951581594467,1.4190209180638227,0.13953488372093792,0.46511627906978203,0.39534883720928005,0.005246461688628509,60.92165211844592,0.10282336608243242,0.006670886739411847,0.008257034129458017,0.0024435111092575568,0.001638010118772515,0.03015142682437544,0.5895221150462674,0.5769707230872363,-0.5862153869004962,0.7257610149420372,1.0,0.8,-0.000731528895391409,-0.8660254037844386,0.5000000000000001,3,2.0,0.7723484735379448,True
SOLUSDT,trend_ema__directionboth_fast12_rsi_threshold52.0_slow89,trend_ema,2026-02-19 20:30:00+00:00,2026-02-20 05:30:00+00:00,long,0.017128186269643027,0.017928186269643025,target,36,0.2184330423689184,1,True,False,False,0.00307565423343043,0.020451662804102853,0,0,0.010413858382090083,82.02,82.22,81.79,81.96,243908.07,2026-02-19 20:44:59.999000+00:00,20004996.392,17456,69007.15,5661160.5815,-0.0007317965932142287,0.005137625979591613,0.017104951581594467,1.4190209180638227,0.13953488372093792,0.46511627906978203,0.39534883720928005,0.005246461688628509,60.92165211844592,0.10282336608243242,0.006670886739411847,0.008257034129458017,0.0024435111092575568,0.001638010118772515,0.03015142682437544,0.5895221150462674,0.5769707230872363,-0.5862153869004962,0.7257610149420372,1.0,0.8,-0.000731528895391409,-0.8660254037844386,0.5000000000000001,3,2.0,0.7720542752257664,True
BTCUSDT,trend_ema__directionboth_fast21_rsi_threshold55.0_slow89,trend_ema,2026-02-19 20:45:00+00:00,2026-02-20 05:30:00+00:00,long,0.010872107738689027,0.011672107738689028,target,35,0.24523065845246633,1,True,False,False,0.004630903018993732,0.014969223994640485,0,0,0.012590360334365003,66918.1,67147.8,66918.1,67118.7,1543.283,2026-02-19 20:59:59.999000+00:00,103536689.2997,44219,1042.87,69964910.6432,0.0029932100702151406,0.001428341637303775,0.012761603713572262,0.5649997608916838,0.8733130169786408,0.1266869830213591,0.0,0.00342229512788533,62.26153292262332,35.49666103252599,0.005174651934015222,0.006652267006659499,0.00113723231665519,0.0010402883259610363,0.018522212994281494,0.671727566990968,306.5643326877368,-0.7884538252387404,0.5573537857143157,1.0,0.76,0.0,-0.8660254037844386,0.5000000000000001,3,2.0,0.8417734685037501,True
HYPEUSDT,trend_ema__directionboth_fast21_rsi_threshold55.0_slow89,trend_ema,2026-02-19 21:00:00+00:00,2026-02-20 01:00:00+00:00,long,0.015717070681460256,0.016517070681460255,target,16,0.39598969238369874,1,True,False,False,0.0077264251646311085,0.019066648837448488,0,0,0.016322634402413567,29.033,29.119,28.957,29.072,58373.77,2026-02-19 21:14:59.999000+00:00,1696469.35717,12305,26207.86,761609.91758,0.001273512829802151,0.010650906413567815,0.023104716013028544,3.1048747546173328,0.24074074074072938,0.29012345679012885,0.46913580246914177,0.0055723720418271545,69.79948461918494,0.0453042477029626,0.013932213556792345,0.017257361887631238,0.003621149334397167,0.002353210994503696,0.028594903745968455,1.0868680892931375,0.18971304495581154,-0.5789725275476395,0.5358574572544574,1.0,0.23,0.0,-0.7071067811865477,0.7071067811865474,3,2.0,0.8176934778499328,True
SOLUSDT,trend_ema__directionboth_fast21_rsi_threshold55.0_slow89,trend_ema,2026-02-19 21:45:00+00:00,2026-02-20 00:15:00+00:00,long,0.014650203158789456,0.015450203158789456,target,10,0.2031228623234597,1,True,False,False,0.002465291388497739,0.0175195231988815,0,0,0.01771185857131545,82.05,82.1,81.94,82.02,59824.25,2026-02-19 21:59:59.999000+00:00,4907008.8797,7371,22636.85,1856790.3262,-0.0003656975721867231,-0.00048756705012689445,0.019700218494785152,-0.14782742297719317,0.1875000000000111,0.3124999999999889,0.5,0.0019507437210436063,60.156143116172984,0.028672990505892948,0.004660401361810977,0.0074370159029107045,0.0014783323049778474,0.0015595152440661675,0.02340644692764768,0.43295749715927423,0.4823551769486477,-1.3742560099869034,0.2090788278162491,1.0,0.75,-0.0004874482086278942,-0.7071067811865477,0.7071067811865474,3,2.0,0.7727203052798891,True
ZECUSDT,trend_ema__directionboth_fast12_rsi_threshold58.0_slow89,trend_ema,2026-02-20 07:45:00+00:00,2026-02-20 09:15:00+00:00,short,-0.010625200430603516,-0.009825200430603516,stop,6,0.27893038597161407,0,False,True,False,0.012314319419005982,0.008303781327927319,0,0,0.022677519706307516,261.46,262.26,259.25,260.57,20507.368,2026-02-20 07:59:59.999000+00:00,5341653.8686,22732,7389.976,1925788.88892,-0.0034097690259195642,-0.013872702377683482,-0.009738662773007197,-4.085547075850926,0.29568106312292,0.26578073089701454,0.4385382059800655,0.011551598418850947,36.053480701419296,-0.39065199190208444,-0.010594977175081354,-0.009885077825613044,-0.0023094997944428375,-0.0006108621449795182,0.017257075891988917,-1.2943478404028432,1.805030971935647,2.1870871920980095,2.4992767701127643,1.0,0.08,-0.018161950337239552,0.9659258262890683,-0.25881904510252063,4,0.0,0.8876908829186169,True
XRPUSDT,trend_ema__directionshort_only_fast12_rsi_threshold55.0_slow89,trend_ema,2026-02-20 12:00:00+00:00,2026-02-20 13:30:00+00:00,short,0.009248153882721509,0.01004815388272151,target,6,0.23966032487002806,1,True,False,False,0.0029266348950063898,0.019927020943802245,0,0,0.0010108483055403079,1.4048,1.4073,1.4025,1.4069,5011998.0,2026-02-20 12:14:59.999000+00:00,7044006.30728,15662,2579858.9,3625873.73632,0.0015649455463032868,-0.006729738854581162,-0.008493221130100082,-2.7745976756868207,0.4375000000000058,0.08333333333332563,0.4791666666666686,0.0034117563437343914,38.0169837564986,-0.00215705045601543,-0.006095889108031349,-0.0058469114921904835,-0.0025045888895144364,-0.000967139018365204,0.01774899836521788,-0.8655100540847379,0.005585025141628397,0.19239754978902684,1.1354322286726444,1.0,0.13,-0.013324917595904262,1.2246467991473532e-16,-1.0,4,1.0,0.7726816065177429,True
XRPUSDT,trend_ema__directionboth_fast12_rsi_threshold55.0_slow89,trend_ema,2026-02-20 12:00:00+00:00,2026-02-20 13:30:00+00:00,short,0.009248153882721509,0.01004815388272151,target,6,0.23966032487002806,1,True,False,False,0.0029266348950063898,0.019927020943802245,0,0,0.004305770536412788,1.4048,1.4073,1.4025,1.4069,5011998.0,2026-02-20 12:14:59.999000+00:00,7044006.30728,15662,2579858.9,3625873.73632,0.0015649455463032868,-0.006729738854581162,-0.008493221130100082,-2.7745976756868207,0.4375000000000058,0.08333333333332563,0.4791666666666686,0.0034117563437343914,38.0169837564986,-0.00215705045601543,-0.006095889108031349,-0.0058469114921904835,-0.0025045888895144364,-0.000967139018365204,0.01774899836521788,-0.8655100540847379,0.005585025141628397,0.19239754978902684,1.1354322286726444,1.0,0.13,-0.013324917595904262,1.2246467991473532e-16,-1.0,4,1.0,0.7809000203457099,True
XRPUSDT,trend_ema__directionboth_fast9_rsi_threshold58.0_slow89,trend_ema,2026-02-20 12:00:00+00:00,2026-02-20 13:30:00+00:00,short,0.009248153882721509,0.01004815388272151,target,6,0.23966032487002806,1,True,False,False,0.0029266348950063898,0.019927020943802245,0,0,0.002658309420976548,1.4048,1.4073,1.4025,1.4069,5011998.0,2026-02-20 12:14:59.999000+00:00,7044006.30728,15662,2579858.9,3625873.73632,0.0015649455463032868,-0.006729738854581162,-0.008493221130100082,-2.7745976756868207,0.4375000000000058,0.08333333333332563,0.4791666666666686,0.0034117563437343914,38.0169837564986,-0.00215705045601543,-0.006095889108031349,-0.0058469114921904835,-0.0025045888895144364,-0.000967139018365204,0.01774899836521788,-0.8655100540847379,0.005585025141628397,0.19239754978902684,1.1354322286726444,1.0,0.13,-0.013324917595904262,1.2246467991473532e-16,-1.0,4,1.0,0.7787711602875635,True
XRPUSDT,trend_ema__directionshort_only_fast21_rsi_threshold55.0_slow55,trend_ema,2026-02-20 12:30:00+00:00,2026-02-20 13:30:00+00:00,short,0.009068403776964013,0.009868403776964014,target,4,0.2991651281271481,1,True,False,False,0.003140859167322887,0.019717678192846835,0,0,0.009212203861570008,1.4045,1.4071,1.4038,1.4038,2640640.3,2026-02-20 12:44:59.999000+00:00,3711580.62846,10840,1356672.2,1906966.76021,-0.00042731999795618596,-0.00021368282427539927,-0.00801735466200464,-0.08801918326675874,0.21212121212125087,0.7878787878787491,0.0,0.0023507622168400634,35.04174359364259,-0.0021792445546846935,-0.006845602114277926,-0.007463833265398258,-0.002096345027078117,-0.0014861643391450574,0.021198603283321387,-0.8277265563813083,0.0053830063721183605,-0.5982044924006495,0.5885949790039232,-1.0,0.14,-0.015498983098394037,1.2246467991473532e-16,-1.0,4,1.0,0.8670110304718555,True
XRPUSDT,trend_ema__directionshort_only_fast21_rsi_threshold55.0_slow89,trend_ema,2026-02-20 12:30:00+00:00,2026-02-20 13:30:00+00:00,short,0.009068403776964013,0.009868403776964014,target,4,0.2991651281271481,1,True,False,False,0.003140859167322887,0.019717678192846835,0,0,0.0059532316518490285,1.4045,1.4071,1.4038,1.4038,2640640.3,2026-02-20 12:44:59.999000+00:00,3711580.62846,10840,1356672.2,1906966.76021,-0.00042731999795618596,-0.00021368282427539927,-0.00801735466200464,-0.08801918326675874,0.21212121212125087,0.7878787878787491,0.0,0.0023507622168400634,35.04174359364259,-0.0021792445546846935,-0.006845602114277926,-0.007463833265398258,-0.002096345027078117,-0.0014861643391450574,0.021198603283321387,-0.8277265563813083,0.0053830063721183605,-0.5982044924006495,0.5885949790039232,-1.0,0.14,-0.015498983098394037,1.2246467991473532e-16,-1.0,4,1.0,0.8622286533756229,True
XRPUSDT,trend_ema__directionboth_fast21_rsi_threshold55.0_slow89,trend_ema,2026-02-20 12:30:00+00:00,2026-02-20 13:30:00+00:00,short,0.009068403776964013,0.009868403776964014,target,4,0.2991651281271481,1,True,False,False,0.003140859167322887,0.019717678192846835,0,0,0.007582717756709519,1.4045,1.4071,1.4038,1.4038,2640640.3,2026-02-20 12:44:59.999000+00:00,3711580.62846,10840,1356672.2,1906966.76021,-0.00042731999795618596,-0.00021368282427539927,-0.00801735466200464,-0.08801918326675874,0.21212121212125087,0.7878787878787491,0.0,0.0023507622168400634,35.04174359364259,-0.0021792445546846935,-0.006845602114277926,-0.007463833265398258,-0.002096345027078117,-0.0014861643391450574,0.021198603283321387,-0.8277265563813083,0.0053830063721183605,-0.5982044924006495,0.5885949790039232,-1.0,0.14,-0.015498983098394037,1.2246467991473532e-16,-1.0,4,1.0,0.8669887094250766,True
ETHUSDT,trend_ema__directionboth_fast12_rsi_threshold55.0_slow89,trend_ema,2026-02-20 12:30:00+00:00,2026-02-20 13:30:00+00:00,short,0.008326093131128899,0.0091260931311289,target,4,0.21751833267524517,1,True,False,False,0.003807301330341196,0.01159339178911771,0,0,0.0006875151118373973,1944.36,1947.21,1943.59,1945.01,19091.11,2026-02-20 12:44:59.999000+00:00,37138238.19035,37126,8734.027,16991640.9047,0.000334244366594977,0.0010442414638238738,-0.006242652634537905,0.49371022472198983,0.179558011049743,0.6077348066298269,0.21270718232043,0.0018611729502676687,39.12408336623774,-2.4702782764401845,-0.004315509782451337,-0.004226363823283693,-0.0014567695516749524,-0.0010020541305545416,0.018544637188430246,-0.6830689173811612,6.848363832153826,-0.6835475135140091,0.5301920930530465,1.0,0.23,-0.011932943865887724,1.2246467991473532e-16,-1.0,4,1.0,0.7491256961513252,True
ETHUSDT,trend_ema__directionboth_fast12_rsi_threshold52.0_slow89,trend_ema,2026-02-20 12:30:00+00:00,2026-02-20 13:30:00+00:00,short,0.008326093131128899,0.0091260931311289,target,4,0.21751833267524517,1,True,False,False,0.003807301330341196,0.01159339178911771,0,0,0.0022194458215492726,1944.36,1947.21,1943.59,1945.01,19091.11,2026-02-20 12:44:59.999000+00:00,37138238.19035,37126,8734.027,16991640.9047,0.000334244366594977,0.0010442414638238738,-0.006242652634537905,0.49371022472198983,0.179558011049743,0.6077348066298269,0.21270718232043,0.0018611729502676687,39.12408336623774,-2.4702782764401845,-0.004315509782451337,-0.004226363823283693,-0.0014567695516749524,-0.0010020541305545416,0.018544637188430246,-0.6830689173811612,6.848363832153826,-0.6835475135140091,0.5301920930530465,1.0,0.23,-0.011932943865887724,1.2246467991473532e-16,-1.0,4,1.0,0.745830548470714,True
XRPUSDT,trend_ema__directionshort_only_fast21_rsi_threshold58.0_slow55,trend_ema,2026-02-20 12:30:00+00:00,2026-02-20 13:30:00+00:00,short,0.009068403776964013,0.009868403776964014,target,4,0.2991651281271481,1,True,False,False,0.003140859167322887,0.019717678192846835,0,0,0.00919422885099426,1.4045,1.4071,1.4038,1.4038,2640640.3,2026-02-20 12:44:59.999000+00:00,3711580.62846,10840,1356672.2,1906966.76021,-0.00042731999795618596,-0.00021368282427539927,-0.00801735466200464,-0.08801918326675874,0.21212121212125087,0.7878787878787491,0.0,0.0023507622168400634,35.04174359364259,-0.0021792445546846935,-0.006845602114277926,-0.007463833265398258,-0.002096345027078117,-0.0014861643391450574,0.021198603283321387,-0.8277265563813083,0.0053830063721183605,-0.5982044924006495,0.5885949790039232,-1.0,0.14,-0.015498983098394037,1.2246467991473532e-16,-1.0,4,1.0,0.8670110304718555,True
XRPUSDT,trend_ema__directionshort_only_fast21_rsi_threshold52.0_slow55,trend_ema,2026-02-20 12:30:00+00:00,2026-02-20 13:30:00+00:00,short,0.009068403776964013,0.009868403776964014,target,4,0.2991651281271481,1,True,False,False,0.003140859167322887,0.019717678192846835,0,0,0.009176253840418511,1.4045,1.4071,1.4038,1.4038,2640640.3,2026-02-20 12:44:59.999000+00:00,3711580.62846,10840,1356672.2,1906966.76021,-0.00042731999795618596,-0.00021368282427539927,-0.00801735466200464,-0.08801918326675874,0.21212121212125087,0.7878787878787491,0.0,0.0023507622168400634,35.04174359364259,-0.0021792445546846935,-0.006845602114277926,-0.007463833265398258,-0.002096345027078117,-0.0014861643391450574,0.021198603283321387,-0.8277265563813083,0.0053830063721183605,-0.5982044924006495,0.5885949790039232,-1.0,0.14,-0.015498983098394037,1.2246467991473532e-16,-1.0,4,1.0,0.8670110304718555,True
XRPUSDT,trend_ema__directionshort_only_fast21_rsi_threshold58.0_slow89,trend_ema,2026-02-20 12:30:00+00:00,2026-02-20 13:30:00+00:00,short,0.009068403776964013,0.009868403776964014,target,4,0.2991651281271481,1,True,False,False,0.003140859167322887,0.019717678192846835,0,0,0.00915827882984276,1.4045,1.4071,1.4038,1.4038,2640640.3,2026-02-20 12:44:59.999000+00:00,3711580.62846,10840,1356672.2,1906966.76021,-0.00042731999795618596,-0.00021368282427539927,-0.00801735466200464,-0.08801918326675874,0.21212121212125087,0.7878787878787491,0.0,0.0023507622168400634,35.04174359364259,-0.0021792445546846935,-0.006845602114277926,-0.007463833265398258,-0.002096345027078117,-0.0014861643391450574,0.021198603283321387,-0.8277265563813083,0.0053830063721183605,-0.5982044924006495,0.5885949790039232,-1.0,0.14,-0.015498983098394037,1.2246467991473532e-16,-1.0,4,1.0,0.8670110304718555,True
XRPUSDT,trend_ema__directionshort_only_fast21_rsi_threshold52.0_slow89,trend_ema,2026-02-20 12:30:00+00:00,2026-02-20 13:30:00+00:00,short,0.009068403776964013,0.009868403776964014,target,4,0.2991651281271481,1,True,False,False,0.003140859167322887,0.019717678192846835,0,0,0.00914030381926701,1.4045,1.4071,1.4038,1.4038,2640640.3,2026-02-20 12:44:59.999000+00:00,3711580.62846,10840,1356672.2,1906966.76021,-0.00042731999795618596,-0.00021368282427539927,-0.00801735466200464,-0.08801918326675874,0.21212121212125087,0.7878787878787491,0.0,0.0023507622168400634,35.04174359364259,-0.0021792445546846935,-0.006845602114277926,-0.007463833265398258,-0.002096345027078117,-0.0014861643391450574,0.021198603283321387,-0.8277265563813083,0.0053830063721183605,-0.5982044924006495,0.5885949790039232,-1.0,0.14,-0.015498983098394037,1.2246467991473532e-16,-1.0,4,1.0,0.8670110304718555,True
ETHUSDT,trend_ema__directionshort_only_fast12_rsi_threshold52.0_slow89,trend_ema,2026-02-20 12:30:00+00:00,2026-02-20 13:30:00+00:00,short,0.008326093131128899,0.0091260931311289,target,4,0.21751833267524517,1,True,False,False,0.003807301330341196,0.01159339178911771,0,0,0.003751376531261148,1944.36,1947.21,1943.59,1945.01,19091.11,2026-02-20 12:44:59.999000+00:00,37138238.19035,37126,8734.027,16991640.9047,0.000334244366594977,0.0010442414638238738,-0.006242652634537905,0.49371022472198983,0.179558011049743,0.6077348066298269,0.21270718232043,0.0018611729502676687,39.12408336623774,-2.4702782764401845,-0.004315509782451337,-0.004226363823283693,-0.0014567695516749524,-0.0010020541305545416,0.018544637188430246,-0.6830689173811612,6.848363832153826,-0.6835475135140091,0.5301920930530465,1.0,0.23,-0.011932943865887724,1.2246467991473532e-16,-1.0,4,1.0,0.7464376828930118,True
XRPUSDT,trend_ema__directionshort_only_fast21_rsi_threshold58.0_slow89,trend_ema,2026-02-20 12:30:00+00:00,2026-02-20 13:30:00+00:00,short,0.009068403776964013,0.009868403776964014,target,4,0.2991651281271481,1,True,False,False,0.003140859167322887,0.019717678192846835,0,0,0.00915827882984276,1.4045,1.4071,1.4038,1.4038,2640640.3,2026-02-20 12:44:59.999000+00:00,3711580.62846,10840,1356672.2,1906966.76021,-0.00042731999795618596,-0.00021368282427539927,-0.00801735466200464,-0.08801918326675874,0.21212121212125087,0.7878787878787491,0.0,0.0023507622168400634,35.04174359364259,-0.0021792445546846935,-0.006845602114277926,-0.007463833265398258,-0.002096345027078117,-0.0014861643391450574,0.021198603283321387,-0.8277265563813083,0.0053830063721183605,-0.5982044924006495,0.5885949790039232,-1.0,0.14,-0.015498983098394037,1.2246467991473532e-16,-1.0,4,1.0,0.8411842126521769,True
ETHUSDT,trend_ema__directionboth_fast12_rsi_threshold55.0_slow89,trend_ema,2026-02-20 12:30:00+00:00,2026-02-20 13:30:00+00:00,short,0.008326093131128899,0.0091260931311289,target,4,0.21751833267524517,1,True,False,False,0.003807301330341196,0.01159339178911771,0,0,0.0006875151118373973,1944.36,1947.21,1943.59,1945.01,19091.11,2026-02-20 12:44:59.999000+00:00,37138238.19035,37126,8734.027,16991640.9047,0.000334244366594977,0.0010442414638238738,-0.006242652634537905,0.49371022472198983,0.179558011049743,0.6077348066298269,0.21270718232043,0.0018611729502676687,39.12408336623774,-2.4702782764401845,-0.004315509782451337,-0.004226363823283693,-0.0014567695516749524,-0.0010020541305545416,0.018544637188430246,-0.6830689173811612,6.848363832153826,-0.6835475135140091,0.5301920930530465,1.0,0.23,-0.011932943865887724,1.2246467991473532e-16,-1.0,4,1.0,0.7190618961444946,True
ETHUSDT,trend_ema__directionboth_fast12_rsi_threshold52.0_slow89,trend_ema,2026-02-20 12:30:00+00:00,2026-02-20 13:30:00+00:00,short,0.008326093131128899,0.0091260931311289,target,4,0.21751833267524517,1,True,False,False,0.003807301330341196,0.01159339178911771,0,0,0.0022194458215492726,1944.36,1947.21,1943.59,1945.01,19091.11,2026-02-20 12:44:59.999000+00:00,37138238.19035,37126,8734.027,16991640.9047,0.000334244366594977,0.0010442414638238738,-0.006242652634537905,0.49371022472198983,0.179558011049743,0.6077348066298269,0.21270718232043,0.0018611729502676687,39.12408336623774,-2.4702782764401845,-0.004315509782451337,-0.004226363823283693,-0.0014567695516749524,-0.0010020541305545416,0.018544637188430246,-0.6830689173811612,6.848363832153826,-0.6835475135140091,0.5301920930530465,1.0,0.23,-0.011932943865887724,1.2246467991473532e-16,-1.0,4,1.0,0.7190159971881499,True
XRPUSDT,trend_ema__directionshort_only_fast21_rsi_threshold58.0_slow55,trend_ema,2026-02-20 12:30:00+00:00,2026-02-20 13:30:00+00:00,short,0.009068403776964013,0.009868403776964014,target,4,0.2991651281271481,1,True,False,False,0.003140859167322887,0.019717678192846835,0,0,0.00919422885099426,1.4045,1.4071,1.4038,1.4038,2640640.3,2026-02-20 12:44:59.999000+00:00,3711580.62846,10840,1356672.2,1906966.76021,-0.00042731999795618596,-0.00021368282427539927,-0.00801735466200464,-0.08801918326675874,0.21212121212125087,0.7878787878787491,0.0,0.0023507622168400634,35.04174359364259,-0.0021792445546846935,-0.006845602114277926,-0.007463833265398258,-0.002096345027078117,-0.0014861643391450574,0.021198603283321387,-0.8277265563813083,0.0053830063721183605,-0.5982044924006495,0.5885949790039232,-1.0,0.14,-0.015498983098394037,1.2246467991473532e-16,-1.0,4,1.0,0.8411842126521769,True
XRPUSDT,trend_ema__directionshort_only_fast21_rsi_threshold52.0_slow55,trend_ema,2026-02-20 12:30:00+00:00,2026-02-20 13:30:00+00:00,short,0.009068403776964013,0.009868403776964014,target,4,0.2991651281271481,1,True,False,False,0.003140859167322887,0.019717678192846835,0,0,0.009176253840418511,1.4045,1.4071,1.4038,1.4038,2640640.3,2026-02-20 12:44:59.999000+00:00,3711580.62846,10840,1356672.2,1906966.76021,-0.00042731999795618596,-0.00021368282427539927,-0.00801735466200464,-0.08801918326675874,0.21212121212125087,0.7878787878787491,0.0,0.0023507622168400634,35.04174359364259,-0.0021792445546846935,-0.006845602114277926,-0.007463833265398258,-0.002096345027078117,-0.0014861643391450574,0.021198603283321387,-0.8277265563813083,0.0053830063721183605,-0.5982044924006495,0.5885949790039232,-1.0,0.14,-0.015498983098394037,1.2246467991473532e-16,-1.0,4,1.0,0.8411842126521769,True
XRPUSDT,trend_ema__directionshort_only_fast21_rsi_threshold55.0_slow55,trend_ema,2026-02-20 12:30:00+00:00,2026-02-20 13:30:00+00:00,short,0.009068403776964013,0.009868403776964014,target,4,0.2991651281271481,1,True,False,False,0.003140859167322887,0.019717678192846835,0,0,0.009212203861570008,1.4045,1.4071,1.4038,1.4038,2640640.3,2026-02-20 12:44:59.999000+00:00,3711580.62846,10840,1356672.2,1906966.76021,-0.00042731999795618596,-0.00021368282427539927,-0.00801735466200464,-0.08801918326675874,0.21212121212125087,0.7878787878787491,0.0,0.0023507622168400634,35.04174359364259,-0.0021792445546846935,-0.006845602114277926,-0.007463833265398258,-0.002096345027078117,-0.0014861643391450574,0.021198603283321387,-0.8277265563813083,0.0053830063721183605,-0.5982044924006495,0.5885949790039232,-1.0,0.14,-0.015498983098394037,1.2246467991473532e-16,-1.0,4,1.0,0.8411842126521769,True
XRPUSDT,trend_ema__directionshort_only_fast21_rsi_threshold52.0_slow89,trend_ema,2026-02-20 12:30:00+00:00,2026-02-20 13:30:00+00:00,short,0.009068403776964013,0.009868403776964014,target,4,0.2991651281271481,1,True,False,False,0.003140859167322887,0.019717678192846835,0,0,0.00914030381926701,1.4045,1.4071,1.4038,1.4038,2640640.3,2026-02-20 12:44:59.999000+00:00,3711580.62846,10840,1356672.2,1906966.76021,-0.00042731999795618596,-0.00021368282427539927,-0.00801735466200464,-0.08801918326675874,0.21212121212125087,0.7878787878787491,0.0,0.0023507622168400634,35.04174359364259,-0.0021792445546846935,-0.006845602114277926,-0.007463833265398258,-0.002096345027078117,-0.0014861643391450574,0.021198603283321387,-0.8277265563813083,0.0053830063721183605,-0.5982044924006495,0.5885949790039232,-1.0,0.14,-0.015498983098394037,1.2246467991473532e-16,-1.0,4,1.0,0.8411842126521769,True
XRPUSDT,trend_ema__directionboth_fast21_rsi_threshold55.0_slow89,trend_ema,2026-02-20 12:30:00+00:00,2026-02-20 13:30:00+00:00,short,0.009068403776964013,0.009868403776964014,target,4,0.2991651281271481,1,True,False,False,0.003140859167322887,0.019717678192846835,0,0,0.007582717756709519,1.4045,1.4071,1.4038,1.4038,2640640.3,2026-02-20 12:44:59.999000+00:00,3711580.62846,10840,1356672.2,1906966.76021,-0.00042731999795618596,-0.00021368282427539927,-0.00801735466200464,-0.08801918326675874,0.21212121212125087,0.7878787878787491,0.0,0.0023507622168400634,35.04174359364259,-0.0021792445546846935,-0.006845602114277926,-0.007463833265398258,-0.002096345027078117,-0.0014861643391450574,0.021198603283321387,-0.8277265563813083,0.0053830063721183605,-0.5982044924006495,0.5885949790039232,-1.0,0.14,-0.015498983098394037,1.2246467991473532e-16,-1.0,4,1.0,0.8381994117816579,True
ETHUSDT,trend_ema__directionshort_only_fast12_rsi_threshold52.0_slow89,trend_ema,2026-02-20 12:30:00+00:00,2026-02-20 13:30:00+00:00,short,0.008326093131128899,0.0091260931311289,target,4,0.21751833267524517,1,True,False,False,0.003807301330341196,0.01159339178911771,0,0,0.003751376531261148,1944.36,1947.21,1943.59,1945.01,19091.11,2026-02-20 12:44:59.999000+00:00,37138238.19035,37126,8734.027,16991640.9047,0.000334244366594977,0.0010442414638238738,-0.006242652634537905,0.49371022472198983,0.179558011049743,0.6077348066298269,0.21270718232043,0.0018611729502676687,39.12408336623774,-2.4702782764401845,-0.004315509782451337,-0.004226363823283693,-0.0014567695516749524,-0.0010020541305545416,0.018544637188430246,-0.6830689173811612,6.848363832153826,-0.6835475135140091,0.5301920930530465,1.0,0.23,-0.011932943865887724,1.2246467991473532e-16,-1.0,4,1.0,0.7304436512283956,True
XRPUSDT,trend_ema__directionshort_only_fast21_rsi_threshold55.0_slow89,trend_ema,2026-02-20 12:30:00+00:00,2026-02-20 13:30:00+00:00,short,0.009068403776964013,0.009868403776964014,target,4,0.2991651281271481,1,True,False,False,0.003140859167322887,0.019717678192846835,0,0,0.0059532316518490285,1.4045,1.4071,1.4038,1.4038,2640640.3,2026-02-20 12:44:59.999000+00:00,3711580.62846,10840,1356672.2,1906966.76021,-0.00042731999795618596,-0.00021368282427539927,-0.00801735466200464,-0.08801918326675874,0.21212121212125087,0.7878787878787491,0.0,0.0023507622168400634,35.04174359364259,-0.0021792445546846935,-0.006845602114277926,-0.007463833265398258,-0.002096345027078117,-0.0014861643391450574,0.021198603283321387,-0.8277265563813083,0.0053830063721183605,-0.5982044924006495,0.5885949790039232,-1.0,0.14,-0.015498983098394037,1.2246467991473532e-16,-1.0,4,1.0,0.837055478488471,True
ETHUSDT,trend_ema__directionshort_only_fast21_rsi_threshold58.0_slow55,trend_ema,2026-02-20 13:15:00+00:00,2026-02-20 13:30:00+00:00,short,0.008359822802815617,0.009159822802815618,target,1,0.16349685798705224,1,True,False,False,0.0019916541502889517,0.011522218297872089,0,0,0.008342957966972259,1944.22,1947.8,1937.25,1945.67,48878.668,2026-02-20 13:29:59.999000+00:00,94904497.91471,65310,25166.144,48873145.4953,0.000745522401486807,0.0006735166821442611,-0.010689602715023012,0.3073534515058833,0.13744075829384378,0.20189573459714605,0.6606635071090102,0.005422296689572206,41.82515710064739,-1.5231651172556306,-0.003002285667448154,-0.003475119039818878,-0.0009686950618568169,-0.0007728772475528167,0.01995096373481651,-0.48741714369365485,7.367243199432194,0.87782061013224,1.4323462244975167,-1.0,0.31,-0.011597663195326402,-0.2588190451025208,-0.9659258262890683,4,1.0,0.7129510949799164,True
ETHUSDT,trend_ema__directionshort_only_fast21_rsi_threshold52.0_slow89,trend_ema,2026-02-20 13:15:00+00:00,2026-02-20 13:30:00+00:00,short,0.008359822802815617,0.009159822802815618,target,1,0.16349685798705224,1,True,False,False,0.0019916541502889517,0.011522218297872089,0,0,0.008350152592938781,1944.22,1947.8,1937.25,1945.67,48878.668,2026-02-20 13:29:59.999000+00:00,94904497.91471,65310,25166.144,48873145.4953,0.000745522401486807,0.0006735166821442611,-0.010689602715023012,0.3073534515058833,0.13744075829384378,0.20189573459714605,0.6606635071090102,0.005422296689572206,41.82515710064739,-1.5231651172556306,-0.003002285667448154,-0.003475119039818878,-0.0009686950618568169,-0.0007728772475528167,0.01995096373481651,-0.48741714369365485,7.367243199432194,0.87782061013224,1.4323462244975167,-1.0,0.31,-0.011597663195326402,-0.2588190451025208,-0.9659258262890683,4,1.0,0.7129510949799164,True
ETHUSDT,trend_ema__directionshort_only_fast21_rsi_threshold55.0_slow55,trend_ema,2026-02-20 13:15:00+00:00,2026-02-20 13:30:00+00:00,short,0.008359822802815617,0.009159822802815618,target,1,0.16349685798705224,1,True,False,False,0.0019916541502889517,0.011522218297872089,0,0,0.00834633093414093,1944.22,1947.8,1937.25,1945.67,48878.668,2026-02-20 13:29:59.999000+00:00,94904497.91471,65310,25166.144,48873145.4953,0.000745522401486807,0.0006735166821442611,-0.010689602715023012,0.3073534515058833,0.13744075829384378,0.20189573459714605,0.6606635071090102,0.005422296689572206,41.82515710064739,-1.5231651172556306,-0.003002285667448154,-0.003475119039818878,-0.0009686950618568169,-0.0007728772475528167,0.01995096373481651,-0.48741714369365485,7.367243199432194,0.87782061013224,1.4323462244975167,-1.0,0.31,-0.011597663195326402,-0.2588190451025208,-0.9659258262890683,4,1.0,0.7129510949799164,True
ETHUSDT,trend_ema__directionshort_only_fast21_rsi_threshold58.0_slow89,trend_ema,2026-02-20 13:15:00+00:00,2026-02-20 13:30:00+00:00,short,0.008359822802815617,0.009159822802815618,target,1,0.16349685798705224,1,True,False,False,0.0019916541502889517,0.011522218297872089,0,0,0.0068231479787468075,1944.22,1947.8,1937.25,1945.67,48878.668,2026-02-20 13:29:59.999000+00:00,94904497.91471,65310,25166.144,48873145.4953,0.000745522401486807,0.0006735166821442611,-0.010689602715023012,0.3073534515058833,0.13744075829384378,0.20189573459714605,0.6606635071090102,0.005422296689572206,41.82515710064739,-1.5231651172556306,-0.003002285667448154,-0.003475119039818878,-0.0009686950618568169,-0.0007728772475528167,0.01995096373481651,-0.48741714369365485,7.367243199432194,0.87782061013224,1.4323462244975167,-1.0,0.31,-0.011597663195326402,-0.2588190451025208,-0.9659258262890683,4,1.0,0.7073360603634334,True
ETHUSDT,trend_ema__directionshort_only_fast21_rsi_threshold52.0_slow55,trend_ema,2026-02-20 13:15:00+00:00,2026-02-20 13:30:00+00:00,short,0.008359822802815617,0.009159822802815618,target,1,0.16349685798705224,1,True,False,False,0.0019916541502889517,0.011522218297872089,0,0,0.0052855757714196415,1944.22,1947.8,1937.25,1945.67,48878.668,2026-02-20 13:29:59.999000+00:00,94904497.91471,65310,25166.144,48873145.4953,0.000745522401486807,0.0006735166821442611,-0.010689602715023012,0.3073534515058833,0.13744075829384378,0.20189573459714605,0.6606635071090102,0.005422296689572206,41.82515710064739,-1.5231651172556306,-0.003002285667448154,-0.003475119039818878,-0.0009686950618568169,-0.0007728772475528167,0.01995096373481651,-0.48741714369365485,7.367243199432194,0.87782061013224,1.4323462244975167,-1.0,0.31,-0.011597663195326402,-0.2588190451025208,-0.9659258262890683,4,1.0,0.7070999989931825,True
ETHUSDT,trend_ema__directionshort_only_fast21_rsi_threshold55.0_slow89,trend_ema,2026-02-20 13:15:00+00:00,2026-02-20 13:30:00+00:00,short,0.008359822802815617,0.009159822802815618,target,1,0.16349685798705224,1,True,False,False,0.0019916541502889517,0.011522218297872089,0,0,0.008360720186073974,1944.22,1947.8,1937.25,1945.67,48878.668,2026-02-20 13:29:59.999000+00:00,94904497.91471,65310,25166.144,48873145.4953,0.000745522401486807,0.0006735166821442611,-0.010689602715023012,0.3073534515058833,0.13744075829384378,0.20189573459714605,0.6606635071090102,0.005422296689572206,41.82515710064739,-1.5231651172556306,-0.003002285667448154,-0.003475119039818878,-0.0009686950618568169,-0.0007728772475528167,0.01995096373481651,-0.48741714369365485,7.367243199432194,0.87782061013224,1.4323462244975167,-1.0,0.31,-0.011597663195326402,-0.2588190451025208,-0.9659258262890683,4,1.0,0.7129510949799164,True
ETHUSDT,trend_ema__directionboth_fast21_rsi_threshold55.0_slow89,trend_ema,2026-02-20 13:15:00+00:00,2026-02-20 13:30:00+00:00,short,0.008359822802815617,0.009159822802815618,target,1,0.16349685798705224,1,True,False,False,0.0019916541502889517,0.011522218297872089,0,0,0.008339584999803588,1944.22,1947.8,1937.25,1945.67,48878.668,2026-02-20 13:29:59.999000+00:00,94904497.91471,65310,25166.144,48873145.4953,0.000745522401486807,0.0006735166821442611,-0.010689602715023012,0.3073534515058833,0.13744075829384378,0.20189573459714605,0.6606635071090102,0.005422296689572206,41.82515710064739,-1.5231651172556306,-0.003002285667448154,-0.003475119039818878,-0.0009686950618568169,-0.0007728772475528167,0.01995096373481651,-0.48741714369365485,7.367243199432194,0.87782061013224,1.4323462244975167,-1.0,0.31,-0.011597663195326402,-0.2588190451025208,-0.9659258262890683,4,1.0,0.7129510949799164,True
ETHUSDT,trend_ema__directionboth_fast21_rsi_threshold55.0_slow89,trend_ema,2026-02-20 13:15:00+00:00,2026-02-20 13:30:00+00:00,short,0.008359822802815617,0.009159822802815618,target,1,0.16349685798705224,1,True,False,False,0.0019916541502889517,0.011522218297872089,0,0,0.008339584999803588,1944.22,1947.8,1937.25,1945.67,48878.668,2026-02-20 13:29:59.999000+00:00,94904497.91471,65310,25166.144,48873145.4953,0.000745522401486807,0.0006735166821442611,-0.010689602715023012,0.3073534515058833,0.13744075829384378,0.20189573459714605,0.6606635071090102,0.005422296689572206,41.82515710064739,-1.5231651172556306,-0.003002285667448154,-0.003475119039818878,-0.0009686950618568169,-0.0007728772475528167,0.01995096373481651,-0.48741714369365485,7.367243199432194,0.87782061013224,1.4323462244975167,-1.0,0.31,-0.011597663195326402,-0.2588190451025208,-0.9659258262890683,4,1.0,0.704184759504466,True
ETHUSDT,trend_ema__directionshort_only_fast21_rsi_threshold58.0_slow55,trend_ema,2026-02-20 13:15:00+00:00,2026-02-20 13:30:00+00:00,short,0.008359822802815617,0.009159822802815618,target,1,0.16349685798705224,1,True,False,False,0.0019916541502889517,0.011522218297872089,0,0,0.008342957966972259,1944.22,1947.8,1937.25,1945.67,48878.668,2026-02-20 13:29:59.999000+00:00,94904497.91471,65310,25166.144,48873145.4953,0.000745522401486807,0.0006735166821442611,-0.010689602715023012,0.3073534515058833,0.13744075829384378,0.20189573459714605,0.6606635071090102,0.005422296689572206,41.82515710064739,-1.5231651172556306,-0.003002285667448154,-0.003475119039818878,-0.0009686950618568169,-0.0007728772475528167,0.01995096373481651,-0.48741714369365485,7.367243199432194,0.87782061013224,1.4323462244975167,-1.0,0.31,-0.011597663195326402,-0.2588190451025208,-0.9659258262890683,4,1.0,0.704184759504466,True
ETHUSDT,trend_ema__directionshort_only_fast21_rsi_threshold55.0_slow89,trend_ema,2026-02-20 13:15:00+00:00,2026-02-20 13:30:00+00:00,short,0.008359822802815617,0.009159822802815618,target,1,0.16349685798705224,1,True,False,False,0.0019916541502889517,0.011522218297872089,0,0,0.008360720186073974,1944.22,1947.8,1937.25,1945.67,48878.668,2026-02-20 13:29:59.999000+00:00,94904497.91471,65310,25166.144,48873145.4953,0.000745522401486807,0.0006735166821442611,-0.010689602715023012,0.3073534515058833,0.13744075829384378,0.20189573459714605,0.6606635071090102,0.005422296689572206,41.82515710064739,-1.5231651172556306,-0.003002285667448154,-0.003475119039818878,-0.0009686950618568169,-0.0007728772475528167,0.01995096373481651,-0.48741714369365485,7.367243199432194,0.87782061013224,1.4323462244975167,-1.0,0.31,-0.011597663195326402,-0.2588190451025208,-0.9659258262890683,4,1.0,0.704184759504466,True
ETHUSDT,trend_ema__directionshort_only_fast21_rsi_threshold52.0_slow55,trend_ema,2026-02-20 13:15:00+00:00,2026-02-20 13:30:00+00:00,short,0.008359822802815617,0.009159822802815618,target,1,0.16349685798705224,1,True,False,False,0.0019916541502889517,0.011522218297872089,0,0,0.0052855757714196415,1944.22,1947.8,1937.25,1945.67,48878.668,2026-02-20 13:29:59.999000+00:00,94904497.91471,65310,25166.144,48873145.4953,0.000745522401486807,0.0006735166821442611,-0.010689602715023012,0.3073534515058833,0.13744075829384378,0.20189573459714605,0.6606635071090102,0.005422296689572206,41.82515710064739,-1.5231651172556306,-0.003002285667448154,-0.003475119039818878,-0.0009686950618568169,-0.0007728772475528167,0.01995096373481651,-0.48741714369365485,7.367243199432194,0.87782061013224,1.4323462244975167,-1.0,0.31,-0.011597663195326402,-0.2588190451025208,-0.9659258262890683,4,1.0,0.7044685641785499,True
ETHUSDT,trend_ema__directionshort_only_fast21_rsi_threshold58.0_slow89,trend_ema,2026-02-20 13:15:00+00:00,2026-02-20 13:30:00+00:00,short,0.008359822802815617,0.009159822802815618,target,1,0.16349685798705224,1,True,False,False,0.0019916541502889517,0.011522218297872089,0,0,0.0068231479787468075,1944.22,1947.8,1937.25,1945.67,48878.668,2026-02-20 13:29:59.999000+00:00,94904497.91471,65310,25166.144,48873145.4953,0.000745522401486807,0.0006735166821442611,-0.010689602715023012,0.3073534515058833,0.13744075829384378,0.20189573459714605,0.6606635071090102,0.005422296689572206,41.82515710064739,-1.5231651172556306,-0.003002285667448154,-0.003475119039818878,-0.0009686950618568169,-0.0007728772475528167,0.01995096373481651,-0.48741714369365485,7.367243199432194,0.87782061013224,1.4323462244975167,-1.0,0.31,-0.011597663195326402,-0.2588190451025208,-0.9659258262890683,4,1.0,0.7049927980767029,True
ETHUSDT,trend_ema__directionshort_only_fast21_rsi_threshold55.0_slow55,trend_ema,2026-02-20 13:15:00+00:00,2026-02-20 13:30:00+00:00,short,0.008359822802815617,0.009159822802815618,target,1,0.16349685798705224,1,True,False,False,0.0019916541502889517,0.011522218297872089,0,0,0.00834633093414093,1944.22,1947.8,1937.25,1945.67,48878.668,2026-02-20 13:29:59.999000+00:00,94904497.91471,65310,25166.144,48873145.4953,0.000745522401486807,0.0006735166821442611,-0.010689602715023012,0.3073534515058833,0.13744075829384378,0.20189573459714605,0.6606635071090102,0.005422296689572206,41.82515710064739,-1.5231651172556306,-0.003002285667448154,-0.003475119039818878,-0.0009686950618568169,-0.0007728772475528167,0.01995096373481651,-0.48741714369365485,7.367243199432194,0.87782061013224,1.4323462244975167,-1.0,0.31,-0.011597663195326402,-0.2588190451025208,-0.9659258262890683,4,1.0,0.704184759504466,True
ETHUSDT,trend_ema__directionshort_only_fast21_rsi_threshold52.0_slow89,trend_ema,2026-02-20 13:15:00+00:00,2026-02-20 13:30:00+00:00,short,0.008359822802815617,0.009159822802815618,target,1,0.16349685798705224,1,True,False,False,0.0019916541502889517,0.011522218297872089,0,0,0.008350152592938781,1944.22,1947.8,1937.25,1945.67,48878.668,2026-02-20 13:29:59.999000+00:00,94904497.91471,65310,25166.144,48873145.4953,0.000745522401486807,0.0006735166821442611,-0.010689602715023012,0.3073534515058833,0.13744075829384378,0.20189573459714605,0.6606635071090102,0.005422296689572206,41.82515710064739,-1.5231651172556306,-0.003002285667448154,-0.003475119039818878,-0.0009686950618568169,-0.0007728772475528167,0.01995096373481651,-0.48741714369365485,7.367243199432194,0.87782061013224,1.4323462244975167,-1.0,0.31,-0.011597663195326402,-0.2588190451025208,-0.9659258262890683,4,1.0,0.704184759504466,True
BTCUSDT,trend_ema__directionboth_fast9_rsi_threshold58.0_slow89,trend_ema,2026-02-20 13:45:00+00:00,2026-02-20 14:00:00+00:00,short,-0.00700987844937344,-0.00620987844937344,stop,1,0.3241568344156138,0,False,True,False,0.007059477703065022,5.2710913698733815e-05,0,0,0.006342257336544643,66599.9,66932.5,66586.4,66784.8,7643.03,2026-02-20 13:59:59.999000+00:00,510321549.3348,144210,4468.077,298303500.2157,0.002770932193806091,-0.010635791709252197,-0.020589217584232627,-3.342764370377795,0.5342386593470257,0.4267552730424577,0.03900606761051654,0.005182316934392344,33.79215827921931,-125.17302955109642,-0.009456590322894563,-0.010105464359275701,-0.002991170795803688,-0.0014533739565277815,0.029221055780097958,-0.8561948352570525,280.707057758202,2.246164849237238,3.3691897629284937,-1.0,0.96,-0.020941663869069482,-0.2588190451025208,-0.9659258262890683,4,1.0,0.7844750509596864,True
BTCUSDT,trend_ema__directionboth_fast9_rsi_threshold58.0_slow89,trend_ema,2026-02-20 13:45:00+00:00,2026-02-20 14:00:00+00:00,short,-0.00700987844937344,-0.00620987844937344,stop,1,0.3241568344156138,0,False,True,False,0.007059477703065022,5.2710913698733815e-05,0,0,0.006342257336544643,66599.9,66932.5,66586.4,66784.8,7643.03,2026-02-20 13:59:59.999000+00:00,510321549.3348,144210,4468.077,298303500.2157,0.002770932193806091,-0.010635791709252197,-0.020589217584232627,-3.342764370377795,0.5342386593470257,0.4267552730424577,0.03900606761051654,0.005182316934392344,33.79215827921931,-125.17302955109642,-0.009456590322894563,-0.010105464359275701,-0.002991170795803688,-0.0014533739565277815,0.029221055780097958,-0.8561948352570525,280.707057758202,2.246164849237238,3.3691897629284937,-1.0,0.96,-0.020941663869069482,-0.2588190451025208,-0.9659258262890683,4,1.0,0.7669311406206306,True
HYPEUSDT,trend_ema__directionshort_only_fast9_rsi_threshold55.0_slow89,trend_ema,2026-02-20 14:00:00+00:00,2026-02-20 15:00:00+00:00,short,-0.011786024682046653,-0.010986024682046652,stop,4,0.3428423441740881,0,False,True,False,0.02266668909762161,0.005930867394762037,0,0,0.0145702507638369,28.783,28.852,28.654,28.714,85284.71,2026-02-20 14:14:59.999000+00:00,2453680.49424,12796,39789.07,1145220.78575,-0.002400126376106169,-0.01863150775939453,-0.023099531359111674,-3.2548530613728466,0.348484848484861,0.34848484848484307,0.303030303030296,0.006895591000905496,32.857882791295594,-0.08568853491009545,-0.0165444283805286,-0.017319779868004866,-0.005355976993399181,-0.00211621313198207,0.03795151179116396,-1.0700994218459028,0.20986300564495822,-0.07988854157546277,0.9428252958335162,-1.0,0.98,-0.03326375328260733,-0.4999999999999997,-0.8660254037844388,4,1.0,0.8418833238919846,True
HYPEUSDT,trend_ema__directionshort_only_fast9_rsi_threshold55.0_slow89,trend_ema,2026-02-20 14:00:00+00:00,2026-02-20 15:00:00+00:00,short,-0.011786024682046653,-0.010986024682046652,stop,4,0.3428423441740881,0,False,True,False,0.02266668909762161,0.005930867394762037,0,0,0.0145702507638369,28.783,28.852,28.654,28.714,85284.71,2026-02-20 14:14:59.999000+00:00,2453680.49424,12796,39789.07,1145220.78575,-0.002400126376106169,-0.01863150775939453,-0.023099531359111674,-3.2548530613728466,0.348484848484861,0.34848484848484307,0.303030303030296,0.006895591000905496,32.857882791295594,-0.08568853491009545,-0.0165444283805286,-0.017319779868004866,-0.005355976993399181,-0.00211621313198207,0.03795151179116396,-1.0700994218459028,0.20986300564495822,-0.07988854157546277,0.9428252958335162,-1.0,0.98,-0.03326375328260733,-0.4999999999999997,-0.8660254037844388,4,1.0,0.8712763958979846,True
SOLUSDT,trend_ema__directionboth_fast9_rsi_threshold58.0_slow89,trend_ema,2026-02-20 14:15:00+00:00,2026-02-20 14:30:00+00:00,short,-0.010168399778612721,-0.00936839977861272,stop,1,0.1740783444419067,0,False,True,False,0.01192649157145353,0.002156708551196534,0,0,0.01076549217464974,82.38,82.78,82.19,82.63,341654.48,2026-02-20 14:29:59.999000+00:00,28178840.8108,26575,171014.19,14108211.754,0.0030301217051583508,-0.005310815137887129,-0.023088530848889333,-1.2225440714546674,0.4237288135593196,0.25423728813560137,0.322033898305079,0.007140263826697367,41.296082777904665,-0.18630722767670918,-0.006727335385572606,-0.006588530359581004,-0.003286352471943421,-0.001990738787786772,0.036423709457910826,-0.5847953212395031,0.5198328147523174,0.28431456891553947,1.2258133745130744,1.0,0.96,-0.02282403027436153,-0.4999999999999997,-0.8660254037844388,4,1.0,0.8185012684633673,True
SOLUSDT,trend_ema__directionboth_fast9_rsi_threshold58.0_slow89,trend_ema,2026-02-20 14:15:00+00:00,2026-02-20 14:30:00+00:00,short,-0.010168399778612721,-0.00936839977861272,stop,1,0.1740783444419067,0,False,True,False,0.01192649157145353,0.002156708551196534,0,0,0.01076549217464974,82.38,82.78,82.19,82.63,341654.48,2026-02-20 14:29:59.999000+00:00,28178840.8108,26575,171014.19,14108211.754,0.0030301217051583508,-0.005310815137887129,-0.023088530848889333,-1.2225440714546674,0.4237288135593196,0.25423728813560137,0.322033898305079,0.007140263826697367,41.296082777904665,-0.18630722767670918,-0.006727335385572606,-0.006588530359581004,-0.003286352471943421,-0.001990738787786772,0.036423709457910826,-0.5847953212395031,0.5198328147523174,0.28431456891553947,1.2258133745130744,1.0,0.96,-0.02282403027436153,-0.4999999999999997,-0.8660254037844388,4,1.0,0.8088925373675618,True
HYPEUSDT,trend_ema__directionlong_only_fast12_rsi_threshold58.0_slow55,trend_ema,2026-02-20 16:00:00+00:00,2026-02-21 00:15:00+00:00,long,0.02224051679113814,0.023040516791138138,target,33,0.4326807150469773,1,True,False,False,0.010741396064902264,0.02495436585923383,0,0,0.019485297658139923,29.831,30.361,29.745,30.266,449823.19,2026-02-20 16:14:59.999000+00:00,13534881.82664,48784,262930.9,7913344.56021,0.01447684900137789,0.03479518030026084,0.027636709589733365,4.53597909468374,0.7061688311688294,0.15422077922078323,0.1396103896103873,0.02035287120861692,71.63403575234886,0.12275013890370848,0.0304633243182896,0.033088652819199926,0.00641389778238266,0.0031970608442379866,0.054162453526210824,1.2614092196666973,0.2993291945823923,2.6639897237700234,3.3010399706564564,1.0,1.0,0.0,-0.8660254037844385,-0.5000000000000004,4,2.0,0.9301176472352327,True
HYPEUSDT,trend_ema__directionlong_only_fast21_rsi_threshold58.0_slow34,trend_ema,2026-02-20 16:00:00+00:00,2026-02-21 00:15:00+00:00,long,0.02224051679113814,0.023040516791138138,target,33,0.4326807150469773,1,True,False,False,0.010741396064902264,0.02495436585923383,0,0,0.018847433679719208,29.831,30.361,29.745,30.266,449823.19,2026-02-20 16:14:59.999000+00:00,13534881.82664,48784,262930.9,7913344.56021,0.01447684900137789,0.03479518030026084,0.027636709589733365,4.53597909468374,0.7061688311688294,0.15422077922078323,0.1396103896103873,0.02035287120861692,71.63403575234886,0.12275013890370848,0.0304633243182896,0.033088652819199926,0.00641389778238266,0.0031970608442379866,0.054162453526210824,1.2614092196666973,0.2993291945823923,2.6639897237700234,3.3010399706564564,1.0,1.0,0.0,-0.8660254037844385,-0.5000000000000004,4,2.0,0.9311881393103034,True
SOLUSDT,trend_ema__directionlong_only_fast21_rsi_threshold58.0_slow34,trend_ema,2026-02-20 16:00:00+00:00,2026-02-20 17:00:00+00:00,long,-0.014007622294546013,-0.013207622294546013,stop,4,0.23701259579659237,0,False,True,False,0.013905029995026475,0.006964704819893662,0,0,0.017304558667558874,84.32,84.92,84.22,84.51,602634.83,2026-02-20 16:14:59.999000+00:00,50957775.2509,55783,326209.52,27586309.177,0.002132196969840862,0.016343936731899513,0.008556201931195743,2.826185748129001,0.2714285714285874,0.5857142857142784,0.14285714285713416,0.008283043426813429,61.85062978982962,0.17137191634473073,0.012365446235025123,0.014355162184838623,0.0027792959940486917,0.0016286215669485404,0.03301944576564031,0.8687702147401973,0.7395161383084623,0.5207243205231594,1.4241436046663298,1.0,0.99,0.0,-0.8660254037844385,-0.5000000000000004,4,2.0,0.8379240602528472,True
HYPEUSDT,trend_ema__directionlong_only_fast9_rsi_threshold58.0_slow55,trend_ema,2026-02-20 16:00:00+00:00,2026-02-21 00:15:00+00:00,long,0.02224051679113814,0.023040516791138138,target,33,0.4326807150469773,1,True,False,False,0.010741396064902264,0.02495436585923383,0,0,0.018209569701298493,29.831,30.361,29.745,30.266,449823.19,2026-02-20 16:14:59.999000+00:00,13534881.82664,48784,262930.9,7913344.56021,0.01447684900137789,0.03479518030026084,0.027636709589733365,4.53597909468374,0.7061688311688294,0.15422077922078323,0.1396103896103873,0.02035287120861692,71.63403575234886,0.12275013890370848,0.0304633243182896,0.033088652819199926,0.00641389778238266,0.0031970608442379866,0.054162453526210824,1.2614092196666973,0.2993291945823923,2.6639897237700234,3.3010399706564564,1.0,1.0,0.0,-0.8660254037844385,-0.5000000000000004,4,2.0,0.9311881393103034,True
HYPEUSDT,trend_ema__directionlong_only_fast12_rsi_threshold58.0_slow55,trend_ema,2026-02-20 16:00:00+00:00,2026-02-21 00:15:00+00:00,long,0.02224051679113814,0.023040516791138138,target,33,0.4326807150469773,1,True,False,False,0.010741396064902264,0.02495436585923383,0,0,0.019485297658139923,29.831,30.361,29.745,30.266,449823.19,2026-02-20 16:14:59.999000+00:00,13534881.82664,48784,262930.9,7913344.56021,0.01447684900137789,0.03479518030026084,0.027636709589733365,4.53597909468374,0.7061688311688294,0.15422077922078323,0.1396103896103873,0.02035287120861692,71.63403575234886,0.12275013890370848,0.0304633243182896,0.033088652819199926,0.00641389778238266,0.0031970608442379866,0.054162453526210824,1.2614092196666973,0.2993291945823923,2.6639897237700234,3.3010399706564564,1.0,1.0,0.0,-0.8660254037844385,-0.5000000000000004,4,2.0,0.9179136899000397,True
HYPEUSDT,trend_ema__directionlong_only_fast21_rsi_threshold58.0_slow34,trend_ema,2026-02-20 16:00:00+00:00,2026-02-21 00:15:00+00:00,long,0.02224051679113814,0.023040516791138138,target,33,0.4326807150469773,1,True,False,False,0.010741396064902264,0.02495436585923383,0,0,0.018847433679719208,29.831,30.361,29.745,30.266,449823.19,2026-02-20 16:14:59.999000+00:00,13534881.82664,48784,262930.9,7913344.56021,0.01447684900137789,0.03479518030026084,0.027636709589733365,4.53597909468374,0.7061688311688294,0.15422077922078323,0.1396103896103873,0.02035287120861692,71.63403575234886,0.12275013890370848,0.0304633243182896,0.033088652819199926,0.00641389778238266,0.0031970608442379866,0.054162453526210824,1.2614092196666973,0.2993291945823923,2.6639897237700234,3.3010399706564564,1.0,1.0,0.0,-0.8660254037844385,-0.5000000000000004,4,2.0,0.917708515838306,True
SOLUSDT,trend_ema__directionlong_only_fast21_rsi_threshold58.0_slow34,trend_ema,2026-02-20 16:00:00+00:00,2026-02-20 17:00:00+00:00,long,-0.014007622294546013,-0.013207622294546013,stop,4,0.23701259579659237,0,False,True,False,0.013905029995026475,0.006964704819893662,0,0,0.017304558667558874,84.32,84.92,84.22,84.51,602634.83,2026-02-20 16:14:59.999000+00:00,50957775.2509,55783,326209.52,27586309.177,0.002132196969840862,0.016343936731899513,0.008556201931195743,2.826185748129001,0.2714285714285874,0.5857142857142784,0.14285714285713416,0.008283043426813429,61.85062978982962,0.17137191634473073,0.012365446235025123,0.014355162184838623,0.0027792959940486917,0.0016286215669485404,0.03301944576564031,0.8687702147401973,0.7395161383084623,0.5207243205231594,1.4241436046663298,1.0,0.99,0.0,-0.8660254037844385,-0.5000000000000004,4,2.0,0.8079080796236462,True
HYPEUSDT,trend_ema__directionlong_only_fast9_rsi_threshold58.0_slow55,trend_ema,2026-02-20 16:00:00+00:00,2026-02-21 00:15:00+00:00,long,0.02224051679113814,0.023040516791138138,target,33,0.4326807150469773,1,True,False,False,0.010741396064902264,0.02495436585923383,0,0,0.018209569701298493,29.831,30.361,29.745,30.266,449823.19,2026-02-20 16:14:59.999000+00:00,13534881.82664,48784,262930.9,7913344.56021,0.01447684900137789,0.03479518030026084,0.027636709589733365,4.53597909468374,0.7061688311688294,0.15422077922078323,0.1396103896103873,0.02035287120861692,71.63403575234886,0.12275013890370848,0.0304633243182896,0.033088652819199926,0.00641389778238266,0.0031970608442379866,0.054162453526210824,1.2614092196666973,0.2993291945823923,2.6639897237700234,3.3010399706564564,1.0,1.0,0.0,-0.8660254037844385,-0.5000000000000004,4,2.0,0.918804718206632,True
SOLUSDT,trend_ema__directionlong_only_fast21_rsi_threshold58.0_slow34,trend_ema,2026-02-21 09:15:00+00:00,2026-02-21 10:30:00+00:00,long,0.006207076440836947,0.007007076440836948,target,5,0.340656854238407,1,True,False,False,0.00014997750337460202,0.00705678739941331,0,1,0.014056347796741284,84.63,85.15,84.63,85.03,245178.36,2026-02-21 09:29:59.999000+00:00,20829545.6928,18185,152443.65,12948948.6192,0.0045971672877119715,0.00814788707928731,0.00719979504334844,4.066807784579194,0.769230769230765,0.23076923076923497,0.0,0.00611548865106445,67.03284271192035,0.08036141374393982,0.006932172375813688,0.007879647026630453,0.0014605790204891278,0.0007368971150429893,0.011909330217551493,1.3086921512314165,0.2574363370502524,2.3984449972363273,2.6576387425315193,1.0,0.12,0.0,0.7071067811865476,-0.7071067811865475,5,1.0,0.82921093943857,True
SOLUSDT,trend_ema__directionlong_only_fast21_rsi_threshold58.0_slow34,trend_ema,2026-02-21 09:15:00+00:00,2026-02-21 10:30:00+00:00,long,0.006207076440836947,0.007007076440836948,target,5,0.340656854238407,1,True,False,False,0.00014997750337460202,0.00705678739941331,0,1,0.014056347796741284,84.63,85.15,84.63,85.03,245178.36,2026-02-21 09:29:59.999000+00:00,20829545.6928,18185,152443.65,12948948.6192,0.0045971672877119715,0.00814788707928731,0.00719979504334844,4.066807784579194,0.769230769230765,0.23076923076923497,0.0,0.00611548865106445,67.03284271192035,0.08036141374393982,0.006932172375813688,0.007879647026630453,0.0014605790204891278,0.0007368971150429893,0.011909330217551493,1.3086921512314165,0.2574363370502524,2.3984449972363273,2.6576387425315193,1.0,0.12,0.0,0.7071067811865476,-0.7071067811865475,5,1.0,0.8121308340099358,True
XRPUSDT,trend_ema__directionshort_only_fast21_rsi_threshold55.0_slow55,trend_ema,2026-02-21 23:00:00+00:00,2026-02-22 03:15:00+00:00,short,0.007643030676667183,0.008443030676667183,target,17,0.31641756951006383,1,True,False,False,0.0025251779664694214,0.010258747026065157,0,0,0.008961816488085828,1.4317,1.4351,1.4292,1.43,4498600.1,2026-02-21 23:14:59.999000+00:00,6441716.56896,13399,1679870.7,2406064.24893,-0.0011881051123289112,-0.007940419236387752,-0.009742596198818593,-4.747488233572764,0.2881355932203441,0.5762711864406882,0.13559322033896773,0.004125874125874137,34.17912152449681,-0.0010642838310758363,-0.005814548044510186,-0.006515672509237287,-0.0016865052449508422,-0.0007745219454433627,0.013453627946142415,-1.017998716260553,0.004910541710785925,0.520336168822093,1.2383147035858544,-1.0,0.1,-0.011953292337456012,-0.25881904510252157,0.9659258262890681,5,2.0,0.8776207021670995,True
XRPUSDT,trend_ema__directionshort_only_fast21_rsi_threshold52.0_slow55,trend_ema,2026-02-21 23:00:00+00:00,2026-02-22 03:15:00+00:00,short,0.007643030676667183,0.008443030676667183,target,17,0.31641756951006383,1,True,False,False,0.0025251779664694214,0.010258747026065157,0,0,0.009122328808691262,1.4317,1.4351,1.4292,1.43,4498600.1,2026-02-21 23:14:59.999000+00:00,6441716.56896,13399,1679870.7,2406064.24893,-0.0011881051123289112,-0.007940419236387752,-0.009742596198818593,-4.747488233572764,0.2881355932203441,0.5762711864406882,0.13559322033896773,0.004125874125874137,34.17912152449681,-0.0010642838310758363,-0.005814548044510186,-0.006515672509237287,-0.0016865052449508422,-0.0007745219454433627,0.013453627946142415,-1.017998716260553,0.004910541710785925,0.520336168822093,1.2383147035858544,-1.0,0.1,-0.011953292337456012,-0.25881904510252157,0.9659258262890681,5,2.0,0.8571965557215627,True
XRPUSDT,trend_ema__directionshort_only_fast21_rsi_threshold58.0_slow55,trend_ema,2026-02-21 23:00:00+00:00,2026-02-22 03:15:00+00:00,short,0.007643030676667183,0.008443030676667183,target,17,0.31641756951006383,1,True,False,False,0.0025251779664694214,0.010258747026065157,0,0,0.008801304167480397,1.4317,1.4351,1.4292,1.43,4498600.1,2026-02-21 23:14:59.999000+00:00,6441716.56896,13399,1679870.7,2406064.24893,-0.0011881051123289112,-0.007940419236387752,-0.009742596198818593,-4.747488233572764,0.2881355932203441,0.5762711864406882,0.13559322033896773,0.004125874125874137,34.17912152449681,-0.0010642838310758363,-0.005814548044510186,-0.006515672509237287,-0.0016865052449508422,-0.0007745219454433627,0.013453627946142415,-1.017998716260553,0.004910541710785925,0.520336168822093,1.2383147035858544,-1.0,0.1,-0.011953292337456012,-0.25881904510252157,0.9659258262890681,5,2.0,0.8571965557215627,True
XRPUSDT,trend_ema__directionshort_only_fast21_rsi_threshold58.0_slow55,trend_ema,2026-02-21 23:00:00+00:00,2026-02-22 03:15:00+00:00,short,0.007643030676667183,0.008443030676667183,target,17,0.31641756951006383,1,True,False,False,0.0025251779664694214,0.010258747026065157,0,0,0.008801304167480397,1.4317,1.4351,1.4292,1.43,4498600.1,2026-02-21 23:14:59.999000+00:00,6441716.56896,13399,1679870.7,2406064.24893,-0.0011881051123289112,-0.007940419236387752,-0.009742596198818593,-4.747488233572764,0.2881355932203441,0.5762711864406882,0.13559322033896773,0.004125874125874137,34.17912152449681,-0.0010642838310758363,-0.005814548044510186,-0.006515672509237287,-0.0016865052449508422,-0.0007745219454433627,0.013453627946142415,-1.017998716260553,0.004910541710785925,0.520336168822093,1.2383147035858544,-1.0,0.1,-0.011953292337456012,-0.25881904510252157,0.9659258262890681,5,2.0,0.8776207021670995,True
XRPUSDT,trend_ema__directionshort_only_fast21_rsi_threshold52.0_slow55,trend_ema,2026-02-21 23:00:00+00:00,2026-02-22 03:15:00+00:00,short,0.007643030676667183,0.008443030676667183,target,17,0.31641756951006383,1,True,False,False,0.0025251779664694214,0.010258747026065157,0,0,0.009122328808691262,1.4317,1.4351,1.4292,1.43,4498600.1,2026-02-21 23:14:59.999000+00:00,6441716.56896,13399,1679870.7,2406064.24893,-0.0011881051123289112,-0.007940419236387752,-0.009742596198818593,-4.747488233572764,0.2881355932203441,0.5762711864406882,0.13559322033896773,0.004125874125874137,34.17912152449681,-0.0010642838310758363,-0.005814548044510186,-0.006515672509237287,-0.0016865052449508422,-0.0007745219454433627,0.013453627946142415,-1.017998716260553,0.004910541710785925,0.520336168822093,1.2383147035858544,-1.0,0.1,-0.011953292337456012,-0.25881904510252157,0.9659258262890681,5,2.0,0.8776207021670995,True
XRPUSDT,trend_ema__directionshort_only_fast21_rsi_threshold55.0_slow55,trend_ema,2026-02-21 23:00:00+00:00,2026-02-22 03:15:00+00:00,short,0.007643030676667183,0.008443030676667183,target,17,0.31641756951006383,1,True,False,False,0.0025251779664694214,0.010258747026065157,0,0,0.008961816488085828,1.4317,1.4351,1.4292,1.43,4498600.1,2026-02-21 23:14:59.999000+00:00,6441716.56896,13399,1679870.7,2406064.24893,-0.0011881051123289112,-0.007940419236387752,-0.009742596198818593,-4.747488233572764,0.2881355932203441,0.5762711864406882,0.13559322033896773,0.004125874125874137,34.17912152449681,-0.0010642838310758363,-0.005814548044510186,-0.006515672509237287,-0.0016865052449508422,-0.0007745219454433627,0.013453627946142415,-1.017998716260553,0.004910541710785925,0.520336168822093,1.2383147035858544,-1.0,0.1,-0.011953292337456012,-0.25881904510252157,0.9659258262890681,5,2.0,0.8571965557215627,True
XRPUSDT,trend_ema__directionshort_only_fast12_rsi_threshold52.0_slow89,trend_ema,2026-02-21 23:15:00+00:00,2026-02-22 03:15:00+00:00,short,0.007786751525537299,0.0085867515255373,target,16,0.17463544851824436,1,True,False,False,0.003157676952472898,0.009012831748526188,0,0,0.007999965721161607,1.4299,1.4342,1.4294,1.4335,5106643.9,2026-02-21 23:29:59.999000+00:00,7313579.16717,9706,2175207.2,3114996.81421,0.0024445620694715734,-0.0022298106932489214,-0.006813152050093169,-1.2616350068257067,0.7500000000000231,0.14583333333331985,0.10416666666665703,0.003348447854900534,41.26822757408778,-0.0008865396249089805,-0.0030388915032916715,-0.003899042829797527,-0.0014737867166484397,-0.0009592002159557467,0.013751558158749688,-0.5906057866276815,0.00490264587430121,0.8663091433650352,1.3980148055629467,-1.0,0.14,-0.009534996199820345,-0.25881904510252157,0.9659258262890681,5,2.0,0.7090085626862734,True
XRPUSDT,trend_ema__directionboth_fast12_rsi_threshold55.0_slow89,trend_ema,2026-02-21 23:15:00+00:00,2026-02-22 03:15:00+00:00,short,0.007786751525537299,0.0085867515255373,target,16,0.17463544851824436,1,True,False,False,0.003157676952472898,0.009012831748526188,0,0,0.008384461396589622,1.4299,1.4342,1.4294,1.4335,5106643.9,2026-02-21 23:29:59.999000+00:00,7313579.16717,9706,2175207.2,3114996.81421,0.0024445620694715734,-0.0022298106932489214,-0.006813152050093169,-1.2616350068257067,0.7500000000000231,0.14583333333331985,0.10416666666665703,0.003348447854900534,41.26822757408778,-0.0008865396249089805,-0.0030388915032916715,-0.003899042829797527,-0.0014737867166484397,-0.0009592002159557467,0.013751558158749688,-0.5906057866276815,0.00490264587430121,0.8663091433650352,1.3980148055629467,-1.0,0.14,-0.009534996199820345,-0.25881904510252157,0.9659258262890681,5,2.0,0.7090085626862734,True
XRPUSDT,trend_ema__directionshort_only_fast12_rsi_threshold58.0_slow89,trend_ema,2026-02-21 23:15:00+00:00,2026-02-22 03:15:00+00:00,short,0.007786751525537299,0.0085867515255373,target,16,0.17463544851824436,1,True,False,False,0.003157676952472898,0.009012831748526188,0,0,0.00825629617144695,1.4299,1.4342,1.4294,1.4335,5106643.9,2026-02-21 23:29:59.999000+00:00,7313579.16717,9706,2175207.2,3114996.81421,0.0024445620694715734,-0.0022298106932489214,-0.006813152050093169,-1.2616350068257067,0.7500000000000231,0.14583333333331985,0.10416666666665703,0.003348447854900534,41.26822757408778,-0.0008865396249089805,-0.0030388915032916715,-0.003899042829797527,-0.0014737867166484397,-0.0009592002159557467,0.013751558158749688,-0.5906057866276815,0.00490264587430121,0.8663091433650352,1.3980148055629467,-1.0,0.14,-0.009534996199820345,-0.25881904510252157,0.9659258262890681,5,2.0,0.7090085626862734,True
XRPUSDT,trend_ema__directionboth_fast12_rsi_threshold52.0_slow89,trend_ema,2026-02-21 23:15:00+00:00,2026-02-22 03:15:00+00:00,short,0.007786751525537299,0.0085867515255373,target,16,0.17463544851824436,1,True,False,False,0.003157676952472898,0.009012831748526188,0,0,0.008512626621732293,1.4299,1.4342,1.4294,1.4335,5106643.9,2026-02-21 23:29:59.999000+00:00,7313579.16717,9706,2175207.2,3114996.81421,0.0024445620694715734,-0.0022298106932489214,-0.006813152050093169,-1.2616350068257067,0.7500000000000231,0.14583333333331985,0.10416666666665703,0.003348447854900534,41.26822757408778,-0.0008865396249089805,-0.0030388915032916715,-0.003899042829797527,-0.0014737867166484397,-0.0009592002159557467,0.013751558158749688,-0.5906057866276815,0.00490264587430121,0.8663091433650352,1.3980148055629467,-1.0,0.14,-0.009534996199820345,-0.25881904510252157,0.9659258262890681,5,2.0,0.7090085626862734,True
XRPUSDT,trend_ema__directionshort_only_fast12_rsi_threshold55.0_slow89,trend_ema,2026-02-21 23:15:00+00:00,2026-02-22 03:15:00+00:00,short,0.007786751525537299,0.0085867515255373,target,16,0.17463544851824436,1,True,False,False,0.003157676952472898,0.009012831748526188,0,0,0.008640791846874964,1.4299,1.4342,1.4294,1.4335,5106643.9,2026-02-21 23:29:59.999000+00:00,7313579.16717,9706,2175207.2,3114996.81421,0.0024445620694715734,-0.0022298106932489214,-0.006813152050093169,-1.2616350068257067,0.7500000000000231,0.14583333333331985,0.10416666666665703,0.003348447854900534,41.26822757408778,-0.0008865396249089805,-0.0030388915032916715,-0.003899042829797527,-0.0014737867166484397,-0.0009592002159557467,0.013751558158749688,-0.5906057866276815,0.00490264587430121,0.8663091433650352,1.3980148055629467,-1.0,0.14,-0.009534996199820345,-0.25881904510252157,0.9659258262890681,5,2.0,0.7079016023716586,True
XRPUSDT,trend_ema__directionshort_only_fast9_rsi_threshold55.0_slow89,trend_ema,2026-02-21 23:15:00+00:00,2026-02-22 03:15:00+00:00,short,0.007786751525537299,0.0085867515255373,target,16,0.17463544851824436,1,True,False,False,0.003157676952472898,0.009012831748526188,0,0,0.007871800496018936,1.4299,1.4342,1.4294,1.4335,5106643.9,2026-02-21 23:29:59.999000+00:00,7313579.16717,9706,2175207.2,3114996.81421,0.0024445620694715734,-0.0022298106932489214,-0.006813152050093169,-1.2616350068257067,0.7500000000000231,0.14583333333331985,0.10416666666665703,0.003348447854900534,41.26822757408778,-0.0008865396249089805,-0.0030388915032916715,-0.003899042829797527,-0.0014737867166484397,-0.0009592002159557467,0.013751558158749688,-0.5906057866276815,0.00490264587430121,0.8663091433650352,1.3980148055629467,-1.0,0.14,-0.009534996199820345,-0.25881904510252157,0.9659258262890681,5,2.0,0.7090085626862734,True
XRPUSDT,trend_ema__directionboth_fast12_rsi_threshold58.0_slow89,trend_ema,2026-02-21 23:15:00+00:00,2026-02-22 03:15:00+00:00,short,0.007786751525537299,0.0085867515255373,target,16,0.17463544851824436,1,True,False,False,0.003157676952472898,0.009012831748526188,0,0,0.007743635270876265,1.4299,1.4342,1.4294,1.4335,5106643.9,2026-02-21 23:29:59.999000+00:00,7313579.16717,9706,2175207.2,3114996.81421,0.0024445620694715734,-0.0022298106932489214,-0.006813152050093169,-1.2616350068257067,0.7500000000000231,0.14583333333331985,0.10416666666665703,0.003348447854900534,41.26822757408778,-0.0008865396249089805,-0.0030388915032916715,-0.003899042829797527,-0.0014737867166484397,-0.0009592002159557467,0.013751558158749688,-0.5906057866276815,0.00490264587430121,0.8663091433650352,1.3980148055629467,-1.0,0.14,-0.009534996199820345,-0.25881904510252157,0.9659258262890681,5,2.0,0.7097087348570813,True
XRPUSDT,trend_ema__directionboth_fast9_rsi_threshold58.0_slow89,trend_ema,2026-02-21 23:15:00+00:00,2026-02-22 03:15:00+00:00,short,0.007786751525537299,0.0085867515255373,target,16,0.17463544851824436,1,True,False,False,0.003157676952472898,0.009012831748526188,0,0,0.008128130946304279,1.4299,1.4342,1.4294,1.4335,5106643.9,2026-02-21 23:29:59.999000+00:00,7313579.16717,9706,2175207.2,3114996.81421,0.0024445620694715734,-0.0022298106932489214,-0.006813152050093169,-1.2616350068257067,0.7500000000000231,0.14583333333331985,0.10416666666665703,0.003348447854900534,41.26822757408778,-0.0008865396249089805,-0.0030388915032916715,-0.003899042829797527,-0.0014737867166484397,-0.0009592002159557467,0.013751558158749688,-0.5906057866276815,0.00490264587430121,0.8663091433650352,1.3980148055629467,-1.0,0.14,-0.009534996199820345,-0.25881904510252157,0.9659258262890681,5,2.0,0.7090085626862734,True
XRPUSDT,trend_ema__directionshort_only_fast9_rsi_threshold55.0_slow89,trend_ema,2026-02-21 23:15:00+00:00,2026-02-22 03:15:00+00:00,short,0.007786751525537299,0.0085867515255373,target,16,0.17463544851824436,1,True,False,False,0.003157676952472898,0.009012831748526188,0,0,0.007871800496018936,1.4299,1.4342,1.4294,1.4335,5106643.9,2026-02-21 23:29:59.999000+00:00,7313579.16717,9706,2175207.2,3114996.81421,0.0024445620694715734,-0.0022298106932489214,-0.006813152050093169,-1.2616350068257067,0.7500000000000231,0.14583333333331985,0.10416666666665703,0.003348447854900534,41.26822757408778,-0.0008865396249089805,-0.0030388915032916715,-0.003899042829797527,-0.0014737867166484397,-0.0009592002159557467,0.013751558158749688,-0.5906057866276815,0.00490264587430121,0.8663091433650352,1.3980148055629467,-1.0,0.14,-0.009534996199820345,-0.25881904510252157,0.9659258262890681,5,2.0,0.7404807673418756,True
XRPUSDT,trend_ema__directionboth_fast9_rsi_threshold58.0_slow89,trend_ema,2026-02-21 23:15:00+00:00,2026-02-22 03:15:00+00:00,short,0.007786751525537299,0.0085867515255373,target,16,0.17463544851824436,1,True,False,False,0.003157676952472898,0.009012831748526188,0,0,0.008128130946304279,1.4299,1.4342,1.4294,1.4335,5106643.9,2026-02-21 23:29:59.999000+00:00,7313579.16717,9706,2175207.2,3114996.81421,0.0024445620694715734,-0.0022298106932489214,-0.006813152050093169,-1.2616350068257067,0.7500000000000231,0.14583333333331985,0.10416666666665703,0.003348447854900534,41.26822757408778,-0.0008865396249089805,-0.0030388915032916715,-0.003899042829797527,-0.0014737867166484397,-0.0009592002159557467,0.013751558158749688,-0.5906057866276815,0.00490264587430121,0.8663091433650352,1.3980148055629467,-1.0,0.14,-0.009534996199820345,-0.25881904510252157,0.9659258262890681,5,2.0,0.7425377342499918,True
XRPUSDT,trend_ema__directionshort_only_fast12_rsi_threshold55.0_slow89,trend_ema,2026-02-21 23:15:00+00:00,2026-02-22 03:15:00+00:00,short,0.007786751525537299,0.0085867515255373,target,16,0.17463544851824436,1,True,False,False,0.003157676952472898,0.009012831748526188,0,0,0.008640791846874964,1.4299,1.4342,1.4294,1.4335,5106643.9,2026-02-21 23:29:59.999000+00:00,7313579.16717,9706,2175207.2,3114996.81421,0.0024445620694715734,-0.0022298106932489214,-0.006813152050093169,-1.2616350068257067,0.7500000000000231,0.14583333333331985,0.10416666666665703,0.003348447854900534,41.26822757408778,-0.0008865396249089805,-0.0030388915032916715,-0.003899042829797527,-0.0014737867166484397,-0.0009592002159557467,0.013751558158749688,-0.5906057866276815,0.00490264587430121,0.8663091433650352,1.3980148055629467,-1.0,0.14,-0.009534996199820345,-0.25881904510252157,0.9659258262890681,5,2.0,0.7425377342499918,True
XRPUSDT,trend_ema__directionboth_fast12_rsi_threshold52.0_slow89,trend_ema,2026-02-21 23:15:00+00:00,2026-02-22 03:15:00+00:00,short,0.007786751525537299,0.0085867515255373,target,16,0.17463544851824436,1,True,False,False,0.003157676952472898,0.009012831748526188,0,0,0.008512626621732293,1.4299,1.4342,1.4294,1.4335,5106643.9,2026-02-21 23:29:59.999000+00:00,7313579.16717,9706,2175207.2,3114996.81421,0.0024445620694715734,-0.0022298106932489214,-0.006813152050093169,-1.2616350068257067,0.7500000000000231,0.14583333333331985,0.10416666666665703,0.003348447854900534,41.26822757408778,-0.0008865396249089805,-0.0030388915032916715,-0.003899042829797527,-0.0014737867166484397,-0.0009592002159557467,0.013751558158749688,-0.5906057866276815,0.00490264587430121,0.8663091433650352,1.3980148055629467,-1.0,0.14,-0.009534996199820345,-0.25881904510252157,0.9659258262890681,5,2.0,0.7425377342499918,True
XRPUSDT,trend_ema__directionboth_fast12_rsi_threshold55.0_slow89,trend_ema,2026-02-21 23:15:00+00:00,2026-02-22 03:15:00+00:00,short,0.007786751525537299,0.0085867515255373,target,16,0.17463544851824436,1,True,False,False,0.003157676952472898,0.009012831748526188,0,0,0.008384461396589622,1.4299,1.4342,1.4294,1.4335,5106643.9,2026-02-21 23:29:59.999000+00:00,7313579.16717,9706,2175207.2,3114996.81421,0.0024445620694715734,-0.0022298106932489214,-0.006813152050093169,-1.2616350068257067,0.7500000000000231,0.14583333333331985,0.10416666666665703,0.003348447854900534,41.26822757408778,-0.0008865396249089805,-0.0030388915032916715,-0.003899042829797527,-0.0014737867166484397,-0.0009592002159557467,0.013751558158749688,-0.5906057866276815,0.00490264587430121,0.8663091433650352,1.3980148055629467,-1.0,0.14,-0.009534996199820345,-0.25881904510252157,0.9659258262890681,5,2.0,0.7425377342499918,True
XRPUSDT,trend_ema__directionshort_only_fast12_rsi_threshold52.0_slow89,trend_ema,2026-02-21 23:15:00+00:00,2026-02-22 03:15:00+00:00,short,0.007786751525537299,0.0085867515255373,target,16,0.17463544851824436,1,True,False,False,0.003157676952472898,0.009012831748526188,0,0,0.007999965721161607,1.4299,1.4342,1.4294,1.4335,5106643.9,2026-02-21 23:29:59.999000+00:00,7313579.16717,9706,2175207.2,3114996.81421,0.0024445620694715734,-0.0022298106932489214,-0.006813152050093169,-1.2616350068257067,0.7500000000000231,0.14583333333331985,0.10416666666665703,0.003348447854900534,41.26822757408778,-0.0008865396249089805,-0.0030388915032916715,-0.003899042829797527,-0.0014737867166484397,-0.0009592002159557467,0.013751558158749688,-0.5906057866276815,0.00490264587430121,0.8663091433650352,1.3980148055629467,-1.0,0.14,-0.009534996199820345,-0.25881904510252157,0.9659258262890681,5,2.0,0.7404807673418756,True
XRPUSDT,trend_ema__directionboth_fast12_rsi_threshold58.0_slow89,trend_ema,2026-02-21 23:15:00+00:00,2026-02-22 03:15:00+00:00,short,0.007786751525537299,0.0085867515255373,target,16,0.17463544851824436,1,True,False,False,0.003157676952472898,0.009012831748526188,0,0,0.007743635270876265,1.4299,1.4342,1.4294,1.4335,5106643.9,2026-02-21 23:29:59.999000+00:00,7313579.16717,9706,2175207.2,3114996.81421,0.0024445620694715734,-0.0022298106932489214,-0.006813152050093169,-1.2616350068257067,0.7500000000000231,0.14583333333331985,0.10416666666665703,0.003348447854900534,41.26822757408778,-0.0008865396249089805,-0.0030388915032916715,-0.003899042829797527,-0.0014737867166484397,-0.0009592002159557467,0.013751558158749688,-0.5906057866276815,0.00490264587430121,0.8663091433650352,1.3980148055629467,-1.0,0.14,-0.009534996199820345,-0.25881904510252157,0.9659258262890681,5,2.0,0.7404807673418756,True
XRPUSDT,trend_ema__directionshort_only_fast12_rsi_threshold58.0_slow89,trend_ema,2026-02-21 23:15:00+00:00,2026-02-22 03:15:00+00:00,short,0.007786751525537299,0.0085867515255373,target,16,0.17463544851824436,1,True,False,False,0.003157676952472898,0.009012831748526188,0,0,0.00825629617144695,1.4299,1.4342,1.4294,1.4335,5106643.9,2026-02-21 23:29:59.999000+00:00,7313579.16717,9706,2175207.2,3114996.81421,0.0024445620694715734,-0.0022298106932489214,-0.006813152050093169,-1.2616350068257067,0.7500000000000231,0.14583333333331985,0.10416666666665703,0.003348447854900534,41.26822757408778,-0.0008865396249089805,-0.0030388915032916715,-0.003899042829797527,-0.0014737867166484397,-0.0009592002159557467,0.013751558158749688,-0.5906057866276815,0.00490264587430121,0.8663091433650352,1.3980148055629467,-1.0,0.14,-0.009534996199820345,-0.25881904510252157,0.9659258262890681,5,2.0,0.7425377342499918,True
XRPUSDT,trend_ema__directionboth_fast21_rsi_threshold55.0_slow89,trend_ema,2026-02-22 00:15:00+00:00,2026-02-22 05:45:00+00:00,short,0.00737083881683908,0.00817083881683908,target,22,0.2656167583695643,1,True,False,False,0.0028805685921140423,0.00846169977649266,0,0,0.007703568983797657,1.4285,1.4321,1.4256,1.4292,8933583.4,2026-02-22 00:29:59.999000+00:00,12758946.71123,14453,4417616.8,6310140.22888,0.0005599104289613909,-0.003004159174169789,-0.008846841163346445,-1.8325805766016596,0.10769230769229665,0.4461538461538346,0.44615384615386877,0.004547998880492549,36.71916208152179,-0.0007985910798758932,-0.004159966694369657,-0.0059484554023660485,-0.0014913942774776867,-0.0011226705200851894,0.01401048844837037,-0.6962551564360239,0.004798965764679224,3.211352467248266,2.5424568302487627,-1.0,0.11,-0.010934256055363356,0.0,1.0,6,0.0,0.7948069037615738,True
XRPUSDT,trend_ema__directionshort_only_fast21_rsi_threshold52.0_slow89,trend_ema,2026-02-22 00:15:00+00:00,2026-02-22 05:45:00+00:00,short,0.00737083881683908,0.00817083881683908,target,22,0.2656167583695643,1,True,False,False,0.0028805685921140423,0.00846169977649266,0,0,0.007730788169780467,1.4285,1.4321,1.4256,1.4292,8933583.4,2026-02-22 00:29:59.999000+00:00,12758946.71123,14453,4417616.8,6310140.22888,0.0005599104289613909,-0.003004159174169789,-0.008846841163346445,-1.8325805766016596,0.10769230769229665,0.4461538461538346,0.44615384615386877,0.004547998880492549,36.71916208152179,-0.0007985910798758932,-0.004159966694369657,-0.0059484554023660485,-0.0014913942774776867,-0.0011226705200851894,0.01401048844837037,-0.6962551564360239,0.004798965764679224,3.211352467248266,2.5424568302487627,-1.0,0.11,-0.010934256055363356,0.0,1.0,6,0.0,0.7948069037615738,True
XRPUSDT,trend_ema__directionshort_only_fast21_rsi_threshold58.0_slow89,trend_ema,2026-02-22 00:15:00+00:00,2026-02-22 05:45:00+00:00,short,0.00737083881683908,0.00817083881683908,target,22,0.2656167583695643,1,True,False,False,0.0028805685921140423,0.00846169977649266,0,0,0.0076619777129278335,1.4285,1.4321,1.4256,1.4292,8933583.4,2026-02-22 00:29:59.999000+00:00,12758946.71123,14453,4417616.8,6310140.22888,0.0005599104289613909,-0.003004159174169789,-0.008846841163346445,-1.8325805766016596,0.10769230769229665,0.4461538461538346,0.44615384615386877,0.004547998880492549,36.71916208152179,-0.0007985910798758932,-0.004159966694369657,-0.0059484554023660485,-0.0014913942774776867,-0.0011226705200851894,0.01401048844837037,-0.6962551564360239,0.004798965764679224,3.211352467248266,2.5424568302487627,-1.0,0.11,-0.010934256055363356,0.0,1.0,6,0.0,0.7948069037615738,True
XRPUSDT,trend_ema__directionboth_fast21_rsi_threshold55.0_slow89,trend_ema,2026-02-22 00:15:00+00:00,2026-02-22 05:45:00+00:00,short,0.00737083881683908,0.00817083881683908,target,22,0.2656167583695643,1,True,False,False,0.0028805685921140423,0.00846169977649266,0,0,0.007703568983797657,1.4285,1.4321,1.4256,1.4292,8933583.4,2026-02-22 00:29:59.999000+00:00,12758946.71123,14453,4417616.8,6310140.22888,0.0005599104289613909,-0.003004159174169789,-0.008846841163346445,-1.8325805766016596,0.10769230769229665,0.4461538461538346,0.44615384615386877,0.004547998880492549,36.71916208152179,-0.0007985910798758932,-0.004159966694369657,-0.0059484554023660485,-0.0014913942774776867,-0.0011226705200851894,0.01401048844837037,-0.6962551564360239,0.004798965764679224,3.211352467248266,2.5424568302487627,-1.0,0.11,-0.010934256055363356,0.0,1.0,6,0.0,0.7968051179946296,True
XRPUSDT,trend_ema__directionshort_only_fast21_rsi_threshold52.0_slow89,trend_ema,2026-02-22 00:15:00+00:00,2026-02-22 05:45:00+00:00,short,0.00737083881683908,0.00817083881683908,target,22,0.2656167583695643,1,True,False,False,0.0028805685921140423,0.00846169977649266,0,0,0.007730788169780467,1.4285,1.4321,1.4256,1.4292,8933583.4,2026-02-22 00:29:59.999000+00:00,12758946.71123,14453,4417616.8,6310140.22888,0.0005599104289613909,-0.003004159174169789,-0.008846841163346445,-1.8325805766016596,0.10769230769229665,0.4461538461538346,0.44615384615386877,0.004547998880492549,36.71916208152179,-0.0007985910798758932,-0.004159966694369657,-0.0059484554023660485,-0.0014913942774776867,-0.0011226705200851894,0.01401048844837037,-0.6962551564360239,0.004798965764679224,3.211352467248266,2.5424568302487627,-1.0,0.11,-0.010934256055363356,0.0,1.0,6,0.0,0.7968051179946296,True
XRPUSDT,trend_ema__directionshort_only_fast21_rsi_threshold55.0_slow89,trend_ema,2026-02-22 00:15:00+00:00,2026-02-22 05:45:00+00:00,short,0.00737083881683908,0.00817083881683908,target,22,0.2656167583695643,1,True,False,False,0.0028805685921140423,0.00846169977649266,0,0,0.0077580073557632755,1.4285,1.4321,1.4256,1.4292,8933583.4,2026-02-22 00:29:59.999000+00:00,12758946.71123,14453,4417616.8,6310140.22888,0.0005599104289613909,-0.003004159174169789,-0.008846841163346445,-1.8325805766016596,0.10769230769229665,0.4461538461538346,0.44615384615386877,0.004547998880492549,36.71916208152179,-0.0007985910798758932,-0.004159966694369657,-0.0059484554023660485,-0.0014913942774776867,-0.0011226705200851894,0.01401048844837037,-0.6962551564360239,0.004798965764679224,3.211352467248266,2.5424568302487627,-1.0,0.11,-0.010934256055363356,0.0,1.0,6,0.0,0.7948069037615738,True
XRPUSDT,trend_ema__directionshort_only_fast21_rsi_threshold55.0_slow89,trend_ema,2026-02-22 00:15:00+00:00,2026-02-22 05:45:00+00:00,short,0.00737083881683908,0.00817083881683908,target,22,0.2656167583695643,1,True,False,False,0.0028805685921140423,0.00846169977649266,0,0,0.0077580073557632755,1.4285,1.4321,1.4256,1.4292,8933583.4,2026-02-22 00:29:59.999000+00:00,12758946.71123,14453,4417616.8,6310140.22888,0.0005599104289613909,-0.003004159174169789,-0.008846841163346445,-1.8325805766016596,0.10769230769229665,0.4461538461538346,0.44615384615386877,0.004547998880492549,36.71916208152179,-0.0007985910798758932,-0.004159966694369657,-0.0059484554023660485,-0.0014913942774776867,-0.0011226705200851894,0.01401048844837037,-0.6962551564360239,0.004798965764679224,3.211352467248266,2.5424568302487627,-1.0,0.11,-0.010934256055363356,0.0,1.0,6,0.0,0.7955503963683281,True
XRPUSDT,trend_ema__directionshort_only_fast21_rsi_threshold58.0_slow89,trend_ema,2026-02-22 00:15:00+00:00,2026-02-22 05:45:00+00:00,short,0.00737083881683908,0.00817083881683908,target,22,0.2656167583695643,1,True,False,False,0.0028805685921140423,0.00846169977649266,0,0,0.0076619777129278335,1.4285,1.4321,1.4256,1.4292,8933583.4,2026-02-22 00:29:59.999000+00:00,12758946.71123,14453,4417616.8,6310140.22888,0.0005599104289613909,-0.003004159174169789,-0.008846841163346445,-1.8325805766016596,0.10769230769229665,0.4461538461538346,0.44615384615386877,0.004547998880492549,36.71916208152179,-0.0007985910798758932,-0.004159966694369657,-0.0059484554023660485,-0.0014913942774776867,-0.0011226705200851894,0.01401048844837037,-0.6962551564360239,0.004798965764679224,3.211352467248266,2.5424568302487627,-1.0,0.11,-0.010934256055363356,0.0,1.0,6,0.0,0.7968051179946296,True
ETHUSDT,trend_ema__directionshort_only_fast21_rsi_threshold58.0_slow55,trend_ema,2026-02-22 12:45:00+00:00,2026-02-22 13:30:00+00:00,short,0.0049058027171705616,0.005705802717170562,target,3,0.275336276471763,1,True,False,False,0.0025851757002144497,0.009126994173284877,0,0,0.0049058027171705616,1963.21,1966.99,1960.53,1965.45,44074.56,2026-02-22 12:59:59.999000+00:00,86593810.82939,58156,22341.641,43896128.64878,0.0011403380504985653,-0.007294806623919969,-0.0035653377601900585,-4.367115671035583,0.3467492260061914,0.23839009287925,0.4148606811145586,0.0032867791091098914,36.23318617641185,-1.2917612966258962,-0.004199461447412026,-0.00467679405337198,-0.001169563533878093,-0.0004461658310035421,0.009003960324708793,-0.987630952706846,4.621431802498165,1.421496498873638,2.6239112668788778,-1.0,0.81,-0.007834545702357976,1.2246467991473532e-16,-1.0,6,1.0,0.7607243893021453,True
ETHUSDT,trend_ema__directionshort_only_fast21_rsi_threshold58.0_slow89,trend_ema,2026-02-22 12:45:00+00:00,2026-02-22 13:30:00+00:00,short,0.0049058027171705616,0.005705802717170562,target,3,0.275336276471763,1,True,False,False,0.0025851757002144497,0.009126994173284877,0,0,0.0015061138405897227,1963.21,1966.99,1960.53,1965.45,44074.56,2026-02-22 12:59:59.999000+00:00,86593810.82939,58156,22341.641,43896128.64878,0.0011403380504985653,-0.007294806623919969,-0.0035653377601900585,-4.367115671035583,0.3467492260061914,0.23839009287925,0.4148606811145586,0.0032867791091098914,36.23318617641185,-1.2917612966258962,-0.004199461447412026,-0.00467679405337198,-0.001169563533878093,-0.0004461658310035421,0.009003960324708793,-0.987630952706846,4.621431802498165,1.421496498873638,2.6239112668788778,-1.0,0.81,-0.007834545702357976,1.2246467991473532e-16,-1.0,6,1.0,0.7488518205234431,True
ETHUSDT,trend_ema__directionboth_fast12_rsi_threshold55.0_slow89,trend_ema,2026-02-22 12:45:00+00:00,2026-02-22 13:30:00+00:00,short,0.0049058027171705616,0.005705802717170562,target,3,0.275336276471763,1,True,False,False,0.0025851757002144497,0.009126994173284877,0,0,0.0049058027171705616,1963.21,1966.99,1960.53,1965.45,44074.56,2026-02-22 12:59:59.999000+00:00,86593810.82939,58156,22341.641,43896128.64878,0.0011403380504985653,-0.007294806623919969,-0.0035653377601900585,-4.367115671035583,0.3467492260061914,0.23839009287925,0.4148606811145586,0.0032867791091098914,36.23318617641185,-1.2917612966258962,-0.004199461447412026,-0.00467679405337198,-0.001169563533878093,-0.0004461658310035421,0.009003960324708793,-0.987630952706846,4.621431802498165,1.421496498873638,2.6239112668788778,-1.0,0.81,-0.007834545702357976,1.2246467991473532e-16,-1.0,6,1.0,0.7607243893021453,True
ETHUSDT,trend_ema__directionshort_only_fast21_rsi_threshold55.0_slow89,trend_ema,2026-02-22 12:45:00+00:00,2026-02-22 13:30:00+00:00,short,0.0049058027171705616,0.005705802717170562,target,3,0.275336276471763,1,True,False,False,0.0025851757002144497,0.009126994173284877,0,0,0.0049058027171705616,1963.21,1966.99,1960.53,1965.45,44074.56,2026-02-22 12:59:59.999000+00:00,86593810.82939,58156,22341.641,43896128.64878,0.0011403380504985653,-0.007294806623919969,-0.0035653377601900585,-4.367115671035583,0.3467492260061914,0.23839009287925,0.4148606811145586,0.0032867791091098914,36.23318617641185,-1.2917612966258962,-0.004199461447412026,-0.00467679405337198,-0.001169563533878093,-0.0004461658310035421,0.009003960324708793,-0.987630952706846,4.621431802498165,1.421496498873638,2.6239112668788778,-1.0,0.81,-0.007834545702357976,1.2246467991473532e-16,-1.0,6,1.0,0.7607243893021453,True
ETHUSDT,trend_ema__directionboth_fast12_rsi_threshold52.0_slow89,trend_ema,2026-02-22 12:45:00+00:00,2026-02-22 13:30:00+00:00,short,0.0049058027171705616,0.005705802717170562,target,3,0.275336276471763,1,True,False,False,0.0025851757002144497,0.009126994173284877,0,0,0.004054627091602496,1963.21,1966.99,1960.53,1965.45,44074.56,2026-02-22 12:59:59.999000+00:00,86593810.82939,58156,22341.641,43896128.64878,0.0011403380504985653,-0.007294806623919969,-0.0035653377601900585,-4.367115671035583,0.3467492260061914,0.23839009287925,0.4148606811145586,0.0032867791091098914,36.23318617641185,-1.2917612966258962,-0.004199461447412026,-0.00467679405337198,-0.001169563533878093,-0.0004461658310035421,0.009003960324708793,-0.987630952706846,4.621431802498165,1.421496498873638,2.6239112668788778,-1.0,0.81,-0.007834545702357976,1.2246467991473532e-16,-1.0,6,1.0,0.7516145272607042,True
ETHUSDT,trend_ema__directionshort_only_fast21_rsi_threshold52.0_slow55,trend_ema,2026-02-22 12:45:00+00:00,2026-02-22 13:30:00+00:00,short,0.0049058027171705616,0.005705802717170562,target,3,0.275336276471763,1,True,False,False,0.0025851757002144497,0.009126994173284877,0,0,0.0032051226745982387,1963.21,1966.99,1960.53,1965.45,44074.56,2026-02-22 12:59:59.999000+00:00,86593810.82939,58156,22341.641,43896128.64878,0.0011403380504985653,-0.007294806623919969,-0.0035653377601900585,-4.367115671035583,0.3467492260061914,0.23839009287925,0.4148606811145586,0.0032867791091098914,36.23318617641185,-1.2917612966258962,-0.004199461447412026,-0.00467679405337198,-0.001169563533878093,-0.0004461658310035421,0.009003960324708793,-0.987630952706846,4.621431802498165,1.421496498873638,2.6239112668788778,-1.0,0.81,-0.007834545702357976,1.2246467991473532e-16,-1.0,6,1.0,0.7513911869220937,True
ETHUSDT,trend_ema__directionshort_only_fast12_rsi_threshold58.0_slow89,trend_ema,2026-02-22 12:45:00+00:00,2026-02-22 13:30:00+00:00,short,0.0049058027171705616,0.005705802717170562,target,3,0.275336276471763,1,True,False,False,0.0025851757002144497,0.009126994173284877,0,0,0.0023556182575939803,1963.21,1966.99,1960.53,1965.45,44074.56,2026-02-22 12:59:59.999000+00:00,86593810.82939,58156,22341.641,43896128.64878,0.0011403380504985653,-0.007294806623919969,-0.0035653377601900585,-4.367115671035583,0.3467492260061914,0.23839009287925,0.4148606811145586,0.0032867791091098914,36.23318617641185,-1.2917612966258962,-0.004199461447412026,-0.00467679405337198,-0.001169563533878093,-0.0004461658310035421,0.009003960324708793,-0.987630952706846,4.621431802498165,1.421496498873638,2.6239112668788778,-1.0,0.81,-0.007834545702357976,1.2246467991473532e-16,-1.0,6,1.0,0.7470663451238134,True
ETHUSDT,trend_ema__directionboth_fast21_rsi_threshold55.0_slow89,trend_ema,2026-02-22 12:45:00+00:00,2026-02-22 13:30:00+00:00,short,0.0049058027171705616,0.005705802717170562,target,3,0.275336276471763,1,True,False,False,0.0025851757002144497,0.009126994173284877,0,0,0.0049058027171705616,1963.21,1966.99,1960.53,1965.45,44074.56,2026-02-22 12:59:59.999000+00:00,86593810.82939,58156,22341.641,43896128.64878,0.0011403380504985653,-0.007294806623919969,-0.0035653377601900585,-4.367115671035583,0.3467492260061914,0.23839009287925,0.4148606811145586,0.0032867791091098914,36.23318617641185,-1.2917612966258962,-0.004199461447412026,-0.00467679405337198,-0.001169563533878093,-0.0004461658310035421,0.009003960324708793,-0.987630952706846,4.621431802498165,1.421496498873638,2.6239112668788778,-1.0,0.81,-0.007834545702357976,1.2246467991473532e-16,-1.0,6,1.0,0.7607243893021453,True
ETHUSDT,trend_ema__directionboth_fast9_rsi_threshold58.0_slow89,trend_ema,2026-02-22 12:45:00+00:00,2026-02-22 13:30:00+00:00,short,0.0049058027171705616,0.005705802717170562,target,3,0.275336276471763,1,True,False,False,0.0025851757002144497,0.009126994173284877,0,0,0.0049058027171705616,1963.21,1966.99,1960.53,1965.45,44074.56,2026-02-22 12:59:59.999000+00:00,86593810.82939,58156,22341.641,43896128.64878,0.0011403380504985653,-0.007294806623919969,-0.0035653377601900585,-4.367115671035583,0.3467492260061914,0.23839009287925,0.4148606811145586,0.0032867791091098914,36.23318617641185,-1.2917612966258962,-0.004199461447412026,-0.00467679405337198,-0.001169563533878093,-0.0004461658310035421,0.009003960324708793,-0.987630952706846,4.621431802498165,1.421496498873638,2.6239112668788778,-1.0,0.81,-0.007834545702357976,1.2246467991473532e-16,-1.0,6,1.0,0.7607243893021453,True
ETHUSDT,trend_ema__directionboth_fast12_rsi_threshold52.0_slow89,trend_ema,2026-02-22 12:45:00+00:00,2026-02-22 13:30:00+00:00,short,0.0049058027171705616,0.005705802717170562,target,3,0.275336276471763,1,True,False,False,0.0025851757002144497,0.009126994173284877,0,0,0.004054627091602496,1963.21,1966.99,1960.53,1965.45,44074.56,2026-02-22 12:59:59.999000+00:00,86593810.82939,58156,22341.641,43896128.64878,0.0011403380504985653,-0.007294806623919969,-0.0035653377601900585,-4.367115671035583,0.3467492260061914,0.23839009287925,0.4148606811145586,0.0032867791091098914,36.23318617641185,-1.2917612966258962,-0.004199461447412026,-0.00467679405337198,-0.001169563533878093,-0.0004461658310035421,0.009003960324708793,-0.987630952706846,4.621431802498165,1.421496498873638,2.6239112668788778,-1.0,0.81,-0.007834545702357976,1.2246467991473532e-16,-1.0,6,1.0,0.767245480553782,True
ETHUSDT,trend_ema__directionboth_fast21_rsi_threshold55.0_slow89,trend_ema,2026-02-22 12:45:00+00:00,2026-02-22 13:30:00+00:00,short,0.0049058027171705616,0.005705802717170562,target,3,0.275336276471763,1,True,False,False,0.0025851757002144497,0.009126994173284877,0,0,0.0049058027171705616,1963.21,1966.99,1960.53,1965.45,44074.56,2026-02-22 12:59:59.999000+00:00,86593810.82939,58156,22341.641,43896128.64878,0.0011403380504985653,-0.007294806623919969,-0.0035653377601900585,-4.367115671035583,0.3467492260061914,0.23839009287925,0.4148606811145586,0.0032867791091098914,36.23318617641185,-1.2917612966258962,-0.004199461447412026,-0.00467679405337198,-0.001169563533878093,-0.0004461658310035421,0.009003960324708793,-0.987630952706846,4.621431802498165,1.421496498873638,2.6239112668788778,-1.0,0.81,-0.007834545702357976,1.2246467991473532e-16,-1.0,6,1.0,0.7724035109420164,True
ETHUSDT,trend_ema__directionshort_only_fast21_rsi_threshold58.0_slow89,trend_ema,2026-02-22 12:45:00+00:00,2026-02-22 13:30:00+00:00,short,0.0049058027171705616,0.005705802717170562,target,3,0.275336276471763,1,True,False,False,0.0025851757002144497,0.009126994173284877,0,0,0.0015061138405897227,1963.21,1966.99,1960.53,1965.45,44074.56,2026-02-22 12:59:59.999000+00:00,86593810.82939,58156,22341.641,43896128.64878,0.0011403380504985653,-0.007294806623919969,-0.0035653377601900585,-4.367115671035583,0.3467492260061914,0.23839009287925,0.4148606811145586,0.0032867791091098914,36.23318617641185,-1.2917612966258962,-0.004199461447412026,-0.00467679405337198,-0.001169563533878093,-0.0004461658310035421,0.009003960324708793,-0.987630952706846,4.621431802498165,1.421496498873638,2.6239112668788778,-1.0,0.81,-0.007834545702357976,1.2246467991473532e-16,-1.0,6,1.0,0.7710340019719603,True
ETHUSDT,trend_ema__directionshort_only_fast9_rsi_threshold55.0_slow89,trend_ema,2026-02-22 12:45:00+00:00,2026-02-22 13:30:00+00:00,short,0.0049058027171705616,0.005705802717170562,target,3,0.275336276471763,1,True,False,False,0.0025851757002144497,0.009126994173284877,0,0,0.0006566094235854645,1963.21,1966.99,1960.53,1965.45,44074.56,2026-02-22 12:59:59.999000+00:00,86593810.82939,58156,22341.641,43896128.64878,0.0011403380504985653,-0.007294806623919969,-0.0035653377601900585,-4.367115671035583,0.3467492260061914,0.23839009287925,0.4148606811145586,0.0032867791091098914,36.23318617641185,-1.2917612966258962,-0.004199461447412026,-0.00467679405337198,-0.001169563533878093,-0.0004461658310035421,0.009003960324708793,-0.987630952706846,4.621431802498165,1.421496498873638,2.6239112668788778,-1.0,0.81,-0.007834545702357976,1.2246467991473532e-16,-1.0,6,1.0,0.748079538351818,True
ETHUSDT,trend_ema__directionshort_only_fast21_rsi_threshold58.0_slow55,trend_ema,2026-02-22 12:45:00+00:00,2026-02-22 13:30:00+00:00,short,0.0049058027171705616,0.005705802717170562,target,3,0.275336276471763,1,True,False,False,0.0025851757002144497,0.009126994173284877,0,0,0.0049058027171705616,1963.21,1966.99,1960.53,1965.45,44074.56,2026-02-22 12:59:59.999000+00:00,86593810.82939,58156,22341.641,43896128.64878,0.0011403380504985653,-0.007294806623919969,-0.0035653377601900585,-4.367115671035583,0.3467492260061914,0.23839009287925,0.4148606811145586,0.0032867791091098914,36.23318617641185,-1.2917612966258962,-0.004199461447412026,-0.00467679405337198,-0.001169563533878093,-0.0004461658310035421,0.009003960324708793,-0.987630952706846,4.621431802498165,1.421496498873638,2.6239112668788778,-1.0,0.81,-0.007834545702357976,1.2246467991473532e-16,-1.0,6,1.0,0.7724035109420164,True
ETHUSDT,trend_ema__directionboth_fast9_rsi_threshold58.0_slow89,trend_ema,2026-02-22 12:45:00+00:00,2026-02-22 13:30:00+00:00,short,0.0049058027171705616,0.005705802717170562,target,3,0.275336276471763,1,True,False,False,0.0025851757002144497,0.009126994173284877,0,0,0.0049058027171705616,1963.21,1966.99,1960.53,1965.45,44074.56,2026-02-22 12:59:59.999000+00:00,86593810.82939,58156,22341.641,43896128.64878,0.0011403380504985653,-0.007294806623919969,-0.0035653377601900585,-4.367115671035583,0.3467492260061914,0.23839009287925,0.4148606811145586,0.0032867791091098914,36.23318617641185,-1.2917612966258962,-0.004199461447412026,-0.00467679405337198,-0.001169563533878093,-0.0004461658310035421,0.009003960324708793,-0.987630952706846,4.621431802498165,1.421496498873638,2.6239112668788778,-1.0,0.81,-0.007834545702357976,1.2246467991473532e-16,-1.0,6,1.0,0.7724035109420164,True
ETHUSDT,trend_ema__directionboth_fast12_rsi_threshold55.0_slow89,trend_ema,2026-02-22 12:45:00+00:00,2026-02-22 13:30:00+00:00,short,0.0049058027171705616,0.005705802717170562,target,3,0.275336276471763,1,True,False,False,0.0025851757002144497,0.009126994173284877,0,0,0.0049058027171705616,1963.21,1966.99,1960.53,1965.45,44074.56,2026-02-22 12:59:59.999000+00:00,86593810.82939,58156,22341.641,43896128.64878,0.0011403380504985653,-0.007294806623919969,-0.0035653377601900585,-4.367115671035583,0.3467492260061914,0.23839009287925,0.4148606811145586,0.0032867791091098914,36.23318617641185,-1.2917612966258962,-0.004199461447412026,-0.00467679405337198,-0.001169563533878093,-0.0004461658310035421,0.009003960324708793,-0.987630952706846,4.621431802498165,1.421496498873638,2.6239112668788778,-1.0,0.81,-0.007834545702357976,1.2246467991473532e-16,-1.0,6,1.0,0.7724035109420164,True
ETHUSDT,trend_ema__directionshort_only_fast12_rsi_threshold58.0_slow89,trend_ema,2026-02-22 12:45:00+00:00,2026-02-22 13:30:00+00:00,short,0.0049058027171705616,0.005705802717170562,target,3,0.275336276471763,1,True,False,False,0.0025851757002144497,0.009126994173284877,0,0,0.0023556182575939803,1963.21,1966.99,1960.53,1965.45,44074.56,2026-02-22 12:59:59.999000+00:00,86593810.82939,58156,22341.641,43896128.64878,0.0011403380504985653,-0.007294806623919969,-0.0035653377601900585,-4.367115671035583,0.3467492260061914,0.23839009287925,0.4148606811145586,0.0032867791091098914,36.23318617641185,-1.2917612966258962,-0.004199461447412026,-0.00467679405337198,-0.001169563533878093,-0.0004461658310035421,0.009003960324708793,-0.987630952706846,4.621431802498165,1.421496498873638,2.6239112668788778,-1.0,0.81,-0.007834545702357976,1.2246467991473532e-16,-1.0,6,1.0,0.7653994672697332,True
ETHUSDT,trend_ema__directionshort_only_fast21_rsi_threshold52.0_slow55,trend_ema,2026-02-22 12:45:00+00:00,2026-02-22 13:30:00+00:00,short,0.0049058027171705616,0.005705802717170562,target,3,0.275336276471763,1,True,False,False,0.0025851757002144497,0.009126994173284877,0,0,0.0032051226745982387,1963.21,1966.99,1960.53,1965.45,44074.56,2026-02-22 12:59:59.999000+00:00,86593810.82939,58156,22341.641,43896128.64878,0.0011403380504985653,-0.007294806623919969,-0.0035653377601900585,-4.367115671035583,0.3467492260061914,0.23839009287925,0.4148606811145586,0.0032867791091098914,36.23318617641185,-1.2917612966258962,-0.004199461447412026,-0.00467679405337198,-0.001169563533878093,-0.0004461658310035421,0.009003960324708793,-0.987630952706846,4.621431802498165,1.421496498873638,2.6239112668788778,-1.0,0.81,-0.007834545702357976,1.2246467991473532e-16,-1.0,6,1.0,0.765370182634306,True
ETHUSDT,trend_ema__directionshort_only_fast21_rsi_threshold55.0_slow89,trend_ema,2026-02-22 12:45:00+00:00,2026-02-22 13:30:00+00:00,short,0.0049058027171705616,0.005705802717170562,target,3,0.275336276471763,1,True,False,False,0.0025851757002144497,0.009126994173284877,0,0,0.0049058027171705616,1963.21,1966.99,1960.53,1965.45,44074.56,2026-02-22 12:59:59.999000+00:00,86593810.82939,58156,22341.641,43896128.64878,0.0011403380504985653,-0.007294806623919969,-0.0035653377601900585,-4.367115671035583,0.3467492260061914,0.23839009287925,0.4148606811145586,0.0032867791091098914,36.23318617641185,-1.2917612966258962,-0.004199461447412026,-0.00467679405337198,-0.001169563533878093,-0.0004461658310035421,0.009003960324708793,-0.987630952706846,4.621431802498165,1.421496498873638,2.6239112668788778,-1.0,0.81,-0.007834545702357976,1.2246467991473532e-16,-1.0,6,1.0,0.7724035109420164,True
ETHUSDT,trend_ema__directionshort_only_fast9_rsi_threshold55.0_slow89,trend_ema,2026-02-22 12:45:00+00:00,2026-02-22 13:30:00+00:00,short,0.0049058027171705616,0.005705802717170562,target,3,0.275336276471763,1,True,False,False,0.0025851757002144497,0.009126994173284877,0,0,0.0006566094235854645,1963.21,1966.99,1960.53,1965.45,44074.56,2026-02-22 12:59:59.999000+00:00,86593810.82939,58156,22341.641,43896128.64878,0.0011403380504985653,-0.007294806623919969,-0.0035653377601900585,-4.367115671035583,0.3467492260061914,0.23839009287925,0.4148606811145586,0.0032867791091098914,36.23318617641185,-1.2917612966258962,-0.004199461447412026,-0.00467679405337198,-0.001169563533878093,-0.0004461658310035421,0.009003960324708793,-0.987630952706846,4.621431802498165,1.421496498873638,2.6239112668788778,-1.0,0.81,-0.007834545702357976,1.2246467991473532e-16,-1.0,6,1.0,0.7715272607669624,True
XRPUSDT,trend_ema__directionlong_only_fast9_rsi_threshold58.0_slow55,trend_ema,2026-02-23 09:30:00+00:00,2026-02-23 09:30:00+00:00,long,0.012383357455265488,0.013183357455265488,target,0,0.36532674655892206,1,True,False,False,0.0010222566942112747,0.013806489550013469,0,4,-0.010280100615766861,1.3755,1.3947,1.3743,1.3877,27330709.3,2026-02-23 09:44:59.999000+00:00,37909962.25936,46447,14776183.4,20487910.96637,0.008903102491229052,0.018766916802053002,0.03303966787231368,4.606140899418862,0.5980392156862747,0.34313725490196695,0.0588235294117583,0.01470058369964688,68.2663373279461,0.0026423075180356374,0.016512292539819815,0.015554618609204394,0.0033304512805154562,0.0009711084779613355,0.04092587947947506,0.9561426249432432,0.008193530487636578,4.054232517116624,3.4146736761521925,-1.0,0.77,0.0,0.7071067811865476,-0.7071067811865475,0,1.0,0.7484049396968462,True
ZECUSDT,trend_ema__directionboth_fast12_rsi_threshold52.0_slow89,trend_ema,2026-02-23 09:45:00+00:00,2026-02-23 12:15:00+00:00,long,-0.012740422854265137,-0.011940422854265137,stop,10,0.42068541089682354,0,False,True,False,0.012934958227485294,0.011868711000679056,0,1,0.006575957635760113,247.91,249.52,247.56,248.73,20042.396,2026-02-23 09:59:59.999000+00:00,4980581.59668,21009,12099.517,3007479.27638,0.003261857316744272,0.018585180288567753,0.042292204595921194,2.7137744559980703,0.4183673469387703,0.40306122448980475,0.17857142857142494,0.007880030555220553,71.03427054484118,0.3647642790533083,0.018818841894653136,0.023586200159628118,0.004839935660921002,0.0030701923293683375,0.051023409773940084,0.7930459719642435,1.9727488228742553,0.18368777220684987,1.1493895901478821,1.0,0.67,0.0,0.7071067811865476,-0.7071067811865475,0,1.0,0.7693860637499604,True
ZECUSDT,trend_ema__directionlong_only_fast12_rsi_threshold58.0_slow89,trend_ema,2026-02-23 09:45:00+00:00,2026-02-23 12:15:00+00:00,long,-0.012740422854265137,-0.011940422854265137,stop,10,0.42068541089682354,0,False,True,False,0.012934958227485294,0.011868711000679056,0,0,0.006948254901144158,247.91,249.52,247.56,248.73,20042.396,2026-02-23 09:59:59.999000+00:00,4980581.59668,21009,12099.517,3007479.27638,0.003261857316744272,0.018585180288567753,0.042292204595921194,2.7137744559980703,0.4183673469387703,0.40306122448980475,0.17857142857142494,0.007880030555220553,71.03427054484118,0.3647642790533083,0.018818841894653136,0.023586200159628118,0.004839935660921002,0.0030701923293683375,0.051023409773940084,0.7930459719642435,1.9727488228742553,0.18368777220684987,1.1493895901478821,1.0,0.67,0.0,0.7071067811865476,-0.7071067811865475,0,1.0,0.8639959252086601,True
ZECUSDT,trend_ema__directionlong_only_fast12_rsi_threshold58.0_slow89,trend_ema,2026-02-23 09:45:00+00:00,2026-02-23 12:15:00+00:00,long,-0.012740422854265137,-0.011940422854265137,stop,10,0.42068541089682354,0,False,True,False,0.012934958227485294,0.011868711000679056,0,0,0.006948254901144158,247.91,249.52,247.56,248.73,20042.396,2026-02-23 09:59:59.999000+00:00,4980581.59668,21009,12099.517,3007479.27638,0.003261857316744272,0.018585180288567753,0.042292204595921194,2.7137744559980703,0.4183673469387703,0.40306122448980475,0.17857142857142494,0.007880030555220553,71.03427054484118,0.3647642790533083,0.018818841894653136,0.023586200159628118,0.004839935660921002,0.0030701923293683375,0.051023409773940084,0.7930459719642435,1.9727488228742553,0.18368777220684987,1.1493895901478821,1.0,0.67,0.0,0.7071067811865476,-0.7071067811865475,0,1.0,0.8374791110737755,True
ZECUSDT,trend_ema__directionboth_fast12_rsi_threshold52.0_slow89,trend_ema,2026-02-23 09:45:00+00:00,2026-02-23 12:15:00+00:00,long,-0.012740422854265137,-0.011940422854265137,stop,10,0.42068541089682354,0,False,True,False,0.012934958227485294,0.011868711000679056,0,1,0.006575957635760113,247.91,249.52,247.56,248.73,20042.396,2026-02-23 09:59:59.999000+00:00,4980581.59668,21009,12099.517,3007479.27638,0.003261857316744272,0.018585180288567753,0.042292204595921194,2.7137744559980703,0.4183673469387703,0.40306122448980475,0.17857142857142494,0.007880030555220553,71.03427054484118,0.3647642790533083,0.018818841894653136,0.023586200159628118,0.004839935660921002,0.0030701923293683375,0.051023409773940084,0.7930459719642435,1.9727488228742553,0.18368777220684987,1.1493895901478821,1.0,0.67,0.0,0.7071067811865476,-0.7071067811865475,0,1.0,0.7408055273487206,True
XRPUSDT,trend_ema__directionlong_only_fast9_rsi_threshold58.0_slow89,trend_ema,2026-02-23 10:15:00+00:00,2026-02-23 12:30:00+00:00,long,0.014210728102498644,0.015010728102498644,target,9,0.40272357919534385,1,True,False,False,0.0010140276452413107,0.02584353093111202,0,1,-0.00239133583314459,1.3886,1.3969,1.3874,1.3943,7734222.2,2026-02-23 10:29:59.999000+00:00,10776945.94216,21580,4759812.4,6632001.69627,0.0041684694541211315,0.01364789931523978,0.03028990210582708,3.28505299556114,0.6,0.2736842105263072,0.12631578947369282,0.006813454780176478,70.1361789597672,0.0033273294873656083,0.016237215549648968,0.018178607640184696,0.005037096850670997,0.003029474234696794,0.042031341468685736,0.8892884901424297,0.008421751633140516,-0.1443859009881104,0.915267624747986,1.0,0.77,0.0,0.49999999999999994,-0.8660254037844387,0,1.0,0.7502960859803687,True
XRPUSDT,trend_ema__directionlong_only_fast12_rsi_threshold58.0_slow89,trend_ema,2026-02-23 10:30:00+00:00,2026-02-23 12:30:00+00:00,long,0.014298057376204036,0.015098057376204036,target,8,0.38728759866045154,1,True,False,False,0.0033769194105932538,0.021649807825390666,0,0,0.0003075986192773293,1.3943,1.3968,1.3898,1.3936,10414763.8,2026-02-23 10:44:59.999000+00:00,14508832.20363,22584,5277988.2,7355400.09852,-0.000502170102737084,0.004242626721273491,0.022789287291020303,1.0134359582986818,0.10000000000001903,0.35714285714284355,0.5428571428571374,0.005022962112514436,69.36437993302258,0.0031603347573868163,0.014243734732130304,0.01699189571096385,0.00475115068658849,0.00343257292321808,0.040908517948005596,0.796126349287113,0.00832019794505906,0.39102914977815334,1.2292150100594341,1.0,0.77,-0.0005020440364341683,0.49999999999999994,-0.8660254037844387,0,1.0,0.7785701734459757,True
XRPUSDT,trend_ema__directionboth_fast12_rsi_threshold55.0_slow89,trend_ema,2026-02-23 10:30:00+00:00,2026-02-23 12:30:00+00:00,long,0.014298057376204036,0.015098057376204036,target,8,0.38728759866045154,1,True,False,False,0.0033769194105932538,0.021649807825390666,0,0,0.003015265999069788,1.3943,1.3968,1.3898,1.3936,10414763.8,2026-02-23 10:44:59.999000+00:00,14508832.20363,22584,5277988.2,7355400.09852,-0.000502170102737084,0.004242626721273491,0.022789287291020303,1.0134359582986818,0.10000000000001903,0.35714285714284355,0.5428571428571374,0.005022962112514436,69.36437993302258,0.0031603347573868163,0.014243734732130304,0.01699189571096385,0.00475115068658849,0.00343257292321808,0.040908517948005596,0.796126349287113,0.00832019794505906,0.39102914977815334,1.2292150100594341,1.0,0.77,-0.0005020440364341683,0.49999999999999994,-0.8660254037844387,0,1.0,0.7801225158851125,True
XRPUSDT,trend_ema__directionboth_fast12_rsi_threshold58.0_slow89,trend_ema,2026-02-23 10:30:00+00:00,2026-02-23 12:30:00+00:00,long,0.014298057376204036,0.015098057376204036,target,8,0.38728759866045154,1,True,False,False,0.0033769194105932538,0.021649807825390666,0,0,0.005722933378862246,1.3943,1.3968,1.3898,1.3936,10414763.8,2026-02-23 10:44:59.999000+00:00,14508832.20363,22584,5277988.2,7355400.09852,-0.000502170102737084,0.004242626721273491,0.022789287291020303,1.0134359582986818,0.10000000000001903,0.35714285714284355,0.5428571428571374,0.005022962112514436,69.36437993302258,0.0031603347573868163,0.014243734732130304,0.01699189571096385,0.00475115068658849,0.00343257292321808,0.040908517948005596,0.796126349287113,0.00832019794505906,0.39102914977815334,1.2292150100594341,1.0,0.77,-0.0005020440364341683,0.49999999999999994,-0.8660254037844387,0,1.0,0.7912542394077441,True
XRPUSDT,trend_ema__directionboth_fast12_rsi_threshold52.0_slow89,trend_ema,2026-02-23 10:30:00+00:00,2026-02-23 12:30:00+00:00,long,0.014298057376204036,0.015098057376204036,target,8,0.38728759866045154,1,True,False,False,0.0033769194105932538,0.021649807825390666,0,0,0.008430600758654705,1.3943,1.3968,1.3898,1.3936,10414763.8,2026-02-23 10:44:59.999000+00:00,14508832.20363,22584,5277988.2,7355400.09852,-0.000502170102737084,0.004242626721273491,0.022789287291020303,1.0134359582986818,0.10000000000001903,0.35714285714284355,0.5428571428571374,0.005022962112514436,69.36437993302258,0.0031603347573868163,0.014243734732130304,0.01699189571096385,0.00475115068658849,0.00343257292321808,0.040908517948005596,0.796126349287113,0.00832019794505906,0.39102914977815334,1.2292150100594341,1.0,0.77,-0.0005020440364341683,0.49999999999999994,-0.8660254037844387,0,1.0,0.7948663417811046,True
XRPUSDT,trend_ema__directionlong_only_fast12_rsi_threshold55.0_slow89,trend_ema,2026-02-23 10:30:00+00:00,2026-02-23 12:30:00+00:00,long,0.014298057376204036,0.015098057376204036,target,8,0.38728759866045154,1,True,False,False,0.0033769194105932538,0.021649807825390666,0,0,0.011155851013511034,1.3943,1.3968,1.3898,1.3936,10414763.8,2026-02-23 10:44:59.999000+00:00,14508832.20363,22584,5277988.2,7355400.09852,-0.000502170102737084,0.004242626721273491,0.022789287291020303,1.0134359582986818,0.10000000000001903,0.35714285714284355,0.5428571428571374,0.005022962112514436,69.36437993302258,0.0031603347573868163,0.014243734732130304,0.01699189571096385,0.00475115068658849,0.00343257292321808,0.040908517948005596,0.796126349287113,0.00832019794505906,0.39102914977815334,1.2292150100594341,1.0,0.77,-0.0005020440364341683,0.49999999999999994,-0.8660254037844387,0,1.0,0.7971565337937057,True
XRPUSDT,trend_ema__directionlong_only_fast12_rsi_threshold55.0_slow89,trend_ema,2026-02-23 10:30:00+00:00,2026-02-23 12:30:00+00:00,long,0.014298057376204036,0.015098057376204036,target,8,0.38728759866045154,1,True,False,False,0.0033769194105932538,0.021649807825390666,0,0,0.011155851013511034,1.3943,1.3968,1.3898,1.3936,10414763.8,2026-02-23 10:44:59.999000+00:00,14508832.20363,22584,5277988.2,7355400.09852,-0.000502170102737084,0.004242626721273491,0.022789287291020303,1.0134359582986818,0.10000000000001903,0.35714285714284355,0.5428571428571374,0.005022962112514436,69.36437993302258,0.0031603347573868163,0.014243734732130304,0.01699189571096385,0.00475115068658849,0.00343257292321808,0.040908517948005596,0.796126349287113,0.00832019794505906,0.39102914977815334,1.2292150100594341,1.0,0.77,-0.0005020440364341683,0.49999999999999994,-0.8660254037844387,0,1.0,0.7980420695270434,True
XRPUSDT,trend_ema__directionlong_only_fast12_rsi_threshold58.0_slow89,trend_ema,2026-02-23 10:30:00+00:00,2026-02-23 12:30:00+00:00,long,0.014298057376204036,0.015098057376204036,target,8,0.38728759866045154,1,True,False,False,0.0033769194105932538,0.021649807825390666,0,0,0.0003075986192773293,1.3943,1.3968,1.3898,1.3936,10414763.8,2026-02-23 10:44:59.999000+00:00,14508832.20363,22584,5277988.2,7355400.09852,-0.000502170102737084,0.004242626721273491,0.022789287291020303,1.0134359582986818,0.10000000000001903,0.35714285714284355,0.5428571428571374,0.005022962112514436,69.36437993302258,0.0031603347573868163,0.014243734732130304,0.01699189571096385,0.00475115068658849,0.00343257292321808,0.040908517948005596,0.796126349287113,0.00832019794505906,0.39102914977815334,1.2292150100594341,1.0,0.77,-0.0005020440364341683,0.49999999999999994,-0.8660254037844387,0,1.0,0.7773547138443028,True
XRPUSDT,trend_ema__directionboth_fast12_rsi_threshold55.0_slow89,trend_ema,2026-02-23 10:30:00+00:00,2026-02-23 12:30:00+00:00,long,0.014298057376204036,0.015098057376204036,target,8,0.38728759866045154,1,True,False,False,0.0033769194105932538,0.021649807825390666,0,0,0.003015265999069788,1.3943,1.3968,1.3898,1.3936,10414763.8,2026-02-23 10:44:59.999000+00:00,14508832.20363,22584,5277988.2,7355400.09852,-0.000502170102737084,0.004242626721273491,0.022789287291020303,1.0134359582986818,0.10000000000001903,0.35714285714284355,0.5428571428571374,0.005022962112514436,69.36437993302258,0.0031603347573868163,0.014243734732130304,0.01699189571096385,0.00475115068658849,0.00343257292321808,0.040908517948005596,0.796126349287113,0.00832019794505906,0.39102914977815334,1.2292150100594341,1.0,0.77,-0.0005020440364341683,0.49999999999999994,-0.8660254037844387,0,1.0,0.7791659269075887,True
XRPUSDT,trend_ema__directionboth_fast12_rsi_threshold58.0_slow89,trend_ema,2026-02-23 10:30:00+00:00,2026-02-23 12:30:00+00:00,long,0.014298057376204036,0.015098057376204036,target,8,0.38728759866045154,1,True,False,False,0.0033769194105932538,0.021649807825390666,0,0,0.005722933378862246,1.3943,1.3968,1.3898,1.3936,10414763.8,2026-02-23 10:44:59.999000+00:00,14508832.20363,22584,5277988.2,7355400.09852,-0.000502170102737084,0.004242626721273491,0.022789287291020303,1.0134359582986818,0.10000000000001903,0.35714285714284355,0.5428571428571374,0.005022962112514436,69.36437993302258,0.0031603347573868163,0.014243734732130304,0.01699189571096385,0.00475115068658849,0.00343257292321808,0.040908517948005596,0.796126349287113,0.00832019794505906,0.39102914977815334,1.2292150100594341,1.0,0.77,-0.0005020440364341683,0.49999999999999994,-0.8660254037844387,0,1.0,0.7979575771456309,True
XRPUSDT,trend_ema__directionboth_fast12_rsi_threshold52.0_slow89,trend_ema,2026-02-23 10:30:00+00:00,2026-02-23 12:30:00+00:00,long,0.014298057376204036,0.015098057376204036,target,8,0.38728759866045154,1,True,False,False,0.0033769194105932538,0.021649807825390666,0,0,0.008430600758654705,1.3943,1.3968,1.3898,1.3936,10414763.8,2026-02-23 10:44:59.999000+00:00,14508832.20363,22584,5277988.2,7355400.09852,-0.000502170102737084,0.004242626721273491,0.022789287291020303,1.0134359582986818,0.10000000000001903,0.35714285714284355,0.5428571428571374,0.005022962112514436,69.36437993302258,0.0031603347573868163,0.014243734732130304,0.01699189571096385,0.00475115068658849,0.00343257292321808,0.040908517948005596,0.796126349287113,0.00832019794505906,0.39102914977815334,1.2292150100594341,1.0,0.77,-0.0005020440364341683,0.49999999999999994,-0.8660254037844387,0,1.0,0.7952548756910508,True
XRPUSDT,trend_ema__directionboth_fast21_rsi_threshold55.0_slow89,trend_ema,2026-02-23 11:30:00+00:00,2026-02-23 12:30:00+00:00,long,0.013832413922387014,0.014632413922387014,target,4,0.4277433987479705,1,True,False,False,0.003937288194649725,0.018071989030118873,0,0,0.01386361709998454,1.3992,1.4028,1.3968,1.3993,6860709.1,2026-02-23 11:44:59.999000+00:00,9600052.53729,20131,3574914.4,5002256.85811,7.146685727546918e-05,0.004081784463429374,0.017227513675931876,1.182172657465423,0.016666666666664817,0.5833333333333426,0.3999999999999926,0.004287858214821701,71.38716993739853,0.0020761954274931844,0.012909875198302515,0.018215090348913034,0.004185236152658867,0.0035487373883822393,0.037943916205949606,0.7429773440968084,0.00803421942703123,-0.4003361102217917,0.7701052111142301,1.0,0.57,0.0,0.258819045102521,-0.9659258262890682,0,1.0,0.8211936886608702,True
XRPUSDT,trend_ema__directionboth_fast21_rsi_threshold55.0_slow89,trend_ema,2026-02-23 11:30:00+00:00,2026-02-23 12:30:00+00:00,long,0.013832413922387014,0.014632413922387014,target,4,0.4277433987479705,1,True,False,False,0.003937288194649725,0.018071989030118873,0,0,0.01386361709998454,1.3992,1.4028,1.3968,1.3993,6860709.1,2026-02-23 11:44:59.999000+00:00,9600052.53729,20131,3574914.4,5002256.85811,7.146685727546918e-05,0.004081784463429374,0.017227513675931876,1.182172657465423,0.016666666666664817,0.5833333333333426,0.3999999999999926,0.004287858214821701,71.38716993739853,0.0020761954274931844,0.012909875198302515,0.018215090348913034,0.004185236152658867,0.0035487373883822393,0.037943916205949606,0.7429773440968084,0.00803421942703123,-0.4003361102217917,0.7701052111142301,1.0,0.57,0.0,0.258819045102521,-0.9659258262890682,0,1.0,0.8173878179911002,True
XRPUSDT,trend_ema__directionboth_fast9_rsi_threshold58.0_slow89,trend_ema,2026-02-23 16:00:00+00:00,2026-02-24 01:00:00+00:00,short,0.019576825247903544,0.020376825247903543,target,36,0.33889280911301795,1,True,False,False,0.0059177319549972565,0.020730545891103323,0,0,0.008799393814294638,1.3699,1.3714,1.3606,1.3628,14577779.6,2026-02-23 16:14:59.999000+00:00,19900905.0222,38255,6369079.8,8696312.1885,-0.005196337670532285,-0.014496702607760759,-0.029142667613138724,-3.107197735101582,0.6574074074074016,0.13888888888889517,0.20370370370370333,0.007924860581156384,33.0553595443491,-0.005133512150057199,-0.01574864669824127,-0.013880471162763844,-0.004040850016887365,-0.0014666536060645718,0.04455230062657067,-0.9680277898809418,0.011138009573633409,0.14488123480958082,1.070105728832374,1.0,0.8,-0.03852123606603641,-0.8660254037844385,-0.5000000000000004,0,2.0,0.8981561935984241,True
XRPUSDT,trend_ema__directionshort_only_fast9_rsi_threshold55.0_slow89,trend_ema,2026-02-23 16:00:00+00:00,2026-02-24 01:00:00+00:00,short,0.019576825247903544,0.020376825247903543,target,36,0.33889280911301795,1,True,False,False,0.0059177319549972565,0.020730545891103323,0,0,0.007620386442058011,1.3699,1.3714,1.3606,1.3628,14577779.6,2026-02-23 16:14:59.999000+00:00,19900905.0222,38255,6369079.8,8696312.1885,-0.005196337670532285,-0.014496702607760759,-0.029142667613138724,-3.107197735101582,0.6574074074074016,0.13888888888889517,0.20370370370370333,0.007924860581156384,33.0553595443491,-0.005133512150057199,-0.01574864669824127,-0.013880471162763844,-0.004040850016887365,-0.0014666536060645718,0.04455230062657067,-0.9680277898809418,0.011138009573633409,0.14488123480958082,1.070105728832374,1.0,0.8,-0.03852123606603641,-0.8660254037844385,-0.5000000000000004,0,2.0,0.896089212167465,True
XRPUSDT,trend_ema__directionshort_only_fast9_rsi_threshold55.0_slow89,trend_ema,2026-02-23 16:00:00+00:00,2026-02-24 01:00:00+00:00,short,0.019576825247903544,0.020376825247903543,target,36,0.33889280911301795,1,True,False,False,0.0059177319549972565,0.020730545891103323,0,0,0.007620386442058011,1.3699,1.3714,1.3606,1.3628,14577779.6,2026-02-23 16:14:59.999000+00:00,19900905.0222,38255,6369079.8,8696312.1885,-0.005196337670532285,-0.014496702607760759,-0.029142667613138724,-3.107197735101582,0.6574074074074016,0.13888888888889517,0.20370370370370333,0.007924860581156384,33.0553595443491,-0.005133512150057199,-0.01574864669824127,-0.013880471162763844,-0.004040850016887365,-0.0014666536060645718,0.04455230062657067,-0.9680277898809418,0.011138009573633409,0.14488123480958082,1.070105728832374,1.0,0.8,-0.03852123606603641,-0.8660254037844385,-0.5000000000000004,0,2.0,0.9013999440047478,True
XRPUSDT,trend_ema__directionboth_fast9_rsi_threshold58.0_slow89,trend_ema,2026-02-23 16:00:00+00:00,2026-02-24 01:00:00+00:00,short,0.019576825247903544,0.020376825247903543,target,36,0.33889280911301795,1,True,False,False,0.0059177319549972565,0.020730545891103323,0,0,0.008799393814294638,1.3699,1.3714,1.3606,1.3628,14577779.6,2026-02-23 16:14:59.999000+00:00,19900905.0222,38255,6369079.8,8696312.1885,-0.005196337670532285,-0.014496702607760759,-0.029142667613138724,-3.107197735101582,0.6574074074074016,0.13888888888889517,0.20370370370370333,0.007924860581156384,33.0553595443491,-0.005133512150057199,-0.01574864669824127,-0.013880471162763844,-0.004040850016887365,-0.0014666536060645718,0.04455230062657067,-0.9680277898809418,0.011138009573633409,0.14488123480958082,1.070105728832374,1.0,0.8,-0.03852123606603641,-0.8660254037844385,-0.5000000000000004,0,2.0,0.9014171470132579,True
ZECUSDT,trend_ema__directionboth_fast12_rsi_threshold55.0_slow89,trend_ema,2026-02-23 16:30:00+00:00,2026-02-23 20:15:00+00:00,short,0.02255307418322487,0.023353074183224867,target,15,0.25169262393504327,1,True,False,False,0.004361006664827877,0.02482689335621917,0,0,0.00951396304857014,242.26,242.82,240.87,241.55,15303.427,2026-02-23 16:44:59.999000+00:00,3699650.73388,21498,6954.074,1681469.60147,-0.0029350385882403974,-0.012016110999822359,-0.04028697251444459,-1.5762140318420967,0.3641025641025557,0.28717948717949005,0.34871794871795425,0.00807286276133301,37.41536880324784,-0.8445521892052226,-0.014481632929332583,-0.013695648227777114,-0.00504019057824312,-0.0021134709247239147,0.04509810174328966,-0.8330045557553859,2.240333503298538,-0.1681852257635459,0.9044650805604931,1.0,0.7,-0.0394862414506123,-0.8660254037844385,-0.5000000000000004,0,2.0,0.8824353123843053,True
ZECUSDT,trend_ema__directionboth_fast12_rsi_threshold55.0_slow89,trend_ema,2026-02-23 16:30:00+00:00,2026-02-23 20:15:00+00:00,short,0.02255307418322487,0.023353074183224867,target,15,0.25169262393504327,1,True,False,False,0.004361006664827877,0.02482689335621917,0,0,0.00951396304857014,242.26,242.82,240.87,241.55,15303.427,2026-02-23 16:44:59.999000+00:00,3699650.73388,21498,6954.074,1681469.60147,-0.0029350385882403974,-0.012016110999822359,-0.04028697251444459,-1.5762140318420967,0.3641025641025557,0.28717948717949005,0.34871794871795425,0.00807286276133301,37.41536880324784,-0.8445521892052226,-0.014481632929332583,-0.013695648227777114,-0.00504019057824312,-0.0021134709247239147,0.04509810174328966,-0.8330045557553859,2.240333503298538,-0.1681852257635459,0.9044650805604931,1.0,0.7,-0.0394862414506123,-0.8660254037844385,-0.5000000000000004,0,2.0,0.889156277335637,True
ZECUSDT,trend_ema__directionshort_only_fast12_rsi_threshold52.0_slow89,trend_ema,2026-02-23 16:30:00+00:00,2026-02-23 20:15:00+00:00,short,0.02255307418322487,0.023353074183224867,target,15,0.25169262393504327,1,True,False,False,0.004361006664827877,0.02482689335621917,0,0,0.012745435978184907,242.26,242.82,240.87,241.55,15303.427,2026-02-23 16:44:59.999000+00:00,3699650.73388,21498,6954.074,1681469.60147,-0.0029350385882403974,-0.012016110999822359,-0.04028697251444459,-1.5762140318420967,0.3641025641025557,0.28717948717949005,0.34871794871795425,0.00807286276133301,37.41536880324784,-0.8445521892052226,-0.014481632929332583,-0.013695648227777114,-0.00504019057824312,-0.0021134709247239147,0.04509810174328966,-0.8330045557553859,2.240333503298538,-0.1681852257635459,0.9044650805604931,1.0,0.7,-0.0394862414506123,-0.8660254037844385,-0.5000000000000004,0,2.0,0.8897943387747397,True
ZECUSDT,trend_ema__directionboth_fast12_rsi_threshold58.0_slow89,trend_ema,2026-02-23 16:30:00+00:00,2026-02-23 20:15:00+00:00,short,0.02255307418322487,0.023353074183224867,target,15,0.25169262393504327,1,True,False,False,0.004361006664827877,0.02482689335621917,0,0,0.0068144470258917345,242.26,242.82,240.87,241.55,15303.427,2026-02-23 16:44:59.999000+00:00,3699650.73388,21498,6954.074,1681469.60147,-0.0029350385882403974,-0.012016110999822359,-0.04028697251444459,-1.5762140318420967,0.3641025641025557,0.28717948717949005,0.34871794871795425,0.00807286276133301,37.41536880324784,-0.8445521892052226,-0.014481632929332583,-0.013695648227777114,-0.00504019057824312,-0.0021134709247239147,0.04509810174328966,-0.8330045557553859,2.240333503298538,-0.1681852257635459,0.9044650805604931,1.0,0.7,-0.0394862414506123,-0.8660254037844385,-0.5000000000000004,0,2.0,0.8767410901792874,True
ZECUSDT,trend_ema__directionboth_fast12_rsi_threshold58.0_slow89,trend_ema,2026-02-23 16:30:00+00:00,2026-02-23 20:15:00+00:00,short,0.02255307418322487,0.023353074183224867,target,15,0.25169262393504327,1,True,False,False,0.004361006664827877,0.02482689335621917,0,0,0.0068144470258917345,242.26,242.82,240.87,241.55,15303.427,2026-02-23 16:44:59.999000+00:00,3699650.73388,21498,6954.074,1681469.60147,-0.0029350385882403974,-0.012016110999822359,-0.04028697251444459,-1.5762140318420967,0.3641025641025557,0.28717948717949005,0.34871794871795425,0.00807286276133301,37.41536880324784,-0.8445521892052226,-0.014481632929332583,-0.013695648227777114,-0.00504019057824312,-0.0021134709247239147,0.04509810174328966,-0.8330045557553859,2.240333503298538,-0.1681852257635459,0.9044650805604931,1.0,0.7,-0.0394862414506123,-0.8660254037844385,-0.5000000000000004,0,2.0,0.8808243514294672,True
ZECUSDT,trend_ema__directionshort_only_fast12_rsi_threshold52.0_slow89,trend_ema,2026-02-23 16:30:00+00:00,2026-02-23 20:15:00+00:00,short,0.02255307418322487,0.023353074183224867,target,15,0.25169262393504327,1,True,False,False,0.004361006664827877,0.02482689335621917,0,0,0.012745435978184907,242.26,242.82,240.87,241.55,15303.427,2026-02-23 16:44:59.999000+00:00,3699650.73388,21498,6954.074,1681469.60147,-0.0029350385882403974,-0.012016110999822359,-0.04028697251444459,-1.5762140318420967,0.3641025641025557,0.28717948717949005,0.34871794871795425,0.00807286276133301,37.41536880324784,-0.8445521892052226,-0.014481632929332583,-0.013695648227777114,-0.00504019057824312,-0.0021134709247239147,0.04509810174328966,-0.8330045557553859,2.240333503298538,-0.1681852257635459,0.9044650805604931,1.0,0.7,-0.0394862414506123,-0.8660254037844385,-0.5000000000000004,0,2.0,0.8936471091089208,True
ZECUSDT,trend_ema__directionshort_only_fast21_rsi_threshold52.0_slow89,trend_ema,2026-02-23 16:45:00+00:00,2026-02-24 01:15:00+00:00,short,0.022391496271208726,0.023191496271208725,target,34,0.22949307466985558,1,True,False,False,0.00735487900397942,0.033348419502306055,0,0,0.022447991101522197,241.54,241.9,240.58,241.81,12216.341,2026-02-23 16:59:59.999000+00:00,2947609.13081,15691,6298.594,1520082.03093,0.00107580281808991,-0.008974947028288037,-0.03246827104604831,-1.1766910875067058,0.20454545454546336,0.06818181818182112,0.7272727272727155,0.005458831313841417,38.52534626650722,-0.7842790834315382,-0.01211551971097453,-0.012111356886224806,-0.0041051578491402285,-0.00245606217474581,0.04782338569948104,-0.7099696374227196,2.1745953959200706,-0.4833999209848042,0.72405337425177,1.0,0.7,-0.03845236201686009,-0.8660254037844385,-0.5000000000000004,0,2.0,0.8864608182512197,True
XRPUSDT,trend_ema__directionshort_only_fast21_rsi_threshold52.0_slow89,trend_ema,2026-02-23 16:45:00+00:00,2026-02-24 01:15:00+00:00,short,0.020093548578637405,0.020893548578637403,target,34,0.21819081686128114,1,True,False,False,0.004240914422168118,0.031189131660231784,0,0,0.01976691586017229,1.3691,1.3699,1.3632,1.3657,6787000.7,2026-02-23 16:59:59.999000+00:00,9271888.8316,20072,2843990.9,3884341.0425,-0.0025595099716514557,-0.0030706267729650478,-0.03348165439786762,-0.5724664538457989,0.50746268656718,0.119402985074615,0.373134328358205,0.004905909057626073,39.09045915693594,-0.003647544671992792,-0.010943807171768093,-0.010802619281403558,-0.0026124372393565576,-0.0018431462406369725,0.0498028713084518,-0.6655389333396922,0.01110182472058037,-1.0223869380588106,0.49825657031632314,1.0,0.98,-0.036475236348243345,-0.8660254037844385,-0.5000000000000004,0,2.0,0.8935308498252261,True
ETHUSDT,trend_ema__directionshort_only_fast21_rsi_threshold58.0_slow55,trend_ema,2026-02-23 16:45:00+00:00,2026-02-23 17:15:00+00:00,short,0.014460329437333042,0.015260329437333043,target,2,0.24688030998098043,1,True,False,False,0.000541454090684742,0.01833189595687262,0,0,0.008549429160433775,1890.78,1891.52,1882.45,1884.2,47213.93,2026-02-23 16:59:59.999000+00:00,89035015.03198,97476,20334.153,38347005.98417,-0.0034861147152521975,-0.005567742728843915,-0.018446788077176767,-1.485727418361798,0.7254685777287733,0.08158765159867853,0.1929437706725482,0.004813714043095179,37.65598450095098,-4.00036836944421,-0.00944570803005533,-0.010216662879754517,-0.0021943951794934913,-0.0015782560146302416,0.028636887489303042,-0.892435771628683,11.363421967447538,-0.5229289224827491,0.610227052729363,-1.0,0.79,-0.024559441717918462,-0.8660254037844385,-0.5000000000000004,0,2.0,0.8960666887864251,True
ZECUSDT,trend_ema__directionshort_only_fast21_rsi_threshold55.0_slow89,trend_ema,2026-02-23 16:45:00+00:00,2026-02-24 01:15:00+00:00,short,0.022391496271208726,0.023191496271208725,target,34,0.22949307466985558,1,True,False,False,0.00735487900397942,0.033348419502306055,0,0,0.02240753918462598,241.54,241.9,240.58,241.81,12216.341,2026-02-23 16:59:59.999000+00:00,2947609.13081,15691,6298.594,1520082.03093,0.00107580281808991,-0.008974947028288037,-0.03246827104604831,-1.1766910875067058,0.20454545454546336,0.06818181818182112,0.7272727272727155,0.005458831313841417,38.52534626650722,-0.7842790834315382,-0.01211551971097453,-0.012111356886224806,-0.0041051578491402285,-0.00245606217474581,0.04782338569948104,-0.7099696374227196,2.1745953959200706,-0.4833999209848042,0.72405337425177,1.0,0.7,-0.03845236201686009,-0.8660254037844385,-0.5000000000000004,0,2.0,0.8864608182512197,True
ZECUSDT,trend_ema__directionboth_fast21_rsi_threshold55.0_slow89,trend_ema,2026-02-23 16:45:00+00:00,2026-02-24 01:15:00+00:00,short,0.022391496271208726,0.023191496271208725,target,34,0.22949307466985558,1,True,False,False,0.00735487900397942,0.033348419502306055,0,0,0.019192224046212826,241.54,241.9,240.58,241.81,12216.341,2026-02-23 16:59:59.999000+00:00,2947609.13081,15691,6298.594,1520082.03093,0.00107580281808991,-0.008974947028288037,-0.03246827104604831,-1.1766910875067058,0.20454545454546336,0.06818181818182112,0.7272727272727155,0.005458831313841417,38.52534626650722,-0.7842790834315382,-0.01211551971097453,-0.012111356886224806,-0.0041051578491402285,-0.00245606217474581,0.04782338569948104,-0.7099696374227196,2.1745953959200706,-0.4833999209848042,0.72405337425177,1.0,0.7,-0.03845236201686009,-0.8660254037844385,-0.5000000000000004,0,2.0,0.88601922310502,True
XRPUSDT,trend_ema__directionshort_only_fast21_rsi_threshold58.0_slow89,trend_ema,2026-02-23 16:45:00+00:00,2026-02-24 01:15:00+00:00,short,0.020093548578637405,0.020893548578637403,target,34,0.21819081686128114,1,True,False,False,0.004240914422168118,0.031189131660231784,0,0,0.01844297255091907,1.3691,1.3699,1.3632,1.3657,6787000.7,2026-02-23 16:59:59.999000+00:00,9271888.8316,20072,2843990.9,3884341.0425,-0.0025595099716514557,-0.0030706267729650478,-0.03348165439786762,-0.5724664538457989,0.50746268656718,0.119402985074615,0.373134328358205,0.004905909057626073,39.09045915693594,-0.003647544671992792,-0.010943807171768093,-0.010802619281403558,-0.0026124372393565576,-0.0018431462406369725,0.0498028713084518,-0.6655389333396922,0.01110182472058037,-1.0223869380588106,0.49825657031632314,1.0,0.98,-0.036475236348243345,-0.8660254037844385,-0.5000000000000004,0,2.0,0.8931134369914924,True
ZECUSDT,trend_ema__directionshort_only_fast21_rsi_threshold58.0_slow89,trend_ema,2026-02-23 16:45:00+00:00,2026-02-24 01:15:00+00:00,short,0.022391496271208726,0.023191496271208725,target,34,0.22949307466985558,1,True,False,False,0.00735487900397942,0.033348419502306055,0,0,0.015976908907799674,241.54,241.9,240.58,241.81,12216.341,2026-02-23 16:59:59.999000+00:00,2947609.13081,15691,6298.594,1520082.03093,0.00107580281808991,-0.008974947028288037,-0.03246827104604831,-1.1766910875067058,0.20454545454546336,0.06818181818182112,0.7272727272727155,0.005458831313841417,38.52534626650722,-0.7842790834315382,-0.01211551971097453,-0.012111356886224806,-0.0041051578491402285,-0.00245606217474581,0.04782338569948104,-0.7099696374227196,2.1745953959200706,-0.4833999209848042,0.72405337425177,1.0,0.7,-0.03845236201686009,-0.8660254037844385,-0.5000000000000004,0,2.0,0.88601922310502,True
ETHUSDT,trend_ema__directionshort_only_fast21_rsi_threshold55.0_slow55,trend_ema,2026-02-23 16:45:00+00:00,2026-02-23 17:15:00+00:00,short,0.014460329437333042,0.015260329437333043,target,2,0.24688030998098043,1,True,False,False,0.000541454090684742,0.01833189595687262,0,0,0.007593976488417526,1890.78,1891.52,1882.45,1884.2,47213.93,2026-02-23 16:59:59.999000+00:00,89035015.03198,97476,20334.153,38347005.98417,-0.0034861147152521975,-0.005567742728843915,-0.018446788077176767,-1.485727418361798,0.7254685777287733,0.08158765159867853,0.1929437706725482,0.004813714043095179,37.65598450095098,-4.00036836944421,-0.00944570803005533,-0.010216662879754517,-0.0021943951794934913,-0.0015782560146302416,0.028636887489303042,-0.892435771628683,11.363421967447538,-0.5229289224827491,0.610227052729363,-1.0,0.79,-0.024559441717918462,-0.8660254037844385,-0.5000000000000004,0,2.0,0.8957211644355743,True
ETHUSDT,trend_ema__directionshort_only_fast21_rsi_threshold52.0_slow55,trend_ema,2026-02-23 16:45:00+00:00,2026-02-23 17:15:00+00:00,short,0.014460329437333042,0.015260329437333043,target,2,0.24688030998098043,1,True,False,False,0.000541454090684742,0.01833189595687262,0,0,0.006638523816401278,1890.78,1891.52,1882.45,1884.2,47213.93,2026-02-23 16:59:59.999000+00:00,89035015.03198,97476,20334.153,38347005.98417,-0.0034861147152521975,-0.005567742728843915,-0.018446788077176767,-1.485727418361798,0.7254685777287733,0.08158765159867853,0.1929437706725482,0.004813714043095179,37.65598450095098,-4.00036836944421,-0.00944570803005533,-0.010216662879754517,-0.0021943951794934913,-0.0015782560146302416,0.028636887489303042,-0.892435771628683,11.363421967447538,-0.5229289224827491,0.610227052729363,-1.0,0.79,-0.024559441717918462,-0.8660254037844385,-0.5000000000000004,0,2.0,0.8908604053160709,True
XRPUSDT,trend_ema__directionboth_fast21_rsi_threshold55.0_slow89,trend_ema,2026-02-23 16:45:00+00:00,2026-02-24 01:15:00+00:00,short,0.020093548578637405,0.020893548578637403,target,34,0.21819081686128114,1,True,False,False,0.004240914422168118,0.031189131660231784,0,0,0.01717070157473924,1.3691,1.3699,1.3632,1.3657,6787000.7,2026-02-23 16:59:59.999000+00:00,9271888.8316,20072,2843990.9,3884341.0425,-0.0025595099716514557,-0.0030706267729650478,-0.03348165439786762,-0.5724664538457989,0.50746268656718,0.119402985074615,0.373134328358205,0.004905909057626073,39.09045915693594,-0.003647544671992792,-0.010943807171768093,-0.010802619281403558,-0.0026124372393565576,-0.0018431462406369725,0.0498028713084518,-0.6655389333396922,0.01110182472058037,-1.0223869380588106,0.49825657031632314,1.0,0.98,-0.036475236348243345,-0.8660254037844385,-0.5000000000000004,0,2.0,0.8926202814762962,True
XRPUSDT,trend_ema__directionshort_only_fast21_rsi_threshold55.0_slow89,trend_ema,2026-02-23 16:45:00+00:00,2026-02-24 01:15:00+00:00,short,0.020093548578637405,0.020893548578637403,target,34,0.21819081686128114,1,True,False,False,0.004240914422168118,0.031189131660231784,0,0,0.019715243527098903,1.3691,1.3699,1.3632,1.3657,6787000.7,2026-02-23 16:59:59.999000+00:00,9271888.8316,20072,2843990.9,3884341.0425,-0.0025595099716514557,-0.0030706267729650478,-0.03348165439786762,-0.5724664538457989,0.50746268656718,0.119402985074615,0.373134328358205,0.004905909057626073,39.09045915693594,-0.003647544671992792,-0.010943807171768093,-0.010802619281403558,-0.0026124372393565576,-0.0018431462406369725,0.0498028713084518,-0.6655389333396922,0.01110182472058037,-1.0223869380588106,0.49825657031632314,1.0,0.98,-0.036475236348243345,-0.8660254037844385,-0.5000000000000004,0,2.0,0.8935308498252261,True
XRPUSDT,trend_ema__directionshort_only_fast21_rsi_threshold52.0_slow89,trend_ema,2026-02-23 16:45:00+00:00,2026-02-24 01:15:00+00:00,short,0.020093548578637405,0.020893548578637403,target,34,0.21819081686128114,1,True,False,False,0.004240914422168118,0.031189131660231784,0,0,0.01976691586017229,1.3691,1.3699,1.3632,1.3657,6787000.7,2026-02-23 16:59:59.999000+00:00,9271888.8316,20072,2843990.9,3884341.0425,-0.0025595099716514557,-0.0030706267729650478,-0.03348165439786762,-0.5724664538457989,0.50746268656718,0.119402985074615,0.373134328358205,0.004905909057626073,39.09045915693594,-0.003647544671992792,-0.010943807171768093,-0.010802619281403558,-0.0026124372393565576,-0.0018431462406369725,0.0498028713084518,-0.6655389333396922,0.01110182472058037,-1.0223869380588106,0.49825657031632314,1.0,0.98,-0.036475236348243345,-0.8660254037844385,-0.5000000000000004,0,2.0,0.8950028782835133,True
ZECUSDT,trend_ema__directionboth_fast21_rsi_threshold55.0_slow89,trend_ema,2026-02-23 16:45:00+00:00,2026-02-24 01:15:00+00:00,short,0.022391496271208726,0.023191496271208725,target,34,0.22949307466985558,1,True,False,False,0.00735487900397942,0.033348419502306055,0,0,0.019192224046212826,241.54,241.9,240.58,241.81,12216.341,2026-02-23 16:59:59.999000+00:00,2947609.13081,15691,6298.594,1520082.03093,0.00107580281808991,-0.008974947028288037,-0.03246827104604831,-1.1766910875067058,0.20454545454546336,0.06818181818182112,0.7272727272727155,0.005458831313841417,38.52534626650722,-0.7842790834315382,-0.01211551971097453,-0.012111356886224806,-0.0041051578491402285,-0.00245606217474581,0.04782338569948104,-0.7099696374227196,2.1745953959200706,-0.4833999209848042,0.72405337425177,1.0,0.7,-0.03845236201686009,-0.8660254037844385,-0.5000000000000004,0,2.0,0.8905193092695393,True
ETHUSDT,trend_ema__directionshort_only_fast21_rsi_threshold58.0_slow55,trend_ema,2026-02-23 16:45:00+00:00,2026-02-23 17:15:00+00:00,short,0.014460329437333042,0.015260329437333043,target,2,0.24688030998098043,1,True,False,False,0.000541454090684742,0.01833189595687262,0,0,0.008549429160433775,1890.78,1891.52,1882.45,1884.2,47213.93,2026-02-23 16:59:59.999000+00:00,89035015.03198,97476,20334.153,38347005.98417,-0.0034861147152521975,-0.005567742728843915,-0.018446788077176767,-1.485727418361798,0.7254685777287733,0.08158765159867853,0.1929437706725482,0.004813714043095179,37.65598450095098,-4.00036836944421,-0.00944570803005533,-0.010216662879754517,-0.0021943951794934913,-0.0015782560146302416,0.028636887489303042,-0.892435771628683,11.363421967447538,-0.5229289224827491,0.610227052729363,-1.0,0.79,-0.024559441717918462,-0.8660254037844385,-0.5000000000000004,0,2.0,0.8993059374339192,True
ZECUSDT,trend_ema__directionshort_only_fast21_rsi_threshold55.0_slow89,trend_ema,2026-02-23 16:45:00+00:00,2026-02-24 01:15:00+00:00,short,0.022391496271208726,0.023191496271208725,target,34,0.22949307466985558,1,True,False,False,0.00735487900397942,0.033348419502306055,0,0,0.02240753918462598,241.54,241.9,240.58,241.81,12216.341,2026-02-23 16:59:59.999000+00:00,2947609.13081,15691,6298.594,1520082.03093,0.00107580281808991,-0.008974947028288037,-0.03246827104604831,-1.1766910875067058,0.20454545454546336,0.06818181818182112,0.7272727272727155,0.005458831313841417,38.52534626650722,-0.7842790834315382,-0.01211551971097453,-0.012111356886224806,-0.0041051578491402285,-0.00245606217474581,0.04782338569948104,-0.7099696374227196,2.1745953959200706,-0.4833999209848042,0.72405337425177,1.0,0.7,-0.03845236201686009,-0.8660254037844385,-0.5000000000000004,0,2.0,0.8905193092695393,True
ZECUSDT,trend_ema__directionshort_only_fast21_rsi_threshold52.0_slow89,trend_ema,2026-02-23 16:45:00+00:00,2026-02-24 01:15:00+00:00,short,0.022391496271208726,0.023191496271208725,target,34,0.22949307466985558,1,True,False,False,0.00735487900397942,0.033348419502306055,0,0,0.022447991101522197,241.54,241.9,240.58,241.81,12216.341,2026-02-23 16:59:59.999000+00:00,2947609.13081,15691,6298.594,1520082.03093,0.00107580281808991,-0.008974947028288037,-0.03246827104604831,-1.1766910875067058,0.20454545454546336,0.06818181818182112,0.7272727272727155,0.005458831313841417,38.52534626650722,-0.7842790834315382,-0.01211551971097453,-0.012111356886224806,-0.0041051578491402285,-0.00245606217474581,0.04782338569948104,-0.7099696374227196,2.1745953959200706,-0.4833999209848042,0.72405337425177,1.0,0.7,-0.03845236201686009,-0.8660254037844385,-0.5000000000000004,0,2.0,0.8905193092695393,True
XRPUSDT,trend_ema__directionshort_only_fast21_rsi_threshold58.0_slow89,trend_ema,2026-02-23 16:45:00+00:00,2026-02-24 01:15:00+00:00,short,0.020093548578637405,0.020893548578637403,target,34,0.21819081686128114,1,True,False,False,0.004240914422168118,0.031189131660231784,0,0,0.01844297255091907,1.3691,1.3699,1.3632,1.3657,6787000.7,2026-02-23 16:59:59.999000+00:00,9271888.8316,20072,2843990.9,3884341.0425,-0.0025595099716514557,-0.0030706267729650478,-0.03348165439786762,-0.5724664538457989,0.50746268656718,0.119402985074615,0.373134328358205,0.004905909057626073,39.09045915693594,-0.003647544671992792,-0.010943807171768093,-0.010802619281403558,-0.0026124372393565576,-0.0018431462406369725,0.0498028713084518,-0.6655389333396922,0.01110182472058037,-1.0223869380588106,0.49825657031632314,1.0,0.98,-0.036475236348243345,-0.8660254037844385,-0.5000000000000004,0,2.0,0.8945639863088991,True
ETHUSDT,trend_ema__directionshort_only_fast21_rsi_threshold55.0_slow55,trend_ema,2026-02-23 16:45:00+00:00,2026-02-23 17:15:00+00:00,short,0.014460329437333042,0.015260329437333043,target,2,0.24688030998098043,1,True,False,False,0.000541454090684742,0.01833189595687262,0,0,0.007593976488417526,1890.78,1891.52,1882.45,1884.2,47213.93,2026-02-23 16:59:59.999000+00:00,89035015.03198,97476,20334.153,38347005.98417,-0.0034861147152521975,-0.005567742728843915,-0.018446788077176767,-1.485727418361798,0.7254685777287733,0.08158765159867853,0.1929437706725482,0.004813714043095179,37.65598450095098,-4.00036836944421,-0.00944570803005533,-0.010216662879754517,-0.0021943951794934913,-0.0015782560146302416,0.028636887489303042,-0.892435771628683,11.363421967447538,-0.5229289224827491,0.610227052729363,-1.0,0.79,-0.024559441717918462,-0.8660254037844385,-0.5000000000000004,0,2.0,0.8985974263492648,True
ETHUSDT,trend_ema__directionshort_only_fast21_rsi_threshold52.0_slow55,trend_ema,2026-02-23 16:45:00+00:00,2026-02-23 17:15:00+00:00,short,0.014460329437333042,0.015260329437333043,target,2,0.24688030998098043,1,True,False,False,0.000541454090684742,0.01833189595687262,0,0,0.006638523816401278,1890.78,1891.52,1882.45,1884.2,47213.93,2026-02-23 16:59:59.999000+00:00,89035015.03198,97476,20334.153,38347005.98417,-0.0034861147152521975,-0.005567742728843915,-0.018446788077176767,-1.485727418361798,0.7254685777287733,0.08158765159867853,0.1929437706725482,0.004813714043095179,37.65598450095098,-4.00036836944421,-0.00944570803005533,-0.010216662879754517,-0.0021943951794934913,-0.0015782560146302416,0.028636887489303042,-0.892435771628683,11.363421967447538,-0.5229289224827491,0.610227052729363,-1.0,0.79,-0.024559441717918462,-0.8660254037844385,-0.5000000000000004,0,2.0,0.8971323050245728,True
XRPUSDT,trend_ema__directionboth_fast21_rsi_threshold55.0_slow89,trend_ema,2026-02-23 16:45:00+00:00,2026-02-24 01:15:00+00:00,short,0.020093548578637405,0.020893548578637403,target,34,0.21819081686128114,1,True,False,False,0.004240914422168118,0.031189131660231784,0,0,0.01717070157473924,1.3691,1.3699,1.3632,1.3657,6787000.7,2026-02-23 16:59:59.999000+00:00,9271888.8316,20072,2843990.9,3884341.0425,-0.0025595099716514557,-0.0030706267729650478,-0.03348165439786762,-0.5724664538457989,0.50746268656718,0.119402985074615,0.373134328358205,0.004905909057626073,39.09045915693594,-0.003647544671992792,-0.010943807171768093,-0.010802619281403558,-0.0026124372393565576,-0.0018431462406369725,0.0498028713084518,-0.6655389333396922,0.01110182472058037,-1.0223869380588106,0.49825657031632314,1.0,0.98,-0.036475236348243345,-0.8660254037844385,-0.5000000000000004,0,2.0,0.8945639863088991,True
XRPUSDT,trend_ema__directionshort_only_fast21_rsi_threshold55.0_slow89,trend_ema,2026-02-23 16:45:00+00:00,2026-02-24 01:15:00+00:00,short,0.020093548578637405,0.020893548578637403,target,34,0.21819081686128114,1,True,False,False,0.004240914422168118,0.031189131660231784,0,0,0.019715243527098903,1.3691,1.3699,1.3632,1.3657,6787000.7,2026-02-23 16:59:59.999000+00:00,9271888.8316,20072,2843990.9,3884341.0425,-0.0025595099716514557,-0.0030706267729650478,-0.03348165439786762,-0.5724664538457989,0.50746268656718,0.119402985074615,0.373134328358205,0.004905909057626073,39.09045915693594,-0.003647544671992792,-0.010943807171768093,-0.010802619281403558,-0.0026124372393565576,-0.0018431462406369725,0.0498028713084518,-0.6655389333396922,0.01110182472058037,-1.0223869380588106,0.49825657031632314,1.0,0.98,-0.036475236348243345,-0.8660254037844385,-0.5000000000000004,0,2.0,0.8950028782835133,True
ZECUSDT,trend_ema__directionshort_only_fast21_rsi_threshold58.0_slow89,trend_ema,2026-02-23 16:45:00+00:00,2026-02-24 01:15:00+00:00,short,0.022391496271208726,0.023191496271208725,target,34,0.22949307466985558,1,True,False,False,0.00735487900397942,0.033348419502306055,0,0,0.015976908907799674,241.54,241.9,240.58,241.81,12216.341,2026-02-23 16:59:59.999000+00:00,2947609.13081,15691,6298.594,1520082.03093,0.00107580281808991,-0.008974947028288037,-0.03246827104604831,-1.1766910875067058,0.20454545454546336,0.06818181818182112,0.7272727272727155,0.005458831313841417,38.52534626650722,-0.7842790834315382,-0.01211551971097453,-0.012111356886224806,-0.0041051578491402285,-0.00245606217474581,0.04782338569948104,-0.7099696374227196,2.1745953959200706,-0.4833999209848042,0.72405337425177,1.0,0.7,-0.03845236201686009,-0.8660254037844385,-0.5000000000000004,0,2.0,0.8900813901950989,True
XRPUSDT,trend_ema__directionshort_only_fast21_rsi_threshold58.0_slow55,trend_ema,2026-02-23 17:15:00+00:00,2026-02-24 01:15:00+00:00,short,0.019570842879555437,0.020370842879555436,target,32,0.31554260768100645,1,True,False,False,0.010291892082732223,0.02535163506210847,0,0,0.019818588193245678,1.3609,1.3637,1.3542,1.3558,14864333.1,2026-02-23 17:29:59.999000+00:00,20200522.74665,33678,7091244.8,9639245.90451,-0.0036810760847868747,-0.015660766467503483,-0.038701441200600185,-3.0097303940518527,0.5368421052631778,0.29473684210525897,0.1684210526315632,0.007006933175984543,34.222869615949676,-0.003754638447348416,-0.015319068660868171,-0.016924221987374206,-0.004087356605633086,-0.002149823315406696,0.05450756096599568,-0.7548997597159512,0.010974022335602445,0.3049711751558581,1.1456993024838504,-1.0,0.83,-0.043459856074502645,-0.9659258262890683,-0.25881904510252063,0,2.0,0.9076202702408034,True
ZECUSDT,trend_ema__directionshort_only_fast21_rsi_threshold55.0_slow55,trend_ema,2026-02-23 17:15:00+00:00,2026-02-24 01:15:00+00:00,short,0.021784433785846293,0.022584433785846292,target,32,0.3383668050653148,1,True,False,False,0.011458669249339791,0.02941044748331815,0,0,0.022411578978680555,240.56,241.3,239.47,239.64,17537.012,2026-02-23 17:29:59.999000+00:00,4215276.44744,22458,7484.468,1799894.00638,-0.003790170929738617,-0.010873732372931984,-0.038596184238888005,-1.4110660189323323,0.5027322404371637,0.4043715846994558,0.0928961748633805,0.007636454682023087,33.08165974673426,-0.7968588109590311,-0.017747284470670466,-0.019783346601325868,-0.004713684675503149,-0.0029533909928712854,0.05639603913961568,-0.8421293318523226,2.1483501117882255,0.13983222937191672,1.082031521583908,-1.0,0.7,-0.04708127882933033,-0.9659258262890683,-0.25881904510252063,0,2.0,0.9194317620412529,True
ZECUSDT,trend_ema__directionshort_only_fast21_rsi_threshold52.0_slow55,trend_ema,2026-02-23 17:15:00+00:00,2026-02-24 01:15:00+00:00,short,0.021784433785846293,0.022584433785846292,target,32,0.3383668050653148,1,True,False,False,0.011458669249339791,0.02941044748331815,0,0,0.022488443018418413,240.56,241.3,239.47,239.64,17537.012,2026-02-23 17:29:59.999000+00:00,4215276.44744,22458,7484.468,1799894.00638,-0.003790170929738617,-0.010873732372931984,-0.038596184238888005,-1.4110660189323323,0.5027322404371637,0.4043715846994558,0.0928961748633805,0.007636454682023087,33.08165974673426,-0.7968588109590311,-0.017747284470670466,-0.019783346601325868,-0.004713684675503149,-0.0029533909928712854,0.05639603913961568,-0.8421293318523226,2.1483501117882255,0.13983222937191672,1.082031521583908,-1.0,0.7,-0.04708127882933033,-0.9659258262890683,-0.25881904510252063,0,2.0,0.9194317620412529,True
XRPUSDT,trend_ema__directionshort_only_fast21_rsi_threshold58.0_slow55,trend_ema,2026-02-23 17:15:00+00:00,2026-02-24 01:15:00+00:00,short,0.019570842879555437,0.020370842879555436,target,32,0.31554260768100645,1,True,False,False,0.010291892082732223,0.02535163506210847,0,0,0.019818588193245678,1.3609,1.3637,1.3542,1.3558,14864333.1,2026-02-23 17:29:59.999000+00:00,20200522.74665,33678,7091244.8,9639245.90451,-0.0036810760847868747,-0.015660766467503483,-0.038701441200600185,-3.0097303940518527,0.5368421052631778,0.29473684210525897,0.1684210526315632,0.007006933175984543,34.222869615949676,-0.003754638447348416,-0.015319068660868171,-0.016924221987374206,-0.004087356605633086,-0.002149823315406696,0.05450756096599568,-0.7548997597159512,0.010974022335602445,0.3049711751558581,1.1456993024838504,-1.0,0.83,-0.043459856074502645,-0.9659258262890683,-0.25881904510252063,0,2.0,0.9152294100021006,True
XRPUSDT,trend_ema__directionshort_only_fast21_rsi_threshold52.0_slow55,trend_ema,2026-02-23 17:15:00+00:00,2026-02-24 01:15:00+00:00,short,0.019570842879555437,0.020370842879555436,target,32,0.31554260768100645,1,True,False,False,0.010291892082732223,0.02535163506210847,0,0,0.0198121443542361,1.3609,1.3637,1.3542,1.3558,14864333.1,2026-02-23 17:29:59.999000+00:00,20200522.74665,33678,7091244.8,9639245.90451,-0.0036810760847868747,-0.015660766467503483,-0.038701441200600185,-3.0097303940518527,0.5368421052631778,0.29473684210525897,0.1684210526315632,0.007006933175984543,34.222869615949676,-0.003754638447348416,-0.015319068660868171,-0.016924221987374206,-0.004087356605633086,-0.002149823315406696,0.05450756096599568,-0.7548997597159512,0.010974022335602445,0.3049711751558581,1.1456993024838504,-1.0,0.83,-0.043459856074502645,-0.9659258262890683,-0.25881904510252063,0,2.0,0.9152294100021006,True
ZECUSDT,trend_ema__directionshort_only_fast21_rsi_threshold58.0_slow55,trend_ema,2026-02-23 17:15:00+00:00,2026-02-24 01:15:00+00:00,short,0.021784433785846293,0.022584433785846292,target,32,0.3383668050653148,1,True,False,False,0.011458669249339791,0.02941044748331815,0,0,0.022334714938942696,240.56,241.3,239.47,239.64,17537.012,2026-02-23 17:29:59.999000+00:00,4215276.44744,22458,7484.468,1799894.00638,-0.003790170929738617,-0.010873732372931984,-0.038596184238888005,-1.4110660189323323,0.5027322404371637,0.4043715846994558,0.0928961748633805,0.007636454682023087,33.08165974673426,-0.7968588109590311,-0.017747284470670466,-0.019783346601325868,-0.004713684675503149,-0.0029533909928712854,0.05639603913961568,-0.8421293318523226,2.1483501117882255,0.13983222937191672,1.082031521583908,-1.0,0.7,-0.04708127882933033,-0.9659258262890683,-0.25881904510252063,0,2.0,0.9194317620412529,True
ZECUSDT,trend_ema__directionshort_only_fast21_rsi_threshold52.0_slow55,trend_ema,2026-02-23 17:15:00+00:00,2026-02-24 01:15:00+00:00,short,0.021784433785846293,0.022584433785846292,target,32,0.3383668050653148,1,True,False,False,0.011458669249339791,0.02941044748331815,0,0,0.022488443018418413,240.56,241.3,239.47,239.64,17537.012,2026-02-23 17:29:59.999000+00:00,4215276.44744,22458,7484.468,1799894.00638,-0.003790170929738617,-0.010873732372931984,-0.038596184238888005,-1.4110660189323323,0.5027322404371637,0.4043715846994558,0.0928961748633805,0.007636454682023087,33.08165974673426,-0.7968588109590311,-0.017747284470670466,-0.019783346601325868,-0.004713684675503149,-0.0029533909928712854,0.05639603913961568,-0.8421293318523226,2.1483501117882255,0.13983222937191672,1.082031521583908,-1.0,0.7,-0.04708127882933033,-0.9659258262890683,-0.25881904510252063,0,2.0,0.9122039860897377,True
XRPUSDT,trend_ema__directionshort_only_fast21_rsi_threshold55.0_slow55,trend_ema,2026-02-23 17:15:00+00:00,2026-02-24 01:15:00+00:00,short,0.019570842879555437,0.020370842879555436,target,32,0.31554260768100645,1,True,False,False,0.010291892082732223,0.02535163506210847,0,0,0.019805700515226527,1.3609,1.3637,1.3542,1.3558,14864333.1,2026-02-23 17:29:59.999000+00:00,20200522.74665,33678,7091244.8,9639245.90451,-0.0036810760847868747,-0.015660766467503483,-0.038701441200600185,-3.0097303940518527,0.5368421052631778,0.29473684210525897,0.1684210526315632,0.007006933175984543,34.222869615949676,-0.003754638447348416,-0.015319068660868171,-0.016924221987374206,-0.004087356605633086,-0.002149823315406696,0.05450756096599568,-0.7548997597159512,0.010974022335602445,0.3049711751558581,1.1456993024838504,-1.0,0.83,-0.043459856074502645,-0.9659258262890683,-0.25881904510252063,0,2.0,0.9152294100021006,True
ZECUSDT,trend_ema__directionshort_only_fast21_rsi_threshold58.0_slow55,trend_ema,2026-02-23 17:15:00+00:00,2026-02-24 01:15:00+00:00,short,0.021784433785846293,0.022584433785846292,target,32,0.3383668050653148,1,True,False,False,0.011458669249339791,0.02941044748331815,0,0,0.022334714938942696,240.56,241.3,239.47,239.64,17537.012,2026-02-23 17:29:59.999000+00:00,4215276.44744,22458,7484.468,1799894.00638,-0.003790170929738617,-0.010873732372931984,-0.038596184238888005,-1.4110660189323323,0.5027322404371637,0.4043715846994558,0.0928961748633805,0.007636454682023087,33.08165974673426,-0.7968588109590311,-0.017747284470670466,-0.019783346601325868,-0.004713684675503149,-0.0029533909928712854,0.05639603913961568,-0.8421293318523226,2.1483501117882255,0.13983222937191672,1.082031521583908,-1.0,0.7,-0.04708127882933033,-0.9659258262890683,-0.25881904510252063,0,2.0,0.9122039860897377,True
ZECUSDT,trend_ema__directionshort_only_fast21_rsi_threshold55.0_slow55,trend_ema,2026-02-23 17:15:00+00:00,2026-02-24 01:15:00+00:00,short,0.021784433785846293,0.022584433785846292,target,32,0.3383668050653148,1,True,False,False,0.011458669249339791,0.02941044748331815,0,0,0.022411578978680555,240.56,241.3,239.47,239.64,17537.012,2026-02-23 17:29:59.999000+00:00,4215276.44744,22458,7484.468,1799894.00638,-0.003790170929738617,-0.010873732372931984,-0.038596184238888005,-1.4110660189323323,0.5027322404371637,0.4043715846994558,0.0928961748633805,0.007636454682023087,33.08165974673426,-0.7968588109590311,-0.017747284470670466,-0.019783346601325868,-0.004713684675503149,-0.0029533909928712854,0.05639603913961568,-0.8421293318523226,2.1483501117882255,0.13983222937191672,1.082031521583908,-1.0,0.7,-0.04708127882933033,-0.9659258262890683,-0.25881904510252063,0,2.0,0.9122039860897377,True
XRPUSDT,trend_ema__directionshort_only_fast21_rsi_threshold55.0_slow55,trend_ema,2026-02-23 17:15:00+00:00,2026-02-24 01:15:00+00:00,short,0.019570842879555437,0.020370842879555436,target,32,0.31554260768100645,1,True,False,False,0.010291892082732223,0.02535163506210847,0,0,0.019805700515226527,1.3609,1.3637,1.3542,1.3558,14864333.1,2026-02-23 17:29:59.999000+00:00,20200522.74665,33678,7091244.8,9639245.90451,-0.0036810760847868747,-0.015660766467503483,-0.038701441200600185,-3.0097303940518527,0.5368421052631778,0.29473684210525897,0.1684210526315632,0.007006933175984543,34.222869615949676,-0.003754638447348416,-0.015319068660868171,-0.016924221987374206,-0.004087356605633086,-0.002149823315406696,0.05450756096599568,-0.7548997597159512,0.010974022335602445,0.3049711751558581,1.1456993024838504,-1.0,0.83,-0.043459856074502645,-0.9659258262890683,-0.25881904510252063,0,2.0,0.9076202702408034,True
XRPUSDT,trend_ema__directionshort_only_fast21_rsi_threshold52.0_slow55,trend_ema,2026-02-23 17:15:00+00:00,2026-02-24 01:15:00+00:00,short,0.019570842879555437,0.020370842879555436,target,32,0.31554260768100645,1,True,False,False,0.010291892082732223,0.02535163506210847,0,0,0.0198121443542361,1.3609,1.3637,1.3542,1.3558,14864333.1,2026-02-23 17:29:59.999000+00:00,20200522.74665,33678,7091244.8,9639245.90451,-0.0036810760847868747,-0.015660766467503483,-0.038701441200600185,-3.0097303940518527,0.5368421052631778,0.29473684210525897,0.1684210526315632,0.007006933175984543,34.222869615949676,-0.003754638447348416,-0.015319068660868171,-0.016924221987374206,-0.004087356605633086,-0.002149823315406696,0.05450756096599568,-0.7548997597159512,0.010974022335602445,0.3049711751558581,1.1456993024838504,-1.0,0.83,-0.043459856074502645,-0.9659258262890683,-0.25881904510252063,0,2.0,0.9076202702408034,True
XRPUSDT,trend_ema__directionlong_only_fast9_rsi_threshold58.0_slow55,trend_ema,2026-02-24 15:45:00+00:00,2026-02-25 00:15:00+00:00,long,-0.004884349111684125,-0.004084349111684125,signal_exit,34,0.3598921837622504,0,False,False,False,0.005197850510262173,0.015216341797004186,0,0,0.014008522746696691,1.3469,1.3512,1.3451,1.3507,5471616.7,2026-02-24 15:59:59.999000+00:00,7378948.70039,21031,3114883.5,4202110.65782,0.0028173209619493777,0.011541883219093215,0.013641149247193913,4.262256169250216,0.622950819672136,0.08196721311474514,0.2950819672131189,0.004516176797216254,67.99460918811252,0.0024868737625305735,0.011031205766407098,0.01071193235667627,0.0034452023156223976,0.0013987374849571133,0.022210781768151805,1.1409382555199175,0.008453905411650886,-0.4727297360048851,0.5809350056675018,-1.0,0.31,0.0,-0.7071067811865471,-0.7071067811865479,1,1.0,0.8698249340147737,True
XRPUSDT,trend_ema__directionlong_only_fast21_rsi_threshold58.0_slow34,trend_ema,2026-02-24 15:45:00+00:00,2026-02-25 01:00:00+00:00,long,0.015225094674251918,0.01602509467425192,target,37,0.3598921837622504,1,True,False,False,0.005197850510262173,0.027390623754792166,0,1,0.012281752090001728,1.3469,1.3512,1.3451,1.3507,5471616.7,2026-02-24 15:59:59.999000+00:00,7378948.70039,21031,3114883.5,4202110.65782,0.0028173209619493777,0.011541883219093215,0.013641149247193913,4.262256169250216,0.622950819672136,0.08196721311474514,0.2950819672131189,0.004516176797216254,67.99460918811252,0.0024868737625305735,0.011031205766407098,0.01071193235667627,0.0034452023156223976,0.0013987374849571133,0.022210781768151805,1.1409382555199175,0.008453905411650886,-0.4727297360048851,0.5809350056675018,-1.0,0.31,0.0,-0.7071067811865471,-0.7071067811865479,1,1.0,0.7830126816775136,True
XRPUSDT,trend_ema__directionlong_only_fast21_rsi_threshold58.0_slow34,trend_ema,2026-02-24 15:45:00+00:00,2026-02-25 01:00:00+00:00,long,0.015225094674251918,0.01602509467425192,target,37,0.3598921837622504,1,True,False,False,0.005197850510262173,0.027390623754792166,0,1,0.012281752090001728,1.3469,1.3512,1.3451,1.3507,5471616.7,2026-02-24 15:59:59.999000+00:00,7378948.70039,21031,3114883.5,4202110.65782,0.0028173209619493777,0.011541883219093215,0.013641149247193913,4.262256169250216,0.622950819672136,0.08196721311474514,0.2950819672131189,0.004516176797216254,67.99460918811252,0.0024868737625305735,0.011031205766407098,0.01071193235667627,0.0034452023156223976,0.0013987374849571133,0.022210781768151805,1.1409382555199175,0.008453905411650886,-0.4727297360048851,0.5809350056675018,-1.0,0.31,0.0,-0.7071067811865471,-0.7071067811865479,1,1.0,0.7790804710148405,True
XRPUSDT,trend_ema__directionlong_only_fast9_rsi_threshold58.0_slow55,trend_ema,2026-02-24 15:45:00+00:00,2026-02-25 00:15:00+00:00,long,-0.004884349111684125,-0.004084349111684125,signal_exit,34,0.3598921837622504,0,False,False,False,0.005197850510262173,0.015216341797004186,0,0,0.014008522746696691,1.3469,1.3512,1.3451,1.3507,5471616.7,2026-02-24 15:59:59.999000+00:00,7378948.70039,21031,3114883.5,4202110.65782,0.0028173209619493777,0.011541883219093215,0.013641149247193913,4.262256169250216,0.622950819672136,0.08196721311474514,0.2950819672131189,0.004516176797216254,67.99460918811252,0.0024868737625305735,0.011031205766407098,0.01071193235667627,0.0034452023156223976,0.0013987374849571133,0.022210781768151805,1.1409382555199175,0.008453905411650886,-0.4727297360048851,0.5809350056675018,-1.0,0.31,0.0,-0.7071067811865471,-0.7071067811865479,1,1.0,0.8736374721206948,True
XRPUSDT,trend_ema__directionlong_only_fast12_rsi_threshold58.0_slow55,trend_ema,2026-02-24 16:00:00+00:00,2026-02-25 01:00:00+00:00,long,0.014843762059563765,0.015643762059563766,target,36,0.46692385095988925,1,True,False,False,0.008070021359396011,0.02442436418072961,0,1,0.012408490257097227,1.3508,1.3637,1.35,1.3595,26550983.0,2026-02-24 16:14:59.999000+00:00,36084527.34985,43074,14498383.2,19704428.66032,0.00649400850580685,0.014372747046342624,0.018860077887764753,4.823330945334497,0.6350364963503681,0.30656934306569605,0.05839416058393593,0.010077234277307704,73.34619254799446,0.0031307345038225796,0.01577250540097145,0.016444363840136776,0.003870538723952821,0.002057987853936627,0.02782387829809273,1.3027133015225736,0.00882862645367581,1.8509988465097449,2.6245506441403252,1.0,0.4,0.0,-0.8660254037844385,-0.5000000000000004,1,2.0,0.8987008633408219,True
ZECUSDT,trend_ema__directionlong_only_fast9_rsi_threshold58.0_slow55,trend_ema,2026-02-24 16:00:00+00:00,2026-02-24 16:30:00+00:00,long,0.018498168448950473,0.01929816844895047,target,2,0.48454043359639654,1,True,False,False,0.0015327220655399088,0.02880385560135967,0,2,0.003006632025766498,238.62,241.85,238.6,240.19,40115.276,2026-02-24 16:14:59.999000+00:00,9644891.74238,36020,23680.608,5692141.19861,0.006557948358238708,0.025425634422262564,0.027948458756507574,5.700410222367613,0.48307692307692096,0.5107692307692298,0.006153846153849302,0.01353095466089346,74.22702167981983,0.771178280277591,0.022804976302665276,0.02346911259973324,0.005695514359873366,0.002418494909651958,0.03665595646147961,1.4256067391734764,1.9428016008632596,2.6529577060905702,3.0341475814709904,1.0,0.77,0.0,-0.8660254037844385,-0.5000000000000004,1,2.0,0.7670467230623167,True
ZECUSDT,trend_ema__directionlong_only_fast9_rsi_threshold58.0_slow55,trend_ema,2026-02-24 16:00:00+00:00,2026-02-24 16:30:00+00:00,long,0.018498168448950473,0.01929816844895047,target,2,0.48454043359639654,1,True,False,False,0.0015327220655399088,0.02880385560135967,0,2,0.003006632025766498,238.62,241.85,238.6,240.19,40115.276,2026-02-24 16:14:59.999000+00:00,9644891.74238,36020,23680.608,5692141.19861,0.006557948358238708,0.025425634422262564,0.027948458756507574,5.700410222367613,0.48307692307692096,0.5107692307692298,0.006153846153849302,0.01353095466089346,74.22702167981983,0.771178280277591,0.022804976302665276,0.02346911259973324,0.005695514359873366,0.002418494909651958,0.03665595646147961,1.4256067391734764,1.9428016008632596,2.6529577060905702,3.0341475814709904,1.0,0.77,0.0,-0.8660254037844385,-0.5000000000000004,1,2.0,0.7622361476068418,True
ZECUSDT,trend_ema__directionlong_only_fast12_rsi_threshold58.0_slow55,trend_ema,2026-02-24 16:00:00+00:00,2026-02-24 16:30:00+00:00,long,0.018498168448950473,0.01929816844895047,target,2,0.48454043359639654,1,True,False,False,0.0015327220655399088,0.02880385560135967,0,3,0.0036649843381545712,238.62,241.85,238.6,240.19,40115.276,2026-02-24 16:14:59.999000+00:00,9644891.74238,36020,23680.608,5692141.19861,0.006557948358238708,0.025425634422262564,0.027948458756507574,5.700410222367613,0.48307692307692096,0.5107692307692298,0.006153846153849302,0.01353095466089346,74.22702167981983,0.771178280277591,0.022804976302665276,0.02346911259973324,0.005695514359873366,0.002418494909651958,0.03665595646147961,1.4256067391734764,1.9428016008632596,2.6529577060905702,3.0341475814709904,1.0,0.77,0.0,-0.8660254037844385,-0.5000000000000004,1,2.0,0.7499954041099959,True
ZECUSDT,trend_ema__directionlong_only_fast12_rsi_threshold58.0_slow55,trend_ema,2026-02-24 16:00:00+00:00,2026-02-24 16:30:00+00:00,long,0.018498168448950473,0.01929816844895047,target,2,0.48454043359639654,1,True,False,False,0.0015327220655399088,0.02880385560135967,0,3,0.0036649843381545712,238.62,241.85,238.6,240.19,40115.276,2026-02-24 16:14:59.999000+00:00,9644891.74238,36020,23680.608,5692141.19861,0.006557948358238708,0.025425634422262564,0.027948458756507574,5.700410222367613,0.48307692307692096,0.5107692307692298,0.006153846153849302,0.01353095466089346,74.22702167981983,0.771178280277591,0.022804976302665276,0.02346911259973324,0.005695514359873366,0.002418494909651958,0.03665595646147961,1.4256067391734764,1.9428016008632596,2.6529577060905702,3.0341475814709904,1.0,0.77,0.0,-0.8660254037844385,-0.5000000000000004,1,2.0,0.7351122378301194,True
XRPUSDT,trend_ema__directionlong_only_fast12_rsi_threshold58.0_slow55,trend_ema,2026-02-24 16:00:00+00:00,2026-02-25 01:00:00+00:00,long,0.014843762059563765,0.015643762059563766,target,36,0.46692385095988925,1,True,False,False,0.008070021359396011,0.02442436418072961,0,1,0.012408490257097227,1.3508,1.3637,1.35,1.3595,26550983.0,2026-02-24 16:14:59.999000+00:00,36084527.34985,43074,14498383.2,19704428.66032,0.00649400850580685,0.014372747046342624,0.018860077887764753,4.823330945334497,0.6350364963503681,0.30656934306569605,0.05839416058393593,0.010077234277307704,73.34619254799446,0.0031307345038225796,0.01577250540097145,0.016444363840136776,0.003870538723952821,0.002057987853936627,0.02782387829809273,1.3027133015225736,0.00882862645367581,1.8509988465097449,2.6245506441403252,1.0,0.4,0.0,-0.8660254037844385,-0.5000000000000004,1,2.0,0.9042550823218883,True
ZECUSDT,trend_ema__directionlong_only_fast9_rsi_threshold58.0_slow89,trend_ema,2026-02-24 16:15:00+00:00,2026-02-24 16:30:00+00:00,long,0.019418475210558474,0.020218475210558473,target,1,0.4697516047381535,1,True,False,False,0.008059195383984048,0.02207908748739102,0,0,0.0030662738224986894,240.19,240.76,239.25,240.07,14652.408,2026-02-24 16:29:59.999000+00:00,3514809.47642,16902,8135.722,1951549.30701,-0.0004997293236883664,0.01862533082871798,0.025994121492586248,4.192295718692656,0.07947019867550018,0.37748344370860704,0.5430463576158928,0.0062898321322947095,73.48758023690768,0.8409974067352626,0.020191138280026652,0.022079774249762603,0.006671266406963694,0.003314058160979405,0.04314618679321992,1.1248220045250812,1.9118872008015977,0.10751772340782297,1.0790732591860244,1.0,0.77,-0.0004996044797868082,-0.8660254037844385,-0.5000000000000004,1,2.0,0.7444267670649338,True
HYPEUSDT,trend_ema__directionboth_fast21_rsi_threshold55.0_slow89,trend_ema,2026-02-24 16:15:00+00:00,2026-02-25 01:00:00+00:00,long,0.020319106869939294,0.021119106869939293,target,35,0.29203865892343517,1,True,False,False,0.005196351846859542,0.030870382431575888,0,0,0.01111787158306623,26.946,27.1,26.923,26.951,163277.86,2026-02-24 16:29:59.999000+00:00,4410694.49025,20738,77424.74,2091208.19919,0.00014842851338983426,0.006215708110931573,0.017366355830441264,1.417088991808151,0.028248587570615345,0.8418079096045099,0.12994350282487474,0.006567474305220702,64.60193294617176,0.04140937465431113,0.01178376212968038,0.0162746082165785,0.0034628588017986406,0.0027172098508634335,0.030795189387949527,0.928677339581793,0.22404544558459308,0.46703468666480136,1.3468125713678554,1.0,0.43,0.0,-0.8660254037844385,-0.5000000000000004,1,2.0,0.8410953237978044,True
ZECUSDT,trend_ema__directionlong_only_fast9_rsi_threshold58.0_slow89,trend_ema,2026-02-24 16:15:00+00:00,2026-02-24 16:30:00+00:00,long,0.019418475210558474,0.020218475210558473,target,1,0.4697516047381535,1,True,False,False,0.008059195383984048,0.02207908748739102,0,0,0.0030662738224986894,240.19,240.76,239.25,240.07,14652.408,2026-02-24 16:29:59.999000+00:00,3514809.47642,16902,8135.722,1951549.30701,-0.0004997293236883664,0.01862533082871798,0.025994121492586248,4.192295718692656,0.07947019867550018,0.37748344370860704,0.5430463576158928,0.0062898321322947095,73.48758023690768,0.8409974067352626,0.020191138280026652,0.022079774249762603,0.006671266406963694,0.003314058160979405,0.04314618679321992,1.1248220045250812,1.9118872008015977,0.10751772340782297,1.0790732591860244,1.0,0.77,-0.0004996044797868082,-0.8660254037844385,-0.5000000000000004,1,2.0,0.7763614670617068,True
HYPEUSDT,trend_ema__directionboth_fast21_rsi_threshold55.0_slow89,trend_ema,2026-02-24 16:15:00+00:00,2026-02-25 01:00:00+00:00,long,0.020319106869939294,0.021119106869939293,target,35,0.29203865892343517,1,True,False,False,0.005196351846859542,0.030870382431575888,0,0,0.01111787158306623,26.946,27.1,26.923,26.951,163277.86,2026-02-24 16:29:59.999000+00:00,4410694.49025,20738,77424.74,2091208.19919,0.00014842851338983426,0.006215708110931573,0.017366355830441264,1.417088991808151,0.028248587570615345,0.8418079096045099,0.12994350282487474,0.006567474305220702,64.60193294617176,0.04140937465431113,0.01178376212968038,0.0162746082165785,0.0034628588017986406,0.0027172098508634335,0.030795189387949527,0.928677339581793,0.22404544558459308,0.46703468666480136,1.3468125713678554,1.0,0.43,0.0,-0.8660254037844385,-0.5000000000000004,1,2.0,0.8333643660587604,True
ZECUSDT,trend_ema__directionboth_fast12_rsi_threshold55.0_slow89,trend_ema,2026-02-24 16:30:00+00:00,2026-02-24 16:30:00+00:00,long,0.01910669867884873,0.019906698678848728,target,0,0.6406597304068523,1,True,False,False,0.007563369597530473,0.022589978021395576,0,0,0.012651587935603822,240.07,245.53,238.29,245.39,50650.522,2026-02-24 16:44:59.999000+00:00,12277386.63958,45797,26079.201,6327333.59727,0.021918234168059998,0.03761964825806962,0.052797940076296825,5.974499354850417,0.7348066298342523,0.019337016574587654,0.24585635359116007,0.029504054769958064,82.03298652034262,1.1752739092810376,0.03748715742498022,0.041583575948560804,0.008777533022153117,0.004816796163297221,0.059735771007775634,1.481914288310256,2.292466686458627,2.9741421728111175,3.368530385083454,1.0,0.93,0.0,-0.8660254037844385,-0.5000000000000004,1,2.0,0.9403776540137061,True
ZECUSDT,trend_ema__directionboth_fast12_rsi_threshold58.0_slow89,trend_ema,2026-02-24 16:30:00+00:00,2026-02-24 16:30:00+00:00,long,0.01910669867884873,0.019906698678848728,target,0,0.6406597304068523,1,True,False,False,0.007563369597530473,0.022589978021395576,0,0,0.00628216362898105,240.07,245.53,238.29,245.39,50650.522,2026-02-24 16:44:59.999000+00:00,12277386.63958,45797,26079.201,6327333.59727,0.021918234168059998,0.03761964825806962,0.052797940076296825,5.974499354850417,0.7348066298342523,0.019337016574587654,0.24585635359116007,0.029504054769958064,82.03298652034262,1.1752739092810376,0.03748715742498022,0.041583575948560804,0.008777533022153117,0.004816796163297221,0.059735771007775634,1.481914288310256,2.292466686458627,2.9741421728111175,3.368530385083454,1.0,0.93,0.0,-0.8660254037844385,-0.5000000000000004,1,2.0,0.9355461050211074,True
ZECUSDT,trend_ema__directionboth_fast12_rsi_threshold52.0_slow89,trend_ema,2026-02-24 16:30:00+00:00,2026-02-24 16:30:00+00:00,long,0.01910669867884873,0.019906698678848728,target,0,0.6406597304068523,1,True,False,False,0.007563369597530473,0.022589978021395576,0,0,0.019021012242226597,240.07,245.53,238.29,245.39,50650.522,2026-02-24 16:44:59.999000+00:00,12277386.63958,45797,26079.201,6327333.59727,0.021918234168059998,0.03761964825806962,0.052797940076296825,5.974499354850417,0.7348066298342523,0.019337016574587654,0.24585635359116007,0.029504054769958064,82.03298652034262,1.1752739092810376,0.03748715742498022,0.041583575948560804,0.008777533022153117,0.004816796163297221,0.059735771007775634,1.481914288310256,2.292466686458627,2.9741421728111175,3.368530385083454,1.0,0.93,0.0,-0.8660254037844385,-0.5000000000000004,1,2.0,0.9414887402599408,True
ZECUSDT,trend_ema__directionlong_only_fast12_rsi_threshold55.0_slow89,trend_ema,2026-02-24 16:30:00+00:00,2026-02-24 16:30:00+00:00,long,0.01910669867884873,0.019906698678848728,target,0,0.6406597304068523,1,True,False,False,0.007563369597530473,0.022589978021395576,0,0,0.015836300088915213,240.07,245.53,238.29,245.39,50650.522,2026-02-24 16:44:59.999000+00:00,12277386.63958,45797,26079.201,6327333.59727,0.021918234168059998,0.03761964825806962,0.052797940076296825,5.974499354850417,0.7348066298342523,0.019337016574587654,0.24585635359116007,0.029504054769958064,82.03298652034262,1.1752739092810376,0.03748715742498022,0.041583575948560804,0.008777533022153117,0.004816796163297221,0.059735771007775634,1.481914288310256,2.292466686458627,2.9741421728111175,3.368530385083454,1.0,0.93,0.0,-0.8660254037844385,-0.5000000000000004,1,2.0,0.941699112027633,True
ZECUSDT,trend_ema__directionlong_only_fast12_rsi_threshold58.0_slow89,trend_ema,2026-02-24 16:30:00+00:00,2026-02-24 16:30:00+00:00,long,0.01910669867884873,0.019906698678848728,target,0,0.6406597304068523,1,True,False,False,0.007563369597530473,0.022589978021395576,0,0,0.009466875782292435,240.07,245.53,238.29,245.39,50650.522,2026-02-24 16:44:59.999000+00:00,12277386.63958,45797,26079.201,6327333.59727,0.021918234168059998,0.03761964825806962,0.052797940076296825,5.974499354850417,0.7348066298342523,0.019337016574587654,0.24585635359116007,0.029504054769958064,82.03298652034262,1.1752739092810376,0.03748715742498022,0.041583575948560804,0.008777533022153117,0.004816796163297221,0.059735771007775634,1.481914288310256,2.292466686458627,2.9741421728111175,3.368530385083454,1.0,0.93,0.0,-0.8660254037844385,-0.5000000000000004,1,2.0,0.9386128017023018,True
ZECUSDT,trend_ema__directionboth_fast12_rsi_threshold55.0_slow89,trend_ema,2026-02-24 16:30:00+00:00,2026-02-24 16:30:00+00:00,long,0.01910669867884873,0.019906698678848728,target,0,0.6406597304068523,1,True,False,False,0.007563369597530473,0.022589978021395576,0,0,0.012651587935603822,240.07,245.53,238.29,245.39,50650.522,2026-02-24 16:44:59.999000+00:00,12277386.63958,45797,26079.201,6327333.59727,0.021918234168059998,0.03761964825806962,0.052797940076296825,5.974499354850417,0.7348066298342523,0.019337016574587654,0.24585635359116007,0.029504054769958064,82.03298652034262,1.1752739092810376,0.03748715742498022,0.041583575948560804,0.008777533022153117,0.004816796163297221,0.059735771007775634,1.481914288310256,2.292466686458627,2.9741421728111175,3.368530385083454,1.0,0.93,0.0,-0.8660254037844385,-0.5000000000000004,1,2.0,0.9409410864159086,True
ZECUSDT,trend_ema__directionboth_fast12_rsi_threshold52.0_slow89,trend_ema,2026-02-24 16:30:00+00:00,2026-02-24 16:30:00+00:00,long,0.01910669867884873,0.019906698678848728,target,0,0.6406597304068523,1,True,False,False,0.007563369597530473,0.022589978021395576,0,0,0.019021012242226597,240.07,245.53,238.29,245.39,50650.522,2026-02-24 16:44:59.999000+00:00,12277386.63958,45797,26079.201,6327333.59727,0.021918234168059998,0.03761964825806962,0.052797940076296825,5.974499354850417,0.7348066298342523,0.019337016574587654,0.24585635359116007,0.029504054769958064,82.03298652034262,1.1752739092810376,0.03748715742498022,0.041583575948560804,0.008777533022153117,0.004816796163297221,0.059735771007775634,1.481914288310256,2.292466686458627,2.9741421728111175,3.368530385083454,1.0,0.93,0.0,-0.8660254037844385,-0.5000000000000004,1,2.0,0.9407150583511694,True
ZECUSDT,trend_ema__directionlong_only_fast12_rsi_threshold55.0_slow89,trend_ema,2026-02-24 16:30:00+00:00,2026-02-24 16:30:00+00:00,long,0.01910669867884873,0.019906698678848728,target,0,0.6406597304068523,1,True,False,False,0.007563369597530473,0.022589978021395576,0,0,0.015836300088915213,240.07,245.53,238.29,245.39,50650.522,2026-02-24 16:44:59.999000+00:00,12277386.63958,45797,26079.201,6327333.59727,0.021918234168059998,0.03761964825806962,0.052797940076296825,5.974499354850417,0.7348066298342523,0.019337016574587654,0.24585635359116007,0.029504054769958064,82.03298652034262,1.1752739092810376,0.03748715742498022,0.041583575948560804,0.008777533022153117,0.004816796163297221,0.059735771007775634,1.481914288310256,2.292466686458627,2.9741421728111175,3.368530385083454,1.0,0.93,0.0,-0.8660254037844385,-0.5000000000000004,1,2.0,0.9414481607449243,True
ZECUSDT,trend_ema__directionboth_fast12_rsi_threshold58.0_slow89,trend_ema,2026-02-24 16:30:00+00:00,2026-02-24 16:30:00+00:00,long,0.01910669867884873,0.019906698678848728,target,0,0.6406597304068523,1,True,False,False,0.007563369597530473,0.022589978021395576,0,0,0.00628216362898105,240.07,245.53,238.29,245.39,50650.522,2026-02-24 16:44:59.999000+00:00,12277386.63958,45797,26079.201,6327333.59727,0.021918234168059998,0.03761964825806962,0.052797940076296825,5.974499354850417,0.7348066298342523,0.019337016574587654,0.24585635359116007,0.029504054769958064,82.03298652034262,1.1752739092810376,0.03748715742498022,0.041583575948560804,0.008777533022153117,0.004816796163297221,0.059735771007775634,1.481914288310256,2.292466686458627,2.9741421728111175,3.368530385083454,1.0,0.93,0.0,-0.8660254037844385,-0.5000000000000004,1,2.0,0.9402161486326923,True
ZECUSDT,trend_ema__directionlong_only_fast12_rsi_threshold58.0_slow89,trend_ema,2026-02-24 16:30:00+00:00,2026-02-24 16:30:00+00:00,long,0.01910669867884873,0.019906698678848728,target,0,0.6406597304068523,1,True,False,False,0.007563369597530473,0.022589978021395576,0,0,0.009466875782292435,240.07,245.53,238.29,245.39,50650.522,2026-02-24 16:44:59.999000+00:00,12277386.63958,45797,26079.201,6327333.59727,0.021918234168059998,0.03761964825806962,0.052797940076296825,5.974499354850417,0.7348066298342523,0.019337016574587654,0.24585635359116007,0.029504054769958064,82.03298652034262,1.1752739092810376,0.03748715742498022,0.041583575948560804,0.008777533022153117,0.004816796163297221,0.059735771007775634,1.481914288310256,2.292466686458627,2.9741421728111175,3.368530385083454,1.0,0.93,0.0,-0.8660254037844385,-0.5000000000000004,1,2.0,0.9403583383607083,True
ZECUSDT,trend_ema__directionboth_fast21_rsi_threshold55.0_slow89,trend_ema,2026-02-24 17:00:00+00:00,2026-02-25 00:15:00+00:00,long,-0.015424840837163223,-0.014624840837163222,stop,29,0.4571654341235185,0,False,True,False,0.014833804792238808,0.011466197844919222,0,0,0.018986494916221203,244.45,244.56,242.6,243.53,13956.407,2026-02-24 17:14:59.999000+00:00,3400685.03388,22096,6925.475,1687528.53064,-0.003729741807550779,0.013809861413270924,0.04467389913346545,2.1033228680043266,0.4693877551020325,0.05612244897959857,0.4744897959183689,0.008048289738430615,72.85827170617593,1.1706104961099384,0.024347011825650963,0.031488082002112505,0.010109817807460342,0.006567165465943159,0.07491896634435179,0.8491416699606897,2.353453418426061,-0.16821059703865335,0.8688581622341764,1.0,0.95,-0.007579770976812394,-0.9659258262890683,-0.25881904510252063,1,2.0,0.7668236074134093,True
ZECUSDT,trend_ema__directionboth_fast21_rsi_threshold55.0_slow89,trend_ema,2026-02-24 17:00:00+00:00,2026-02-25 00:15:00+00:00,long,-0.015424840837163223,-0.014624840837163222,stop,29,0.4571654341235185,0,False,True,False,0.014833804792238808,0.011466197844919222,0,0,0.018986494916221203,244.45,244.56,242.6,243.53,13956.407,2026-02-24 17:14:59.999000+00:00,3400685.03388,22096,6925.475,1687528.53064,-0.003729741807550779,0.013809861413270924,0.04467389913346545,2.1033228680043266,0.4693877551020325,0.05612244897959857,0.4744897959183689,0.008048289738430615,72.85827170617593,1.1706104961099384,0.024347011825650963,0.031488082002112505,0.010109817807460342,0.006567165465943159,0.07491896634435179,0.8491416699606897,2.353453418426061,-0.16821059703865335,0.8688581622341764,1.0,0.95,-0.007579770976812394,-0.9659258262890683,-0.25881904510252063,1,2.0,0.7287783798532091,True
ETHUSDT,trend_ema__directionboth_fast12_rsi_threshold52.0_slow89,trend_ema,2026-02-24 17:15:00+00:00,2026-02-25 01:00:00+00:00,long,0.01554025072253202,0.01634025072253202,target,31,0.29058913768332334,1,True,False,False,0.008464134854814865,0.03147178525630787,0,0,0.012996142041299615,1859.2,1863.0,1854.04,1855.11,91042.877,2026-02-24 17:29:59.999000+00:00,169336333.90134,106221,41699.299,77561799.43825,-0.002207672825831663,0.003558674573181156,0.01917892352651217,1.1540765014617616,0.4564732142857287,0.4241071428571361,0.11941964285713527,0.004829902269946277,64.52945688416617,2.7761207432622763,0.0075754741814315855,0.009960257736372958,0.003074321694597648,0.0021380383257953994,0.035451537106672065,0.6017139493281786,11.925616127482533,0.12588525566174302,1.1098944774960948,1.0,0.38,-0.0022052377084891273,-0.9659258262890683,-0.25881904510252063,1,2.0,0.7924255311216309,True
ETHUSDT,trend_ema__directionboth_fast12_rsi_threshold55.0_slow89,trend_ema,2026-02-24 17:15:00+00:00,2026-02-25 01:00:00+00:00,long,0.01554025072253202,0.01634025072253202,target,31,0.29058913768332334,1,True,False,False,0.008464134854814865,0.03147178525630787,0,0,0.008412434526872853,1859.2,1863.0,1854.04,1855.11,91042.877,2026-02-24 17:29:59.999000+00:00,169336333.90134,106221,41699.299,77561799.43825,-0.002207672825831663,0.003558674573181156,0.01917892352651217,1.1540765014617616,0.4564732142857287,0.4241071428571361,0.11941964285713527,0.004829902269946277,64.52945688416617,2.7761207432622763,0.0075754741814315855,0.009960257736372958,0.003074321694597648,0.0021380383257953994,0.035451537106672065,0.6017139493281786,11.925616127482533,0.12588525566174302,1.1098944774960948,1.0,0.38,-0.0022052377084891273,-0.9659258262890683,-0.25881904510252063,1,2.0,0.7934351021881715,True
ETHUSDT,trend_ema__directionlong_only_fast12_rsi_threshold55.0_slow89,trend_ema,2026-02-24 17:15:00+00:00,2026-02-25 01:00:00+00:00,long,0.01554025072253202,0.01634025072253202,target,31,0.29058913768332334,1,True,False,False,0.008464134854814865,0.03147178525630787,0,0,0.010704288284086236,1859.2,1863.0,1854.04,1855.11,91042.877,2026-02-24 17:29:59.999000+00:00,169336333.90134,106221,41699.299,77561799.43825,-0.002207672825831663,0.003558674573181156,0.01917892352651217,1.1540765014617616,0.4564732142857287,0.4241071428571361,0.11941964285713527,0.004829902269946277,64.52945688416617,2.7761207432622763,0.0075754741814315855,0.009960257736372958,0.003074321694597648,0.0021380383257953994,0.035451537106672065,0.6017139493281786,11.925616127482533,0.12588525566174302,1.1098944774960948,1.0,0.38,-0.0022052377084891273,-0.9659258262890683,-0.25881904510252063,1,2.0,0.7927523195793442,True
ETHUSDT,trend_ema__directionboth_fast12_rsi_threshold58.0_slow89,trend_ema,2026-02-24 17:15:00+00:00,2026-02-25 01:00:00+00:00,long,0.01554025072253202,0.01634025072253202,target,31,0.29058913768332334,1,True,False,False,0.008464134854814865,0.03147178525630787,0,0,0.003828727012446089,1859.2,1863.0,1854.04,1855.11,91042.877,2026-02-24 17:29:59.999000+00:00,169336333.90134,106221,41699.299,77561799.43825,-0.002207672825831663,0.003558674573181156,0.01917892352651217,1.1540765014617616,0.4564732142857287,0.4241071428571361,0.11941964285713527,0.004829902269946277,64.52945688416617,2.7761207432622763,0.0075754741814315855,0.009960257736372958,0.003074321694597648,0.0021380383257953994,0.035451537106672065,0.6017139493281786,11.925616127482533,0.12588525566174302,1.1098944774960948,1.0,0.38,-0.0022052377084891273,-0.9659258262890683,-0.25881904510252063,1,2.0,0.7894522652298303,True
ETHUSDT,trend_ema__directionlong_only_fast12_rsi_threshold58.0_slow89,trend_ema,2026-02-24 17:15:00+00:00,2026-02-25 01:00:00+00:00,long,0.01554025072253202,0.01634025072253202,target,31,0.29058913768332334,1,True,False,False,0.008464134854814865,0.03147178525630787,0,0,0.00612058076965947,1859.2,1863.0,1854.04,1855.11,91042.877,2026-02-24 17:29:59.999000+00:00,169336333.90134,106221,41699.299,77561799.43825,-0.002207672825831663,0.003558674573181156,0.01917892352651217,1.1540765014617616,0.4564732142857287,0.4241071428571361,0.11941964285713527,0.004829902269946277,64.52945688416617,2.7761207432622763,0.0075754741814315855,0.009960257736372958,0.003074321694597648,0.0021380383257953994,0.035451537106672065,0.6017139493281786,11.925616127482533,0.12588525566174302,1.1098944774960948,1.0,0.38,-0.0022052377084891273,-0.9659258262890683,-0.25881904510252063,1,2.0,0.7933469403764214,True
ETHUSDT,trend_ema__directionboth_fast12_rsi_threshold52.0_slow89,trend_ema,2026-02-24 17:15:00+00:00,2026-02-25 01:00:00+00:00,long,0.01554025072253202,0.01634025072253202,target,31,0.29058913768332334,1,True,False,False,0.008464134854814865,0.03147178525630787,0,0,0.012996142041299615,1859.2,1863.0,1854.04,1855.11,91042.877,2026-02-24 17:29:59.999000+00:00,169336333.90134,106221,41699.299,77561799.43825,-0.002207672825831663,0.003558674573181156,0.01917892352651217,1.1540765014617616,0.4564732142857287,0.4241071428571361,0.11941964285713527,0.004829902269946277,64.52945688416617,2.7761207432622763,0.0075754741814315855,0.009960257736372958,0.003074321694597648,0.0021380383257953994,0.035451537106672065,0.6017139493281786,11.925616127482533,0.12588525566174302,1.1098944774960948,1.0,0.38,-0.0022052377084891273,-0.9659258262890683,-0.25881904510252063,1,2.0,0.7912577846114631,True
ETHUSDT,trend_ema__directionboth_fast12_rsi_threshold58.0_slow89,trend_ema,2026-02-24 17:15:00+00:00,2026-02-25 01:00:00+00:00,long,0.01554025072253202,0.01634025072253202,target,31,0.29058913768332334,1,True,False,False,0.008464134854814865,0.03147178525630787,0,0,0.003828727012446089,1859.2,1863.0,1854.04,1855.11,91042.877,2026-02-24 17:29:59.999000+00:00,169336333.90134,106221,41699.299,77561799.43825,-0.002207672825831663,0.003558674573181156,0.01917892352651217,1.1540765014617616,0.4564732142857287,0.4241071428571361,0.11941964285713527,0.004829902269946277,64.52945688416617,2.7761207432622763,0.0075754741814315855,0.009960257736372958,0.003074321694597648,0.0021380383257953994,0.035451537106672065,0.6017139493281786,11.925616127482533,0.12588525566174302,1.1098944774960948,1.0,0.38,-0.0022052377084891273,-0.9659258262890683,-0.25881904510252063,1,2.0,0.7814887616811834,True
ETHUSDT,trend_ema__directionlong_only_fast12_rsi_threshold55.0_slow89,trend_ema,2026-02-24 17:15:00+00:00,2026-02-25 01:00:00+00:00,long,0.01554025072253202,0.01634025072253202,target,31,0.29058913768332334,1,True,False,False,0.008464134854814865,0.03147178525630787,0,0,0.010704288284086236,1859.2,1863.0,1854.04,1855.11,91042.877,2026-02-24 17:29:59.999000+00:00,169336333.90134,106221,41699.299,77561799.43825,-0.002207672825831663,0.003558674573181156,0.01917892352651217,1.1540765014617616,0.4564732142857287,0.4241071428571361,0.11941964285713527,0.004829902269946277,64.52945688416617,2.7761207432622763,0.0075754741814315855,0.009960257736372958,0.003074321694597648,0.0021380383257953994,0.035451537106672065,0.6017139493281786,11.925616127482533,0.12588525566174302,1.1098944774960948,1.0,0.38,-0.0022052377084891273,-0.9659258262890683,-0.25881904510252063,1,2.0,0.7898499427982556,True
ETHUSDT,trend_ema__directionlong_only_fast12_rsi_threshold58.0_slow89,trend_ema,2026-02-24 17:15:00+00:00,2026-02-25 01:00:00+00:00,long,0.01554025072253202,0.01634025072253202,target,31,0.29058913768332334,1,True,False,False,0.008464134854814865,0.03147178525630787,0,0,0.00612058076965947,1859.2,1863.0,1854.04,1855.11,91042.877,2026-02-24 17:29:59.999000+00:00,169336333.90134,106221,41699.299,77561799.43825,-0.002207672825831663,0.003558674573181156,0.01917892352651217,1.1540765014617616,0.4564732142857287,0.4241071428571361,0.11941964285713527,0.004829902269946277,64.52945688416617,2.7761207432622763,0.0075754741814315855,0.009960257736372958,0.003074321694597648,0.0021380383257953994,0.035451537106672065,0.6017139493281786,11.925616127482533,0.12588525566174302,1.1098944774960948,1.0,0.38,-0.0022052377084891273,-0.9659258262890683,-0.25881904510252063,1,2.0,0.7877179638506848,True
ETHUSDT,trend_ema__directionboth_fast12_rsi_threshold55.0_slow89,trend_ema,2026-02-24 17:15:00+00:00,2026-02-25 01:00:00+00:00,long,0.01554025072253202,0.01634025072253202,target,31,0.29058913768332334,1,True,False,False,0.008464134854814865,0.03147178525630787,0,0,0.008412434526872853,1859.2,1863.0,1854.04,1855.11,91042.877,2026-02-24 17:29:59.999000+00:00,169336333.90134,106221,41699.299,77561799.43825,-0.002207672825831663,0.003558674573181156,0.01917892352651217,1.1540765014617616,0.4564732142857287,0.4241071428571361,0.11941964285713527,0.004829902269946277,64.52945688416617,2.7761207432622763,0.0075754741814315855,0.009960257736372958,0.003074321694597648,0.0021380383257953994,0.035451537106672065,0.6017139493281786,11.925616127482533,0.12588525566174302,1.1098944774960948,1.0,0.38,-0.0022052377084891273,-0.9659258262890683,-0.25881904510252063,1,2.0,0.7891435866960127,True
BTCUSDT,trend_ema__directionboth_fast21_rsi_threshold55.0_slow89,trend_ema,2026-02-24 19:15:00+00:00,2026-02-24 21:15:00+00:00,long,-0.008612234350172924,-0.007812234350172923,stop,8,0.2209591378221012,0,False,True,False,0.008161618706405789,0.004239238469243044,0,0,0.008059981885003373,64284.3,64399.9,64214.3,64283.5,1687.119,2026-02-24 19:29:59.999000+00:00,108462975.4732,47955,877.23,56400053.3895,-1.244479566440333e-05,0.00030338979987274827,0.006140134057132304,0.10314124938974058,0.004310344827601922,0.622844827586204,0.37284482758619414,0.0028872105594748036,61.04795689110506,9.928191067487859,0.004396719494991114,0.008006862164558546,0.001734524588843378,0.0018938104640604525,0.019720599147969788,0.42021321392678296,324.1919768624322,-0.6694667639878055,0.5148666228381042,1.0,0.46,-0.0017330511172434226,-0.9659258262890684,0.2588190451025203,1,2.0,0.7785002504573216,True
BTCUSDT,trend_ema__directionboth_fast21_rsi_threshold55.0_slow89,trend_ema,2026-02-24 19:15:00+00:00,2026-02-24 21:15:00+00:00,long,-0.008612234350172924,-0.007812234350172923,stop,8,0.2209591378221012,0,False,True,False,0.008161618706405789,0.004239238469243044,0,0,0.008059981885003373,64284.3,64399.9,64214.3,64283.5,1687.119,2026-02-24 19:29:59.999000+00:00,108462975.4732,47955,877.23,56400053.3895,-1.244479566440333e-05,0.00030338979987274827,0.006140134057132304,0.10314124938974058,0.004310344827601922,0.622844827586204,0.37284482758619414,0.0028872105594748036,61.04795689110506,9.928191067487859,0.004396719494991114,0.008006862164558546,0.001734524588843378,0.0018938104640604525,0.019720599147969788,0.42021321392678296,324.1919768624322,-0.6694667639878055,0.5148666228381042,1.0,0.46,-0.0017330511172434226,-0.9659258262890684,0.2588190451025203,1,2.0,0.7762984768241425,True
XRPUSDT,trend_ema__directionboth_fast12_rsi_threshold52.0_slow89,trend_ema,2026-02-25 01:00:00+00:00,2026-02-25 01:00:00+00:00,short,-0.007676732331323902,-0.0068767323313239015,stop,0,0.46300845209207636,0,False,True,False,0.028080534124087654,0.0006670935280815327,0,2,0.01433519663335738,1.3464,1.384,1.3453,1.383,39105398.5,2026-02-25 01:14:59.999000+00:00,53519865.30864,67410,23976391.5,32816998.40852,0.026820688788161885,0.027266420910540445,0.019494648696089117,4.178412408690601,0.9457364341085273,0.02583979328165093,0.02842377260982176,0.027982646420824264,73.15042260460382,0.0014379189881604645,0.021863537183335623,0.024055728674881108,0.0019368512940081128,0.0006261537885827728,0.025564790516665544,1.7473567291657757,0.008495084124686955,4.919290650875739,6.543027576134844,1.0,1.0,0.0,0.25881904510252074,0.9659258262890683,2,0.0,0.9180049956105164,True
XRPUSDT,trend_ema__directionshort_only_fast12_rsi_threshold52.0_slow89,trend_ema,2026-02-25 01:00:00+00:00,2026-02-25 01:00:00+00:00,short,-0.007676732331323902,-0.0068767323313239015,stop,0,0.46300845209207636,0,False,True,False,0.028080534124087654,0.0006670935280815327,0,3,0.01160399527325987,1.3464,1.384,1.3453,1.383,39105398.5,2026-02-25 01:14:59.999000+00:00,53519865.30864,67410,23976391.5,32816998.40852,0.026820688788161885,0.027266420910540445,0.019494648696089117,4.178412408690601,0.9457364341085273,0.02583979328165093,0.02842377260982176,0.027982646420824264,73.15042260460382,0.0014379189881604645,0.021863537183335623,0.024055728674881108,0.0019368512940081128,0.0006261537885827728,0.025564790516665544,1.7473567291657757,0.008495084124686955,4.919290650875739,6.543027576134844,1.0,1.0,0.0,0.25881904510252074,0.9659258262890683,2,0.0,0.9092338557647621,True
XRPUSDT,trend_ema__directionshort_only_fast12_rsi_threshold52.0_slow89,trend_ema,2026-02-25 01:00:00+00:00,2026-02-25 01:00:00+00:00,short,-0.007676732331323902,-0.0068767323313239015,stop,0,0.46300845209207636,0,False,True,False,0.028080534124087654,0.0006670935280815327,0,3,0.01160399527325987,1.3464,1.384,1.3453,1.383,39105398.5,2026-02-25 01:14:59.999000+00:00,53519865.30864,67410,23976391.5,32816998.40852,0.026820688788161885,0.027266420910540445,0.019494648696089117,4.178412408690601,0.9457364341085273,0.02583979328165093,0.02842377260982176,0.027982646420824264,73.15042260460382,0.0014379189881604645,0.021863537183335623,0.024055728674881108,0.0019368512940081128,0.0006261537885827728,0.025564790516665544,1.7473567291657757,0.008495084124686955,4.919290650875739,6.543027576134844,1.0,1.0,0.0,0.25881904510252074,0.9659258262890683,2,0.0,0.9095378457910855,True
XRPUSDT,trend_ema__directionboth_fast12_rsi_threshold52.0_slow89,trend_ema,2026-02-25 01:00:00+00:00,2026-02-25 01:00:00+00:00,short,-0.007676732331323902,-0.0068767323313239015,stop,0,0.46300845209207636,0,False,True,False,0.028080534124087654,0.0006670935280815327,0,2,0.01433519663335738,1.3464,1.384,1.3453,1.383,39105398.5,2026-02-25 01:14:59.999000+00:00,53519865.30864,67410,23976391.5,32816998.40852,0.026820688788161885,0.027266420910540445,0.019494648696089117,4.178412408690601,0.9457364341085273,0.02583979328165093,0.02842377260982176,0.027982646420824264,73.15042260460382,0.0014379189881604645,0.021863537183335623,0.024055728674881108,0.0019368512940081128,0.0006261537885827728,0.025564790516665544,1.7473567291657757,0.008495084124686955,4.919290650875739,6.543027576134844,1.0,1.0,0.0,0.25881904510252074,0.9659258262890683,2,0.0,0.9124477703194276,True
ZECUSDT,trend_ema__directionshort_only_fast9_rsi_threshold55.0_slow89,trend_ema,2026-02-25 04:30:00+00:00,2026-02-25 10:00:00+00:00,short,-0.01545361763088382,-0.01465361763088382,stop,22,0.22968716728684527,0,False,True,False,0.015070128437468803,0.016362679007952404,0,0,0.022257850899204838,238.64,240.2,238.49,239.42,21061.407,2026-02-25 04:44:59.999000+00:00,5040684.25998,17567,13319.825,3188999.29289,0.0032631916167307384,-0.003294208929428414,-0.014348162384041336,-0.5188146737925186,0.4561403508771991,0.4561403508771991,0.08771929824560179,0.007142260462784979,38.51564163565774,-0.9079375514988252,-0.01276328770468098,-0.012066628826366013,-0.005675524933469456,-0.003010165024956102,0.058341138017459875,-0.563394008268366,2.2865900960469654,0.27990195423823044,1.220131595745391,1.0,0.92,-0.03661677128601326,0.8660254037844386,0.5000000000000001,2,0.0,0.8724483216044535,True
ZECUSDT,trend_ema__directionshort_only_fast9_rsi_threshold55.0_slow89,trend_ema,2026-02-25 04:30:00+00:00,2026-02-25 10:00:00+00:00,short,-0.01545361763088382,-0.01465361763088382,stop,22,0.22968716728684527,0,False,True,False,0.015070128437468803,0.016362679007952404,0,0,0.022257850899204838,238.64,240.2,238.49,239.42,21061.407,2026-02-25 04:44:59.999000+00:00,5040684.25998,17567,13319.825,3188999.29289,0.0032631916167307384,-0.003294208929428414,-0.014348162384041336,-0.5188146737925186,0.4561403508771991,0.4561403508771991,0.08771929824560179,0.007142260462784979,38.51564163565774,-0.9079375514988252,-0.01276328770468098,-0.012066628826366013,-0.005675524933469456,-0.003010165024956102,0.058341138017459875,-0.563394008268366,2.2865900960469654,0.27990195423823044,1.220131595745391,1.0,0.92,-0.03661677128601326,0.8660254037844386,0.5000000000000001,2,0.0,0.8596951292881131,True
HYPEUSDT,trend_ema__directionlong_only_fast12_rsi_threshold58.0_slow55,trend_ema,2026-02-25 12:30:00+00:00,2026-02-25 13:45:00+00:00,long,0.015232999663905159,0.01603299966390516,target,5,0.30902092789632946,1,True,False,False,0.0031948335616104385,0.017348773578294497,0,0,0.015887893232427383,27.255,27.416,27.172,27.358,110956.96,2026-02-25 12:44:59.999000+00:00,3030979.64928,16148,60190.27,1644878.44993,0.0037720001510083583,0.008995673006112814,0.014617613322906673,2.7124801359559716,0.4221311475409903,0.2377049180327864,0.3401639344262233,0.008918780612617873,65.45104639481647,0.0594095483080919,0.011684593787750601,0.011788053548800092,0.0025746961459029993,0.0013361473862298912,0.02302762916812416,1.245239994883829,0.17975955387879794,1.242063796070364,1.7130096291810972,1.0,0.35,0.0,1.2246467991473532e-16,-1.0,2,1.0,0.873527825452532,True
HYPEUSDT,trend_ema__directionboth_fast12_rsi_threshold52.0_slow89,trend_ema,2026-02-25 12:30:00+00:00,2026-02-25 13:45:00+00:00,long,0.015232999663905159,0.01603299966390516,target,5,0.30902092789632946,1,True,False,False,0.0031948335616104385,0.017348773578294497,0,0,0.016364031128037963,27.255,27.416,27.172,27.358,110956.96,2026-02-25 12:44:59.999000+00:00,3030979.64928,16148,60190.27,1644878.44993,0.0037720001510083583,0.008995673006112814,0.014617613322906673,2.7124801359559716,0.4221311475409903,0.2377049180327864,0.3401639344262233,0.008918780612617873,65.45104639481647,0.0594095483080919,0.011684593787750601,0.011788053548800092,0.0025746961459029993,0.0013361473862298912,0.02302762916812416,1.245239994883829,0.17975955387879794,1.242063796070364,1.7130096291810972,1.0,0.35,0.0,1.2246467991473532e-16,-1.0,2,1.0,0.873527825452532,True
HYPEUSDT,trend_ema__directionboth_fast12_rsi_threshold55.0_slow89,trend_ema,2026-02-25 12:30:00+00:00,2026-02-25 13:45:00+00:00,long,0.015232999663905159,0.01603299966390516,target,5,0.30902092789632946,1,True,False,False,0.0031948335616104385,0.017348773578294497,0,0,0.016840169023648547,27.255,27.416,27.172,27.358,110956.96,2026-02-25 12:44:59.999000+00:00,3030979.64928,16148,60190.27,1644878.44993,0.0037720001510083583,0.008995673006112814,0.014617613322906673,2.7124801359559716,0.4221311475409903,0.2377049180327864,0.3401639344262233,0.008918780612617873,65.45104639481647,0.0594095483080919,0.011684593787750601,0.011788053548800092,0.0025746961459029993,0.0013361473862298912,0.02302762916812416,1.245239994883829,0.17975955387879794,1.242063796070364,1.7130096291810972,1.0,0.35,0.0,1.2246467991473532e-16,-1.0,2,1.0,0.873527825452532,True
HYPEUSDT,trend_ema__directionlong_only_fast9_rsi_threshold58.0_slow55,trend_ema,2026-02-25 12:30:00+00:00,2026-02-25 13:45:00+00:00,long,0.015232999663905159,0.01603299966390516,target,5,0.30902092789632946,1,True,False,False,0.0031948335616104385,0.017348773578294497,0,0,0.017792444814869707,27.255,27.416,27.172,27.358,110956.96,2026-02-25 12:44:59.999000+00:00,3030979.64928,16148,60190.27,1644878.44993,0.0037720001510083583,0.008995673006112814,0.014617613322906673,2.7124801359559716,0.4221311475409903,0.2377049180327864,0.3401639344262233,0.008918780612617873,65.45104639481647,0.0594095483080919,0.011684593787750601,0.011788053548800092,0.0025746961459029993,0.0013361473862298912,0.02302762916812416,1.245239994883829,0.17975955387879794,1.242063796070364,1.7130096291810972,1.0,0.35,0.0,1.2246467991473532e-16,-1.0,2,1.0,0.873527825452532,True
HYPEUSDT,trend_ema__directionlong_only_fast12_rsi_threshold58.0_slow89,trend_ema,2026-02-25 12:30:00+00:00,2026-02-25 13:45:00+00:00,long,0.015232999663905159,0.01603299966390516,target,5,0.30902092789632946,1,True,False,False,0.0031948335616104385,0.017348773578294497,0,0,0.012498173372495012,27.255,27.416,27.172,27.358,110956.96,2026-02-25 12:44:59.999000+00:00,3030979.64928,16148,60190.27,1644878.44993,0.0037720001510083583,0.008995673006112814,0.014617613322906673,2.7124801359559716,0.4221311475409903,0.2377049180327864,0.3401639344262233,0.008918780612617873,65.45104639481647,0.0594095483080919,0.011684593787750601,0.011788053548800092,0.0025746961459029993,0.0013361473862298912,0.02302762916812416,1.245239994883829,0.17975955387879794,1.242063796070364,1.7130096291810972,1.0,0.35,0.0,1.2246467991473532e-16,-1.0,2,1.0,0.872644820827494,True
HYPEUSDT,trend_ema__directionboth_fast12_rsi_threshold58.0_slow89,trend_ema,2026-02-25 12:30:00+00:00,2026-02-25 13:45:00+00:00,long,0.015232999663905159,0.01603299966390516,target,5,0.30902092789632946,1,True,False,False,0.0031948335616104385,0.017348773578294497,0,0,0.015165151277761182,27.255,27.416,27.172,27.358,110956.96,2026-02-25 12:44:59.999000+00:00,3030979.64928,16148,60190.27,1644878.44993,0.0037720001510083583,0.008995673006112814,0.014617613322906673,2.7124801359559716,0.4221311475409903,0.2377049180327864,0.3401639344262233,0.008918780612617873,65.45104639481647,0.0594095483080919,0.011684593787750601,0.011788053548800092,0.0025746961459029993,0.0013361473862298912,0.02302762916812416,1.245239994883829,0.17975955387879794,1.242063796070364,1.7130096291810972,1.0,0.35,0.0,1.2246467991473532e-16,-1.0,2,1.0,0.8729401417586868,True
HYPEUSDT,trend_ema__directionboth_fast21_rsi_threshold55.0_slow89,trend_ema,2026-02-25 12:30:00+00:00,2026-02-25 13:45:00+00:00,long,0.015232999663905159,0.01603299966390516,target,5,0.30902092789632946,1,True,False,False,0.0031948335616104385,0.017348773578294497,0,0,0.015411755336816805,27.255,27.416,27.172,27.358,110956.96,2026-02-25 12:44:59.999000+00:00,3030979.64928,16148,60190.27,1644878.44993,0.0037720001510083583,0.008995673006112814,0.014617613322906673,2.7124801359559716,0.4221311475409903,0.2377049180327864,0.3401639344262233,0.008918780612617873,65.45104639481647,0.0594095483080919,0.011684593787750601,0.011788053548800092,0.0025746961459029993,0.0013361473862298912,0.02302762916812416,1.245239994883829,0.17975955387879794,1.242063796070364,1.7130096291810972,1.0,0.35,0.0,1.2246467991473532e-16,-1.0,2,1.0,0.873527825452532,True
HYPEUSDT,trend_ema__directionboth_fast21_rsi_threshold55.0_slow89,trend_ema,2026-02-25 12:30:00+00:00,2026-02-25 13:45:00+00:00,long,0.015232999663905159,0.01603299966390516,target,5,0.30902092789632946,1,True,False,False,0.0031948335616104385,0.017348773578294497,0,0,0.015411755336816805,27.255,27.416,27.172,27.358,110956.96,2026-02-25 12:44:59.999000+00:00,3030979.64928,16148,60190.27,1644878.44993,0.0037720001510083583,0.008995673006112814,0.014617613322906673,2.7124801359559716,0.4221311475409903,0.2377049180327864,0.3401639344262233,0.008918780612617873,65.45104639481647,0.0594095483080919,0.011684593787750601,0.011788053548800092,0.0025746961459029993,0.0013361473862298912,0.02302762916812416,1.245239994883829,0.17975955387879794,1.242063796070364,1.7130096291810972,1.0,0.35,0.0,1.2246467991473532e-16,-1.0,2,1.0,0.8624597337201063,True
HYPEUSDT,trend_ema__directionlong_only_fast12_rsi_threshold58.0_slow55,trend_ema,2026-02-25 12:30:00+00:00,2026-02-25 13:45:00+00:00,long,0.015232999663905159,0.01603299966390516,target,5,0.30902092789632946,1,True,False,False,0.0031948335616104385,0.017348773578294497,0,0,0.015887893232427383,27.255,27.416,27.172,27.358,110956.96,2026-02-25 12:44:59.999000+00:00,3030979.64928,16148,60190.27,1644878.44993,0.0037720001510083583,0.008995673006112814,0.014617613322906673,2.7124801359559716,0.4221311475409903,0.2377049180327864,0.3401639344262233,0.008918780612617873,65.45104639481647,0.0594095483080919,0.011684593787750601,0.011788053548800092,0.0025746961459029993,0.0013361473862298912,0.02302762916812416,1.245239994883829,0.17975955387879794,1.242063796070364,1.7130096291810972,1.0,0.35,0.0,1.2246467991473532e-16,-1.0,2,1.0,0.8626073558549218,True
HYPEUSDT,trend_ema__directionboth_fast12_rsi_threshold52.0_slow89,trend_ema,2026-02-25 12:30:00+00:00,2026-02-25 13:45:00+00:00,long,0.015232999663905159,0.01603299966390516,target,5,0.30902092789632946,1,True,False,False,0.0031948335616104385,0.017348773578294497,0,0,0.016364031128037963,27.255,27.416,27.172,27.358,110956.96,2026-02-25 12:44:59.999000+00:00,3030979.64928,16148,60190.27,1644878.44993,0.0037720001510083583,0.008995673006112814,0.014617613322906673,2.7124801359559716,0.4221311475409903,0.2377049180327864,0.3401639344262233,0.008918780612617873,65.45104639481647,0.0594095483080919,0.011684593787750601,0.011788053548800092,0.0025746961459029993,0.0013361473862298912,0.02302762916812416,1.245239994883829,0.17975955387879794,1.242063796070364,1.7130096291810972,1.0,0.35,0.0,1.2246467991473532e-16,-1.0,2,1.0,0.8626073558549218,True
HYPEUSDT,trend_ema__directionboth_fast12_rsi_threshold55.0_slow89,trend_ema,2026-02-25 12:30:00+00:00,2026-02-25 13:45:00+00:00,long,0.015232999663905159,0.01603299966390516,target,5,0.30902092789632946,1,True,False,False,0.0031948335616104385,0.017348773578294497,0,0,0.016840169023648547,27.255,27.416,27.172,27.358,110956.96,2026-02-25 12:44:59.999000+00:00,3030979.64928,16148,60190.27,1644878.44993,0.0037720001510083583,0.008995673006112814,0.014617613322906673,2.7124801359559716,0.4221311475409903,0.2377049180327864,0.3401639344262233,0.008918780612617873,65.45104639481647,0.0594095483080919,0.011684593787750601,0.011788053548800092,0.0025746961459029993,0.0013361473862298912,0.02302762916812416,1.245239994883829,0.17975955387879794,1.242063796070364,1.7130096291810972,1.0,0.35,0.0,1.2246467991473532e-16,-1.0,2,1.0,0.8626073558549218,True
HYPEUSDT,trend_ema__directionboth_fast12_rsi_threshold58.0_slow89,trend_ema,2026-02-25 12:30:00+00:00,2026-02-25 13:45:00+00:00,long,0.015232999663905159,0.01603299966390516,target,5,0.30902092789632946,1,True,False,False,0.0031948335616104385,0.017348773578294497,0,0,0.015165151277761182,27.255,27.416,27.172,27.358,110956.96,2026-02-25 12:44:59.999000+00:00,3030979.64928,16148,60190.27,1644878.44993,0.0037720001510083583,0.008995673006112814,0.014617613322906673,2.7124801359559716,0.4221311475409903,0.2377049180327864,0.3401639344262233,0.008918780612617873,65.45104639481647,0.0594095483080919,0.011684593787750601,0.011788053548800092,0.0025746961459029993,0.0013361473862298912,0.02302762916812416,1.245239994883829,0.17975955387879794,1.242063796070364,1.7130096291810972,1.0,0.35,0.0,1.2246467991473532e-16,-1.0,2,1.0,0.8616761143587932,True
HYPEUSDT,trend_ema__directionlong_only_fast9_rsi_threshold58.0_slow55,trend_ema,2026-02-25 12:30:00+00:00,2026-02-25 13:45:00+00:00,long,0.015232999663905159,0.01603299966390516,target,5,0.30902092789632946,1,True,False,False,0.0031948335616104385,0.017348773578294497,0,0,0.017792444814869707,27.255,27.416,27.172,27.358,110956.96,2026-02-25 12:44:59.999000+00:00,3030979.64928,16148,60190.27,1644878.44993,0.0037720001510083583,0.008995673006112814,0.014617613322906673,2.7124801359559716,0.4221311475409903,0.2377049180327864,0.3401639344262233,0.008918780612617873,65.45104639481647,0.0594095483080919,0.011684593787750601,0.011788053548800092,0.0025746961459029993,0.0013361473862298912,0.02302762916812416,1.245239994883829,0.17975955387879794,1.242063796070364,1.7130096291810972,1.0,0.35,0.0,1.2246467991473532e-16,-1.0,2,1.0,0.8632861101064948,True
HYPEUSDT,trend_ema__directionlong_only_fast12_rsi_threshold58.0_slow89,trend_ema,2026-02-25 12:30:00+00:00,2026-02-25 13:45:00+00:00,long,0.015232999663905159,0.01603299966390516,target,5,0.30902092789632946,1,True,False,False,0.0031948335616104385,0.017348773578294497,0,0,0.012498173372495012,27.255,27.416,27.172,27.358,110956.96,2026-02-25 12:44:59.999000+00:00,3030979.64928,16148,60190.27,1644878.44993,0.0037720001510083583,0.008995673006112814,0.014617613322906673,2.7124801359559716,0.4221311475409903,0.2377049180327864,0.3401639344262233,0.008918780612617873,65.45104639481647,0.0594095483080919,0.011684593787750601,0.011788053548800092,0.0025746961459029993,0.0013361473862298912,0.02302762916812416,1.245239994883829,0.17975955387879794,1.242063796070364,1.7130096291810972,1.0,0.35,0.0,1.2246467991473532e-16,-1.0,2,1.0,0.8604219017659226,True
HYPEUSDT,trend_ema__directionlong_only_fast12_rsi_threshold55.0_slow89,trend_ema,2026-02-25 12:30:00+00:00,2026-02-25 13:45:00+00:00,long,0.015232999663905159,0.01603299966390516,target,5,0.30902092789632946,1,True,False,False,0.0031948335616104385,0.017348773578294497,0,0,0.017316306919259127,27.255,27.416,27.172,27.358,110956.96,2026-02-25 12:44:59.999000+00:00,3030979.64928,16148,60190.27,1644878.44993,0.0037720001510083583,0.008995673006112814,0.014617613322906673,2.7124801359559716,0.4221311475409903,0.2377049180327864,0.3401639344262233,0.008918780612617873,65.45104639481647,0.0594095483080919,0.011684593787750601,0.011788053548800092,0.0025746961459029993,0.0013361473862298912,0.02302762916812416,1.245239994883829,0.17975955387879794,1.242063796070364,1.7130096291810972,1.0,0.35,0.0,1.2246467991473532e-16,-1.0,2,1.0,0.8632861101064948,True
HYPEUSDT,trend_ema__directionlong_only_fast12_rsi_threshold55.0_slow89,trend_ema,2026-02-25 12:30:00+00:00,2026-02-25 13:45:00+00:00,long,0.015232999663905159,0.01603299966390516,target,5,0.30902092789632946,1,True,False,False,0.0031948335616104385,0.017348773578294497,0,0,0.017316306919259127,27.255,27.416,27.172,27.358,110956.96,2026-02-25 12:44:59.999000+00:00,3030979.64928,16148,60190.27,1644878.44993,0.0037720001510083583,0.008995673006112814,0.014617613322906673,2.7124801359559716,0.4221311475409903,0.2377049180327864,0.3401639344262233,0.008918780612617873,65.45104639481647,0.0594095483080919,0.011684593787750601,0.011788053548800092,0.0025746961459029993,0.0013361473862298912,0.02302762916812416,1.245239994883829,0.17975955387879794,1.242063796070364,1.7130096291810972,1.0,0.35,0.0,1.2246467991473532e-16,-1.0,2,1.0,0.873527825452532,True
HYPEUSDT,trend_ema__directionlong_only_fast21_rsi_threshold58.0_slow34,trend_ema,2026-02-25 12:45:00+00:00,2026-02-25 14:00:00+00:00,long,0.01562413498699639,0.01642413498699639,target,5,0.4333122430111371,1,True,False,False,0.0014291189167593811,0.0193295188775999,0,0,0.01490314461621339,27.358,27.646,27.35,27.589,171250.21,2026-02-25 12:59:59.999000+00:00,4709187.32196,20322,86332.81,2375586.27148,0.008408151888765316,0.01511970954874483,0.021321050894303764,4.068852522232077,0.7804054054054006,0.19256756756757526,0.027027027027024107,0.010728913697488107,71.66561215055685,0.07706024279582879,0.01805874187272766,0.019275500451952976,0.004167890342408054,0.001974796378039656,0.03061336498155742,1.4114631489777625,0.1880624428874552,2.566700618008105,2.5756899466505203,1.0,0.47,0.0,1.2246467991473532e-16,-1.0,2,1.0,0.9456132139516853,True
HYPEUSDT,trend_ema__directionlong_only_fast21_rsi_threshold58.0_slow34,trend_ema,2026-02-25 12:45:00+00:00,2026-02-25 14:00:00+00:00,long,0.01562413498699639,0.01642413498699639,target,5,0.4333122430111371,1,True,False,False,0.0014291189167593811,0.0193295188775999,0,0,0.01490314461621339,27.358,27.646,27.35,27.589,171250.21,2026-02-25 12:59:59.999000+00:00,4709187.32196,20322,86332.81,2375586.27148,0.008408151888765316,0.01511970954874483,0.021321050894303764,4.068852522232077,0.7804054054054006,0.19256756756757526,0.027027027027024107,0.010728913697488107,71.66561215055685,0.07706024279582879,0.01805874187272766,0.019275500451952976,0.004167890342408054,0.001974796378039656,0.03061336498155742,1.4114631489777625,0.1880624428874552,2.566700618008105,2.5756899466505203,1.0,0.47,0.0,1.2246467991473532e-16,-1.0,2,1.0,0.9438252774212337,True
ZECUSDT,trend_ema__directionlong_only_fast21_rsi_threshold58.0_slow34,trend_ema,2026-02-25 13:30:00+00:00,2026-02-25 14:45:00+00:00,long,0.019027490915552055,0.019827490915552054,target,5,0.3897529872667997,1,True,False,False,0.010292435192312778,0.022425170255875232,0,0,0.015011965602616093,244.48,245.75,243.77,244.85,26928.671,2026-02-25 13:44:59.999000+00:00,6595722.97648,33166,11910.703,2917759.37968,0.0015122721701707111,0.01709443335930004,0.019506979764684056,3.404284119237114,0.18686868686869013,0.45454545454545975,0.3585858585858501,0.008086583622626056,69.48764936333998,0.6946901101090242,0.018262602701704333,0.019618649048126706,0.004653496357827525,0.0023880679048677855,0.03357288791153668,1.1766381052169508,1.9421707773186694,1.8744084125042575,1.994617181259183,1.0,0.6,0.0,-0.2588190451025208,-0.9659258262890683,2,1.0,0.8220804691962909,True
ZECUSDT,trend_ema__directionboth_fast12_rsi_threshold52.0_slow89,trend_ema,2026-02-25 13:30:00+00:00,2026-02-25 14:45:00+00:00,long,0.019027490915552055,0.019827490915552054,target,5,0.3897529872667997,1,True,False,False,0.010292435192312778,0.022425170255875232,0,0,0.015027807155275427,244.48,245.75,243.77,244.85,26928.671,2026-02-25 13:44:59.999000+00:00,6595722.97648,33166,11910.703,2917759.37968,0.0015122721701707111,0.01709443335930004,0.019506979764684056,3.404284119237114,0.18686868686869013,0.45454545454545975,0.3585858585858501,0.008086583622626056,69.48764936333998,0.6946901101090242,0.018262602701704333,0.019618649048126706,0.004653496357827525,0.0023880679048677855,0.03357288791153668,1.1766381052169508,1.9421707773186694,1.8744084125042575,1.994617181259183,1.0,0.6,0.0,-0.2588190451025208,-0.9659258262890683,2,1.0,0.8220804691962909,True
ZECUSDT,trend_ema__directionboth_fast12_rsi_threshold55.0_slow89,trend_ema,2026-02-25 13:30:00+00:00,2026-02-25 14:45:00+00:00,long,0.019027490915552055,0.019827490915552054,target,5,0.3897529872667997,1,True,False,False,0.010292435192312778,0.022425170255875232,0,0,0.01501988637894576,244.48,245.75,243.77,244.85,26928.671,2026-02-25 13:44:59.999000+00:00,6595722.97648,33166,11910.703,2917759.37968,0.0015122721701707111,0.01709443335930004,0.019506979764684056,3.404284119237114,0.18686868686869013,0.45454545454545975,0.3585858585858501,0.008086583622626056,69.48764936333998,0.6946901101090242,0.018262602701704333,0.019618649048126706,0.004653496357827525,0.0023880679048677855,0.03357288791153668,1.1766381052169508,1.9421707773186694,1.8744084125042575,1.994617181259183,1.0,0.6,0.0,-0.2588190451025208,-0.9659258262890683,2,1.0,0.8220804691962909,True
ZECUSDT,trend_ema__directionlong_only_fast12_rsi_threshold58.0_slow89,trend_ema,2026-02-25 13:30:00+00:00,2026-02-25 14:45:00+00:00,long,0.019027490915552055,0.019827490915552054,target,5,0.3897529872667997,1,True,False,False,0.010292435192312778,0.022425170255875232,0,0,0.015004044826286426,244.48,245.75,243.77,244.85,26928.671,2026-02-25 13:44:59.999000+00:00,6595722.97648,33166,11910.703,2917759.37968,0.0015122721701707111,0.01709443335930004,0.019506979764684056,3.404284119237114,0.18686868686869013,0.45454545454545975,0.3585858585858501,0.008086583622626056,69.48764936333998,0.6946901101090242,0.018262602701704333,0.019618649048126706,0.004653496357827525,0.0023880679048677855,0.03357288791153668,1.1766381052169508,1.9421707773186694,1.8744084125042575,1.994617181259183,1.0,0.6,0.0,-0.2588190451025208,-0.9659258262890683,2,1.0,0.8220804691962909,True
ZECUSDT,trend_ema__directionlong_only_fast12_rsi_threshold55.0_slow89,trend_ema,2026-02-25 13:30:00+00:00,2026-02-25 14:45:00+00:00,long,0.019027490915552055,0.019827490915552054,target,5,0.3897529872667997,1,True,False,False,0.010292435192312778,0.022425170255875232,0,1,0.015035727931605094,244.48,245.75,243.77,244.85,26928.671,2026-02-25 13:44:59.999000+00:00,6595722.97648,33166,11910.703,2917759.37968,0.0015122721701707111,0.01709443335930004,0.019506979764684056,3.404284119237114,0.18686868686869013,0.45454545454545975,0.3585858585858501,0.008086583622626056,69.48764936333998,0.6946901101090242,0.018262602701704333,0.019618649048126706,0.004653496357827525,0.0023880679048677855,0.03357288791153668,1.1766381052169508,1.9421707773186694,1.8744084125042575,1.994617181259183,1.0,0.6,0.0,-0.2588190451025208,-0.9659258262890683,2,1.0,0.7024676906338847,True
ZECUSDT,trend_ema__directionlong_only_fast12_rsi_threshold58.0_slow89,trend_ema,2026-02-25 13:30:00+00:00,2026-02-25 14:45:00+00:00,long,0.019027490915552055,0.019827490915552054,target,5,0.3897529872667997,1,True,False,False,0.010292435192312778,0.022425170255875232,0,0,0.015004044826286426,244.48,245.75,243.77,244.85,26928.671,2026-02-25 13:44:59.999000+00:00,6595722.97648,33166,11910.703,2917759.37968,0.0015122721701707111,0.01709443335930004,0.019506979764684056,3.404284119237114,0.18686868686869013,0.45454545454545975,0.3585858585858501,0.008086583622626056,69.48764936333998,0.6946901101090242,0.018262602701704333,0.019618649048126706,0.004653496357827525,0.0023880679048677855,0.03357288791153668,1.1766381052169508,1.9421707773186694,1.8744084125042575,1.994617181259183,1.0,0.6,0.0,-0.2588190451025208,-0.9659258262890683,2,1.0,0.8124690872651426,True
ZECUSDT,trend_ema__directionboth_fast12_rsi_threshold55.0_slow89,trend_ema,2026-02-25 13:30:00+00:00,2026-02-25 14:45:00+00:00,long,0.019027490915552055,0.019827490915552054,target,5,0.3897529872667997,1,True,False,False,0.010292435192312778,0.022425170255875232,0,0,0.01501988637894576,244.48,245.75,243.77,244.85,26928.671,2026-02-25 13:44:59.999000+00:00,6595722.97648,33166,11910.703,2917759.37968,0.0015122721701707111,0.01709443335930004,0.019506979764684056,3.404284119237114,0.18686868686869013,0.45454545454545975,0.3585858585858501,0.008086583622626056,69.48764936333998,0.6946901101090242,0.018262602701704333,0.019618649048126706,0.004653496357827525,0.0023880679048677855,0.03357288791153668,1.1766381052169508,1.9421707773186694,1.8744084125042575,1.994617181259183,1.0,0.6,0.0,-0.2588190451025208,-0.9659258262890683,2,1.0,0.8124690872651426,True
ZECUSDT,trend_ema__directionboth_fast12_rsi_threshold52.0_slow89,trend_ema,2026-02-25 13:30:00+00:00,2026-02-25 14:45:00+00:00,long,0.019027490915552055,0.019827490915552054,target,5,0.3897529872667997,1,True,False,False,0.010292435192312778,0.022425170255875232,0,0,0.015027807155275427,244.48,245.75,243.77,244.85,26928.671,2026-02-25 13:44:59.999000+00:00,6595722.97648,33166,11910.703,2917759.37968,0.0015122721701707111,0.01709443335930004,0.019506979764684056,3.404284119237114,0.18686868686869013,0.45454545454545975,0.3585858585858501,0.008086583622626056,69.48764936333998,0.6946901101090242,0.018262602701704333,0.019618649048126706,0.004653496357827525,0.0023880679048677855,0.03357288791153668,1.1766381052169508,1.9421707773186694,1.8744084125042575,1.994617181259183,1.0,0.6,0.0,-0.2588190451025208,-0.9659258262890683,2,1.0,0.8124690872651426,True
ZECUSDT,trend_ema__directionlong_only_fast21_rsi_threshold58.0_slow34,trend_ema,2026-02-25 13:30:00+00:00,2026-02-25 14:45:00+00:00,long,0.019027490915552055,0.019827490915552054,target,5,0.3897529872667997,1,True,False,False,0.010292435192312778,0.022425170255875232,0,0,0.015011965602616093,244.48,245.75,243.77,244.85,26928.671,2026-02-25 13:44:59.999000+00:00,6595722.97648,33166,11910.703,2917759.37968,0.0015122721701707111,0.01709443335930004,0.019506979764684056,3.404284119237114,0.18686868686869013,0.45454545454545975,0.3585858585858501,0.008086583622626056,69.48764936333998,0.6946901101090242,0.018262602701704333,0.019618649048126706,0.004653496357827525,0.0023880679048677855,0.03357288791153668,1.1766381052169508,1.9421707773186694,1.8744084125042575,1.994617181259183,1.0,0.6,0.0,-0.2588190451025208,-0.9659258262890683,2,1.0,0.8124690872651426,True
ZECUSDT,trend_ema__directionboth_fast12_rsi_threshold58.0_slow89,trend_ema,2026-02-25 13:30:00+00:00,2026-02-25 14:45:00+00:00,long,0.019027490915552055,0.019827490915552054,target,5,0.3897529872667997,1,True,False,False,0.010292435192312778,0.022425170255875232,0,1,0.015074826361105737,244.48,245.75,243.77,244.85,26928.671,2026-02-25 13:44:59.999000+00:00,6595722.97648,33166,11910.703,2917759.37968,0.0015122721701707111,0.01709443335930004,0.019506979764684056,3.404284119237114,0.18686868686869013,0.45454545454545975,0.3585858585858501,0.008086583622626056,69.48764936333998,0.6946901101090242,0.018262602701704333,0.019618649048126706,0.004653496357827525,0.0023880679048677855,0.03357288791153668,1.1766381052169508,1.9421707773186694,1.8744084125042575,1.994617181259183,1.0,0.6,0.0,-0.2588190451025208,-0.9659258262890683,2,1.0,0.7024676906338847,True
HYPEUSDT,trend_ema__directionlong_only_fast21_rsi_threshold58.0_slow34,trend_ema,2026-02-26 07:15:00+00:00,2026-02-26 07:45:00+00:00,long,-0.011955545302784984,-0.011155545302784984,stop,2,0.15675327047124327,0,False,True,False,0.011840229162072584,0.001956374146841237,0,0,0.015107185672368397,28.481,28.541,28.366,28.445,46393.81,2026-02-26 07:29:59.999000+00:00,1319344.19591,9302,21114.6,600379.41966,-0.0012648000842904832,0.005959009893903061,0.018414243682607728,1.3677598759726552,0.20571428571429268,0.34285714285713415,0.4514285714285732,0.006152223589383045,57.83766352356216,0.03945986476608704,0.0076279766753650745,0.009299315341775954,0.0018591886362795407,0.0010543057972398628,0.021131851043190594,0.9451364348924912,0.20921398433853808,-0.7614933757009312,0.5765458344838174,1.0,0.45,-0.0012640005617781114,0.9659258262890683,-0.25881904510252063,3,0.0,0.7434738195873543,True
HYPEUSDT,trend_ema__directionlong_only_fast21_rsi_threshold58.0_slow34,trend_ema,2026-02-26 07:15:00+00:00,2026-02-26 07:45:00+00:00,long,-0.011955545302784984,-0.011155545302784984,stop,2,0.15675327047124327,0,False,True,False,0.011840229162072584,0.001956374146841237,0,0,0.015107185672368397,28.481,28.541,28.366,28.445,46393.81,2026-02-26 07:29:59.999000+00:00,1319344.19591,9302,21114.6,600379.41966,-0.0012648000842904832,0.005959009893903061,0.018414243682607728,1.3677598759726552,0.20571428571429268,0.34285714285713415,0.4514285714285732,0.006152223589383045,57.83766352356216,0.03945986476608704,0.0076279766753650745,0.009299315341775954,0.0018591886362795407,0.0010543057972398628,0.021131851043190594,0.9451364348924912,0.20921398433853808,-0.7614933757009312,0.5765458344838174,1.0,0.45,-0.0012640005617781114,0.9659258262890683,-0.25881904510252063,3,0.0,0.7351388231448454,True
ZECUSDT,trend_ema__directionboth_fast12_rsi_threshold52.0_slow89,trend_ema,2026-02-26 09:00:00+00:00,2026-02-26 15:15:00+00:00,short,0.022640539378946282,0.02344053937894628,target,25,0.16459755843980672,1,True,False,False,0.00998702839748289,0.025279249994669708,0,0,0.02274511274805277,245.03,247.42,243.89,247.09,38616.652,2026-02-26 09:14:59.999000+00:00,9473778.6615,29715,26524.711,6511063.49058,0.008331180205566033,-0.0031921153638210563,-0.023676370908014548,-0.5930056528434495,0.5835694050991506,0.09348441926345155,0.32294617563739786,0.01428629244404873,41.77012207800966,-0.5013887550164546,-0.007228312424403304,-0.009880074964439803,-0.003946481569470528,-0.002603789495616904,0.047018947735493685,-0.5015087940600932,2.3851731326669117,3.1848273012570574,2.4479023013907812,-1.0,0.43,-0.03525691082305171,0.7071067811865476,-0.7071067811865475,3,1.0,0.8097731010706265,True
ZECUSDT,trend_ema__directionboth_fast12_rsi_threshold55.0_slow89,trend_ema,2026-02-26 09:00:00+00:00,2026-02-26 15:15:00+00:00,short,0.022640539378946282,0.02344053937894628,target,25,0.16459755843980672,1,True,False,False,0.00998702839748289,0.025279249994669708,0,0,0.0035662284013165415,245.03,247.42,243.89,247.09,38616.652,2026-02-26 09:14:59.999000+00:00,9473778.6615,29715,26524.711,6511063.49058,0.008331180205566033,-0.0031921153638210563,-0.023676370908014548,-0.5930056528434495,0.5835694050991506,0.09348441926345155,0.32294617563739786,0.01428629244404873,41.77012207800966,-0.5013887550164546,-0.007228312424403304,-0.009880074964439803,-0.003946481569470528,-0.002603789495616904,0.047018947735493685,-0.5015087940600932,2.3851731326669117,3.1848273012570574,2.4479023013907812,-1.0,0.43,-0.03525691082305171,0.7071067811865476,-0.7071067811865475,3,1.0,0.7637807532530496,True
ZECUSDT,trend_ema__directionshort_only_fast12_rsi_threshold58.0_slow89,trend_ema,2026-02-26 09:00:00+00:00,2026-02-26 15:15:00+00:00,short,0.022640539378946282,0.02344053937894628,target,25,0.16459755843980672,1,True,False,False,0.00998702839748289,0.025279249994669708,0,0,0.007215116784042591,245.03,247.42,243.89,247.09,38616.652,2026-02-26 09:14:59.999000+00:00,9473778.6615,29715,26524.711,6511063.49058,0.008331180205566033,-0.0031921153638210563,-0.023676370908014548,-0.5930056528434495,0.5835694050991506,0.09348441926345155,0.32294617563739786,0.01428629244404873,41.77012207800966,-0.5013887550164546,-0.007228312424403304,-0.009880074964439803,-0.003946481569470528,-0.002603789495616904,0.047018947735493685,-0.5015087940600932,2.3851731326669117,3.1848273012570574,2.4479023013907812,-1.0,0.43,-0.03525691082305171,0.7071067811865476,-0.7071067811865475,3,1.0,0.782456323398773,True
ZECUSDT,trend_ema__directionshort_only_fast12_rsi_threshold52.0_slow89,trend_ema,2026-02-26 09:00:00+00:00,2026-02-26 15:15:00+00:00,short,0.022640539378946282,0.02344053937894628,target,25,0.16459755843980672,1,True,False,False,0.00998702839748289,0.025279249994669708,0,0,0.01086400516676864,245.03,247.42,243.89,247.09,38616.652,2026-02-26 09:14:59.999000+00:00,9473778.6615,29715,26524.711,6511063.49058,0.008331180205566033,-0.0031921153638210563,-0.023676370908014548,-0.5930056528434495,0.5835694050991506,0.09348441926345155,0.32294617563739786,0.01428629244404873,41.77012207800966,-0.5013887550164546,-0.007228312424403304,-0.009880074964439803,-0.003946481569470528,-0.002603789495616904,0.047018947735493685,-0.5015087940600932,2.3851731326669117,3.1848273012570574,2.4479023013907812,-1.0,0.43,-0.03525691082305171,0.7071067811865476,-0.7071067811865475,3,1.0,0.7965379787078058,True
ZECUSDT,trend_ema__directionboth_fast12_rsi_threshold52.0_slow89,trend_ema,2026-02-26 09:00:00+00:00,2026-02-26 15:15:00+00:00,short,0.022640539378946282,0.02344053937894628,target,25,0.16459755843980672,1,True,False,False,0.00998702839748289,0.025279249994669708,0,0,0.02274511274805277,245.03,247.42,243.89,247.09,38616.652,2026-02-26 09:14:59.999000+00:00,9473778.6615,29715,26524.711,6511063.49058,0.008331180205566033,-0.0031921153638210563,-0.023676370908014548,-0.5930056528434495,0.5835694050991506,0.09348441926345155,0.32294617563739786,0.01428629244404873,41.77012207800966,-0.5013887550164546,-0.007228312424403304,-0.009880074964439803,-0.003946481569470528,-0.002603789495616904,0.047018947735493685,-0.5015087940600932,2.3851731326669117,3.1848273012570574,2.4479023013907812,-1.0,0.43,-0.03525691082305171,0.7071067811865476,-0.7071067811865475,3,1.0,0.8160341555657178,True
ZECUSDT,trend_ema__directionboth_fast12_rsi_threshold58.0_slow89,trend_ema,2026-02-26 09:00:00+00:00,2026-02-26 15:15:00+00:00,short,0.022640539378946282,0.02344053937894628,target,25,0.16459755843980672,1,True,False,False,0.00998702839748289,0.025279249994669708,0,0,0.018629003148773728,245.03,247.42,243.89,247.09,38616.652,2026-02-26 09:14:59.999000+00:00,9473778.6615,29715,26524.711,6511063.49058,0.008331180205566033,-0.0031921153638210563,-0.023676370908014548,-0.5930056528434495,0.5835694050991506,0.09348441926345155,0.32294617563739786,0.01428629244404873,41.77012207800966,-0.5013887550164546,-0.007228312424403304,-0.009880074964439803,-0.003946481569470528,-0.002603789495616904,0.047018947735493685,-0.5015087940600932,2.3851731326669117,3.1848273012570574,2.4479023013907812,-1.0,0.43,-0.03525691082305171,0.7071067811865476,-0.7071067811865475,3,1.0,0.8155285321027417,True
ZECUSDT,trend_ema__directionshort_only_fast12_rsi_threshold55.0_slow89,trend_ema,2026-02-26 09:00:00+00:00,2026-02-26 15:15:00+00:00,short,0.022640539378946282,0.02344053937894628,target,25,0.16459755843980672,1,True,False,False,0.00998702839748289,0.025279249994669708,0,0,0.01451289354949469,245.03,247.42,243.89,247.09,38616.652,2026-02-26 09:14:59.999000+00:00,9473778.6615,29715,26524.711,6511063.49058,0.008331180205566033,-0.0031921153638210563,-0.023676370908014548,-0.5930056528434495,0.5835694050991506,0.09348441926345155,0.32294617563739786,0.01428629244404873,41.77012207800966,-0.5013887550164546,-0.007228312424403304,-0.009880074964439803,-0.003946481569470528,-0.002603789495616904,0.047018947735493685,-0.5015087940600932,2.3851731326669117,3.1848273012570574,2.4479023013907812,-1.0,0.43,-0.03525691082305171,0.7071067811865476,-0.7071067811865475,3,1.0,0.8159038252361303,True
ZECUSDT,trend_ema__directionshort_only_fast12_rsi_threshold52.0_slow89,trend_ema,2026-02-26 09:00:00+00:00,2026-02-26 15:15:00+00:00,short,0.022640539378946282,0.02344053937894628,target,25,0.16459755843980672,1,True,False,False,0.00998702839748289,0.025279249994669708,0,0,0.01086400516676864,245.03,247.42,243.89,247.09,38616.652,2026-02-26 09:14:59.999000+00:00,9473778.6615,29715,26524.711,6511063.49058,0.008331180205566033,-0.0031921153638210563,-0.023676370908014548,-0.5930056528434495,0.5835694050991506,0.09348441926345155,0.32294617563739786,0.01428629244404873,41.77012207800966,-0.5013887550164546,-0.007228312424403304,-0.009880074964439803,-0.003946481569470528,-0.002603789495616904,0.047018947735493685,-0.5015087940600932,2.3851731326669117,3.1848273012570574,2.4479023013907812,-1.0,0.43,-0.03525691082305171,0.7071067811865476,-0.7071067811865475,3,1.0,0.8109276403127109,True
ZECUSDT,trend_ema__directionshort_only_fast12_rsi_threshold58.0_slow89,trend_ema,2026-02-26 09:00:00+00:00,2026-02-26 15:15:00+00:00,short,0.022640539378946282,0.02344053937894628,target,25,0.16459755843980672,1,True,False,False,0.00998702839748289,0.025279249994669708,0,0,0.007215116784042591,245.03,247.42,243.89,247.09,38616.652,2026-02-26 09:14:59.999000+00:00,9473778.6615,29715,26524.711,6511063.49058,0.008331180205566033,-0.0031921153638210563,-0.023676370908014548,-0.5930056528434495,0.5835694050991506,0.09348441926345155,0.32294617563739786,0.01428629244404873,41.77012207800966,-0.5013887550164546,-0.007228312424403304,-0.009880074964439803,-0.003946481569470528,-0.002603789495616904,0.047018947735493685,-0.5015087940600932,2.3851731326669117,3.1848273012570574,2.4479023013907812,-1.0,0.43,-0.03525691082305171,0.7071067811865476,-0.7071067811865475,3,1.0,0.8030148617101803,True
ZECUSDT,trend_ema__directionboth_fast12_rsi_threshold55.0_slow89,trend_ema,2026-02-26 09:00:00+00:00,2026-02-26 15:15:00+00:00,short,0.022640539378946282,0.02344053937894628,target,25,0.16459755843980672,1,True,False,False,0.00998702839748289,0.025279249994669708,0,0,0.0035662284013165415,245.03,247.42,243.89,247.09,38616.652,2026-02-26 09:14:59.999000+00:00,9473778.6615,29715,26524.711,6511063.49058,0.008331180205566033,-0.0031921153638210563,-0.023676370908014548,-0.5930056528434495,0.5835694050991506,0.09348441926345155,0.32294617563739786,0.01428629244404873,41.77012207800966,-0.5013887550164546,-0.007228312424403304,-0.009880074964439803,-0.003946481569470528,-0.002603789495616904,0.047018947735493685,-0.5015087940600932,2.3851731326669117,3.1848273012570574,2.4479023013907812,-1.0,0.43,-0.03525691082305171,0.7071067811865476,-0.7071067811865475,3,1.0,0.7858257716142377,True
ZECUSDT,trend_ema__directionboth_fast12_rsi_threshold58.0_slow89,trend_ema,2026-02-26 09:00:00+00:00,2026-02-26 15:15:00+00:00,short,0.022640539378946282,0.02344053937894628,target,25,0.16459755843980672,1,True,False,False,0.00998702839748289,0.025279249994669708,0,0,0.018629003148773728,245.03,247.42,243.89,247.09,38616.652,2026-02-26 09:14:59.999000+00:00,9473778.6615,29715,26524.711,6511063.49058,0.008331180205566033,-0.0031921153638210563,-0.023676370908014548,-0.5930056528434495,0.5835694050991506,0.09348441926345155,0.32294617563739786,0.01428629244404873,41.77012207800966,-0.5013887550164546,-0.007228312424403304,-0.009880074964439803,-0.003946481569470528,-0.002603789495616904,0.047018947735493685,-0.5015087940600932,2.3851731326669117,3.1848273012570574,2.4479023013907812,-1.0,0.43,-0.03525691082305171,0.7071067811865476,-0.7071067811865475,3,1.0,0.8038283978471719,True
ZECUSDT,trend_ema__directionshort_only_fast12_rsi_threshold55.0_slow89,trend_ema,2026-02-26 09:00:00+00:00,2026-02-26 15:15:00+00:00,short,0.022640539378946282,0.02344053937894628,target,25,0.16459755843980672,1,True,False,False,0.00998702839748289,0.025279249994669708,0,0,0.01451289354949469,245.03,247.42,243.89,247.09,38616.652,2026-02-26 09:14:59.999000+00:00,9473778.6615,29715,26524.711,6511063.49058,0.008331180205566033,-0.0031921153638210563,-0.023676370908014548,-0.5930056528434495,0.5835694050991506,0.09348441926345155,0.32294617563739786,0.01428629244404873,41.77012207800966,-0.5013887550164546,-0.007228312424403304,-0.009880074964439803,-0.003946481569470528,-0.002603789495616904,0.047018947735493685,-0.5015087940600932,2.3851731326669117,3.1848273012570574,2.4479023013907812,-1.0,0.43,-0.03525691082305171,0.7071067811865476,-0.7071067811865475,3,1.0,0.8023135851468572,True
ZECUSDT,trend_ema__directionshort_only_fast21_rsi_threshold55.0_slow89,trend_ema,2026-02-26 10:00:00+00:00,2026-02-26 11:45:00+00:00,short,0.021293074976509327,0.022093074976509326,target,7,0.23000848684938405,1,True,False,False,0.0007976569831218523,0.022355275667812247,0,0,0.022412875846101486,247.09,247.25,245.45,245.53,8576.801,2026-02-26 10:14:59.999000+00:00,2113194.8661,14080,3132.41,772112.77992,-0.006293031466217158,-0.006333503368604386,-0.014916901153240267,-1.3707533737994262,0.8666666666666625,0.08888888888888644,0.044444444444451114,0.0073310797051277295,38.4995756575308,-0.2540398413664464,-0.010316420792693643,-0.014425597662730959,-0.002161056859535382,-0.0022392832139390695,0.03368474716473062,-0.6943907539144624,2.1558876468684836,-0.9317548534053847,0.5528725790780838,-1.0,0.16,-0.028604209526823854,0.49999999999999994,-0.8660254037844387,3,1.0,0.8875342290287026,True
ZECUSDT,trend_ema__directionboth_fast21_rsi_threshold55.0_slow89,trend_ema,2026-02-26 10:00:00+00:00,2026-02-26 11:45:00+00:00,short,0.021293074976509327,0.022093074976509326,target,7,0.23000848684938405,1,True,False,False,0.0007976569831218523,0.022355275667812247,0,0,0.02256853696016648,247.09,247.25,245.45,245.53,8576.801,2026-02-26 10:14:59.999000+00:00,2113194.8661,14080,3132.41,772112.77992,-0.006293031466217158,-0.006333503368604386,-0.014916901153240267,-1.3707533737994262,0.8666666666666625,0.08888888888888644,0.044444444444451114,0.0073310797051277295,38.4995756575308,-0.2540398413664464,-0.010316420792693643,-0.014425597662730959,-0.002161056859535382,-0.0022392832139390695,0.03368474716473062,-0.6943907539144624,2.1558876468684836,-0.9317548534053847,0.5528725790780838,-1.0,0.16,-0.028604209526823854,0.49999999999999994,-0.8660254037844387,3,1.0,0.8875342290287026,True
ZECUSDT,trend_ema__directionshort_only_fast21_rsi_threshold52.0_slow89,trend_ema,2026-02-26 10:00:00+00:00,2026-02-26 11:45:00+00:00,short,0.021293074976509327,0.022093074976509326,target,7,0.23000848684938405,1,True,False,False,0.0007976569831218523,0.022355275667812247,0,0,0.022724198074231473,247.09,247.25,245.45,245.53,8576.801,2026-02-26 10:14:59.999000+00:00,2113194.8661,14080,3132.41,772112.77992,-0.006293031466217158,-0.006333503368604386,-0.014916901153240267,-1.3707533737994262,0.8666666666666625,0.08888888888888644,0.044444444444451114,0.0073310797051277295,38.4995756575308,-0.2540398413664464,-0.010316420792693643,-0.014425597662730959,-0.002161056859535382,-0.0022392832139390695,0.03368474716473062,-0.6943907539144624,2.1558876468684836,-0.9317548534053847,0.5528725790780838,-1.0,0.16,-0.028604209526823854,0.49999999999999994,-0.8660254037844387,3,1.0,0.8875342290287026,True
ZECUSDT,trend_ema__directionshort_only_fast21_rsi_threshold55.0_slow89,trend_ema,2026-02-26 10:00:00+00:00,2026-02-26 11:45:00+00:00,short,0.021293074976509327,0.022093074976509326,target,7,0.23000848684938405,1,True,False,False,0.0007976569831218523,0.022355275667812247,0,0,0.022412875846101486,247.09,247.25,245.45,245.53,8576.801,2026-02-26 10:14:59.999000+00:00,2113194.8661,14080,3132.41,772112.77992,-0.006293031466217158,-0.006333503368604386,-0.014916901153240267,-1.3707533737994262,0.8666666666666625,0.08888888888888644,0.044444444444451114,0.0073310797051277295,38.4995756575308,-0.2540398413664464,-0.010316420792693643,-0.014425597662730959,-0.002161056859535382,-0.0022392832139390695,0.03368474716473062,-0.6943907539144624,2.1558876468684836,-0.9317548534053847,0.5528725790780838,-1.0,0.16,-0.028604209526823854,0.49999999999999994,-0.8660254037844387,3,1.0,0.8940105705307554,True
ZECUSDT,trend_ema__directionshort_only_fast21_rsi_threshold52.0_slow89,trend_ema,2026-02-26 10:00:00+00:00,2026-02-26 11:45:00+00:00,short,0.021293074976509327,0.022093074976509326,target,7,0.23000848684938405,1,True,False,False,0.0007976569831218523,0.022355275667812247,0,0,0.022724198074231473,247.09,247.25,245.45,245.53,8576.801,2026-02-26 10:14:59.999000+00:00,2113194.8661,14080,3132.41,772112.77992,-0.006293031466217158,-0.006333503368604386,-0.014916901153240267,-1.3707533737994262,0.8666666666666625,0.08888888888888644,0.044444444444451114,0.0073310797051277295,38.4995756575308,-0.2540398413664464,-0.010316420792693643,-0.014425597662730959,-0.002161056859535382,-0.0022392832139390695,0.03368474716473062,-0.6943907539144624,2.1558876468684836,-0.9317548534053847,0.5528725790780838,-1.0,0.16,-0.028604209526823854,0.49999999999999994,-0.8660254037844387,3,1.0,0.8940105705307554,True
ZECUSDT,trend_ema__directionboth_fast21_rsi_threshold55.0_slow89,trend_ema,2026-02-26 10:00:00+00:00,2026-02-26 11:45:00+00:00,short,0.021293074976509327,0.022093074976509326,target,7,0.23000848684938405,1,True,False,False,0.0007976569831218523,0.022355275667812247,0,0,0.02256853696016648,247.09,247.25,245.45,245.53,8576.801,2026-02-26 10:14:59.999000+00:00,2113194.8661,14080,3132.41,772112.77992,-0.006293031466217158,-0.006333503368604386,-0.014916901153240267,-1.3707533737994262,0.8666666666666625,0.08888888888888644,0.044444444444451114,0.0073310797051277295,38.4995756575308,-0.2540398413664464,-0.010316420792693643,-0.014425597662730959,-0.002161056859535382,-0.0022392832139390695,0.03368474716473062,-0.6943907539144624,2.1558876468684836,-0.9317548534053847,0.5528725790780838,-1.0,0.16,-0.028604209526823854,0.49999999999999994,-0.8660254037844387,3,1.0,0.8940105705307554,True
BTCUSDT,trend_ema__directionboth_fast9_rsi_threshold58.0_slow89,trend_ema,2026-02-26 15:15:00+00:00,2026-02-26 16:45:00+00:00,short,0.010663493795175153,0.011463493795175153,target,6,0.4770296721743506,1,True,False,False,0.004312685782220303,0.01298991495335568,0,1,0.0012298864828562525,67346.8,67369.8,66821.0,66950.7,9177.534,2026-02-26 15:29:59.999000+00:00,615146542.6642,197659,3924.375,262997449.698,-0.005897376236738273,-0.016682889842881195,-0.01738185376016149,-7.098622316255783,0.7217565597667707,0.04190962099125342,0.23633381924197594,0.00819707635618452,26.14851639128247,-102.73702979955164,-0.0137305392452315,-0.01596507747372796,-0.002955891595044502,-0.0015660315398428049,0.01983027637280968,-1.5190439249251144,325.9108472359185,3.4013907908220373,4.295368356523505,-1.0,0.34,-0.021368870646635396,-0.7071067811865471,-0.7071067811865479,3,1.0,0.8809264164654133,True
BTCUSDT,trend_ema__directionshort_only_fast9_rsi_threshold55.0_slow89,trend_ema,2026-02-26 15:15:00+00:00,2026-02-26 16:45:00+00:00,short,0.010663493795175153,0.011463493795175153,target,6,0.4770296721743506,1,True,False,False,0.004312685782220303,0.01298991495335568,0,2,-0.00014673285205306225,67346.8,67369.8,66821.0,66950.7,9177.534,2026-02-26 15:29:59.999000+00:00,615146542.6642,197659,3924.375,262997449.698,-0.005897376236738273,-0.016682889842881195,-0.01738185376016149,-7.098622316255783,0.7217565597667707,0.04190962099125342,0.23633381924197594,0.00819707635618452,26.14851639128247,-102.73702979955164,-0.0137305392452315,-0.01596507747372796,-0.002955891595044502,-0.0015660315398428049,0.01983027637280968,-1.5190439249251144,325.9108472359185,3.4013907908220373,4.295368356523505,-1.0,0.34,-0.021368870646635396,-0.7071067811865471,-0.7071067811865479,3,1.0,0.8458835884923285,True
BTCUSDT,trend_ema__directionshort_only_fast9_rsi_threshold55.0_slow89,trend_ema,2026-02-26 15:15:00+00:00,2026-02-26 16:45:00+00:00,short,0.010663493795175153,0.011463493795175153,target,6,0.4770296721743506,1,True,False,False,0.004312685782220303,0.01298991495335568,0,2,-0.00014673285205306225,67346.8,67369.8,66821.0,66950.7,9177.534,2026-02-26 15:29:59.999000+00:00,615146542.6642,197659,3924.375,262997449.698,-0.005897376236738273,-0.016682889842881195,-0.01738185376016149,-7.098622316255783,0.7217565597667707,0.04190962099125342,0.23633381924197594,0.00819707635618452,26.14851639128247,-102.73702979955164,-0.0137305392452315,-0.01596507747372796,-0.002955891595044502,-0.0015660315398428049,0.01983027637280968,-1.5190439249251144,325.9108472359185,3.4013907908220373,4.295368356523505,-1.0,0.34,-0.021368870646635396,-0.7071067811865471,-0.7071067811865479,3,1.0,0.8626304414664481,True
BTCUSDT,trend_ema__directionboth_fast9_rsi_threshold58.0_slow89,trend_ema,2026-02-26 15:15:00+00:00,2026-02-26 16:45:00+00:00,short,0.010663493795175153,0.011463493795175153,target,6,0.4770296721743506,1,True,False,False,0.004312685782220303,0.01298991495335568,0,1,0.0012298864828562525,67346.8,67369.8,66821.0,66950.7,9177.534,2026-02-26 15:29:59.999000+00:00,615146542.6642,197659,3924.375,262997449.698,-0.005897376236738273,-0.016682889842881195,-0.01738185376016149,-7.098622316255783,0.7217565597667707,0.04190962099125342,0.23633381924197594,0.00819707635618452,26.14851639128247,-102.73702979955164,-0.0137305392452315,-0.01596507747372796,-0.002955891595044502,-0.0015660315398428049,0.01983027637280968,-1.5190439249251144,325.9108472359185,3.4013907908220373,4.295368356523505,-1.0,0.34,-0.021368870646635396,-0.7071067811865471,-0.7071067811865479,3,1.0,0.8678924119238457,True
BTCUSDT,trend_ema__directionshort_only_fast12_rsi_threshold58.0_slow89,trend_ema,2026-02-26 15:30:00+00:00,2026-02-26 15:30:00+00:00,short,-0.008102990739375678,-0.0073029907393756775,stop,0,0.25459329441498096,0,False,True,False,0.007431109169785316,0.003134981513743141,0,0,0.0026065058177655673,66950.6,67438.0,66730.7,67318.8,6055.398,2026-02-26 15:44:59.999000+00:00,406247024.7364,164551,3021.774,202756457.3557,0.005483016205413504,-0.0065561189641183655,-0.010847269505407674,-2.422082628993335,0.5205711862010399,0.16852820585323994,0.3109006079457201,0.010506723233331593,37.27033527925095,-96.10000636797662,-0.007407691577466766,-0.010001542123359736,-0.0031532846473717457,-0.0019411181019067802,0.02064949230333965,-0.857049395797377,353.1529295762102,1.7236306380661117,2.646566630740897,-1.0,0.45,-0.01461418208006171,-0.7071067811865471,-0.7071067811865479,3,1.0,0.7829745081109528,True
BTCUSDT,trend_ema__directionshort_only_fast12_rsi_threshold58.0_slow89,trend_ema,2026-02-26 15:30:00+00:00,2026-02-26 15:30:00+00:00,short,-0.008102990739375678,-0.0073029907393756775,stop,0,0.25459329441498096,0,False,True,False,0.007431109169785316,0.003134981513743141,0,0,0.0026065058177655673,66950.6,67438.0,66730.7,67318.8,6055.398,2026-02-26 15:44:59.999000+00:00,406247024.7364,164551,3021.774,202756457.3557,0.005483016205413504,-0.0065561189641183655,-0.010847269505407674,-2.422082628993335,0.5205711862010399,0.16852820585323994,0.3109006079457201,0.010506723233331593,37.27033527925095,-96.10000636797662,-0.007407691577466766,-0.010001542123359736,-0.0031532846473717457,-0.0019411181019067802,0.02064949230333965,-0.857049395797377,353.1529295762102,1.7236306380661117,2.646566630740897,-1.0,0.45,-0.01461418208006171,-0.7071067811865471,-0.7071067811865479,3,1.0,0.8066759419831258,True
ETHUSDT,trend_ema__directionshort_only_fast21_rsi_threshold52.0_slow55,trend_ema,2026-02-26 15:45:00+00:00,2026-02-26 16:45:00+00:00,short,0.016010308339227813,0.016810308339227812,target,4,0.29443798621263484,1,True,False,False,0.00451460403442584,0.025588679203462913,0,0,0.009504881832450022,2027.99,2036.84,2021.16,2032.33,110092.771,2026-02-26 15:59:59.999000+00:00,223587765.16255,179765,54799.536,111334685.27767,0.002132832376393562,-0.008764186360091932,-0.011827453201872107,-2.718565940329969,0.27678571428571197,0.2876275510204106,0.43558673469387743,0.007715282459049385,35.27810068936826,-4.380754456365536,-0.009802220686229216,-0.011379892871245186,-0.004175144445211054,-0.0022641991924732263,0.027852789859597712,-0.8422100934787081,13.78052302850741,0.6034745416050935,1.6840836519603957,-1.0,0.39,-0.018558403677876867,-0.7071067811865471,-0.7071067811865479,3,1.0,0.8493692972517561,True
ETHUSDT,trend_ema__directionshort_only_fast21_rsi_threshold58.0_slow55,trend_ema,2026-02-26 15:45:00+00:00,2026-02-26 16:45:00+00:00,short,0.016010308339227813,0.016810308339227812,target,4,0.29443798621263484,1,True,False,False,0.00451460403442584,0.025588679203462913,0,0,0.010615332394655747,2027.99,2036.84,2021.16,2032.33,110092.771,2026-02-26 15:59:59.999000+00:00,223587765.16255,179765,54799.536,111334685.27767,0.002132832376393562,-0.008764186360091932,-0.011827453201872107,-2.718565940329969,0.27678571428571197,0.2876275510204106,0.43558673469387743,0.007715282459049385,35.27810068936826,-4.380754456365536,-0.009802220686229216,-0.011379892871245186,-0.004175144445211054,-0.0022641991924732263,0.027852789859597712,-0.8422100934787081,13.78052302850741,0.6034745416050935,1.6840836519603957,-1.0,0.39,-0.018558403677876867,-0.7071067811865471,-0.7071067811865479,3,1.0,0.8530487962687237,True
ETHUSDT,trend_ema__directionshort_only_fast21_rsi_threshold55.0_slow55,trend_ema,2026-02-26 15:45:00+00:00,2026-02-26 16:45:00+00:00,short,0.016010308339227813,0.016810308339227812,target,4,0.29443798621263484,1,True,False,False,0.00451460403442584,0.025588679203462913,0,0,0.011725782956861473,2027.99,2036.84,2021.16,2032.33,110092.771,2026-02-26 15:59:59.999000+00:00,223587765.16255,179765,54799.536,111334685.27767,0.002132832376393562,-0.008764186360091932,-0.011827453201872107,-2.718565940329969,0.27678571428571197,0.2876275510204106,0.43558673469387743,0.007715282459049385,35.27810068936826,-4.380754456365536,-0.009802220686229216,-0.011379892871245186,-0.004175144445211054,-0.0022641991924732263,0.027852789859597712,-0.8422100934787081,13.78052302850741,0.6034745416050935,1.6840836519603957,-1.0,0.39,-0.018558403677876867,-0.7071067811865471,-0.7071067811865479,3,1.0,0.855317415501913,True
SOLUSDT,trend_ema__directionshort_only_fast12_rsi_threshold58.0_slow89,trend_ema,2026-02-26 15:45:00+00:00,2026-02-26 16:45:00+00:00,short,0.018836219908544737,0.019636219908544736,target,4,0.18556675483402985,1,True,False,False,0.0054755116844328365,0.024625079338935266,0,0,0.004376651747571051,86.39,86.85,86.12,86.52,383104.39,2026-02-26 15:59:59.999000+00:00,33120473.4852,39323,171449.9,14824326.5254,0.0013879252748480759,-0.005187630516815875,-0.0027700848738157124,-1.3531887203148258,0.1780821917808182,0.452054794520552,0.3698630136986299,0.008437355524734048,40.72166225829851,-0.12174395607829624,-0.006681353040703517,-0.009956686963377566,-0.0034035194223416276,-0.0024197909376010296,0.02590525455933933,-0.5501880991421653,0.6821297590075851,0.19830616384380872,1.1712411216841065,-1.0,0.25,-0.015475648611743331,-0.7071067811865471,-0.7071067811865479,3,1.0,0.8273367728863135,True
ETHUSDT,trend_ema__directionshort_only_fast21_rsi_threshold52.0_slow55,trend_ema,2026-02-26 15:45:00+00:00,2026-02-26 16:45:00+00:00,short,0.016010308339227813,0.016810308339227812,target,4,0.29443798621263484,1,True,False,False,0.00451460403442584,0.025588679203462913,0,0,0.009504881832450022,2027.99,2036.84,2021.16,2032.33,110092.771,2026-02-26 15:59:59.999000+00:00,223587765.16255,179765,54799.536,111334685.27767,0.002132832376393562,-0.008764186360091932,-0.011827453201872107,-2.718565940329969,0.27678571428571197,0.2876275510204106,0.43558673469387743,0.007715282459049385,35.27810068936826,-4.380754456365536,-0.009802220686229216,-0.011379892871245186,-0.004175144445211054,-0.0022641991924732263,0.027852789859597712,-0.8422100934787081,13.78052302850741,0.6034745416050935,1.6840836519603957,-1.0,0.39,-0.018558403677876867,-0.7071067811865471,-0.7071067811865479,3,1.0,0.8393539833647411,True
ETHUSDT,trend_ema__directionshort_only_fast21_rsi_threshold58.0_slow55,trend_ema,2026-02-26 15:45:00+00:00,2026-02-26 16:45:00+00:00,short,0.016010308339227813,0.016810308339227812,target,4,0.29443798621263484,1,True,False,False,0.00451460403442584,0.025588679203462913,0,0,0.010615332394655747,2027.99,2036.84,2021.16,2032.33,110092.771,2026-02-26 15:59:59.999000+00:00,223587765.16255,179765,54799.536,111334685.27767,0.002132832376393562,-0.008764186360091932,-0.011827453201872107,-2.718565940329969,0.27678571428571197,0.2876275510204106,0.43558673469387743,0.007715282459049385,35.27810068936826,-4.380754456365536,-0.009802220686229216,-0.011379892871245186,-0.004175144445211054,-0.0022641991924732263,0.027852789859597712,-0.8422100934787081,13.78052302850741,0.6034745416050935,1.6840836519603957,-1.0,0.39,-0.018558403677876867,-0.7071067811865471,-0.7071067811865479,3,1.0,0.8449711393014099,True
ETHUSDT,trend_ema__directionshort_only_fast21_rsi_threshold55.0_slow55,trend_ema,2026-02-26 15:45:00+00:00,2026-02-26 16:45:00+00:00,short,0.016010308339227813,0.016810308339227812,target,4,0.29443798621263484,1,True,False,False,0.00451460403442584,0.025588679203462913,0,0,0.011725782956861473,2027.99,2036.84,2021.16,2032.33,110092.771,2026-02-26 15:59:59.999000+00:00,223587765.16255,179765,54799.536,111334685.27767,0.002132832376393562,-0.008764186360091932,-0.011827453201872107,-2.718565940329969,0.27678571428571197,0.2876275510204106,0.43558673469387743,0.007715282459049385,35.27810068936826,-4.380754456365536,-0.009802220686229216,-0.011379892871245186,-0.004175144445211054,-0.0022641991924732263,0.027852789859597712,-0.8422100934787081,13.78052302850741,0.6034745416050935,1.6840836519603957,-1.0,0.39,-0.018558403677876867,-0.7071067811865471,-0.7071067811865479,3,1.0,0.8472592319083591,True
SOLUSDT,trend_ema__directionshort_only_fast12_rsi_threshold58.0_slow89,trend_ema,2026-02-26 15:45:00+00:00,2026-02-26 16:45:00+00:00,short,0.018836219908544737,0.019636219908544736,target,4,0.18556675483402985,1,True,False,False,0.0054755116844328365,0.024625079338935266,0,0,0.004376651747571051,86.39,86.85,86.12,86.52,383104.39,2026-02-26 15:59:59.999000+00:00,33120473.4852,39323,171449.9,14824326.5254,0.0013879252748480759,-0.005187630516815875,-0.0027700848738157124,-1.3531887203148258,0.1780821917808182,0.452054794520552,0.3698630136986299,0.008437355524734048,40.72166225829851,-0.12174395607829624,-0.006681353040703517,-0.009956686963377566,-0.0034035194223416276,-0.0024197909376010296,0.02590525455933933,-0.5501880991421653,0.6821297590075851,0.19830616384380872,1.1712411216841065,-1.0,0.25,-0.015475648611743331,-0.7071067811865471,-0.7071067811865479,3,1.0,0.7917674465959292,True
ETHUSDT,trend_ema__directionshort_only_fast9_rsi_threshold55.0_slow89,trend_ema,2026-02-26 16:15:00+00:00,2026-02-26 16:45:00+00:00,short,0.016598384995838385,0.017398384995838383,target,2,0.23989821586551513,1,True,False,False,0.005714915494544594,0.024390809942152928,0,0,0.012836233519067198,2025.5,2036.77,2024.63,2032.48,67122.178,2026-02-26 16:29:59.999000+00:00,136263379.15012,121107,37327.062,75777431.55552,0.0034352015920129458,0.005342712622175169,-0.015471486275631965,1.573454277120729,0.5749588138385577,0.35337726523888047,0.07166392092256178,0.0059729985042902625,38.00508920672424,-3.733712580793325,-0.007667538502804097,-0.010306742327614,-0.003058980956800128,-0.002718975303108162,0.03213922763288159,-0.6295805680552776,13.954481590906896,-0.010860000244351516,0.9882266916350507,-1.0,0.47,-0.01848596650505141,-0.8660254037844385,-0.5000000000000004,3,2.0,0.8443772129619478,True
ETHUSDT,trend_ema__directionboth_fast9_rsi_threshold58.0_slow89,trend_ema,2026-02-26 16:15:00+00:00,2026-02-26 16:45:00+00:00,short,0.016598384995838385,0.017398384995838383,target,2,0.23989821586551513,1,True,False,False,0.005714915494544594,0.024390809942152928,0,0,0.014005491746933978,2025.5,2036.77,2024.63,2032.48,67122.178,2026-02-26 16:29:59.999000+00:00,136263379.15012,121107,37327.062,75777431.55552,0.0034352015920129458,0.005342712622175169,-0.015471486275631965,1.573454277120729,0.5749588138385577,0.35337726523888047,0.07166392092256178,0.0059729985042902625,38.00508920672424,-3.733712580793325,-0.007667538502804097,-0.010306742327614,-0.003058980956800128,-0.002718975303108162,0.03213922763288159,-0.6295805680552776,13.954481590906896,-0.010860000244351516,0.9882266916350507,-1.0,0.47,-0.01848596650505141,-0.8660254037844385,-0.5000000000000004,3,2.0,0.844292855896028,True
ETHUSDT,trend_ema__directionboth_fast9_rsi_threshold58.0_slow89,trend_ema,2026-02-26 16:15:00+00:00,2026-02-26 16:45:00+00:00,short,0.016598384995838385,0.017398384995838383,target,2,0.23989821586551513,1,True,False,False,0.005714915494544594,0.024390809942152928,0,0,0.014005491746933978,2025.5,2036.77,2024.63,2032.48,67122.178,2026-02-26 16:29:59.999000+00:00,136263379.15012,121107,37327.062,75777431.55552,0.0034352015920129458,0.005342712622175169,-0.015471486275631965,1.573454277120729,0.5749588138385577,0.35337726523888047,0.07166392092256178,0.0059729985042902625,38.00508920672424,-3.733712580793325,-0.007667538502804097,-0.010306742327614,-0.003058980956800128,-0.002718975303108162,0.03213922763288159,-0.6295805680552776,13.954481590906896,-0.010860000244351516,0.9882266916350507,-1.0,0.47,-0.01848596650505141,-0.8660254037844385,-0.5000000000000004,3,2.0,0.8632693773312293,True
ETHUSDT,trend_ema__directionshort_only_fast9_rsi_threshold55.0_slow89,trend_ema,2026-02-26 16:15:00+00:00,2026-02-26 16:45:00+00:00,short,0.016598384995838385,0.017398384995838383,target,2,0.23989821586551513,1,True,False,False,0.005714915494544594,0.024390809942152928,0,0,0.012836233519067198,2025.5,2036.77,2024.63,2032.48,67122.178,2026-02-26 16:29:59.999000+00:00,136263379.15012,121107,37327.062,75777431.55552,0.0034352015920129458,0.005342712622175169,-0.015471486275631965,1.573454277120729,0.5749588138385577,0.35337726523888047,0.07166392092256178,0.0059729985042902625,38.00508920672424,-3.733712580793325,-0.007667538502804097,-0.010306742327614,-0.003058980956800128,-0.002718975303108162,0.03213922763288159,-0.6295805680552776,13.954481590906896,-0.010860000244351516,0.9882266916350507,-1.0,0.47,-0.01848596650505141,-0.8660254037844385,-0.5000000000000004,3,2.0,0.8620272980123808,True
ETHUSDT,trend_ema__directionboth_fast12_rsi_threshold58.0_slow89,trend_ema,2026-02-26 16:30:00+00:00,2026-02-26 16:45:00+00:00,short,0.01636692793676752,0.01716692793676752,target,1,0.40563323401128343,1,True,False,False,0.0007700478066277774,0.027741274471498274,0,0,0.015924913769432884,2032.48,2033.74,2006.28,2010.86,154900.579,2026-02-26 16:44:59.999000+00:00,312184685.89017,197833,82284.658,165846598.15227,-0.010694231031799284,-0.008487594467722459,-0.026427289454395403,-2.086237017664662,0.7873270211216348,0.04588492352512707,0.1667880553532382,0.013655848741334572,29.71833829943583,-4.4390464341721225,-0.016739538933765993,-0.020339011468270676,-0.00376682803378936,-0.00281985971571197,0.036984423961604215,-1.055413015778012,14.919161477270691,1.1210470333568814,2.1981241510392127,-1.0,0.53,-0.02892657768162432,-0.8660254037844385,-0.5000000000000004,3,2.0,0.8992975440711719,True
SOLUSDT,trend_ema__directionboth_fast21_rsi_threshold55.0_slow89,trend_ema,2026-02-26 16:30:00+00:00,2026-02-26 16:45:00+00:00,short,0.018878239171330833,0.01967823917133083,target,1,0.33281210698046865,1,True,False,False,0.0008437681837246636,0.025865440509718108,0,0,0.01278047527997701,86.5,86.56,85.36,85.49,611999.84,2026-02-26 16:44:59.999000+00:00,52479245.8763,42598,275257.9,23590927.8395,-0.0118606041541407,-0.01058826577186778,-0.022095872623347553,-2.2802907026793426,0.8416666666666689,0.05000000000000178,0.10833333333332928,0.01403672944204004,33.35939465097657,-0.13870205696087173,-0.015597776504598955,-0.02036861189211312,-0.0031529602160705883,-0.0025931923620112762,0.032488904219282105,-1.0708795700589717,0.7178531634619778,0.9778418896805249,1.7920076356567363,-1.0,0.73,-0.02719617660446061,-0.8660254037844385,-0.5000000000000004,3,2.0,0.9065700069370578,True
ETHUSDT,trend_ema__directionboth_fast12_rsi_threshold52.0_slow89,trend_ema,2026-02-26 16:30:00+00:00,2026-02-26 16:45:00+00:00,short,0.01636692793676752,0.01716692793676752,target,1,0.40563323401128343,1,True,False,False,0.0007700478066277774,0.027741274471498274,0,0,0.01517474997480076,2032.48,2033.74,2006.28,2010.86,154900.579,2026-02-26 16:44:59.999000+00:00,312184685.89017,197833,82284.658,165846598.15227,-0.010694231031799284,-0.008487594467722459,-0.026427289454395403,-2.086237017664662,0.7873270211216348,0.04588492352512707,0.1667880553532382,0.013655848741334572,29.71833829943583,-4.4390464341721225,-0.016739538933765993,-0.020339011468270676,-0.00376682803378936,-0.00281985971571197,0.036984423961604215,-1.055413015778012,14.919161477270691,1.1210470333568814,2.1981241510392127,-1.0,0.53,-0.02892657768162432,-0.8660254037844385,-0.5000000000000004,3,2.0,0.8974938725617916,True
ETHUSDT,trend_ema__directionboth_fast12_rsi_threshold55.0_slow89,trend_ema,2026-02-26 16:30:00+00:00,2026-02-26 16:45:00+00:00,short,0.01636692793676752,0.01716692793676752,target,1,0.40563323401128343,1,True,False,False,0.0007700478066277774,0.027741274471498274,0,0,0.016115573619376333,2032.48,2033.74,2006.28,2010.86,154900.579,2026-02-26 16:44:59.999000+00:00,312184685.89017,197833,82284.658,165846598.15227,-0.010694231031799284,-0.008487594467722459,-0.026427289454395403,-2.086237017664662,0.7873270211216348,0.04588492352512707,0.1667880553532382,0.013655848741334572,29.71833829943583,-4.4390464341721225,-0.016739538933765993,-0.020339011468270676,-0.00376682803378936,-0.00281985971571197,0.036984423961604215,-1.055413015778012,14.919161477270691,1.1210470333568814,2.1981241510392127,-1.0,0.53,-0.02892657768162432,-0.8660254037844385,-0.5000000000000004,3,2.0,0.8992975440711719,True
ETHUSDT,trend_ema__directionshort_only_fast12_rsi_threshold55.0_slow89,trend_ema,2026-02-26 16:30:00+00:00,2026-02-26 16:45:00+00:00,short,0.01636692793676752,0.01716692793676752,target,1,0.40563323401128343,1,True,False,False,0.0007700478066277774,0.027741274471498274,0,0,0.01630623346931978,2032.48,2033.74,2006.28,2010.86,154900.579,2026-02-26 16:44:59.999000+00:00,312184685.89017,197833,82284.658,165846598.15227,-0.010694231031799284,-0.008487594467722459,-0.026427289454395403,-2.086237017664662,0.7873270211216348,0.04588492352512707,0.1667880553532382,0.013655848741334572,29.71833829943583,-4.4390464341721225,-0.016739538933765993,-0.020339011468270676,-0.00376682803378936,-0.00281985971571197,0.036984423961604215,-1.055413015778012,14.919161477270691,1.1210470333568814,2.1981241510392127,-1.0,0.53,-0.02892657768162432,-0.8660254037844385,-0.5000000000000004,3,2.0,0.8992975440711719,True
ETHUSDT,trend_ema__directionboth_fast12_rsi_threshold52.0_slow89,trend_ema,2026-02-26 16:30:00+00:00,2026-02-26 16:45:00+00:00,short,0.01636692793676752,0.01716692793676752,target,1,0.40563323401128343,1,True,False,False,0.0007700478066277774,0.027741274471498274,0,0,0.01517474997480076,2032.48,2033.74,2006.28,2010.86,154900.579,2026-02-26 16:44:59.999000+00:00,312184685.89017,197833,82284.658,165846598.15227,-0.010694231031799284,-0.008487594467722459,-0.026427289454395403,-2.086237017664662,0.7873270211216348,0.04588492352512707,0.1667880553532382,0.013655848741334572,29.71833829943583,-4.4390464341721225,-0.016739538933765993,-0.020339011468270676,-0.00376682803378936,-0.00281985971571197,0.036984423961604215,-1.055413015778012,14.919161477270691,1.1210470333568814,2.1981241510392127,-1.0,0.53,-0.02892657768162432,-0.8660254037844385,-0.5000000000000004,3,2.0,0.8992975440711719,True
ETHUSDT,trend_ema__directionshort_only_fast12_rsi_threshold52.0_slow89,trend_ema,2026-02-26 16:30:00+00:00,2026-02-26 16:45:00+00:00,short,0.01636692793676752,0.01716692793676752,target,1,0.40563323401128343,1,True,False,False,0.0007700478066277774,0.027741274471498274,0,0,0.0154545019471451,2032.48,2033.74,2006.28,2010.86,154900.579,2026-02-26 16:44:59.999000+00:00,312184685.89017,197833,82284.658,165846598.15227,-0.010694231031799284,-0.008487594467722459,-0.026427289454395403,-2.086237017664662,0.7873270211216348,0.04588492352512707,0.1667880553532382,0.013655848741334572,29.71833829943583,-4.4390464341721225,-0.016739538933765993,-0.020339011468270676,-0.00376682803378936,-0.00281985971571197,0.036984423961604215,-1.055413015778012,14.919161477270691,1.1210470333568814,2.1981241510392127,-1.0,0.53,-0.02892657768162432,-0.8660254037844385,-0.5000000000000004,3,2.0,0.8992975440711719,True
SOLUSDT,trend_ema__directionshort_only_fast21_rsi_threshold55.0_slow89,trend_ema,2026-02-26 16:30:00+00:00,2026-02-26 16:45:00+00:00,short,0.018878239171330833,0.01967823917133083,target,1,0.33281210698046865,1,True,False,False,0.0008437681837246636,0.025865440509718108,0,0,0.009977800127082154,86.5,86.56,85.36,85.49,611999.84,2026-02-26 16:44:59.999000+00:00,52479245.8763,42598,275257.9,23590927.8395,-0.0118606041541407,-0.01058826577186778,-0.022095872623347553,-2.2802907026793426,0.8416666666666689,0.05000000000000178,0.10833333333332928,0.01403672944204004,33.35939465097657,-0.13870205696087173,-0.015597776504598955,-0.02036861189211312,-0.0031529602160705883,-0.0025931923620112762,0.032488904219282105,-1.0708795700589717,0.7178531634619778,0.9778418896805249,1.7920076356567363,-1.0,0.73,-0.02719617660446061,-0.8660254037844385,-0.5000000000000004,3,2.0,0.9046460756631345,True
ETHUSDT,trend_ema__directionboth_fast12_rsi_threshold58.0_slow89,trend_ema,2026-02-26 16:30:00+00:00,2026-02-26 16:45:00+00:00,short,0.01636692793676752,0.01716692793676752,target,1,0.40563323401128343,1,True,False,False,0.0007700478066277774,0.027741274471498274,0,0,0.015924913769432884,2032.48,2033.74,2006.28,2010.86,154900.579,2026-02-26 16:44:59.999000+00:00,312184685.89017,197833,82284.658,165846598.15227,-0.010694231031799284,-0.008487594467722459,-0.026427289454395403,-2.086237017664662,0.7873270211216348,0.04588492352512707,0.1667880553532382,0.013655848741334572,29.71833829943583,-4.4390464341721225,-0.016739538933765993,-0.020339011468270676,-0.00376682803378936,-0.00281985971571197,0.036984423961604215,-1.055413015778012,14.919161477270691,1.1210470333568814,2.1981241510392127,-1.0,0.53,-0.02892657768162432,-0.8660254037844385,-0.5000000000000004,3,2.0,0.89904222025903,True
SOLUSDT,trend_ema__directionshort_only_fast21_rsi_threshold52.0_slow89,trend_ema,2026-02-26 16:30:00+00:00,2026-02-26 16:45:00+00:00,short,0.018878239171330833,0.01967823917133083,target,1,0.33281210698046865,1,True,False,False,0.0008437681837246636,0.025865440509718108,0,0,0.007175124974187298,86.5,86.56,85.36,85.49,611999.84,2026-02-26 16:44:59.999000+00:00,52479245.8763,42598,275257.9,23590927.8395,-0.0118606041541407,-0.01058826577186778,-0.022095872623347553,-2.2802907026793426,0.8416666666666689,0.05000000000000178,0.10833333333332928,0.01403672944204004,33.35939465097657,-0.13870205696087173,-0.015597776504598955,-0.02036861189211312,-0.0031529602160705883,-0.0025931923620112762,0.032488904219282105,-1.0708795700589717,0.7178531634619778,0.9778418896805249,1.7920076356567363,-1.0,0.73,-0.02719617660446061,-0.8660254037844385,-0.5000000000000004,3,2.0,0.9020511631342998,True
ETHUSDT,trend_ema__directionboth_fast12_rsi_threshold55.0_slow89,trend_ema,2026-02-26 16:30:00+00:00,2026-02-26 16:45:00+00:00,short,0.01636692793676752,0.01716692793676752,target,1,0.40563323401128343,1,True,False,False,0.0007700478066277774,0.027741274471498274,0,0,0.016115573619376333,2032.48,2033.74,2006.28,2010.86,154900.579,2026-02-26 16:44:59.999000+00:00,312184685.89017,197833,82284.658,165846598.15227,-0.010694231031799284,-0.008487594467722459,-0.026427289454395403,-2.086237017664662,0.7873270211216348,0.04588492352512707,0.1667880553532382,0.013655848741334572,29.71833829943583,-4.4390464341721225,-0.016739538933765993,-0.020339011468270676,-0.00376682803378936,-0.00281985971571197,0.036984423961604215,-1.055413015778012,14.919161477270691,1.1210470333568814,2.1981241510392127,-1.0,0.53,-0.02892657768162432,-0.8660254037844385,-0.5000000000000004,3,2.0,0.89904222025903,True
SOLUSDT,trend_ema__directionboth_fast21_rsi_threshold55.0_slow89,trend_ema,2026-02-26 16:30:00+00:00,2026-02-26 16:45:00+00:00,short,0.018878239171330833,0.01967823917133083,target,1,0.33281210698046865,1,True,False,False,0.0008437681837246636,0.025865440509718108,0,0,0.01278047527997701,86.5,86.56,85.36,85.49,611999.84,2026-02-26 16:44:59.999000+00:00,52479245.8763,42598,275257.9,23590927.8395,-0.0118606041541407,-0.01058826577186778,-0.022095872623347553,-2.2802907026793426,0.8416666666666689,0.05000000000000178,0.10833333333332928,0.01403672944204004,33.35939465097657,-0.13870205696087173,-0.015597776504598955,-0.02036861189211312,-0.0031529602160705883,-0.0025931923620112762,0.032488904219282105,-1.0708795700589717,0.7178531634619778,0.9778418896805249,1.7920076356567363,-1.0,0.73,-0.02719617660446061,-0.8660254037844385,-0.5000000000000004,3,2.0,0.911986464367252,True
ETHUSDT,trend_ema__directionshort_only_fast12_rsi_threshold58.0_slow89,trend_ema,2026-02-26 16:30:00+00:00,2026-02-26 16:45:00+00:00,short,0.01636692793676752,0.01716692793676752,target,1,0.40563323401128343,1,True,False,False,0.0007700478066277774,0.027741274471498274,0,0,0.01573425391948944,2032.48,2033.74,2006.28,2010.86,154900.579,2026-02-26 16:44:59.999000+00:00,312184685.89017,197833,82284.658,165846598.15227,-0.010694231031799284,-0.008487594467722459,-0.026427289454395403,-2.086237017664662,0.7873270211216348,0.04588492352512707,0.1667880553532382,0.013655848741334572,29.71833829943583,-4.4390464341721225,-0.016739538933765993,-0.020339011468270676,-0.00376682803378936,-0.00281985971571197,0.036984423961604215,-1.055413015778012,14.919161477270691,1.1210470333568814,2.1981241510392127,-1.0,0.53,-0.02892657768162432,-0.8660254037844385,-0.5000000000000004,3,2.0,0.8992975440711719,True
ETHUSDT,trend_ema__directionshort_only_fast12_rsi_threshold55.0_slow89,trend_ema,2026-02-26 16:30:00+00:00,2026-02-26 16:45:00+00:00,short,0.01636692793676752,0.01716692793676752,target,1,0.40563323401128343,1,True,False,False,0.0007700478066277774,0.027741274471498274,0,0,0.01630623346931978,2032.48,2033.74,2006.28,2010.86,154900.579,2026-02-26 16:44:59.999000+00:00,312184685.89017,197833,82284.658,165846598.15227,-0.010694231031799284,-0.008487594467722459,-0.026427289454395403,-2.086237017664662,0.7873270211216348,0.04588492352512707,0.1667880553532382,0.013655848741334572,29.71833829943583,-4.4390464341721225,-0.016739538933765993,-0.020339011468270676,-0.00376682803378936,-0.00281985971571197,0.036984423961604215,-1.055413015778012,14.919161477270691,1.1210470333568814,2.1981241510392127,-1.0,0.53,-0.02892657768162432,-0.8660254037844385,-0.5000000000000004,3,2.0,0.89904222025903,True
SOLUSDT,trend_ema__directionshort_only_fast21_rsi_threshold55.0_slow89,trend_ema,2026-02-26 16:30:00+00:00,2026-02-26 16:45:00+00:00,short,0.018878239171330833,0.01967823917133083,target,1,0.33281210698046865,1,True,False,False,0.0008437681837246636,0.025865440509718108,0,0,0.009977800127082154,86.5,86.56,85.36,85.49,611999.84,2026-02-26 16:44:59.999000+00:00,52479245.8763,42598,275257.9,23590927.8395,-0.0118606041541407,-0.01058826577186778,-0.022095872623347553,-2.2802907026793426,0.8416666666666689,0.05000000000000178,0.10833333333332928,0.01403672944204004,33.35939465097657,-0.13870205696087173,-0.015597776504598955,-0.02036861189211312,-0.0031529602160705883,-0.0025931923620112762,0.032488904219282105,-1.0708795700589717,0.7178531634619778,0.9778418896805249,1.7920076356567363,-1.0,0.73,-0.02719617660446061,-0.8660254037844385,-0.5000000000000004,3,2.0,0.9098219321848586,True
SOLUSDT,trend_ema__directionshort_only_fast21_rsi_threshold52.0_slow89,trend_ema,2026-02-26 16:30:00+00:00,2026-02-26 16:45:00+00:00,short,0.018878239171330833,0.01967823917133083,target,1,0.33281210698046865,1,True,False,False,0.0008437681837246636,0.025865440509718108,0,0,0.007175124974187298,86.5,86.56,85.36,85.49,611999.84,2026-02-26 16:44:59.999000+00:00,52479245.8763,42598,275257.9,23590927.8395,-0.0118606041541407,-0.01058826577186778,-0.022095872623347553,-2.2802907026793426,0.8416666666666689,0.05000000000000178,0.10833333333332928,0.01403672944204004,33.35939465097657,-0.13870205696087173,-0.015597776504598955,-0.02036861189211312,-0.0031529602160705883,-0.0025931923620112762,0.032488904219282105,-1.0708795700589717,0.7178531634619778,0.9778418896805249,1.7920076356567363,-1.0,0.73,-0.02719617660446061,-0.8660254037844385,-0.5000000000000004,3,2.0,0.907559546590826,True
ETHUSDT,trend_ema__directionshort_only_fast12_rsi_threshold58.0_slow89,trend_ema,2026-02-26 16:30:00+00:00,2026-02-26 16:45:00+00:00,short,0.01636692793676752,0.01716692793676752,target,1,0.40563323401128343,1,True,False,False,0.0007700478066277774,0.027741274471498274,0,0,0.01573425391948944,2032.48,2033.74,2006.28,2010.86,154900.579,2026-02-26 16:44:59.999000+00:00,312184685.89017,197833,82284.658,165846598.15227,-0.010694231031799284,-0.008487594467722459,-0.026427289454395403,-2.086237017664662,0.7873270211216348,0.04588492352512707,0.1667880553532382,0.013655848741334572,29.71833829943583,-4.4390464341721225,-0.016739538933765993,-0.020339011468270676,-0.00376682803378936,-0.00281985971571197,0.036984423961604215,-1.055413015778012,14.919161477270691,1.1210470333568814,2.1981241510392127,-1.0,0.53,-0.02892657768162432,-0.8660254037844385,-0.5000000000000004,3,2.0,0.89904222025903,True
ETHUSDT,trend_ema__directionshort_only_fast12_rsi_threshold52.0_slow89,trend_ema,2026-02-26 16:30:00+00:00,2026-02-26 16:45:00+00:00,short,0.01636692793676752,0.01716692793676752,target,1,0.40563323401128343,1,True,False,False,0.0007700478066277774,0.027741274471498274,0,0,0.0154545019471451,2032.48,2033.74,2006.28,2010.86,154900.579,2026-02-26 16:44:59.999000+00:00,312184685.89017,197833,82284.658,165846598.15227,-0.010694231031799284,-0.008487594467722459,-0.026427289454395403,-2.086237017664662,0.7873270211216348,0.04588492352512707,0.1667880553532382,0.013655848741334572,29.71833829943583,-4.4390464341721225,-0.016739538933765993,-0.020339011468270676,-0.00376682803378936,-0.00281985971571197,0.036984423961604215,-1.055413015778012,14.919161477270691,1.1210470333568814,2.1981241510392127,-1.0,0.53,-0.02892657768162432,-0.8660254037844385,-0.5000000000000004,3,2.0,0.89904222025903,True
ETHUSDT,trend_ema__directionshort_only_fast21_rsi_threshold52.0_slow89,trend_ema,2026-02-26 17:00:00+00:00,2026-02-26 18:30:00+00:00,short,-0.013217737146412882,-0.012417737146412882,stop,6,0.4725217360877431,0,False,True,False,0.013334845381329886,0.00458622412340308,0,0,0.016341895429073754,1982.88,1995.98,1981.2,1988.31,112859.177,2026-02-26 17:14:59.999000+00:00,224545882.35796,193648,61959.994,123268918.67354,0.0027296552001287054,-0.018536489009630255,-0.03738988527287033,-3.7179904146312057,0.36738836265222236,0.5189445196211155,0.11366711772666216,0.007433448506520599,26.373913195612843,-6.838939091768166,-0.02290732164306183,-0.029354518325937613,-0.0069369224482019876,-0.004272437888791836,0.05339931150674587,-1.012139398776264,16.296164743156883,0.3224712919219246,1.3586994842056954,-1.0,0.75,-0.039816299329714866,-0.9659258262890683,-0.25881904510252063,3,2.0,0.8429426332433886,True
ETHUSDT,trend_ema__directionshort_only_fast21_rsi_threshold52.0_slow89,trend_ema,2026-02-26 17:00:00+00:00,2026-02-26 18:30:00+00:00,short,-0.013217737146412882,-0.012417737146412882,stop,6,0.4725217360877431,0,False,True,False,0.013334845381329886,0.00458622412340308,0,0,0.016341895429073754,1982.88,1995.98,1981.2,1988.31,112859.177,2026-02-26 17:14:59.999000+00:00,224545882.35796,193648,61959.994,123268918.67354,0.0027296552001287054,-0.018536489009630255,-0.03738988527287033,-3.7179904146312057,0.36738836265222236,0.5189445196211155,0.11366711772666216,0.007433448506520599,26.373913195612843,-6.838939091768166,-0.02290732164306183,-0.029354518325937613,-0.0069369224482019876,-0.004272437888791836,0.05339931150674587,-1.012139398776264,16.296164743156883,0.3224712919219246,1.3586994842056954,-1.0,0.75,-0.039816299329714866,-0.9659258262890683,-0.25881904510252063,3,2.0,0.8534265906449551,True
HYPEUSDT,trend_ema__directionlong_only_fast9_rsi_threshold58.0_slow89,trend_ema,2026-02-27 03:15:00+00:00,2026-02-27 04:00:00+00:00,long,0.013370450612767261,0.014170450612767262,target,3,0.24812663583423386,1,True,False,False,0.001202082051775161,0.025205742113077842,0,0,0.008870047569346706,28.51,28.63,28.485,28.511,54676.81,2026-02-27 03:29:59.999000+00:00,1560565.31593,8944,30620.16,874026.47596,0.0,0.005521864026149122,0.004429141098899233,2.216889255086505,0.006896551724121879,0.8206896551724147,0.1724137931034635,0.005085756374732545,62.40633179171169,0.04614922203817015,0.006475011344982247,0.005836502497236228,0.0021867435846913974,0.0009307444298414236,0.0204843854207331,0.7891635591977666,0.1604366259921866,0.10291298292648118,1.0497478375094442,-1.0,0.04,0.0,0.7071067811865476,0.7071067811865476,4,0.0,0.7950432948605431,True
HYPEUSDT,trend_ema__directionlong_only_fast9_rsi_threshold58.0_slow89,trend_ema,2026-02-27 03:15:00+00:00,2026-02-27 04:00:00+00:00,long,0.013370450612767261,0.014170450612767262,target,3,0.24812663583423386,1,True,False,False,0.001202082051775161,0.025205742113077842,0,0,0.008870047569346706,28.51,28.63,28.485,28.511,54676.81,2026-02-27 03:29:59.999000+00:00,1560565.31593,8944,30620.16,874026.47596,0.0,0.005521864026149122,0.004429141098899233,2.216889255086505,0.006896551724121879,0.8206896551724147,0.1724137931034635,0.005085756374732545,62.40633179171169,0.04614922203817015,0.006475011344982247,0.005836502497236228,0.0021867435846913974,0.0009307444298414236,0.0204843854207331,0.7891635591977666,0.1604366259921866,0.10291298292648118,1.0497478375094442,-1.0,0.04,0.0,0.7071067811865476,0.7071067811865476,4,0.0,0.7847895016151581,True
HYPEUSDT,trend_ema__directionboth_fast9_rsi_threshold58.0_slow89,trend_ema,2026-02-27 03:15:00+00:00,2026-02-27 04:00:00+00:00,long,0.013370450612767261,0.014170450612767262,target,3,0.24812663583423386,1,True,False,False,0.001202082051775161,0.025205742113077842,0,0,0.009242557379574285,28.51,28.63,28.485,28.511,54676.81,2026-02-27 03:29:59.999000+00:00,1560565.31593,8944,30620.16,874026.47596,0.0,0.005521864026149122,0.004429141098899233,2.216889255086505,0.006896551724121879,0.8206896551724147,0.1724137931034635,0.005085756374732545,62.40633179171169,0.04614922203817015,0.006475011344982247,0.005836502497236228,0.0021867435846913974,0.0009307444298414236,0.0204843854207331,0.7891635591977666,0.1604366259921866,0.10291298292648118,1.0497478375094442,-1.0,0.04,0.0,0.7071067811865476,0.7071067811865476,4,0.0,0.7950432948605431,True
HYPEUSDT,trend_ema__directionboth_fast9_rsi_threshold58.0_slow89,trend_ema,2026-02-27 03:15:00+00:00,2026-02-27 04:00:00+00:00,long,0.013370450612767261,0.014170450612767262,target,3,0.24812663583423386,1,True,False,False,0.001202082051775161,0.025205742113077842,0,0,0.009242557379574285,28.51,28.63,28.485,28.511,54676.81,2026-02-27 03:29:59.999000+00:00,1560565.31593,8944,30620.16,874026.47596,0.0,0.005521864026149122,0.004429141098899233,2.216889255086505,0.006896551724121879,0.8206896551724147,0.1724137931034635,0.005085756374732545,62.40633179171169,0.04614922203817015,0.006475011344982247,0.005836502497236228,0.0021867435846913974,0.0009307444298414236,0.0204843854207331,0.7891635591977666,0.1604366259921866,0.10291298292648118,1.0497478375094442,-1.0,0.04,0.0,0.7071067811865476,0.7071067811865476,4,0.0,0.7847895016151581,True
HYPEUSDT,trend_ema__directionlong_only_fast9_rsi_threshold58.0_slow55,trend_ema,2026-02-27 03:15:00+00:00,2026-02-27 04:00:00+00:00,long,0.013370450612767261,0.014170450612767262,target,3,0.24812663583423386,1,True,False,False,0.001202082051775161,0.025205742113077842,0,0,0.009056302474460496,28.51,28.63,28.485,28.511,54676.81,2026-02-27 03:29:59.999000+00:00,1560565.31593,8944,30620.16,874026.47596,0.0,0.005521864026149122,0.004429141098899233,2.216889255086505,0.006896551724121879,0.8206896551724147,0.1724137931034635,0.005085756374732545,62.40633179171169,0.04614922203817015,0.006475011344982247,0.005836502497236228,0.0021867435846913974,0.0009307444298414236,0.0204843854207331,0.7891635591977666,0.1604366259921866,0.10291298292648118,1.0497478375094442,-1.0,0.04,0.0,0.7071067811865476,0.7071067811865476,4,0.0,0.7950432948605431,True
HYPEUSDT,trend_ema__directionlong_only_fast9_rsi_threshold58.0_slow55,trend_ema,2026-02-27 03:15:00+00:00,2026-02-27 04:00:00+00:00,long,0.013370450612767261,0.014170450612767262,target,3,0.24812663583423386,1,True,False,False,0.001202082051775161,0.025205742113077842,0,0,0.009056302474460496,28.51,28.63,28.485,28.511,54676.81,2026-02-27 03:29:59.999000+00:00,1560565.31593,8944,30620.16,874026.47596,0.0,0.005521864026149122,0.004429141098899233,2.216889255086505,0.006896551724121879,0.8206896551724147,0.1724137931034635,0.005085756374732545,62.40633179171169,0.04614922203817015,0.006475011344982247,0.005836502497236228,0.0021867435846913974,0.0009307444298414236,0.0204843854207331,0.7891635591977666,0.1604366259921866,0.10291298292648118,1.0497478375094442,-1.0,0.04,0.0,0.7071067811865476,0.7071067811865476,4,0.0,0.7847895016151581,True
HYPEUSDT,trend_ema__directionlong_only_fast12_rsi_threshold58.0_slow55,trend_ema,2026-02-27 03:30:00+00:00,2026-02-27 04:00:00+00:00,long,0.013265355298433108,0.014065355298433108,target,2,0.3688782165826774,1,True,False,False,0.0012721436341227793,0.025133828130045256,0,0,0.008644679131923794,28.512,28.688,28.48,28.656,47482.88,2026-02-27 03:44:59.999000+00:00,1358537.46844,9065,30756.54,880092.20144,0.005072867596767202,0.007460760714424097,0.014057020896806322,2.882547124780324,0.6923076923076896,0.15384615384615516,0.15384615384615516,0.007258514796203183,68.44391082913387,0.05371101664747424,0.010406815693345919,0.010440835449193463,0.0025561499923703046,0.001312395542796052,0.023590783017405113,1.0729985989880766,0.16383400984988744,-0.15091295159613996,0.9267238777042248,1.0,0.08,0.0,0.7071067811865476,0.7071067811865476,4,0.0,0.8788764937802146,True
HYPEUSDT,trend_ema__directionlong_only_fast12_rsi_threshold58.0_slow55,trend_ema,2026-02-27 03:30:00+00:00,2026-02-27 04:00:00+00:00,long,0.013265355298433108,0.014065355298433108,target,2,0.3688782165826774,1,True,False,False,0.0012721436341227793,0.025133828130045256,0,0,0.008644679131923794,28.512,28.688,28.48,28.656,47482.88,2026-02-27 03:44:59.999000+00:00,1358537.46844,9065,30756.54,880092.20144,0.005072867596767202,0.007460760714424097,0.014057020896806322,2.882547124780324,0.6923076923076896,0.15384615384615516,0.15384615384615516,0.007258514796203183,68.44391082913387,0.05371101664747424,0.010406815693345919,0.010440835449193463,0.0025561499923703046,0.001312395542796052,0.023590783017405113,1.0729985989880766,0.16383400984988744,-0.15091295159613996,0.9267238777042248,1.0,0.08,0.0,0.7071067811865476,0.7071067811865476,4,0.0,0.8683925240684046,True
HYPEUSDT,trend_ema__directionlong_only_fast21_rsi_threshold58.0_slow34,trend_ema,2026-02-27 03:45:00+00:00,2026-02-27 04:00:00+00:00,long,0.013491024430670899,0.0142910244306709,target,1,0.4763171328024171,1,True,False,False,0.0016503108006720028,0.019982401858035032,0,0,0.01337199846312421,28.656,28.846,28.613,28.828,73682.37,2026-02-27 03:59:59.999000+00:00,2118004.5107,12037,42915.21,1233275.92973,0.005984291743838637,0.01200461094231621,0.025292903732243383,4.217192737853649,0.7381974248927047,0.07725321888412293,0.18454935622317237,0.00808241986957127,73.81585664012086,0.0665781496727546,0.014757703323590573,0.01570398363449226,0.003377491394230825,0.0017937522535738104,0.02880185875603999,1.2479750929720324,0.16877443771775266,0.8604671203690167,1.4173259199176211,1.0,0.14,0.0,0.7071067811865476,0.7071067811865476,4,0.0,0.9305951421972675,True
HYPEUSDT,trend_ema__directionboth_fast21_rsi_threshold55.0_slow89,trend_ema,2026-02-27 03:45:00+00:00,2026-02-27 04:00:00+00:00,long,0.013491024430670899,0.0142910244306709,target,1,0.4763171328024171,1,True,False,False,0.0016503108006720028,0.019982401858035032,0,0,0.011166769192045602,28.656,28.846,28.613,28.828,73682.37,2026-02-27 03:59:59.999000+00:00,2118004.5107,12037,42915.21,1233275.92973,0.005984291743838637,0.01200461094231621,0.025292903732243383,4.217192737853649,0.7381974248927047,0.07725321888412293,0.18454935622317237,0.00808241986957127,73.81585664012086,0.0665781496727546,0.014757703323590573,0.01570398363449226,0.003377491394230825,0.0017937522535738104,0.02880185875603999,1.2479750929720324,0.16877443771775266,0.8604671203690167,1.4173259199176211,1.0,0.14,0.0,0.7071067811865476,0.7071067811865476,4,0.0,0.9293946324127084,True
SOLUSDT,trend_ema__directionlong_only_fast12_rsi_threshold58.0_slow55,trend_ema,2026-02-27 03:45:00+00:00,2026-02-27 09:45:00+00:00,long,-0.008556176995458164,-0.007756176995458164,stop,24,0.40317494984922064,0,False,True,False,0.011051590281657489,0.012817204011846235,0,4,-0.003095327724596706,87.13,87.77,86.97,87.57,470771.94,2026-02-27 03:59:59.999000+00:00,41122469.785,29902,264344.15,23093691.1902,0.005037217290937489,0.012062872449274944,0.019720410737718495,3.4597618511017103,0.5499999999999992,0.25000000000000444,0.19999999999999646,0.009135548703893995,70.15874749246103,0.17122556024200714,0.014491733063029573,0.015045458265652251,0.00304098265561481,0.0014259573307873197,0.025869931010002047,1.3308843260943986,0.4755553296477943,3.447745811028089,3.054519559301632,1.0,0.32,0.0,0.7071067811865476,0.7071067811865476,4,0.0,0.7331565511486422,True
SOLUSDT,trend_ema__directionlong_only_fast9_rsi_threshold58.0_slow89,trend_ema,2026-02-27 03:45:00+00:00,2026-02-27 09:45:00+00:00,long,-0.008556176995458164,-0.007756176995458164,stop,24,0.40317494984922064,0,False,True,False,0.011051590281657489,0.012817204011846235,0,4,-0.005540971834585683,87.13,87.77,86.97,87.57,470771.94,2026-02-27 03:59:59.999000+00:00,41122469.785,29902,264344.15,23093691.1902,0.005037217290937489,0.012062872449274944,0.019720410737718495,3.4597618511017103,0.5499999999999992,0.25000000000000444,0.19999999999999646,0.009135548703893995,70.15874749246103,0.17122556024200714,0.014491733063029573,0.015045458265652251,0.00304098265561481,0.0014259573307873197,0.025869931010002047,1.3308843260943986,0.4755553296477943,3.447745811028089,3.054519559301632,1.0,0.32,0.0,0.7071067811865476,0.7071067811865476,4,0.0,0.7107040650166284,True
SOLUSDT,trend_ema__directionlong_only_fast12_rsi_threshold58.0_slow55,trend_ema,2026-02-27 03:45:00+00:00,2026-02-27 09:45:00+00:00,long,-0.008556176995458164,-0.007756176995458164,stop,24,0.40317494984922064,0,False,True,False,0.011051590281657489,0.012817204011846235,0,4,-0.003095327724596706,87.13,87.77,86.97,87.57,470771.94,2026-02-27 03:59:59.999000+00:00,41122469.785,29902,264344.15,23093691.1902,0.005037217290937489,0.012062872449274944,0.019720410737718495,3.4597618511017103,0.5499999999999992,0.25000000000000444,0.19999999999999646,0.009135548703893995,70.15874749246103,0.17122556024200714,0.014491733063029573,0.015045458265652251,0.00304098265561481,0.0014259573307873197,0.025869931010002047,1.3308843260943986,0.4755553296477943,3.447745811028089,3.054519559301632,1.0,0.32,0.0,0.7071067811865476,0.7071067811865476,4,0.0,0.7619774360772031,True
HYPEUSDT,trend_ema__directionboth_fast21_rsi_threshold55.0_slow89,trend_ema,2026-02-27 03:45:00+00:00,2026-02-27 04:00:00+00:00,long,0.013491024430670899,0.0142910244306709,target,1,0.4763171328024171,1,True,False,False,0.0016503108006720028,0.019982401858035032,0,0,0.011166769192045602,28.656,28.846,28.613,28.828,73682.37,2026-02-27 03:59:59.999000+00:00,2118004.5107,12037,42915.21,1233275.92973,0.005984291743838637,0.01200461094231621,0.025292903732243383,4.217192737853649,0.7381974248927047,0.07725321888412293,0.18454935622317237,0.00808241986957127,73.81585664012086,0.0665781496727546,0.014757703323590573,0.01570398363449226,0.003377491394230825,0.0017937522535738104,0.02880185875603999,1.2479750929720324,0.16877443771775266,0.8604671203690167,1.4173259199176211,1.0,0.14,0.0,0.7071067811865476,0.7071067811865476,4,0.0,0.9254975852173436,True
HYPEUSDT,trend_ema__directionlong_only_fast21_rsi_threshold58.0_slow34,trend_ema,2026-02-27 03:45:00+00:00,2026-02-27 04:00:00+00:00,long,0.013491024430670899,0.0142910244306709,target,1,0.4763171328024171,1,True,False,False,0.0016503108006720028,0.019982401858035032,0,0,0.01337199846312421,28.656,28.846,28.613,28.828,73682.37,2026-02-27 03:59:59.999000+00:00,2118004.5107,12037,42915.21,1233275.92973,0.005984291743838637,0.01200461094231621,0.025292903732243383,4.217192737853649,0.7381974248927047,0.07725321888412293,0.18454935622317237,0.00808241986957127,73.81585664012086,0.0665781496727546,0.014757703323590573,0.01570398363449226,0.003377491394230825,0.0017937522535738104,0.02880185875603999,1.2479750929720324,0.16877443771775266,0.8604671203690167,1.4173259199176211,1.0,0.14,0.0,0.7071067811865476,0.7071067811865476,4,0.0,0.9255447657907314,True
ETHUSDT,trend_ema__directionlong_only_fast9_rsi_threshold58.0_slow55,trend_ema,2026-02-27 04:00:00+00:00,2026-02-27 06:15:00+00:00,long,-0.008551646334054232,-0.007751646334054231,stop,9,0.3753022458656136,0,False,True,False,0.008605627296459669,0.009254426517506104,0,0,0.01522298162300137,2044.48,2058.44,2042.04,2051.87,118975.315,2026-02-27 04:14:59.999000+00:00,243973478.06988,137382,59764.615,122560956.99434,0.0036080940432959355,0.015258099861047682,0.013241132931793366,5.196122224912896,0.4506097560975507,0.4006097560975687,0.14878048780488054,0.007992709089757194,68.76511229328068,3.3472076585597366,0.01218699892688586,0.011893976595586612,0.0027310794082204826,0.0007036834866460673,0.021641760656472372,1.297612491329066,10.983620020433909,3.118823165861514,3.5334618350780453,-1.0,0.5,0.0,0.8660254037844386,0.5000000000000001,4,0.0,0.8664691338281698,True
ETHUSDT,trend_ema__directionlong_only_fast9_rsi_threshold58.0_slow55,trend_ema,2026-02-27 04:00:00+00:00,2026-02-27 06:15:00+00:00,long,-0.008551646334054232,-0.007751646334054231,stop,9,0.3753022458656136,0,False,True,False,0.008605627296459669,0.009254426517506104,0,0,0.01522298162300137,2044.48,2058.44,2042.04,2051.87,118975.315,2026-02-27 04:14:59.999000+00:00,243973478.06988,137382,59764.615,122560956.99434,0.0036080940432959355,0.015258099861047682,0.013241132931793366,5.196122224912896,0.4506097560975507,0.4006097560975687,0.14878048780488054,0.007992709089757194,68.76511229328068,3.3472076585597366,0.01218699892688586,0.011893976595586612,0.0027310794082204826,0.0007036834866460673,0.021641760656472372,1.297612491329066,10.983620020433909,3.118823165861514,3.5334618350780453,-1.0,0.5,0.0,0.8660254037844386,0.5000000000000001,4,0.0,0.835900623119923,True
ZECUSDT,trend_ema__directionshort_only_fast21_rsi_threshold55.0_slow55,trend_ema,2026-02-27 07:30:00+00:00,2026-02-27 08:45:00+00:00,short,-0.010013290552442801,-0.0092132905524428,stop,5,0.22694211355316513,0,False,True,False,0.00985899271678451,0.004851568212623014,0,0,0.02147148772117146,237.96,238.51,236.77,237.76,14187.784,2026-02-27 07:44:59.999000+00:00,3370691.05221,14870,6411.607,1523757.84167,-0.0008408307903106208,-0.011749345957652643,-0.005076259510891382,-2.623372983377255,0.11494252873564326,0.31609195402298224,0.5689655172413746,0.0073183041722744814,38.652894322341744,-0.5289776180156701,-0.009416295010157772,-0.009923778132041322,-0.0026234650756717937,-0.0010942825807900292,0.03330131326089494,-0.7153231320783445,1.481278804222002,1.1287447729940787,1.6360838096498589,-1.0,0.83,-0.02677036430618096,0.9659258262890683,-0.25881904510252063,4,0.0,0.8655636691760099,True
ZECUSDT,trend_ema__directionshort_only_fast21_rsi_threshold55.0_slow55,trend_ema,2026-02-27 07:30:00+00:00,2026-02-27 08:45:00+00:00,short,-0.010013290552442801,-0.0092132905524428,stop,5,0.22694211355316513,0,False,True,False,0.00985899271678451,0.004851568212623014,0,0,0.02147148772117146,237.96,238.51,236.77,237.76,14187.784,2026-02-27 07:44:59.999000+00:00,3370691.05221,14870,6411.607,1523757.84167,-0.0008408307903106208,-0.011749345957652643,-0.005076259510891382,-2.623372983377255,0.11494252873564326,0.31609195402298224,0.5689655172413746,0.0073183041722744814,38.652894322341744,-0.5289776180156701,-0.009416295010157772,-0.009923778132041322,-0.0026234650756717937,-0.0010942825807900292,0.03330131326089494,-0.7153231320783445,1.481278804222002,1.1287447729940787,1.6360838096498589,-1.0,0.83,-0.02677036430618096,0.9659258262890683,-0.25881904510252063,4,0.0,0.8817954325573112,True
ETHUSDT,trend_ema__directionboth_fast21_rsi_threshold55.0_slow89,trend_ema,2026-02-27 10:00:00+00:00,2026-02-27 10:45:00+00:00,short,0.012311219137494578,0.013111219137494579,target,3,0.49586313696063344,1,True,False,False,0.0021365710519133645,0.015543213148232421,0,0,0.0025052075038588884,2008.81,2012.8,1983.0,1985.52,200704.007,2026-02-27 10:14:59.999000+00:00,400518861.73456,242127,83259.016,166162867.98166,-0.011656684293338068,-0.024747643658371333,-0.025356713911839454,-6.640780081555462,0.7815436241610738,0.13389261744966494,0.08456375838926126,0.015008662718078868,25.20684315196833,-4.7046082553698785,-0.02056572596586105,-0.022108122329741884,-0.003974081813793107,-0.0014601985111599713,0.026479887897409203,-1.682151870284944,11.909770471538577,3.846860360953762,4.174523984047988,-1.0,0.79,-0.029014353131036508,0.49999999999999994,-0.8660254037844387,4,1.0,0.9484211449746691,True
ETHUSDT,trend_ema__directionshort_only_fast21_rsi_threshold58.0_slow55,trend_ema,2026-02-27 10:00:00+00:00,2026-02-27 10:45:00+00:00,short,0.012311219137494578,0.013111219137494579,target,3,0.49586313696063344,1,True,False,False,0.0021365710519133645,0.015543213148232421,0,0,0.01231121913749458,2008.81,2012.8,1983.0,1985.52,200704.007,2026-02-27 10:14:59.999000+00:00,400518861.73456,242127,83259.016,166162867.98166,-0.011656684293338068,-0.024747643658371333,-0.025356713911839454,-6.640780081555462,0.7815436241610738,0.13389261744966494,0.08456375838926126,0.015008662718078868,25.20684315196833,-4.7046082553698785,-0.02056572596586105,-0.022108122329741884,-0.003974081813793107,-0.0014601985111599713,0.026479887897409203,-1.682151870284944,11.909770471538577,3.846860360953762,4.174523984047988,-1.0,0.79,-0.029014353131036508,0.49999999999999994,-0.8660254037844387,4,1.0,0.9457841039753231,True
ETHUSDT,trend_ema__directionboth_fast9_rsi_threshold58.0_slow89,trend_ema,2026-02-27 10:00:00+00:00,2026-02-27 10:45:00+00:00,short,0.012311219137494578,0.013111219137494579,target,3,0.49586313696063344,1,True,False,False,0.0021365710519133645,0.015543213148232421,0,0,0.009758323509103833,2008.81,2012.8,1983.0,1985.52,200704.007,2026-02-27 10:14:59.999000+00:00,400518861.73456,242127,83259.016,166162867.98166,-0.011656684293338068,-0.024747643658371333,-0.025356713911839454,-6.640780081555462,0.7815436241610738,0.13389261744966494,0.08456375838926126,0.015008662718078868,25.20684315196833,-4.7046082553698785,-0.02056572596586105,-0.022108122329741884,-0.003974081813793107,-0.0014601985111599713,0.026479887897409203,-1.682151870284944,11.909770471538577,3.846860360953762,4.174523984047988,-1.0,0.79,-0.029014353131036508,0.49999999999999994,-0.8660254037844387,4,1.0,0.9468936631242824,True
ETHUSDT,trend_ema__directionshort_only_fast21_rsi_threshold58.0_slow55,trend_ema,2026-02-27 10:00:00+00:00,2026-02-27 10:45:00+00:00,short,0.012311219137494578,0.013111219137494579,target,3,0.49586313696063344,1,True,False,False,0.0021365710519133645,0.015543213148232421,0,0,0.01231121913749458,2008.81,2012.8,1983.0,1985.52,200704.007,2026-02-27 10:14:59.999000+00:00,400518861.73456,242127,83259.016,166162867.98166,-0.011656684293338068,-0.024747643658371333,-0.025356713911839454,-6.640780081555462,0.7815436241610738,0.13389261744966494,0.08456375838926126,0.015008662718078868,25.20684315196833,-4.7046082553698785,-0.02056572596586105,-0.022108122329741884,-0.003974081813793107,-0.0014601985111599713,0.026479887897409203,-1.682151870284944,11.909770471538577,3.846860360953762,4.174523984047988,-1.0,0.79,-0.029014353131036508,0.49999999999999994,-0.8660254037844387,4,1.0,0.9485474113910174,True
ETHUSDT,trend_ema__directionshort_only_fast12_rsi_threshold55.0_slow89,trend_ema,2026-02-27 10:00:00+00:00,2026-02-27 10:45:00+00:00,short,0.012311219137494578,0.013111219137494579,target,3,0.49586313696063344,1,True,False,False,0.0021365710519133645,0.015543213148232421,0,0,0.01231121913749458,2008.81,2012.8,1983.0,1985.52,200704.007,2026-02-27 10:14:59.999000+00:00,400518861.73456,242127,83259.016,166162867.98166,-0.011656684293338068,-0.024747643658371333,-0.025356713911839454,-6.640780081555462,0.7815436241610738,0.13389261744966494,0.08456375838926126,0.015008662718078868,25.20684315196833,-4.7046082553698785,-0.02056572596586105,-0.022108122329741884,-0.003974081813793107,-0.0014601985111599713,0.026479887897409203,-1.682151870284944,11.909770471538577,3.846860360953762,4.174523984047988,-1.0,0.79,-0.029014353131036508,0.49999999999999994,-0.8660254037844387,4,1.0,0.9485474113910174,True
ETHUSDT,trend_ema__directionshort_only_fast9_rsi_threshold55.0_slow89,trend_ema,2026-02-27 10:00:00+00:00,2026-02-27 10:45:00+00:00,short,0.012311219137494578,0.013111219137494579,target,3,0.49586313696063344,1,True,False,False,0.0021365710519133645,0.015543213148232421,0,0,0.01231121913749458,2008.81,2012.8,1983.0,1985.52,200704.007,2026-02-27 10:14:59.999000+00:00,400518861.73456,242127,83259.016,166162867.98166,-0.011656684293338068,-0.024747643658371333,-0.025356713911839454,-6.640780081555462,0.7815436241610738,0.13389261744966494,0.08456375838926126,0.015008662718078868,25.20684315196833,-4.7046082553698785,-0.02056572596586105,-0.022108122329741884,-0.003974081813793107,-0.0014601985111599713,0.026479887897409203,-1.682151870284944,11.909770471538577,3.846860360953762,4.174523984047988,-1.0,0.79,-0.029014353131036508,0.49999999999999994,-0.8660254037844387,4,1.0,0.9485474113910174,True
ETHUSDT,trend_ema__directionshort_only_fast12_rsi_threshold58.0_slow89,trend_ema,2026-02-27 10:00:00+00:00,2026-02-27 10:45:00+00:00,short,0.012311219137494578,0.013111219137494579,target,3,0.49586313696063344,1,True,False,False,0.0021365710519133645,0.015543213148232421,0,0,0.01231121913749458,2008.81,2012.8,1983.0,1985.52,200704.007,2026-02-27 10:14:59.999000+00:00,400518861.73456,242127,83259.016,166162867.98166,-0.011656684293338068,-0.024747643658371333,-0.025356713911839454,-6.640780081555462,0.7815436241610738,0.13389261744966494,0.08456375838926126,0.015008662718078868,25.20684315196833,-4.7046082553698785,-0.02056572596586105,-0.022108122329741884,-0.003974081813793107,-0.0014601985111599713,0.026479887897409203,-1.682151870284944,11.909770471538577,3.846860360953762,4.174523984047988,-1.0,0.79,-0.029014353131036508,0.49999999999999994,-0.8660254037844387,4,1.0,0.9485474113910174,True
ETHUSDT,trend_ema__directionshort_only_fast21_rsi_threshold52.0_slow89,trend_ema,2026-02-27 10:00:00+00:00,2026-02-27 10:45:00+00:00,short,0.012311219137494578,0.013111219137494579,target,3,0.49586313696063344,1,True,False,False,0.0021365710519133645,0.015543213148232421,0,0,0.01231121913749458,2008.81,2012.8,1983.0,1985.52,200704.007,2026-02-27 10:14:59.999000+00:00,400518861.73456,242127,83259.016,166162867.98166,-0.011656684293338068,-0.024747643658371333,-0.025356713911839454,-6.640780081555462,0.7815436241610738,0.13389261744966494,0.08456375838926126,0.015008662718078868,25.20684315196833,-4.7046082553698785,-0.02056572596586105,-0.022108122329741884,-0.003974081813793107,-0.0014601985111599713,0.026479887897409203,-1.682151870284944,11.909770471538577,3.846860360953762,4.174523984047988,-1.0,0.79,-0.029014353131036508,0.49999999999999994,-0.8660254037844387,4,1.0,0.9485474113910174,True
ETHUSDT,trend_ema__directionshort_only_fast21_rsi_threshold58.0_slow89,trend_ema,2026-02-27 10:00:00+00:00,2026-02-27 10:45:00+00:00,short,0.012311219137494578,0.013111219137494579,target,3,0.49586313696063344,1,True,False,False,0.0021365710519133645,0.015543213148232421,0,0,0.007205427880713086,2008.81,2012.8,1983.0,1985.52,200704.007,2026-02-27 10:14:59.999000+00:00,400518861.73456,242127,83259.016,166162867.98166,-0.011656684293338068,-0.024747643658371333,-0.025356713911839454,-6.640780081555462,0.7815436241610738,0.13389261744966494,0.08456375838926126,0.015008662718078868,25.20684315196833,-4.7046082553698785,-0.02056572596586105,-0.022108122329741884,-0.003974081813793107,-0.0014601985111599713,0.026479887897409203,-1.682151870284944,11.909770471538577,3.846860360953762,4.174523984047988,-1.0,0.79,-0.029014353131036508,0.49999999999999994,-0.8660254037844387,4,1.0,0.9471406422008094,True
ETHUSDT,trend_ema__directionshort_only_fast12_rsi_threshold52.0_slow89,trend_ema,2026-02-27 10:00:00+00:00,2026-02-27 10:45:00+00:00,short,0.012311219137494578,0.013111219137494579,target,3,0.49586313696063344,1,True,False,False,0.0021365710519133645,0.015543213148232421,0,4,0.0041274910235680655,2008.81,2012.8,1983.0,1985.52,200704.007,2026-02-27 10:14:59.999000+00:00,400518861.73456,242127,83259.016,166162867.98166,-0.011656684293338068,-0.024747643658371333,-0.025356713911839454,-6.640780081555462,0.7815436241610738,0.13389261744966494,0.08456375838926126,0.015008662718078868,25.20684315196833,-4.7046082553698785,-0.02056572596586105,-0.022108122329741884,-0.003974081813793107,-0.0014601985111599713,0.026479887897409203,-1.682151870284944,11.909770471538577,3.846860360953762,4.174523984047988,-1.0,0.79,-0.029014353131036508,0.49999999999999994,-0.8660254037844387,4,1.0,0.8926263557508203,True
ETHUSDT,trend_ema__directionboth_fast12_rsi_threshold58.0_slow89,trend_ema,2026-02-27 10:00:00+00:00,2026-02-27 10:45:00+00:00,short,0.012311219137494578,0.013111219137494579,target,3,0.49586313696063344,1,True,False,False,0.0021365710519133645,0.015543213148232421,0,0,0.002099636623931594,2008.81,2012.8,1983.0,1985.52,200704.007,2026-02-27 10:14:59.999000+00:00,400518861.73456,242127,83259.016,166162867.98166,-0.011656684293338068,-0.024747643658371333,-0.025356713911839454,-6.640780081555462,0.7815436241610738,0.13389261744966494,0.08456375838926126,0.015008662718078868,25.20684315196833,-4.7046082553698785,-0.02056572596586105,-0.022108122329741884,-0.003974081813793107,-0.0014601985111599713,0.026479887897409203,-1.682151870284944,11.909770471538577,3.846860360953762,4.174523984047988,-1.0,0.79,-0.029014353131036508,0.49999999999999994,-0.8660254037844387,4,1.0,0.9484211449746691,True
ETHUSDT,trend_ema__directionboth_fast12_rsi_threshold55.0_slow89,trend_ema,2026-02-27 10:00:00+00:00,2026-02-27 10:45:00+00:00,short,0.012311219137494578,0.013111219137494579,target,3,0.49586313696063344,1,True,False,False,0.0021365710519133645,0.015543213148232421,0,4,0.00453306190349536,2008.81,2012.8,1983.0,1985.52,200704.007,2026-02-27 10:14:59.999000+00:00,400518861.73456,242127,83259.016,166162867.98166,-0.011656684293338068,-0.024747643658371333,-0.025356713911839454,-6.640780081555462,0.7815436241610738,0.13389261744966494,0.08456375838926126,0.015008662718078868,25.20684315196833,-4.7046082553698785,-0.02056572596586105,-0.022108122329741884,-0.003974081813793107,-0.0014601985111599713,0.026479887897409203,-1.682151870284944,11.909770471538577,3.846860360953762,4.174523984047988,-1.0,0.79,-0.029014353131036508,0.49999999999999994,-0.8660254037844387,4,1.0,0.8926263557508203,True
ETHUSDT,trend_ema__directionshort_only_fast21_rsi_threshold55.0_slow55,trend_ema,2026-02-27 10:00:00+00:00,2026-02-27 10:45:00+00:00,short,0.012311219137494578,0.013111219137494579,target,3,0.49586313696063344,1,True,False,False,0.0021365710519133645,0.015543213148232421,0,3,0.003721920143640771,2008.81,2012.8,1983.0,1985.52,200704.007,2026-02-27 10:14:59.999000+00:00,400518861.73456,242127,83259.016,166162867.98166,-0.011656684293338068,-0.024747643658371333,-0.025356713911839454,-6.640780081555462,0.7815436241610738,0.13389261744966494,0.08456375838926126,0.015008662718078868,25.20684315196833,-4.7046082553698785,-0.02056572596586105,-0.022108122329741884,-0.003974081813793107,-0.0014601985111599713,0.026479887897409203,-1.682151870284944,11.909770471538577,3.846860360953762,4.174523984047988,-1.0,0.79,-0.029014353131036508,0.49999999999999994,-0.8660254037844387,4,1.0,0.8994239159709948,True
ETHUSDT,trend_ema__directionshort_only_fast21_rsi_threshold55.0_slow89,trend_ema,2026-02-27 10:00:00+00:00,2026-02-27 10:45:00+00:00,short,0.012311219137494578,0.013111219137494579,target,3,0.49586313696063344,1,True,False,False,0.0021365710519133645,0.015543213148232421,0,0,0.004652532252322339,2008.81,2012.8,1983.0,1985.52,200704.007,2026-02-27 10:14:59.999000+00:00,400518861.73456,242127,83259.016,166162867.98166,-0.011656684293338068,-0.024747643658371333,-0.025356713911839454,-6.640780081555462,0.7815436241610738,0.13389261744966494,0.08456375838926126,0.015008662718078868,25.20684315196833,-4.7046082553698785,-0.02056572596586105,-0.022108122329741884,-0.003974081813793107,-0.0014601985111599713,0.026479887897409203,-1.682151870284944,11.909770471538577,3.846860360953762,4.174523984047988,-1.0,0.79,-0.029014353131036508,0.49999999999999994,-0.8660254037844387,4,1.0,0.9484309162751599,True
ETHUSDT,trend_ema__directionboth_fast12_rsi_threshold52.0_slow89,trend_ema,2026-02-27 10:00:00+00:00,2026-02-27 10:45:00+00:00,short,0.012311219137494578,0.013111219137494579,target,3,0.49586313696063344,1,True,False,False,0.0021365710519133645,0.015543213148232421,0,1,0.0029107783837861827,2008.81,2012.8,1983.0,1985.52,200704.007,2026-02-27 10:14:59.999000+00:00,400518861.73456,242127,83259.016,166162867.98166,-0.011656684293338068,-0.024747643658371333,-0.025356713911839454,-6.640780081555462,0.7815436241610738,0.13389261744966494,0.08456375838926126,0.015008662718078868,25.20684315196833,-4.7046082553698785,-0.02056572596586105,-0.022108122329741884,-0.003974081813793107,-0.0014601985111599713,0.026479887897409203,-1.682151870284944,11.909770471538577,3.846860360953762,4.174523984047988,-1.0,0.79,-0.029014353131036508,0.49999999999999994,-0.8660254037844387,4,1.0,0.9151273195343285,True
ETHUSDT,trend_ema__directionshort_only_fast21_rsi_threshold52.0_slow55,trend_ema,2026-02-27 10:00:00+00:00,2026-02-27 10:45:00+00:00,short,0.012311219137494578,0.013111219137494579,target,3,0.49586313696063344,1,True,False,False,0.0021365710519133645,0.015543213148232421,0,2,0.0033163492637134765,2008.81,2012.8,1983.0,1985.52,200704.007,2026-02-27 10:14:59.999000+00:00,400518861.73456,242127,83259.016,166162867.98166,-0.011656684293338068,-0.024747643658371333,-0.025356713911839454,-6.640780081555462,0.7815436241610738,0.13389261744966494,0.08456375838926126,0.015008662718078868,25.20684315196833,-4.7046082553698785,-0.02056572596586105,-0.022108122329741884,-0.003974081813793107,-0.0014601985111599713,0.026479887897409203,-1.682151870284944,11.909770471538577,3.846860360953762,4.174523984047988,-1.0,0.79,-0.029014353131036508,0.49999999999999994,-0.8660254037844387,4,1.0,0.9090782761472059,True
ETHUSDT,trend_ema__directionboth_fast21_rsi_threshold55.0_slow89,trend_ema,2026-02-27 10:00:00+00:00,2026-02-27 10:45:00+00:00,short,0.012311219137494578,0.013111219137494579,target,3,0.49586313696063344,1,True,False,False,0.0021365710519133645,0.015543213148232421,0,0,0.0025052075038588884,2008.81,2012.8,1983.0,1985.52,200704.007,2026-02-27 10:14:59.999000+00:00,400518861.73456,242127,83259.016,166162867.98166,-0.011656684293338068,-0.024747643658371333,-0.025356713911839454,-6.640780081555462,0.7815436241610738,0.13389261744966494,0.08456375838926126,0.015008662718078868,25.20684315196833,-4.7046082553698785,-0.02056572596586105,-0.022108122329741884,-0.003974081813793107,-0.0014601985111599713,0.026479887897409203,-1.682151870284944,11.909770471538577,3.846860360953762,4.174523984047988,-1.0,0.79,-0.029014353131036508,0.49999999999999994,-0.8660254037844387,4,1.0,0.9444395690026957,True
ETHUSDT,trend_ema__directionshort_only_fast21_rsi_threshold52.0_slow55,trend_ema,2026-02-27 10:00:00+00:00,2026-02-27 10:45:00+00:00,short,0.012311219137494578,0.013111219137494579,target,3,0.49586313696063344,1,True,False,False,0.0021365710519133645,0.015543213148232421,0,2,0.0033163492637134765,2008.81,2012.8,1983.0,1985.52,200704.007,2026-02-27 10:14:59.999000+00:00,400518861.73456,242127,83259.016,166162867.98166,-0.011656684293338068,-0.024747643658371333,-0.025356713911839454,-6.640780081555462,0.7815436241610738,0.13389261744966494,0.08456375838926126,0.015008662718078868,25.20684315196833,-4.7046082553698785,-0.02056572596586105,-0.022108122329741884,-0.003974081813793107,-0.0014601985111599713,0.026479887897409203,-1.682151870284944,11.909770471538577,3.846860360953762,4.174523984047988,-1.0,0.79,-0.029014353131036508,0.49999999999999994,-0.8660254037844387,4,1.0,0.8969602499316185,True
ETHUSDT,trend_ema__directionboth_fast12_rsi_threshold52.0_slow89,trend_ema,2026-02-27 10:00:00+00:00,2026-02-27 10:45:00+00:00,short,0.012311219137494578,0.013111219137494579,target,3,0.49586313696063344,1,True,False,False,0.0021365710519133645,0.015543213148232421,0,1,0.0029107783837861827,2008.81,2012.8,1983.0,1985.52,200704.007,2026-02-27 10:14:59.999000+00:00,400518861.73456,242127,83259.016,166162867.98166,-0.011656684293338068,-0.024747643658371333,-0.025356713911839454,-6.640780081555462,0.7815436241610738,0.13389261744966494,0.08456375838926126,0.015008662718078868,25.20684315196833,-4.7046082553698785,-0.02056572596586105,-0.022108122329741884,-0.003974081813793107,-0.0014601985111599713,0.026479887897409203,-1.682151870284944,11.909770471538577,3.846860360953762,4.174523984047988,-1.0,0.79,-0.029014353131036508,0.49999999999999994,-0.8660254037844387,4,1.0,0.8998623457035717,True
ETHUSDT,trend_ema__directionshort_only_fast21_rsi_threshold55.0_slow89,trend_ema,2026-02-27 10:00:00+00:00,2026-02-27 10:45:00+00:00,short,0.012311219137494578,0.013111219137494579,target,3,0.49586313696063344,1,True,False,False,0.0021365710519133645,0.015543213148232421,0,0,0.004652532252322339,2008.81,2012.8,1983.0,1985.52,200704.007,2026-02-27 10:14:59.999000+00:00,400518861.73456,242127,83259.016,166162867.98166,-0.011656684293338068,-0.024747643658371333,-0.025356713911839454,-6.640780081555462,0.7815436241610738,0.13389261744966494,0.08456375838926126,0.015008662718078868,25.20684315196833,-4.7046082553698785,-0.02056572596586105,-0.022108122329741884,-0.003974081813793107,-0.0014601985111599713,0.026479887897409203,-1.682151870284944,11.909770471538577,3.846860360953762,4.174523984047988,-1.0,0.79,-0.029014353131036508,0.49999999999999994,-0.8660254037844387,4,1.0,0.9458232874621985,True
ETHUSDT,trend_ema__directionshort_only_fast21_rsi_threshold55.0_slow55,trend_ema,2026-02-27 10:00:00+00:00,2026-02-27 10:45:00+00:00,short,0.012311219137494578,0.013111219137494579,target,3,0.49586313696063344,1,True,False,False,0.0021365710519133645,0.015543213148232421,0,3,0.003721920143640771,2008.81,2012.8,1983.0,1985.52,200704.007,2026-02-27 10:14:59.999000+00:00,400518861.73456,242127,83259.016,166162867.98166,-0.011656684293338068,-0.024747643658371333,-0.025356713911839454,-6.640780081555462,0.7815436241610738,0.13389261744966494,0.08456375838926126,0.015008662718078868,25.20684315196833,-4.7046082553698785,-0.02056572596586105,-0.022108122329741884,-0.003974081813793107,-0.0014601985111599713,0.026479887897409203,-1.682151870284944,11.909770471538577,3.846860360953762,4.174523984047988,-1.0,0.79,-0.029014353131036508,0.49999999999999994,-0.8660254037844387,4,1.0,0.8885400037453044,True
ETHUSDT,trend_ema__directionboth_fast12_rsi_threshold55.0_slow89,trend_ema,2026-02-27 10:00:00+00:00,2026-02-27 10:45:00+00:00,short,0.012311219137494578,0.013111219137494579,target,3,0.49586313696063344,1,True,False,False,0.0021365710519133645,0.015543213148232421,0,4,0.00453306190349536,2008.81,2012.8,1983.0,1985.52,200704.007,2026-02-27 10:14:59.999000+00:00,400518861.73456,242127,83259.016,166162867.98166,-0.011656684293338068,-0.024747643658371333,-0.025356713911839454,-6.640780081555462,0.7815436241610738,0.13389261744966494,0.08456375838926126,0.015008662718078868,25.20684315196833,-4.7046082553698785,-0.02056572596586105,-0.022108122329741884,-0.003974081813793107,-0.0014601985111599713,0.026479887897409203,-1.682151870284944,11.909770471538577,3.846860360953762,4.174523984047988,-1.0,0.79,-0.029014353131036508,0.49999999999999994,-0.8660254037844387,4,1.0,0.8855962483699562,True
ETHUSDT,trend_ema__directionboth_fast12_rsi_threshold58.0_slow89,trend_ema,2026-02-27 10:00:00+00:00,2026-02-27 10:45:00+00:00,short,0.012311219137494578,0.013111219137494579,target,3,0.49586313696063344,1,True,False,False,0.0021365710519133645,0.015543213148232421,0,0,0.002099636623931594,2008.81,2012.8,1983.0,1985.52,200704.007,2026-02-27 10:14:59.999000+00:00,400518861.73456,242127,83259.016,166162867.98166,-0.011656684293338068,-0.024747643658371333,-0.025356713911839454,-6.640780081555462,0.7815436241610738,0.13389261744966494,0.08456375838926126,0.015008662718078868,25.20684315196833,-4.7046082553698785,-0.02056572596586105,-0.022108122329741884,-0.003974081813793107,-0.0014601985111599713,0.026479887897409203,-1.682151870284944,11.909770471538577,3.846860360953762,4.174523984047988,-1.0,0.79,-0.029014353131036508,0.49999999999999994,-0.8660254037844387,4,1.0,0.9444395690026957,True
ETHUSDT,trend_ema__directionshort_only_fast12_rsi_threshold52.0_slow89,trend_ema,2026-02-27 10:00:00+00:00,2026-02-27 10:45:00+00:00,short,0.012311219137494578,0.013111219137494579,target,3,0.49586313696063344,1,True,False,False,0.0021365710519133645,0.015543213148232421,0,4,0.0041274910235680655,2008.81,2012.8,1983.0,1985.52,200704.007,2026-02-27 10:14:59.999000+00:00,400518861.73456,242127,83259.016,166162867.98166,-0.011656684293338068,-0.024747643658371333,-0.025356713911839454,-6.640780081555462,0.7815436241610738,0.13389261744966494,0.08456375838926126,0.015008662718078868,25.20684315196833,-4.7046082553698785,-0.02056572596586105,-0.022108122329741884,-0.003974081813793107,-0.0014601985111599713,0.026479887897409203,-1.682151870284944,11.909770471538577,3.846860360953762,4.174523984047988,-1.0,0.79,-0.029014353131036508,0.49999999999999994,-0.8660254037844387,4,1.0,0.8857159007527584,True
ETHUSDT,trend_ema__directionshort_only_fast21_rsi_threshold58.0_slow89,trend_ema,2026-02-27 10:00:00+00:00,2026-02-27 10:45:00+00:00,short,0.012311219137494578,0.013111219137494579,target,3,0.49586313696063344,1,True,False,False,0.0021365710519133645,0.015543213148232421,0,0,0.007205427880713086,2008.81,2012.8,1983.0,1985.52,200704.007,2026-02-27 10:14:59.999000+00:00,400518861.73456,242127,83259.016,166162867.98166,-0.011656684293338068,-0.024747643658371333,-0.025356713911839454,-6.640780081555462,0.7815436241610738,0.13389261744966494,0.08456375838926126,0.015008662718078868,25.20684315196833,-4.7046082553698785,-0.02056572596586105,-0.022108122329741884,-0.003974081813793107,-0.0014601985111599713,0.026479887897409203,-1.682151870284944,11.909770471538577,3.846860360953762,4.174523984047988,-1.0,0.79,-0.029014353131036508,0.49999999999999994,-0.8660254037844387,4,1.0,0.946406939726313,True
ETHUSDT,trend_ema__directionshort_only_fast21_rsi_threshold52.0_slow89,trend_ema,2026-02-27 10:00:00+00:00,2026-02-27 10:45:00+00:00,short,0.012311219137494578,0.013111219137494579,target,3,0.49586313696063344,1,True,False,False,0.0021365710519133645,0.015543213148232421,0,0,0.01231121913749458,2008.81,2012.8,1983.0,1985.52,200704.007,2026-02-27 10:14:59.999000+00:00,400518861.73456,242127,83259.016,166162867.98166,-0.011656684293338068,-0.024747643658371333,-0.025356713911839454,-6.640780081555462,0.7815436241610738,0.13389261744966494,0.08456375838926126,0.015008662718078868,25.20684315196833,-4.7046082553698785,-0.02056572596586105,-0.022108122329741884,-0.003974081813793107,-0.0014601985111599713,0.026479887897409203,-1.682151870284944,11.909770471538577,3.846860360953762,4.174523984047988,-1.0,0.79,-0.029014353131036508,0.49999999999999994,-0.8660254037844387,4,1.0,0.9457841039753231,True
ETHUSDT,trend_ema__directionshort_only_fast12_rsi_threshold58.0_slow89,trend_ema,2026-02-27 10:00:00+00:00,2026-02-27 10:45:00+00:00,short,0.012311219137494578,0.013111219137494579,target,3,0.49586313696063344,1,True,False,False,0.0021365710519133645,0.015543213148232421,0,0,0.01231121913749458,2008.81,2012.8,1983.0,1985.52,200704.007,2026-02-27 10:14:59.999000+00:00,400518861.73456,242127,83259.016,166162867.98166,-0.011656684293338068,-0.024747643658371333,-0.025356713911839454,-6.640780081555462,0.7815436241610738,0.13389261744966494,0.08456375838926126,0.015008662718078868,25.20684315196833,-4.7046082553698785,-0.02056572596586105,-0.022108122329741884,-0.003974081813793107,-0.0014601985111599713,0.026479887897409203,-1.682151870284944,11.909770471538577,3.846860360953762,4.174523984047988,-1.0,0.79,-0.029014353131036508,0.49999999999999994,-0.8660254037844387,4,1.0,0.9457841039753231,True
ETHUSDT,trend_ema__directionshort_only_fast9_rsi_threshold55.0_slow89,trend_ema,2026-02-27 10:00:00+00:00,2026-02-27 10:45:00+00:00,short,0.012311219137494578,0.013111219137494579,target,3,0.49586313696063344,1,True,False,False,0.0021365710519133645,0.015543213148232421,0,0,0.01231121913749458,2008.81,2012.8,1983.0,1985.52,200704.007,2026-02-27 10:14:59.999000+00:00,400518861.73456,242127,83259.016,166162867.98166,-0.011656684293338068,-0.024747643658371333,-0.025356713911839454,-6.640780081555462,0.7815436241610738,0.13389261744966494,0.08456375838926126,0.015008662718078868,25.20684315196833,-4.7046082553698785,-0.02056572596586105,-0.022108122329741884,-0.003974081813793107,-0.0014601985111599713,0.026479887897409203,-1.682151870284944,11.909770471538577,3.846860360953762,4.174523984047988,-1.0,0.79,-0.029014353131036508,0.49999999999999994,-0.8660254037844387,4,1.0,0.9457841039753231,True
ETHUSDT,trend_ema__directionshort_only_fast12_rsi_threshold55.0_slow89,trend_ema,2026-02-27 10:00:00+00:00,2026-02-27 10:45:00+00:00,short,0.012311219137494578,0.013111219137494579,target,3,0.49586313696063344,1,True,False,False,0.0021365710519133645,0.015543213148232421,0,0,0.01231121913749458,2008.81,2012.8,1983.0,1985.52,200704.007,2026-02-27 10:14:59.999000+00:00,400518861.73456,242127,83259.016,166162867.98166,-0.011656684293338068,-0.024747643658371333,-0.025356713911839454,-6.640780081555462,0.7815436241610738,0.13389261744966494,0.08456375838926126,0.015008662718078868,25.20684315196833,-4.7046082553698785,-0.02056572596586105,-0.022108122329741884,-0.003974081813793107,-0.0014601985111599713,0.026479887897409203,-1.682151870284944,11.909770471538577,3.846860360953762,4.174523984047988,-1.0,0.79,-0.029014353131036508,0.49999999999999994,-0.8660254037844387,4,1.0,0.9457841039753231,True
ETHUSDT,trend_ema__directionboth_fast9_rsi_threshold58.0_slow89,trend_ema,2026-02-27 10:00:00+00:00,2026-02-27 10:45:00+00:00,short,0.012311219137494578,0.013111219137494579,target,3,0.49586313696063344,1,True,False,False,0.0021365710519133645,0.015543213148232421,0,0,0.009758323509103833,2008.81,2012.8,1983.0,1985.52,200704.007,2026-02-27 10:14:59.999000+00:00,400518861.73456,242127,83259.016,166162867.98166,-0.011656684293338068,-0.024747643658371333,-0.025356713911839454,-6.640780081555462,0.7815436241610738,0.13389261744966494,0.08456375838926126,0.015008662718078868,25.20684315196833,-4.7046082553698785,-0.02056572596586105,-0.022108122329741884,-0.003974081813793107,-0.0014601985111599713,0.026479887897409203,-1.682151870284944,11.909770471538577,3.846860360953762,4.174523984047988,-1.0,0.79,-0.029014353131036508,0.49999999999999994,-0.8660254037844387,4,1.0,0.9455112506537023,True
XRPUSDT,trend_ema__directionboth_fast12_rsi_threshold58.0_slow89,trend_ema,2026-02-27 10:15:00+00:00,2026-02-27 12:30:00+00:00,short,0.011827288598647005,0.012627288598647006,target,9,0.3375656922919413,1,True,False,False,0.004888708898581683,0.012701869386653542,0,0,0.011658019453944072,1.393,1.3996,1.3899,1.3939,16795120.1,2026-02-27 10:29:59.999000+00:00,23429766.05738,25346,7226155.7,10086308.60948,0.0006458789560348434,-0.01953672765695414,-0.008998775194070958,-5.997371077364077,0.09278350515462856,0.5876288659793829,0.31958762886598857,0.006958892316522019,33.121715385402936,-0.0027403302933827547,-0.011287372248356936,-0.01105179603666617,-0.0030847966315672437,-0.0007008253083410354,0.02298431897758317,-1.0770859941697957,0.007225236259928929,2.517586856965654,2.718507075026339,1.0,0.72,-0.020105448154657424,0.49999999999999994,-0.8660254037844387,4,1.0,0.7767664975748537,True
XRPUSDT,trend_ema__directionboth_fast12_rsi_threshold55.0_slow89,trend_ema,2026-02-27 10:15:00+00:00,2026-02-27 12:30:00+00:00,short,0.011827288598647005,0.012627288598647006,target,9,0.3375656922919413,1,True,False,False,0.004888708898581683,0.012701869386653542,0,0,0.0049857608374458086,1.393,1.3996,1.3899,1.3939,16795120.1,2026-02-27 10:29:59.999000+00:00,23429766.05738,25346,7226155.7,10086308.60948,0.0006458789560348434,-0.01953672765695414,-0.008998775194070958,-5.997371077364077,0.09278350515462856,0.5876288659793829,0.31958762886598857,0.006958892316522019,33.121715385402936,-0.0027403302933827547,-0.011287372248356936,-0.01105179603666617,-0.0030847966315672437,-0.0007008253083410354,0.02298431897758317,-1.0770859941697957,0.007225236259928929,2.517586856965654,2.718507075026339,1.0,0.72,-0.020105448154657424,0.49999999999999994,-0.8660254037844387,4,1.0,0.7597451798223912,True
XRPUSDT,trend_ema__directionshort_only_fast21_rsi_threshold58.0_slow89,trend_ema,2026-02-27 10:15:00+00:00,2026-02-27 12:30:00+00:00,short,0.011827288598647005,0.012627288598647006,target,9,0.3375656922919413,1,True,False,False,0.004888708898581683,0.012701869386653542,0,0,0.011827288598647007,1.393,1.3996,1.3899,1.3939,16795120.1,2026-02-27 10:29:59.999000+00:00,23429766.05738,25346,7226155.7,10086308.60948,0.0006458789560348434,-0.01953672765695414,-0.008998775194070958,-5.997371077364077,0.09278350515462856,0.5876288659793829,0.31958762886598857,0.006958892316522019,33.121715385402936,-0.0027403302933827547,-0.011287372248356936,-0.01105179603666617,-0.0030847966315672437,-0.0007008253083410354,0.02298431897758317,-1.0770859941697957,0.007225236259928929,2.517586856965654,2.718507075026339,1.0,0.72,-0.020105448154657424,0.49999999999999994,-0.8660254037844387,4,1.0,0.7767664975748537,True
XRPUSDT,trend_ema__directionshort_only_fast12_rsi_threshold58.0_slow89,trend_ema,2026-02-27 10:15:00+00:00,2026-02-27 12:30:00+00:00,short,0.011827288598647005,0.012627288598647006,target,9,0.3375656922919413,1,True,False,False,0.004888708898581683,0.012701869386653542,0,0,0.0027616746319463884,1.393,1.3996,1.3899,1.3939,16795120.1,2026-02-27 10:29:59.999000+00:00,23429766.05738,25346,7226155.7,10086308.60948,0.0006458789560348434,-0.01953672765695414,-0.008998775194070958,-5.997371077364077,0.09278350515462856,0.5876288659793829,0.31958762886598857,0.006958892316522019,33.121715385402936,-0.0027403302933827547,-0.011287372248356936,-0.01105179603666617,-0.0030847966315672437,-0.0007008253083410354,0.02298431897758317,-1.0770859941697957,0.007225236259928929,2.517586856965654,2.718507075026339,1.0,0.72,-0.020105448154657424,0.49999999999999994,-0.8660254037844387,4,1.0,0.7721417422121729,True
XRPUSDT,trend_ema__directionboth_fast12_rsi_threshold55.0_slow89,trend_ema,2026-02-27 10:15:00+00:00,2026-02-27 12:30:00+00:00,short,0.011827288598647005,0.012627288598647006,target,9,0.3375656922919413,1,True,False,False,0.004888708898581683,0.012701869386653542,0,0,0.0049857608374458086,1.393,1.3996,1.3899,1.3939,16795120.1,2026-02-27 10:29:59.999000+00:00,23429766.05738,25346,7226155.7,10086308.60948,0.0006458789560348434,-0.01953672765695414,-0.008998775194070958,-5.997371077364077,0.09278350515462856,0.5876288659793829,0.31958762886598857,0.006958892316522019,33.121715385402936,-0.0027403302933827547,-0.011287372248356936,-0.01105179603666617,-0.0030847966315672437,-0.0007008253083410354,0.02298431897758317,-1.0770859941697957,0.007225236259928929,2.517586856965654,2.718507075026339,1.0,0.72,-0.020105448154657424,0.49999999999999994,-0.8660254037844387,4,1.0,0.78329642254079,True
XRPUSDT,trend_ema__directionshort_only_fast21_rsi_threshold52.0_slow89,trend_ema,2026-02-27 10:15:00+00:00,2026-02-27 12:30:00+00:00,short,0.011827288598647005,0.012627288598647006,target,9,0.3375656922919413,1,True,False,False,0.004888708898581683,0.012701869386653542,0,0,0.007209847042945227,1.393,1.3996,1.3899,1.3939,16795120.1,2026-02-27 10:29:59.999000+00:00,23429766.05738,25346,7226155.7,10086308.60948,0.0006458789560348434,-0.01953672765695414,-0.008998775194070958,-5.997371077364077,0.09278350515462856,0.5876288659793829,0.31958762886598857,0.006958892316522019,33.121715385402936,-0.0027403302933827547,-0.011287372248356936,-0.01105179603666617,-0.0030847966315672437,-0.0007008253083410354,0.02298431897758317,-1.0770859941697957,0.007225236259928929,2.517586856965654,2.718507075026339,1.0,0.72,-0.020105448154657424,0.49999999999999994,-0.8660254037844387,4,1.0,0.7895890118500145,True
XRPUSDT,trend_ema__directionshort_only_fast21_rsi_threshold55.0_slow89,trend_ema,2026-02-27 10:15:00+00:00,2026-02-27 12:30:00+00:00,short,0.011827288598647005,0.012627288598647006,target,9,0.3375656922919413,1,True,False,False,0.004888708898581683,0.012701869386653542,0,0,0.00943393324844465,1.393,1.3996,1.3899,1.3939,16795120.1,2026-02-27 10:29:59.999000+00:00,23429766.05738,25346,7226155.7,10086308.60948,0.0006458789560348434,-0.01953672765695414,-0.008998775194070958,-5.997371077364077,0.09278350515462856,0.5876288659793829,0.31958762886598857,0.006958892316522019,33.121715385402936,-0.0027403302933827547,-0.011287372248356936,-0.01105179603666617,-0.0030847966315672437,-0.0007008253083410354,0.02298431897758317,-1.0770859941697957,0.007225236259928929,2.517586856965654,2.718507075026339,1.0,0.72,-0.020105448154657424,0.49999999999999994,-0.8660254037844387,4,1.0,0.7944814169563151,True
XRPUSDT,trend_ema__directionboth_fast12_rsi_threshold58.0_slow89,trend_ema,2026-02-27 10:15:00+00:00,2026-02-27 12:30:00+00:00,short,0.011827288598647005,0.012627288598647006,target,9,0.3375656922919413,1,True,False,False,0.004888708898581683,0.012701869386653542,0,0,0.011658019453944072,1.393,1.3996,1.3899,1.3939,16795120.1,2026-02-27 10:29:59.999000+00:00,23429766.05738,25346,7226155.7,10086308.60948,0.0006458789560348434,-0.01953672765695414,-0.008998775194070958,-5.997371077364077,0.09278350515462856,0.5876288659793829,0.31958762886598857,0.006958892316522019,33.121715385402936,-0.0027403302933827547,-0.011287372248356936,-0.01105179603666617,-0.0030847966315672437,-0.0007008253083410354,0.02298431897758317,-1.0770859941697957,0.007225236259928929,2.517586856965654,2.718507075026339,1.0,0.72,-0.020105448154657424,0.49999999999999994,-0.8660254037844387,4,1.0,0.801597763622668,True
XRPUSDT,trend_ema__directionshort_only_fast12_rsi_threshold55.0_slow89,trend_ema,2026-02-27 10:15:00+00:00,2026-02-27 12:30:00+00:00,short,0.011827288598647005,0.012627288598647006,target,9,0.3375656922919413,1,True,False,False,0.004888708898581683,0.012701869386653542,0,0,0.013882105659443492,1.393,1.3996,1.3899,1.3939,16795120.1,2026-02-27 10:29:59.999000+00:00,23429766.05738,25346,7226155.7,10086308.60948,0.0006458789560348434,-0.01953672765695414,-0.008998775194070958,-5.997371077364077,0.09278350515462856,0.5876288659793829,0.31958762886598857,0.006958892316522019,33.121715385402936,-0.0027403302933827547,-0.011287372248356936,-0.01105179603666617,-0.0030847966315672437,-0.0007008253083410354,0.02298431897758317,-1.0770859941697957,0.007225236259928929,2.517586856965654,2.718507075026339,1.0,0.72,-0.020105448154657424,0.49999999999999994,-0.8660254037844387,4,1.0,0.8106636917985988,True
XRPUSDT,trend_ema__directionshort_only_fast12_rsi_threshold52.0_slow89,trend_ema,2026-02-27 10:15:00+00:00,2026-02-27 12:30:00+00:00,short,0.011827288598647005,0.012627288598647006,target,9,0.3375656922919413,1,True,False,False,0.004888708898581683,0.012701869386653542,0,0,0.01336840139424437,1.393,1.3996,1.3899,1.3939,16795120.1,2026-02-27 10:29:59.999000+00:00,23429766.05738,25346,7226155.7,10086308.60948,0.0006458789560348434,-0.01953672765695414,-0.008998775194070958,-5.997371077364077,0.09278350515462856,0.5876288659793829,0.31958762886598857,0.006958892316522019,33.121715385402936,-0.0027403302933827547,-0.011287372248356936,-0.01105179603666617,-0.0030847966315672437,-0.0007008253083410354,0.02298431897758317,-1.0770859941697957,0.007225236259928929,2.517586856965654,2.718507075026339,1.0,0.72,-0.020105448154657424,0.49999999999999994,-0.8660254037844387,4,1.0,0.8112815580952678,True
XRPUSDT,trend_ema__directionboth_fast21_rsi_threshold55.0_slow89,trend_ema,2026-02-27 10:15:00+00:00,2026-02-27 12:30:00+00:00,short,0.011827288598647005,0.012627288598647006,target,9,0.3375656922919413,1,True,False,False,0.004888708898581683,0.012701869386653542,0,0,0.012854697129045248,1.393,1.3996,1.3899,1.3939,16795120.1,2026-02-27 10:29:59.999000+00:00,23429766.05738,25346,7226155.7,10086308.60948,0.0006458789560348434,-0.01953672765695414,-0.008998775194070958,-5.997371077364077,0.09278350515462856,0.5876288659793829,0.31958762886598857,0.006958892316522019,33.121715385402936,-0.0027403302933827547,-0.011287372248356936,-0.01105179603666617,-0.0030847966315672437,-0.0007008253083410354,0.02298431897758317,-1.0770859941697957,0.007225236259928929,2.517586856965654,2.718507075026339,1.0,0.72,-0.020105448154657424,0.49999999999999994,-0.8660254037844387,4,1.0,0.8112815580952678,True
XRPUSDT,trend_ema__directionshort_only_fast9_rsi_threshold55.0_slow89,trend_ema,2026-02-27 10:15:00+00:00,2026-02-27 12:30:00+00:00,short,0.011827288598647005,0.012627288598647006,target,9,0.3375656922919413,1,True,False,False,0.004888708898581683,0.012701869386653542,0,0,0.011827288598647007,1.393,1.3996,1.3899,1.3939,16795120.1,2026-02-27 10:29:59.999000+00:00,23429766.05738,25346,7226155.7,10086308.60948,0.0006458789560348434,-0.01953672765695414,-0.008998775194070958,-5.997371077364077,0.09278350515462856,0.5876288659793829,0.31958762886598857,0.006958892316522019,33.121715385402936,-0.0027403302933827547,-0.011287372248356936,-0.01105179603666617,-0.0030847966315672437,-0.0007008253083410354,0.02298431897758317,-1.0770859941697957,0.007225236259928929,2.517586856965654,2.718507075026339,1.0,0.72,-0.020105448154657424,0.49999999999999994,-0.8660254037844387,4,1.0,0.7767664975748537,True
XRPUSDT,trend_ema__directionboth_fast9_rsi_threshold58.0_slow89,trend_ema,2026-02-27 10:15:00+00:00,2026-02-27 12:30:00+00:00,short,0.011827288598647005,0.012627288598647006,target,9,0.3375656922919413,1,True,False,False,0.004888708898581683,0.012701869386653542,0,0,0.012340992863846129,1.393,1.3996,1.3899,1.3939,16795120.1,2026-02-27 10:29:59.999000+00:00,23429766.05738,25346,7226155.7,10086308.60948,0.0006458789560348434,-0.01953672765695414,-0.008998775194070958,-5.997371077364077,0.09278350515462856,0.5876288659793829,0.31958762886598857,0.006958892316522019,33.121715385402936,-0.0027403302933827547,-0.011287372248356936,-0.01105179603666617,-0.0030847966315672437,-0.0007008253083410354,0.02298431897758317,-1.0770859941697957,0.007225236259928929,2.517586856965654,2.718507075026339,1.0,0.72,-0.020105448154657424,0.49999999999999994,-0.8660254037844387,4,1.0,0.8104139532216658,True
XRPUSDT,trend_ema__directionshort_only_fast9_rsi_threshold55.0_slow89,trend_ema,2026-02-27 10:15:00+00:00,2026-02-27 12:30:00+00:00,short,0.011827288598647005,0.012627288598647006,target,9,0.3375656922919413,1,True,False,False,0.004888708898581683,0.012701869386653542,0,0,0.011827288598647007,1.393,1.3996,1.3899,1.3939,16795120.1,2026-02-27 10:29:59.999000+00:00,23429766.05738,25346,7226155.7,10086308.60948,0.0006458789560348434,-0.01953672765695414,-0.008998775194070958,-5.997371077364077,0.09278350515462856,0.5876288659793829,0.31958762886598857,0.006958892316522019,33.121715385402936,-0.0027403302933827547,-0.011287372248356936,-0.01105179603666617,-0.0030847966315672437,-0.0007008253083410354,0.02298431897758317,-1.0770859941697957,0.007225236259928929,2.517586856965654,2.718507075026339,1.0,0.72,-0.020105448154657424,0.49999999999999994,-0.8660254037844387,4,1.0,0.8049155838926997,True
XRPUSDT,trend_ema__directionshort_only_fast12_rsi_threshold58.0_slow89,trend_ema,2026-02-27 10:15:00+00:00,2026-02-27 12:30:00+00:00,short,0.011827288598647005,0.012627288598647006,target,9,0.3375656922919413,1,True,False,False,0.004888708898581683,0.012701869386653542,0,0,0.0027616746319463884,1.393,1.3996,1.3899,1.3939,16795120.1,2026-02-27 10:29:59.999000+00:00,23429766.05738,25346,7226155.7,10086308.60948,0.0006458789560348434,-0.01953672765695414,-0.008998775194070958,-5.997371077364077,0.09278350515462856,0.5876288659793829,0.31958762886598857,0.006958892316522019,33.121715385402936,-0.0027403302933827547,-0.011287372248356936,-0.01105179603666617,-0.0030847966315672437,-0.0007008253083410354,0.02298431897758317,-1.0770859941697957,0.007225236259928929,2.517586856965654,2.718507075026339,1.0,0.72,-0.020105448154657424,0.49999999999999994,-0.8660254037844387,4,1.0,0.7381640335226228,True
XRPUSDT,trend_ema__directionshort_only_fast21_rsi_threshold52.0_slow89,trend_ema,2026-02-27 10:15:00+00:00,2026-02-27 12:30:00+00:00,short,0.011827288598647005,0.012627288598647006,target,9,0.3375656922919413,1,True,False,False,0.004888708898581683,0.012701869386653542,0,0,0.007209847042945227,1.393,1.3996,1.3899,1.3939,16795120.1,2026-02-27 10:29:59.999000+00:00,23429766.05738,25346,7226155.7,10086308.60948,0.0006458789560348434,-0.01953672765695414,-0.008998775194070958,-5.997371077364077,0.09278350515462856,0.5876288659793829,0.31958762886598857,0.006958892316522019,33.121715385402936,-0.0027403302933827547,-0.011287372248356936,-0.01105179603666617,-0.0030847966315672437,-0.0007008253083410354,0.02298431897758317,-1.0770859941697957,0.007225236259928929,2.517586856965654,2.718507075026339,1.0,0.72,-0.020105448154657424,0.49999999999999994,-0.8660254037844387,4,1.0,0.7608971687468059,True
XRPUSDT,trend_ema__directionshort_only_fast21_rsi_threshold55.0_slow89,trend_ema,2026-02-27 10:15:00+00:00,2026-02-27 12:30:00+00:00,short,0.011827288598647005,0.012627288598647006,target,9,0.3375656922919413,1,True,False,False,0.004888708898581683,0.012701869386653542,0,0,0.00943393324844465,1.393,1.3996,1.3899,1.3939,16795120.1,2026-02-27 10:29:59.999000+00:00,23429766.05738,25346,7226155.7,10086308.60948,0.0006458789560348434,-0.01953672765695414,-0.008998775194070958,-5.997371077364077,0.09278350515462856,0.5876288659793829,0.31958762886598857,0.006958892316522019,33.121715385402936,-0.0027403302933827547,-0.011287372248356936,-0.01105179603666617,-0.0030847966315672437,-0.0007008253083410354,0.02298431897758317,-1.0770859941697957,0.007225236259928929,2.517586856965654,2.718507075026339,1.0,0.72,-0.020105448154657424,0.49999999999999994,-0.8660254037844387,4,1.0,0.7676357149852114,True
XRPUSDT,trend_ema__directionshort_only_fast12_rsi_threshold55.0_slow89,trend_ema,2026-02-27 10:15:00+00:00,2026-02-27 12:30:00+00:00,short,0.011827288598647005,0.012627288598647006,target,9,0.3375656922919413,1,True,False,False,0.004888708898581683,0.012701869386653542,0,0,0.013882105659443492,1.393,1.3996,1.3899,1.3939,16795120.1,2026-02-27 10:29:59.999000+00:00,23429766.05738,25346,7226155.7,10086308.60948,0.0006458789560348434,-0.01953672765695414,-0.008998775194070958,-5.997371077364077,0.09278350515462856,0.5876288659793829,0.31958762886598857,0.006958892316522019,33.121715385402936,-0.0027403302933827547,-0.011287372248356936,-0.01105179603666617,-0.0030847966315672437,-0.0007008253083410354,0.02298431897758317,-1.0770859941697957,0.007225236259928929,2.517586856965654,2.718507075026339,1.0,0.72,-0.020105448154657424,0.49999999999999994,-0.8660254037844387,4,1.0,0.7794408841234974,True
XRPUSDT,trend_ema__directionshort_only_fast12_rsi_threshold52.0_slow89,trend_ema,2026-02-27 10:15:00+00:00,2026-02-27 12:30:00+00:00,short,0.011827288598647005,0.012627288598647006,target,9,0.3375656922919413,1,True,False,False,0.004888708898581683,0.012701869386653542,0,0,0.01336840139424437,1.393,1.3996,1.3899,1.3939,16795120.1,2026-02-27 10:29:59.999000+00:00,23429766.05738,25346,7226155.7,10086308.60948,0.0006458789560348434,-0.01953672765695414,-0.008998775194070958,-5.997371077364077,0.09278350515462856,0.5876288659793829,0.31958762886598857,0.006958892316522019,33.121715385402936,-0.0027403302933827547,-0.011287372248356936,-0.01105179603666617,-0.0030847966315672437,-0.0007008253083410354,0.02298431897758317,-1.0770859941697957,0.007225236259928929,2.517586856965654,2.718507075026339,1.0,0.72,-0.020105448154657424,0.49999999999999994,-0.8660254037844387,4,1.0,0.7794408841234974,True
XRPUSDT,trend_ema__directionboth_fast21_rsi_threshold55.0_slow89,trend_ema,2026-02-27 10:15:00+00:00,2026-02-27 12:30:00+00:00,short,0.011827288598647005,0.012627288598647006,target,9,0.3375656922919413,1,True,False,False,0.004888708898581683,0.012701869386653542,0,0,0.012854697129045248,1.393,1.3996,1.3899,1.3939,16795120.1,2026-02-27 10:29:59.999000+00:00,23429766.05738,25346,7226155.7,10086308.60948,0.0006458789560348434,-0.01953672765695414,-0.008998775194070958,-5.997371077364077,0.09278350515462856,0.5876288659793829,0.31958762886598857,0.006958892316522019,33.121715385402936,-0.0027403302933827547,-0.011287372248356936,-0.01105179603666617,-0.0030847966315672437,-0.0007008253083410354,0.02298431897758317,-1.0770859941697957,0.007225236259928929,2.517586856965654,2.718507075026339,1.0,0.72,-0.020105448154657424,0.49999999999999994,-0.8660254037844387,4,1.0,0.7794408841234974,True
XRPUSDT,trend_ema__directionboth_fast9_rsi_threshold58.0_slow89,trend_ema,2026-02-27 10:15:00+00:00,2026-02-27 12:30:00+00:00,short,0.011827288598647005,0.012627288598647006,target,9,0.3375656922919413,1,True,False,False,0.004888708898581683,0.012701869386653542,0,0,0.012340992863846129,1.393,1.3996,1.3899,1.3939,16795120.1,2026-02-27 10:29:59.999000+00:00,23429766.05738,25346,7226155.7,10086308.60948,0.0006458789560348434,-0.01953672765695414,-0.008998775194070958,-5.997371077364077,0.09278350515462856,0.5876288659793829,0.31958762886598857,0.006958892316522019,33.121715385402936,-0.0027403302933827547,-0.011287372248356936,-0.01105179603666617,-0.0030847966315672437,-0.0007008253083410354,0.02298431897758317,-1.0770859941697957,0.007225236259928929,2.517586856965654,2.718507075026339,1.0,0.72,-0.020105448154657424,0.49999999999999994,-0.8660254037844387,4,1.0,0.7794408841234974,True
XRPUSDT,trend_ema__directionshort_only_fast21_rsi_threshold58.0_slow89,trend_ema,2026-02-27 10:15:00+00:00,2026-02-27 12:30:00+00:00,short,0.011827288598647005,0.012627288598647006,target,9,0.3375656922919413,1,True,False,False,0.004888708898581683,0.012701869386653542,0,0,0.011827288598647007,1.393,1.3996,1.3899,1.3939,16795120.1,2026-02-27 10:29:59.999000+00:00,23429766.05738,25346,7226155.7,10086308.60948,0.0006458789560348434,-0.01953672765695414,-0.008998775194070958,-5.997371077364077,0.09278350515462856,0.5876288659793829,0.31958762886598857,0.006958892316522019,33.121715385402936,-0.0027403302933827547,-0.011287372248356936,-0.01105179603666617,-0.0030847966315672437,-0.0007008253083410354,0.02298431897758317,-1.0770859941697957,0.007225236259928929,2.517586856965654,2.718507075026339,1.0,0.72,-0.020105448154657424,0.49999999999999994,-0.8660254037844387,4,1.0,0.8049155838926997,True
SOLUSDT,trend_ema__directionshort_only_fast12_rsi_threshold52.0_slow89,trend_ema,2026-02-27 10:30:00+00:00,2026-02-27 11:30:00+00:00,short,0.01433166887430781,0.015131668874307811,target,4,0.41461904134978683,1,True,False,False,0.0040261177168353915,0.02099231502458797,0,0,0.017497460377109485,85.15,85.48,85.12,85.26,211052.08,2026-02-27 10:44:59.999000+00:00,18003056.9706,19799,120375.19,10268811.5308,0.0012910042283669906,-0.01663312554348465,-0.023186756358399237,-4.603823012974706,0.30555555555555447,0.6111111111111089,0.08333333333333662,0.004222378606615053,29.26904793251066,-0.2995875466136292,-0.016414334501171083,-0.017110437065766856,-0.0056375206912840925,-0.0025530230950884247,0.03684431752050444,-1.0504670348879066,0.5042139531510282,-0.2514336572024397,0.8493452825747326,-1.0,0.57,-0.02815456514305248,0.49999999999999994,-0.8660254037844387,4,1.0,0.8215871959021093,True
SOLUSDT,trend_ema__directionshort_only_fast12_rsi_threshold58.0_slow89,trend_ema,2026-02-27 10:30:00+00:00,2026-02-27 11:30:00+00:00,short,0.01433166887430781,0.015131668874307811,target,4,0.41461904134978683,1,True,False,False,0.0040261177168353915,0.02099231502458797,0,0,0.015695639963414717,85.15,85.48,85.12,85.26,211052.08,2026-02-27 10:44:59.999000+00:00,18003056.9706,19799,120375.19,10268811.5308,0.0012910042283669906,-0.01663312554348465,-0.023186756358399237,-4.603823012974706,0.30555555555555447,0.6111111111111089,0.08333333333333662,0.004222378606615053,29.26904793251066,-0.2995875466136292,-0.016414334501171083,-0.017110437065766856,-0.0056375206912840925,-0.0025530230950884247,0.03684431752050444,-1.0504670348879066,0.5042139531510282,-0.2514336572024397,0.8493452825747326,-1.0,0.57,-0.02815456514305248,0.49999999999999994,-0.8660254037844387,4,1.0,0.8215871959021093,True
BTCUSDT,trend_ema__directionshort_only_fast12_rsi_threshold52.0_slow89,trend_ema,2026-02-27 10:30:00+00:00,2026-02-27 11:30:00+00:00,short,0.009885462255868286,0.010685462255868286,target,4,0.39967865318601553,1,True,False,False,0.0027630741756814094,0.01226946448730256,0,0,0.009885462255868286,66751.9,66926.3,66670.8,66778.0,3066.895,2026-02-27 10:44:59.999000+00:00,204859088.3799,61083,1517.301,101352653.2217,0.0003894256021655392,-0.011781532863854235,-0.013743513659034458,-4.636532802727324,0.10215264187869205,0.5804305283757453,0.3174168297455627,0.0038261103956392824,30.016067340699223,-132.3106054709545,-0.010028753192018864,-0.01086744029185091,-0.00339806044218971,-0.0015301699123712043,0.022117131344260906,-1.0444282046216236,283.1409404964833,0.9136568981992165,1.6843383627044517,-1.0,0.74,-0.01779292430836754,0.49999999999999994,-0.8660254037844387,4,1.0,0.7914346439967596,True
BTCUSDT,trend_ema__directionboth_fast12_rsi_threshold52.0_slow89,trend_ema,2026-02-27 10:30:00+00:00,2026-02-27 11:30:00+00:00,short,0.009885462255868286,0.010685462255868286,target,4,0.39967865318601553,1,True,False,False,0.0027630741756814094,0.01226946448730256,0,0,0.009846107959740951,66751.9,66926.3,66670.8,66778.0,3066.895,2026-02-27 10:44:59.999000+00:00,204859088.3799,61083,1517.301,101352653.2217,0.0003894256021655392,-0.011781532863854235,-0.013743513659034458,-4.636532802727324,0.10215264187869205,0.5804305283757453,0.3174168297455627,0.0038261103956392824,30.016067340699223,-132.3106054709545,-0.010028753192018864,-0.01086744029185091,-0.00339806044218971,-0.0015301699123712043,0.022117131344260906,-1.0444282046216236,283.1409404964833,0.9136568981992165,1.6843383627044517,-1.0,0.74,-0.01779292430836754,0.49999999999999994,-0.8660254037844387,4,1.0,0.7914346439967596,True
SOLUSDT,trend_ema__directionboth_fast12_rsi_threshold58.0_slow89,trend_ema,2026-02-27 10:30:00+00:00,2026-02-27 11:30:00+00:00,short,0.01433166887430781,0.015131668874307811,target,4,0.41461904134978683,1,True,False,False,0.0040261177168353915,0.02099231502458797,0,0,0.016146095066838412,85.15,85.48,85.12,85.26,211052.08,2026-02-27 10:44:59.999000+00:00,18003056.9706,19799,120375.19,10268811.5308,0.0012910042283669906,-0.01663312554348465,-0.023186756358399237,-4.603823012974706,0.30555555555555447,0.6111111111111089,0.08333333333333662,0.004222378606615053,29.26904793251066,-0.2995875466136292,-0.016414334501171083,-0.017110437065766856,-0.0056375206912840925,-0.0025530230950884247,0.03684431752050444,-1.0504670348879066,0.5042139531510282,-0.2514336572024397,0.8493452825747326,-1.0,0.57,-0.02815456514305248,0.49999999999999994,-0.8660254037844387,4,1.0,0.8215871959021093,True
SOLUSDT,trend_ema__directionshort_only_fast9_rsi_threshold55.0_slow89,trend_ema,2026-02-27 10:30:00+00:00,2026-02-27 11:30:00+00:00,short,0.01433166887430781,0.015131668874307811,target,4,0.41461904134978683,1,True,False,False,0.0040261177168353915,0.02099231502458797,0,0,0.017047005273685793,85.15,85.48,85.12,85.26,211052.08,2026-02-27 10:44:59.999000+00:00,18003056.9706,19799,120375.19,10268811.5308,0.0012910042283669906,-0.01663312554348465,-0.023186756358399237,-4.603823012974706,0.30555555555555447,0.6111111111111089,0.08333333333333662,0.004222378606615053,29.26904793251066,-0.2995875466136292,-0.016414334501171083,-0.017110437065766856,-0.0056375206912840925,-0.0025530230950884247,0.03684431752050444,-1.0504670348879066,0.5042139531510282,-0.2514336572024397,0.8493452825747326,-1.0,0.57,-0.02815456514305248,0.49999999999999994,-0.8660254037844387,4,1.0,0.8215871959021093,True
BTCUSDT,trend_ema__directionshort_only_fast21_rsi_threshold55.0_slow55,trend_ema,2026-02-27 10:30:00+00:00,2026-02-27 11:30:00+00:00,short,0.009885462255868286,0.010685462255868286,target,4,0.39967865318601553,1,True,False,False,0.0027630741756814094,0.01226946448730256,0,0,0.009885462255868286,66751.9,66926.3,66670.8,66778.0,3066.895,2026-02-27 10:44:59.999000+00:00,204859088.3799,61083,1517.301,101352653.2217,0.0003894256021655392,-0.011781532863854235,-0.013743513659034458,-4.636532802727324,0.10215264187869205,0.5804305283757453,0.3174168297455627,0.0038261103956392824,30.016067340699223,-132.3106054709545,-0.010028753192018864,-0.01086744029185091,-0.00339806044218971,-0.0015301699123712043,0.022117131344260906,-1.0444282046216236,283.1409404964833,0.9136568981992165,1.6843383627044517,-1.0,0.74,-0.01779292430836754,0.49999999999999994,-0.8660254037844387,4,1.0,0.7914346439967596,True
BTCUSDT,trend_ema__directionshort_only_fast21_rsi_threshold52.0_slow89,trend_ema,2026-02-27 10:30:00+00:00,2026-02-27 11:30:00+00:00,short,0.009885462255868286,0.010685462255868286,target,4,0.39967865318601553,1,True,False,False,0.0027630741756814094,0.01226946448730256,0,0,0.009806753663613619,66751.9,66926.3,66670.8,66778.0,3066.895,2026-02-27 10:44:59.999000+00:00,204859088.3799,61083,1517.301,101352653.2217,0.0003894256021655392,-0.011781532863854235,-0.013743513659034458,-4.636532802727324,0.10215264187869205,0.5804305283757453,0.3174168297455627,0.0038261103956392824,30.016067340699223,-132.3106054709545,-0.010028753192018864,-0.01086744029185091,-0.00339806044218971,-0.0015301699123712043,0.022117131344260906,-1.0444282046216236,283.1409404964833,0.9136568981992165,1.6843383627044517,-1.0,0.74,-0.01779292430836754,0.49999999999999994,-0.8660254037844387,4,1.0,0.7914346439967596,True
BTCUSDT,trend_ema__directionshort_only_fast12_rsi_threshold52.0_slow89,trend_ema,2026-02-27 10:30:00+00:00,2026-02-27 11:30:00+00:00,short,0.009885462255868286,0.010685462255868286,target,4,0.39967865318601553,1,True,False,False,0.0027630741756814094,0.01226946448730256,0,0,0.009885462255868286,66751.9,66926.3,66670.8,66778.0,3066.895,2026-02-27 10:44:59.999000+00:00,204859088.3799,61083,1517.301,101352653.2217,0.0003894256021655392,-0.011781532863854235,-0.013743513659034458,-4.636532802727324,0.10215264187869205,0.5804305283757453,0.3174168297455627,0.0038261103956392824,30.016067340699223,-132.3106054709545,-0.010028753192018864,-0.01086744029185091,-0.00339806044218971,-0.0015301699123712043,0.022117131344260906,-1.0444282046216236,283.1409404964833,0.9136568981992165,1.6843383627044517,-1.0,0.74,-0.01779292430836754,0.49999999999999994,-0.8660254037844387,4,1.0,0.7800139229190293,True
BTCUSDT,trend_ema__directionshort_only_fast21_rsi_threshold52.0_slow55,trend_ema,2026-02-27 10:30:00+00:00,2026-02-27 11:30:00+00:00,short,0.009885462255868286,0.010685462255868286,target,4,0.39967865318601553,1,True,False,False,0.0027630741756814094,0.01226946448730256,0,0,0.004198300810715273,66751.9,66926.3,66670.8,66778.0,3066.895,2026-02-27 10:44:59.999000+00:00,204859088.3799,61083,1517.301,101352653.2217,0.0003894256021655392,-0.011781532863854235,-0.013743513659034458,-4.636532802727324,0.10215264187869205,0.5804305283757453,0.3174168297455627,0.0038261103956392824,30.016067340699223,-132.3106054709545,-0.010028753192018864,-0.01086744029185091,-0.00339806044218971,-0.0015301699123712043,0.022117131344260906,-1.0444282046216236,283.1409404964833,0.9136568981992165,1.6843383627044517,-1.0,0.74,-0.01779292430836754,0.49999999999999994,-0.8660254037844387,4,1.0,0.7656836266860153,True
BTCUSDT,trend_ema__directionshort_only_fast21_rsi_threshold58.0_slow55,trend_ema,2026-02-27 10:30:00+00:00,2026-02-27 11:30:00+00:00,short,0.009885462255868286,0.010685462255868286,target,4,0.39967865318601553,1,True,False,False,0.0027630741756814094,0.01226946448730256,0,0,0.00793726937931417,66751.9,66926.3,66670.8,66778.0,3066.895,2026-02-27 10:44:59.999000+00:00,204859088.3799,61083,1517.301,101352653.2217,0.0003894256021655392,-0.011781532863854235,-0.013743513659034458,-4.636532802727324,0.10215264187869205,0.5804305283757453,0.3174168297455627,0.0038261103956392824,30.016067340699223,-132.3106054709545,-0.010028753192018864,-0.01086744029185091,-0.00339806044218971,-0.0015301699123712043,0.022117131344260906,-1.0444282046216236,283.1409404964833,0.9136568981992165,1.6843383627044517,-1.0,0.74,-0.01779292430836754,0.49999999999999994,-0.8660254037844387,4,1.0,0.7708132590606069,True
SOLUSDT,trend_ema__directionboth_fast12_rsi_threshold55.0_slow89,trend_ema,2026-02-27 10:30:00+00:00,2026-02-27 11:30:00+00:00,short,0.01433166887430781,0.015131668874307811,target,4,0.41461904134978683,1,True,False,False,0.0040261177168353915,0.02099231502458797,0,0,0.018398370583956873,85.15,85.48,85.12,85.26,211052.08,2026-02-27 10:44:59.999000+00:00,18003056.9706,19799,120375.19,10268811.5308,0.0012910042283669906,-0.01663312554348465,-0.023186756358399237,-4.603823012974706,0.30555555555555447,0.6111111111111089,0.08333333333333662,0.004222378606615053,29.26904793251066,-0.2995875466136292,-0.016414334501171083,-0.017110437065766856,-0.0056375206912840925,-0.0025530230950884247,0.03684431752050444,-1.0504670348879066,0.5042139531510282,-0.2514336572024397,0.8493452825747326,-1.0,0.57,-0.02815456514305248,0.49999999999999994,-0.8660254037844387,4,1.0,0.8013191182856381,True
BTCUSDT,trend_ema__directionboth_fast21_rsi_threshold55.0_slow89,trend_ema,2026-02-27 10:30:00+00:00,2026-02-27 11:30:00+00:00,short,0.009885462255868286,0.010685462255868286,target,4,0.39967865318601553,1,True,False,False,0.0027630741756814094,0.01226946448730256,0,0,0.0005299712268914281,66751.9,66926.3,66670.8,66778.0,3066.895,2026-02-27 10:44:59.999000+00:00,204859088.3799,61083,1517.301,101352653.2217,0.0003894256021655392,-0.011781532863854235,-0.013743513659034458,-4.636532802727324,0.10215264187869205,0.5804305283757453,0.3174168297455627,0.0038261103956392824,30.016067340699223,-132.3106054709545,-0.010028753192018864,-0.01086744029185091,-0.00339806044218971,-0.0015301699123712043,0.022117131344260906,-1.0444282046216236,283.1409404964833,0.9136568981992165,1.6843383627044517,-1.0,0.74,-0.01779292430836754,0.49999999999999994,-0.8660254037844387,4,1.0,0.7349801759609811,True
SOLUSDT,trend_ema__directionshort_only_fast12_rsi_threshold55.0_slow89,trend_ema,2026-02-27 10:30:00+00:00,2026-02-27 11:30:00+00:00,short,0.01433166887430781,0.015131668874307811,target,4,0.41461904134978683,1,True,False,False,0.0040261177168353915,0.02099231502458797,0,0,0.017947915480533184,85.15,85.48,85.12,85.26,211052.08,2026-02-27 10:44:59.999000+00:00,18003056.9706,19799,120375.19,10268811.5308,0.0012910042283669906,-0.01663312554348465,-0.023186756358399237,-4.603823012974706,0.30555555555555447,0.6111111111111089,0.08333333333333662,0.004222378606615053,29.26904793251066,-0.2995875466136292,-0.016414334501171083,-0.017110437065766856,-0.0056375206912840925,-0.0025530230950884247,0.03684431752050444,-1.0504670348879066,0.5042139531510282,-0.2514336572024397,0.8493452825747326,-1.0,0.57,-0.02815456514305248,0.49999999999999994,-0.8660254037844387,4,1.0,0.8013191182856381,True
BTCUSDT,trend_ema__directionshort_only_fast12_rsi_threshold58.0_slow89,trend_ema,2026-02-27 10:30:00+00:00,2026-02-27 11:30:00+00:00,short,0.009885462255868286,0.010685462255868286,target,4,0.39967865318601553,1,True,False,False,0.0027630741756814094,0.01226946448730256,0,0,0.002328816526415825,66751.9,66926.3,66670.8,66778.0,3066.895,2026-02-27 10:44:59.999000+00:00,204859088.3799,61083,1517.301,101352653.2217,0.0003894256021655392,-0.011781532863854235,-0.013743513659034458,-4.636532802727324,0.10215264187869205,0.5804305283757453,0.3174168297455627,0.0038261103956392824,30.016067340699223,-132.3106054709545,-0.010028753192018864,-0.01086744029185091,-0.00339806044218971,-0.0015301699123712043,0.022117131344260906,-1.0444282046216236,283.1409404964833,0.9136568981992165,1.6843383627044517,-1.0,0.74,-0.01779292430836754,0.49999999999999994,-0.8660254037844387,4,1.0,0.7447351438348846,True
BTCUSDT,trend_ema__directionshort_only_fast21_rsi_threshold52.0_slow55,trend_ema,2026-02-27 10:30:00+00:00,2026-02-27 11:30:00+00:00,short,0.009885462255868286,0.010685462255868286,target,4,0.39967865318601553,1,True,False,False,0.0027630741756814094,0.01226946448730256,0,0,0.004198300810715273,66751.9,66926.3,66670.8,66778.0,3066.895,2026-02-27 10:44:59.999000+00:00,204859088.3799,61083,1517.301,101352653.2217,0.0003894256021655392,-0.011781532863854235,-0.013743513659034458,-4.636532802727324,0.10215264187869205,0.5804305283757453,0.3174168297455627,0.0038261103956392824,30.016067340699223,-132.3106054709545,-0.010028753192018864,-0.01086744029185091,-0.00339806044218971,-0.0015301699123712043,0.022117131344260906,-1.0444282046216236,283.1409404964833,0.9136568981992165,1.6843383627044517,-1.0,0.74,-0.01779292430836754,0.49999999999999994,-0.8660254037844387,4,1.0,0.7445054427952199,True
BTCUSDT,trend_ema__directionshort_only_fast21_rsi_threshold55.0_slow89,trend_ema,2026-02-27 10:30:00+00:00,2026-02-27 11:30:00+00:00,short,0.009885462255868286,0.010685462255868286,target,4,0.39967865318601553,1,True,False,False,0.0027630741756814094,0.01226946448730256,0,0,0.006067785095014722,66751.9,66926.3,66670.8,66778.0,3066.895,2026-02-27 10:44:59.999000+00:00,204859088.3799,61083,1517.301,101352653.2217,0.0003894256021655392,-0.011781532863854235,-0.013743513659034458,-4.636532802727324,0.10215264187869205,0.5804305283757453,0.3174168297455627,0.0038261103956392824,30.016067340699223,-132.3106054709545,-0.010028753192018864,-0.01086744029185091,-0.00339806044218971,-0.0015301699123712043,0.022117131344260906,-1.0444282046216236,283.1409404964833,0.9136568981992165,1.6843383627044517,-1.0,0.74,-0.01779292430836754,0.49999999999999994,-0.8660254037844387,4,1.0,0.7652595675202924,True
BTCUSDT,trend_ema__directionshort_only_fast21_rsi_threshold52.0_slow89,trend_ema,2026-02-27 10:30:00+00:00,2026-02-27 11:30:00+00:00,short,0.009885462255868286,0.010685462255868286,target,4,0.39967865318601553,1,True,False,False,0.0027630741756814094,0.01226946448730256,0,0,0.009806753663613619,66751.9,66926.3,66670.8,66778.0,3066.895,2026-02-27 10:44:59.999000+00:00,204859088.3799,61083,1517.301,101352653.2217,0.0003894256021655392,-0.011781532863854235,-0.013743513659034458,-4.636532802727324,0.10215264187869205,0.5804305283757453,0.3174168297455627,0.0038261103956392824,30.016067340699223,-132.3106054709545,-0.010028753192018864,-0.01086744029185091,-0.00339806044218971,-0.0015301699123712043,0.022117131344260906,-1.0444282046216236,283.1409404964833,0.9136568981992165,1.6843383627044517,-1.0,0.74,-0.01779292430836754,0.49999999999999994,-0.8660254037844387,4,1.0,0.778792295219967,True
SOLUSDT,trend_ema__directionboth_fast12_rsi_threshold58.0_slow89,trend_ema,2026-02-27 10:30:00+00:00,2026-02-27 11:30:00+00:00,short,0.01433166887430781,0.015131668874307811,target,4,0.41461904134978683,1,True,False,False,0.0040261177168353915,0.02099231502458797,0,0,0.016146095066838412,85.15,85.48,85.12,85.26,211052.08,2026-02-27 10:44:59.999000+00:00,18003056.9706,19799,120375.19,10268811.5308,0.0012910042283669906,-0.01663312554348465,-0.023186756358399237,-4.603823012974706,0.30555555555555447,0.6111111111111089,0.08333333333333662,0.004222378606615053,29.26904793251066,-0.2995875466136292,-0.016414334501171083,-0.017110437065766856,-0.0056375206912840925,-0.0025530230950884247,0.03684431752050444,-1.0504670348879066,0.5042139531510282,-0.2514336572024397,0.8493452825747326,-1.0,0.57,-0.02815456514305248,0.49999999999999994,-0.8660254037844387,4,1.0,0.7982549180980419,True
SOLUSDT,trend_ema__directionshort_only_fast12_rsi_threshold52.0_slow89,trend_ema,2026-02-27 10:30:00+00:00,2026-02-27 11:30:00+00:00,short,0.01433166887430781,0.015131668874307811,target,4,0.41461904134978683,1,True,False,False,0.0040261177168353915,0.02099231502458797,0,0,0.017497460377109485,85.15,85.48,85.12,85.26,211052.08,2026-02-27 10:44:59.999000+00:00,18003056.9706,19799,120375.19,10268811.5308,0.0012910042283669906,-0.01663312554348465,-0.023186756358399237,-4.603823012974706,0.30555555555555447,0.6111111111111089,0.08333333333333662,0.004222378606615053,29.26904793251066,-0.2995875466136292,-0.016414334501171083,-0.017110437065766856,-0.0056375206912840925,-0.0025530230950884247,0.03684431752050444,-1.0504670348879066,0.5042139531510282,-0.2514336572024397,0.8493452825747326,-1.0,0.57,-0.02815456514305248,0.49999999999999994,-0.8660254037844387,4,1.0,0.8013191182856381,True
SOLUSDT,trend_ema__directionshort_only_fast12_rsi_threshold58.0_slow89,trend_ema,2026-02-27 10:30:00+00:00,2026-02-27 11:30:00+00:00,short,0.01433166887430781,0.015131668874307811,target,4,0.41461904134978683,1,True,False,False,0.0040261177168353915,0.02099231502458797,0,0,0.015695639963414717,85.15,85.48,85.12,85.26,211052.08,2026-02-27 10:44:59.999000+00:00,18003056.9706,19799,120375.19,10268811.5308,0.0012910042283669906,-0.01663312554348465,-0.023186756358399237,-4.603823012974706,0.30555555555555447,0.6111111111111089,0.08333333333333662,0.004222378606615053,29.26904793251066,-0.2995875466136292,-0.016414334501171083,-0.017110437065766856,-0.0056375206912840925,-0.0025530230950884247,0.03684431752050444,-1.0504670348879066,0.5042139531510282,-0.2514336572024397,0.8493452825747326,-1.0,0.57,-0.02815456514305248,0.49999999999999994,-0.8660254037844387,4,1.0,0.7973784177742386,True
SOLUSDT,trend_ema__directionboth_fast9_rsi_threshold58.0_slow89,trend_ema,2026-02-27 10:30:00+00:00,2026-02-27 11:30:00+00:00,short,0.01433166887430781,0.015131668874307811,target,4,0.41461904134978683,1,True,False,False,0.0040261177168353915,0.02099231502458797,0,0,0.016596550170262105,85.15,85.48,85.12,85.26,211052.08,2026-02-27 10:44:59.999000+00:00,18003056.9706,19799,120375.19,10268811.5308,0.0012910042283669906,-0.01663312554348465,-0.023186756358399237,-4.603823012974706,0.30555555555555447,0.6111111111111089,0.08333333333333662,0.004222378606615053,29.26904793251066,-0.2995875466136292,-0.016414334501171083,-0.017110437065766856,-0.0056375206912840925,-0.0025530230950884247,0.03684431752050444,-1.0504670348879066,0.5042139531510282,-0.2514336572024397,0.8493452825747326,-1.0,0.57,-0.02815456514305248,0.49999999999999994,-0.8660254037844387,4,1.0,0.8215871959021093,True
BTCUSDT,trend_ema__directionshort_only_fast21_rsi_threshold55.0_slow55,trend_ema,2026-02-27 10:30:00+00:00,2026-02-27 11:30:00+00:00,short,0.009885462255868286,0.010685462255868286,target,4,0.39967865318601553,1,True,False,False,0.0027630741756814094,0.01226946448730256,0,0,0.009885462255868286,66751.9,66926.3,66670.8,66778.0,3066.895,2026-02-27 10:44:59.999000+00:00,204859088.3799,61083,1517.301,101352653.2217,0.0003894256021655392,-0.011781532863854235,-0.013743513659034458,-4.636532802727324,0.10215264187869205,0.5804305283757453,0.3174168297455627,0.0038261103956392824,30.016067340699223,-132.3106054709545,-0.010028753192018864,-0.01086744029185091,-0.00339806044218971,-0.0015301699123712043,0.022117131344260906,-1.0444282046216236,283.1409404964833,0.9136568981992165,1.6843383627044517,-1.0,0.74,-0.01779292430836754,0.49999999999999994,-0.8660254037844387,4,1.0,0.7800139229190293,True
BTCUSDT,trend_ema__directionshort_only_fast12_rsi_threshold55.0_slow89,trend_ema,2026-02-27 10:30:00+00:00,2026-02-27 11:30:00+00:00,short,0.009885462255868286,0.010685462255868286,target,4,0.39967865318601553,1,True,False,False,0.0027630741756814094,0.01226946448730256,0,0,0.009885462255868286,66751.9,66926.3,66670.8,66778.0,3066.895,2026-02-27 10:44:59.999000+00:00,204859088.3799,61083,1517.301,101352653.2217,0.0003894256021655392,-0.011781532863854235,-0.013743513659034458,-4.636532802727324,0.10215264187869205,0.5804305283757453,0.3174168297455627,0.0038261103956392824,30.016067340699223,-132.3106054709545,-0.010028753192018864,-0.01086744029185091,-0.00339806044218971,-0.0015301699123712043,0.022117131344260906,-1.0444282046216236,283.1409404964833,0.9136568981992165,1.6843383627044517,-1.0,0.74,-0.01779292430836754,0.49999999999999994,-0.8660254037844387,4,1.0,0.7800139229190293,True
SOLUSDT,trend_ema__directionboth_fast9_rsi_threshold58.0_slow89,trend_ema,2026-02-27 10:30:00+00:00,2026-02-27 11:30:00+00:00,short,0.01433166887430781,0.015131668874307811,target,4,0.41461904134978683,1,True,False,False,0.0040261177168353915,0.02099231502458797,0,0,0.016596550170262105,85.15,85.48,85.12,85.26,211052.08,2026-02-27 10:44:59.999000+00:00,18003056.9706,19799,120375.19,10268811.5308,0.0012910042283669906,-0.01663312554348465,-0.023186756358399237,-4.603823012974706,0.30555555555555447,0.6111111111111089,0.08333333333333662,0.004222378606615053,29.26904793251066,-0.2995875466136292,-0.016414334501171083,-0.017110437065766856,-0.0056375206912840925,-0.0025530230950884247,0.03684431752050444,-1.0504670348879066,0.5042139531510282,-0.2514336572024397,0.8493452825747326,-1.0,0.57,-0.02815456514305248,0.49999999999999994,-0.8660254037844387,4,1.0,0.7982549180980419,True
SOLUSDT,trend_ema__directionshort_only_fast9_rsi_threshold55.0_slow89,trend_ema,2026-02-27 10:30:00+00:00,2026-02-27 11:30:00+00:00,short,0.01433166887430781,0.015131668874307811,target,4,0.41461904134978683,1,True,False,False,0.0040261177168353915,0.02099231502458797,0,0,0.017047005273685793,85.15,85.48,85.12,85.26,211052.08,2026-02-27 10:44:59.999000+00:00,18003056.9706,19799,120375.19,10268811.5308,0.0012910042283669906,-0.01663312554348465,-0.023186756358399237,-4.603823012974706,0.30555555555555447,0.6111111111111089,0.08333333333333662,0.004222378606615053,29.26904793251066,-0.2995875466136292,-0.016414334501171083,-0.017110437065766856,-0.0056375206912840925,-0.0025530230950884247,0.03684431752050444,-1.0504670348879066,0.5042139531510282,-0.2514336572024397,0.8493452825747326,-1.0,0.57,-0.02815456514305248,0.49999999999999994,-0.8660254037844387,4,1.0,0.8013191182856381,True
BTCUSDT,trend_ema__directionboth_fast12_rsi_threshold52.0_slow89,trend_ema,2026-02-27 10:30:00+00:00,2026-02-27 11:30:00+00:00,short,0.009885462255868286,0.010685462255868286,target,4,0.39967865318601553,1,True,False,False,0.0027630741756814094,0.01226946448730256,0,0,0.009846107959740951,66751.9,66926.3,66670.8,66778.0,3066.895,2026-02-27 10:44:59.999000+00:00,204859088.3799,61083,1517.301,101352653.2217,0.0003894256021655392,-0.011781532863854235,-0.013743513659034458,-4.636532802727324,0.10215264187869205,0.5804305283757453,0.3174168297455627,0.0038261103956392824,30.016067340699223,-132.3106054709545,-0.010028753192018864,-0.01086744029185091,-0.00339806044218971,-0.0015301699123712043,0.022117131344260906,-1.0444282046216236,283.1409404964833,0.9136568981992165,1.6843383627044517,-1.0,0.74,-0.01779292430836754,0.49999999999999994,-0.8660254037844387,4,1.0,0.778792295219967,True
SOLUSDT,trend_ema__directionboth_fast12_rsi_threshold52.0_slow89,trend_ema,2026-02-27 10:30:00+00:00,2026-02-27 11:30:00+00:00,short,0.01433166887430781,0.015131668874307811,target,4,0.41461904134978683,1,True,False,False,0.0040261177168353915,0.02099231502458797,0,0,0.015816751446818093,85.15,85.48,85.12,85.26,211052.08,2026-02-27 10:44:59.999000+00:00,18003056.9706,19799,120375.19,10268811.5308,0.0012910042283669906,-0.01663312554348465,-0.023186756358399237,-4.603823012974706,0.30555555555555447,0.6111111111111089,0.08333333333333662,0.004222378606615053,29.26904793251066,-0.2995875466136292,-0.016414334501171083,-0.017110437065766856,-0.0056375206912840925,-0.0025530230950884247,0.03684431752050444,-1.0504670348879066,0.5042139531510282,-0.2514336572024397,0.8493452825747326,-1.0,0.57,-0.02815456514305248,0.49999999999999994,-0.8660254037844387,4,1.0,0.7973784177742386,True
BTCUSDT,trend_ema__directionshort_only_fast21_rsi_threshold55.0_slow89,trend_ema,2026-02-27 10:30:00+00:00,2026-02-27 11:30:00+00:00,short,0.009885462255868286,0.010685462255868286,target,4,0.39967865318601553,1,True,False,False,0.0027630741756814094,0.01226946448730256,0,0,0.006067785095014722,66751.9,66926.3,66670.8,66778.0,3066.895,2026-02-27 10:44:59.999000+00:00,204859088.3799,61083,1517.301,101352653.2217,0.0003894256021655392,-0.011781532863854235,-0.013743513659034458,-4.636532802727324,0.10215264187869205,0.5804305283757453,0.3174168297455627,0.0038261103956392824,30.016067340699223,-132.3106054709545,-0.010028753192018864,-0.01086744029185091,-0.00339806044218971,-0.0015301699123712043,0.022117131344260906,-1.0444282046216236,283.1409404964833,0.9136568981992165,1.6843383627044517,-1.0,0.74,-0.01779292430836754,0.49999999999999994,-0.8660254037844387,4,1.0,0.7762327412954946,True
BTCUSDT,trend_ema__directionshort_only_fast12_rsi_threshold55.0_slow89,trend_ema,2026-02-27 10:30:00+00:00,2026-02-27 11:30:00+00:00,short,0.009885462255868286,0.010685462255868286,target,4,0.39967865318601553,1,True,False,False,0.0027630741756814094,0.01226946448730256,0,0,0.009885462255868286,66751.9,66926.3,66670.8,66778.0,3066.895,2026-02-27 10:44:59.999000+00:00,204859088.3799,61083,1517.301,101352653.2217,0.0003894256021655392,-0.011781532863854235,-0.013743513659034458,-4.636532802727324,0.10215264187869205,0.5804305283757453,0.3174168297455627,0.0038261103956392824,30.016067340699223,-132.3106054709545,-0.010028753192018864,-0.01086744029185091,-0.00339806044218971,-0.0015301699123712043,0.022117131344260906,-1.0444282046216236,283.1409404964833,0.9136568981992165,1.6843383627044517,-1.0,0.74,-0.01779292430836754,0.49999999999999994,-0.8660254037844387,4,1.0,0.7914346439967596,True
BTCUSDT,trend_ema__directionshort_only_fast12_rsi_threshold58.0_slow89,trend_ema,2026-02-27 10:30:00+00:00,2026-02-27 11:30:00+00:00,short,0.009885462255868286,0.010685462255868286,target,4,0.39967865318601553,1,True,False,False,0.0027630741756814094,0.01226946448730256,0,0,0.002328816526415825,66751.9,66926.3,66670.8,66778.0,3066.895,2026-02-27 10:44:59.999000+00:00,204859088.3799,61083,1517.301,101352653.2217,0.0003894256021655392,-0.011781532863854235,-0.013743513659034458,-4.636532802727324,0.10215264187869205,0.5804305283757453,0.3174168297455627,0.0038261103956392824,30.016067340699223,-132.3106054709545,-0.010028753192018864,-0.01086744029185091,-0.00339806044218971,-0.0015301699123712043,0.022117131344260906,-1.0444282046216236,283.1409404964833,0.9136568981992165,1.6843383627044517,-1.0,0.74,-0.01779292430836754,0.49999999999999994,-0.8660254037844387,4,1.0,0.7589857092439585,True
BTCUSDT,trend_ema__directionboth_fast21_rsi_threshold55.0_slow89,trend_ema,2026-02-27 10:30:00+00:00,2026-02-27 11:30:00+00:00,short,0.009885462255868286,0.010685462255868286,target,4,0.39967865318601553,1,True,False,False,0.0027630741756814094,0.01226946448730256,0,0,0.0005299712268914281,66751.9,66926.3,66670.8,66778.0,3066.895,2026-02-27 10:44:59.999000+00:00,204859088.3799,61083,1517.301,101352653.2217,0.0003894256021655392,-0.011781532863854235,-0.013743513659034458,-4.636532802727324,0.10215264187869205,0.5804305283757453,0.3174168297455627,0.0038261103956392824,30.016067340699223,-132.3106054709545,-0.010028753192018864,-0.01086744029185091,-0.00339806044218971,-0.0015301699123712043,0.022117131344260906,-1.0444282046216236,283.1409404964833,0.9136568981992165,1.6843383627044517,-1.0,0.74,-0.01779292430836754,0.49999999999999994,-0.8660254037844387,4,1.0,0.7468906686869479,True
SOLUSDT,trend_ema__directionboth_fast12_rsi_threshold55.0_slow89,trend_ema,2026-02-27 10:30:00+00:00,2026-02-27 11:30:00+00:00,short,0.01433166887430781,0.015131668874307811,target,4,0.41461904134978683,1,True,False,False,0.0040261177168353915,0.02099231502458797,0,0,0.018398370583956873,85.15,85.48,85.12,85.26,211052.08,2026-02-27 10:44:59.999000+00:00,18003056.9706,19799,120375.19,10268811.5308,0.0012910042283669906,-0.01663312554348465,-0.023186756358399237,-4.603823012974706,0.30555555555555447,0.6111111111111089,0.08333333333333662,0.004222378606615053,29.26904793251066,-0.2995875466136292,-0.016414334501171083,-0.017110437065766856,-0.0056375206912840925,-0.0025530230950884247,0.03684431752050444,-1.0504670348879066,0.5042139531510282,-0.2514336572024397,0.8493452825747326,-1.0,0.57,-0.02815456514305248,0.49999999999999994,-0.8660254037844387,4,1.0,0.8232004590898633,True
BTCUSDT,trend_ema__directionshort_only_fast21_rsi_threshold58.0_slow55,trend_ema,2026-02-27 10:30:00+00:00,2026-02-27 11:30:00+00:00,short,0.009885462255868286,0.010685462255868286,target,4,0.39967865318601553,1,True,False,False,0.0027630741756814094,0.01226946448730256,0,0,0.00793726937931417,66751.9,66926.3,66670.8,66778.0,3066.895,2026-02-27 10:44:59.999000+00:00,204859088.3799,61083,1517.301,101352653.2217,0.0003894256021655392,-0.011781532863854235,-0.013743513659034458,-4.636532802727324,0.10215264187869205,0.5804305283757453,0.3174168297455627,0.0038261103956392824,30.016067340699223,-132.3106054709545,-0.010028753192018864,-0.01086744029185091,-0.00339806044218971,-0.0015301699123712043,0.022117131344260906,-1.0444282046216236,283.1409404964833,0.9136568981992165,1.6843383627044517,-1.0,0.74,-0.01779292430836754,0.49999999999999994,-0.8660254037844387,4,1.0,0.7880616553388704,True
SOLUSDT,trend_ema__directionboth_fast12_rsi_threshold52.0_slow89,trend_ema,2026-02-27 10:30:00+00:00,2026-02-27 11:30:00+00:00,short,0.01433166887430781,0.015131668874307811,target,4,0.41461904134978683,1,True,False,False,0.0040261177168353915,0.02099231502458797,0,0,0.015816751446818093,85.15,85.48,85.12,85.26,211052.08,2026-02-27 10:44:59.999000+00:00,18003056.9706,19799,120375.19,10268811.5308,0.0012910042283669906,-0.01663312554348465,-0.023186756358399237,-4.603823012974706,0.30555555555555447,0.6111111111111089,0.08333333333333662,0.004222378606615053,29.26904793251066,-0.2995875466136292,-0.016414334501171083,-0.017110437065766856,-0.0056375206912840925,-0.0025530230950884247,0.03684431752050444,-1.0504670348879066,0.5042139531510282,-0.2514336572024397,0.8493452825747326,-1.0,0.57,-0.02815456514305248,0.49999999999999994,-0.8660254037844387,4,1.0,0.8215871959021093,True
SOLUSDT,trend_ema__directionshort_only_fast12_rsi_threshold55.0_slow89,trend_ema,2026-02-27 10:30:00+00:00,2026-02-27 11:30:00+00:00,short,0.01433166887430781,0.015131668874307811,target,4,0.41461904134978683,1,True,False,False,0.0040261177168353915,0.02099231502458797,0,0,0.017947915480533184,85.15,85.48,85.12,85.26,211052.08,2026-02-27 10:44:59.999000+00:00,18003056.9706,19799,120375.19,10268811.5308,0.0012910042283669906,-0.01663312554348465,-0.023186756358399237,-4.603823012974706,0.30555555555555447,0.6111111111111089,0.08333333333333662,0.004222378606615053,29.26904793251066,-0.2995875466136292,-0.016414334501171083,-0.017110437065766856,-0.0056375206912840925,-0.0025530230950884247,0.03684431752050444,-1.0504670348879066,0.5042139531510282,-0.2514336572024397,0.8493452825747326,-1.0,0.57,-0.02815456514305248,0.49999999999999994,-0.8660254037844387,4,1.0,0.8215871959021093,True
SOLUSDT,trend_ema__directionshort_only_fast21_rsi_threshold55.0_slow55,trend_ema,2026-02-27 10:45:00+00:00,2026-02-27 11:30:00+00:00,short,0.013986816695710603,0.014786816695710603,target,3,0.500756094943267,1,True,False,False,0.0009711637369578122,0.022255402584373266,0,0,0.014751840686150394,85.26,85.33,84.5,84.65,430324.98,2026-02-27 10:59:59.999000+00:00,36488972.0492,33445,185721.76,15747624.1236,-0.007180302757919979,-0.018956804509342937,-0.030596232945670952,-4.943035908524747,0.7349397590361454,0.08433734939758232,0.18072289156627228,0.009805079740106299,24.96219525283665,-0.33235641519594833,-0.02147792705640983,-0.023481453585614702,-0.005898907067598103,-0.003373452555337497,0.04326994570015346,-1.1454056665188712,0.5274843850688118,1.1447537614486645,1.6496689558080162,-1.0,0.69,-0.03510771685854319,0.49999999999999994,-0.8660254037844387,4,1.0,0.9224263796284933,True
SOLUSDT,trend_ema__directionshort_only_fast21_rsi_threshold58.0_slow55,trend_ema,2026-02-27 10:45:00+00:00,2026-02-27 11:30:00+00:00,short,0.013986816695710603,0.014786816695710603,target,3,0.500756094943267,1,True,False,False,0.0009711637369578122,0.022255402584373266,0,0,0.01426269843858837,85.26,85.33,84.5,84.65,430324.98,2026-02-27 10:59:59.999000+00:00,36488972.0492,33445,185721.76,15747624.1236,-0.007180302757919979,-0.018956804509342937,-0.030596232945670952,-4.943035908524747,0.7349397590361454,0.08433734939758232,0.18072289156627228,0.009805079740106299,24.96219525283665,-0.33235641519594833,-0.02147792705640983,-0.023481453585614702,-0.005898907067598103,-0.003373452555337497,0.04326994570015346,-1.1454056665188712,0.5274843850688118,1.1447537614486645,1.6496689558080162,-1.0,0.69,-0.03510771685854319,0.49999999999999994,-0.8660254037844387,4,1.0,0.9220714038836293,True
XRPUSDT,trend_ema__directionshort_only_fast21_rsi_threshold58.0_slow55,trend_ema,2026-02-27 10:45:00+00:00,2026-02-27 12:00:00+00:00,short,0.011878385084669126,0.012678385084669126,target,5,0.38228885330365725,1,True,False,False,0.0010095040466323905,0.012957071031293472,0,0,0.011837507895851428,1.3964,1.3976,1.3858,1.3881,11313222.7,2026-02-27 10:59:59.999000+00:00,15726837.94039,22052,4564972.5,6346931.50649,-0.005961590649817467,-0.012670630160741415,-0.016858746309090414,-3.6846146490821714,0.7033898305084892,0.1016949152542258,0.19491525423728495,0.00850082847057131,30.885557334817136,-0.0034075994089644594,-0.013214006799766755,-0.014326986583110629,-0.0034346315633112523,-0.002009259665573304,0.028689209956362483,-1.0591556410749496,0.007417678203714239,1.138812799742661,1.743395143011023,-1.0,0.75,-0.024182776801406125,0.49999999999999994,-0.8660254037844387,4,1.0,0.8928823914420205,True
XRPUSDT,trend_ema__directionshort_only_fast21_rsi_threshold52.0_slow55,trend_ema,2026-02-27 10:45:00+00:00,2026-02-27 12:00:00+00:00,short,0.011878385084669126,0.012678385084669126,target,5,0.38228885330365725,1,True,False,False,0.0010095040466323905,0.012957071031293472,0,0,0.011827288598647007,1.3964,1.3976,1.3858,1.3881,11313222.7,2026-02-27 10:59:59.999000+00:00,15726837.94039,22052,4564972.5,6346931.50649,-0.005961590649817467,-0.012670630160741415,-0.016858746309090414,-3.6846146490821714,0.7033898305084892,0.1016949152542258,0.19491525423728495,0.00850082847057131,30.885557334817136,-0.0034075994089644594,-0.013214006799766755,-0.014326986583110629,-0.0034346315633112523,-0.002009259665573304,0.028689209956362483,-1.0591556410749496,0.007417678203714239,1.138812799742661,1.743395143011023,-1.0,0.75,-0.024182776801406125,0.49999999999999994,-0.8660254037844387,4,1.0,0.8928823914420205,True
SOLUSDT,trend_ema__directionshort_only_fast21_rsi_threshold52.0_slow55,trend_ema,2026-02-27 10:45:00+00:00,2026-02-27 11:30:00+00:00,short,0.013986816695710603,0.014786816695710603,target,3,0.500756094943267,1,True,False,False,0.0009711637369578122,0.022255402584373266,0,0,0.015240982933712417,85.26,85.33,84.5,84.65,430324.98,2026-02-27 10:59:59.999000+00:00,36488972.0492,33445,185721.76,15747624.1236,-0.007180302757919979,-0.018956804509342937,-0.030596232945670952,-4.943035908524747,0.7349397590361454,0.08433734939758232,0.18072289156627228,0.009805079740106299,24.96219525283665,-0.33235641519594833,-0.02147792705640983,-0.023481453585614702,-0.005898907067598103,-0.003373452555337497,0.04326994570015346,-1.1454056665188712,0.5274843850688118,1.1447537614486645,1.6496689558080162,-1.0,0.69,-0.03510771685854319,0.49999999999999994,-0.8660254037844387,4,1.0,0.9224263796284933,True
XRPUSDT,trend_ema__directionshort_only_fast21_rsi_threshold55.0_slow55,trend_ema,2026-02-27 10:45:00+00:00,2026-02-27 12:00:00+00:00,short,0.011878385084669126,0.012678385084669126,target,5,0.38228885330365725,1,True,False,False,0.0010095040466323905,0.012957071031293472,0,0,0.011832398247249219,1.3964,1.3976,1.3858,1.3881,11313222.7,2026-02-27 10:59:59.999000+00:00,15726837.94039,22052,4564972.5,6346931.50649,-0.005961590649817467,-0.012670630160741415,-0.016858746309090414,-3.6846146490821714,0.7033898305084892,0.1016949152542258,0.19491525423728495,0.00850082847057131,30.885557334817136,-0.0034075994089644594,-0.013214006799766755,-0.014326986583110629,-0.0034346315633112523,-0.002009259665573304,0.028689209956362483,-1.0591556410749496,0.007417678203714239,1.138812799742661,1.743395143011023,-1.0,0.75,-0.024182776801406125,0.49999999999999994,-0.8660254037844387,4,1.0,0.8928823914420205,True
SOLUSDT,trend_ema__directionshort_only_fast21_rsi_threshold58.0_slow55,trend_ema,2026-02-27 10:45:00+00:00,2026-02-27 11:30:00+00:00,short,0.013986816695710603,0.014786816695710603,target,3,0.500756094943267,1,True,False,False,0.0009711637369578122,0.022255402584373266,0,0,0.01426269843858837,85.26,85.33,84.5,84.65,430324.98,2026-02-27 10:59:59.999000+00:00,36488972.0492,33445,185721.76,15747624.1236,-0.007180302757919979,-0.018956804509342937,-0.030596232945670952,-4.943035908524747,0.7349397590361454,0.08433734939758232,0.18072289156627228,0.009805079740106299,24.96219525283665,-0.33235641519594833,-0.02147792705640983,-0.023481453585614702,-0.005898907067598103,-0.003373452555337497,0.04326994570015346,-1.1454056665188712,0.5274843850688118,1.1447537614486645,1.6496689558080162,-1.0,0.69,-0.03510771685854319,0.49999999999999994,-0.8660254037844387,4,1.0,0.9137187958668097,True
XRPUSDT,trend_ema__directionshort_only_fast21_rsi_threshold58.0_slow55,trend_ema,2026-02-27 10:45:00+00:00,2026-02-27 12:00:00+00:00,short,0.011878385084669126,0.012678385084669126,target,5,0.38228885330365725,1,True,False,False,0.0010095040466323905,0.012957071031293472,0,0,0.011837507895851428,1.3964,1.3976,1.3858,1.3881,11313222.7,2026-02-27 10:59:59.999000+00:00,15726837.94039,22052,4564972.5,6346931.50649,-0.005961590649817467,-0.012670630160741415,-0.016858746309090414,-3.6846146490821714,0.7033898305084892,0.1016949152542258,0.19491525423728495,0.00850082847057131,30.885557334817136,-0.0034075994089644594,-0.013214006799766755,-0.014326986583110629,-0.0034346315633112523,-0.002009259665573304,0.028689209956362483,-1.0591556410749496,0.007417678203714239,1.138812799742661,1.743395143011023,-1.0,0.75,-0.024182776801406125,0.49999999999999994,-0.8660254037844387,4,1.0,0.881361528890645,True
SOLUSDT,trend_ema__directionshort_only_fast21_rsi_threshold55.0_slow55,trend_ema,2026-02-27 10:45:00+00:00,2026-02-27 11:30:00+00:00,short,0.013986816695710603,0.014786816695710603,target,3,0.500756094943267,1,True,False,False,0.0009711637369578122,0.022255402584373266,0,0,0.014751840686150394,85.26,85.33,84.5,84.65,430324.98,2026-02-27 10:59:59.999000+00:00,36488972.0492,33445,185721.76,15747624.1236,-0.007180302757919979,-0.018956804509342937,-0.030596232945670952,-4.943035908524747,0.7349397590361454,0.08433734939758232,0.18072289156627228,0.009805079740106299,24.96219525283665,-0.33235641519594833,-0.02147792705640983,-0.023481453585614702,-0.005898907067598103,-0.003373452555337497,0.04326994570015346,-1.1454056665188712,0.5274843850688118,1.1447537614486645,1.6496689558080162,-1.0,0.69,-0.03510771685854319,0.49999999999999994,-0.8660254037844387,4,1.0,0.9137187958668097,True
SOLUSDT,trend_ema__directionshort_only_fast21_rsi_threshold52.0_slow55,trend_ema,2026-02-27 10:45:00+00:00,2026-02-27 11:30:00+00:00,short,0.013986816695710603,0.014786816695710603,target,3,0.500756094943267,1,True,False,False,0.0009711637369578122,0.022255402584373266,0,0,0.015240982933712417,85.26,85.33,84.5,84.65,430324.98,2026-02-27 10:59:59.999000+00:00,36488972.0492,33445,185721.76,15747624.1236,-0.007180302757919979,-0.018956804509342937,-0.030596232945670952,-4.943035908524747,0.7349397590361454,0.08433734939758232,0.18072289156627228,0.009805079740106299,24.96219525283665,-0.33235641519594833,-0.02147792705640983,-0.023481453585614702,-0.005898907067598103,-0.003373452555337497,0.04326994570015346,-1.1454056665188712,0.5274843850688118,1.1447537614486645,1.6496689558080162,-1.0,0.69,-0.03510771685854319,0.49999999999999994,-0.8660254037844387,4,1.0,0.9137187958668097,True
XRPUSDT,trend_ema__directionshort_only_fast21_rsi_threshold52.0_slow55,trend_ema,2026-02-27 10:45:00+00:00,2026-02-27 12:00:00+00:00,short,0.011878385084669126,0.012678385084669126,target,5,0.38228885330365725,1,True,False,False,0.0010095040466323905,0.012957071031293472,0,0,0.011827288598647007,1.3964,1.3976,1.3858,1.3881,11313222.7,2026-02-27 10:59:59.999000+00:00,15726837.94039,22052,4564972.5,6346931.50649,-0.005961590649817467,-0.012670630160741415,-0.016858746309090414,-3.6846146490821714,0.7033898305084892,0.1016949152542258,0.19491525423728495,0.00850082847057131,30.885557334817136,-0.0034075994089644594,-0.013214006799766755,-0.014326986583110629,-0.0034346315633112523,-0.002009259665573304,0.028689209956362483,-1.0591556410749496,0.007417678203714239,1.138812799742661,1.743395143011023,-1.0,0.75,-0.024182776801406125,0.49999999999999994,-0.8660254037844387,4,1.0,0.881361528890645,True
XRPUSDT,trend_ema__directionshort_only_fast21_rsi_threshold55.0_slow55,trend_ema,2026-02-27 10:45:00+00:00,2026-02-27 12:00:00+00:00,short,0.011878385084669126,0.012678385084669126,target,5,0.38228885330365725,1,True,False,False,0.0010095040466323905,0.012957071031293472,0,0,0.011832398247249219,1.3964,1.3976,1.3858,1.3881,11313222.7,2026-02-27 10:59:59.999000+00:00,15726837.94039,22052,4564972.5,6346931.50649,-0.005961590649817467,-0.012670630160741415,-0.016858746309090414,-3.6846146490821714,0.7033898305084892,0.1016949152542258,0.19491525423728495,0.00850082847057131,30.885557334817136,-0.0034075994089644594,-0.013214006799766755,-0.014326986583110629,-0.0034346315633112523,-0.002009259665573304,0.028689209956362483,-1.0591556410749496,0.007417678203714239,1.138812799742661,1.743395143011023,-1.0,0.75,-0.024182776801406125,0.49999999999999994,-0.8660254037844387,4,1.0,0.881361528890645,True
SOLUSDT,trend_ema__directionshort_only_fast21_rsi_threshold52.0_slow89,trend_ema,2026-02-27 11:00:00+00:00,2026-02-27 11:45:00+00:00,short,0.01477888966444457,0.01557888966444457,target,3,0.4627565564240976,1,True,False,False,0.002985316684816766,0.01627105629747135,0,0,0.014362379457769674,84.66,84.9,84.65,84.75,247270.97,2026-02-27 11:14:59.999000+00:00,20960661.8641,23567,125150.29,10609232.0995,0.001180637681415182,-0.007289004761655469,-0.028498584654374343,-1.880571775477666,0.36000000000001364,0.6000000000000227,0.03999999999996362,0.0029498525073746312,26.86217217879512,-0.3281399449213401,-0.018341915426985114,-0.021400323270308965,-0.005786679809314577,-0.003928023254286095,0.04788355617812631,-0.928348940425925,0.5076640718496109,-0.0864896072367478,0.9507656706448976,-1.0,0.74,-0.03396785592157758,0.258819045102521,-0.9659258262890682,4,1.0,0.8203600237951144,True
SOLUSDT,trend_ema__directionshort_only_fast21_rsi_threshold55.0_slow89,trend_ema,2026-02-27 11:00:00+00:00,2026-02-27 11:45:00+00:00,short,0.01477888966444457,0.01557888966444457,target,3,0.4627565564240976,1,True,False,False,0.002985316684816766,0.01627105629747135,0,0,0.014317657378756,84.66,84.9,84.65,84.75,247270.97,2026-02-27 11:14:59.999000+00:00,20960661.8641,23567,125150.29,10609232.0995,0.001180637681415182,-0.007289004761655469,-0.028498584654374343,-1.880571775477666,0.36000000000001364,0.6000000000000227,0.03999999999996362,0.0029498525073746312,26.86217217879512,-0.3281399449213401,-0.018341915426985114,-0.021400323270308965,-0.005786679809314577,-0.003928023254286095,0.04788355617812631,-0.928348940425925,0.5076640718496109,-0.0864896072367478,0.9507656706448976,-1.0,0.74,-0.03396785592157758,0.258819045102521,-0.9659258262890682,4,1.0,0.8203600237951144,True
SOLUSDT,trend_ema__directionshort_only_fast21_rsi_threshold58.0_slow89,trend_ema,2026-02-27 11:00:00+00:00,2026-02-27 11:45:00+00:00,short,0.01477888966444457,0.01557888966444457,target,3,0.4627565564240976,1,True,False,False,0.002985316684816766,0.01627105629747135,0,0,0.01422821322072865,84.66,84.9,84.65,84.75,247270.97,2026-02-27 11:14:59.999000+00:00,20960661.8641,23567,125150.29,10609232.0995,0.001180637681415182,-0.007289004761655469,-0.028498584654374343,-1.880571775477666,0.36000000000001364,0.6000000000000227,0.03999999999996362,0.0029498525073746312,26.86217217879512,-0.3281399449213401,-0.018341915426985114,-0.021400323270308965,-0.005786679809314577,-0.003928023254286095,0.04788355617812631,-0.928348940425925,0.5076640718496109,-0.0864896072367478,0.9507656706448976,-1.0,0.74,-0.03396785592157758,0.258819045102521,-0.9659258262890682,4,1.0,0.8203600237951144,True
SOLUSDT,trend_ema__directionboth_fast21_rsi_threshold55.0_slow89,trend_ema,2026-02-27 11:00:00+00:00,2026-02-27 11:45:00+00:00,short,0.01477888966444457,0.01557888966444457,target,3,0.4627565564240976,1,True,False,False,0.002985316684816766,0.01627105629747135,0,0,0.014272935299742325,84.66,84.9,84.65,84.75,247270.97,2026-02-27 11:14:59.999000+00:00,20960661.8641,23567,125150.29,10609232.0995,0.001180637681415182,-0.007289004761655469,-0.028498584654374343,-1.880571775477666,0.36000000000001364,0.6000000000000227,0.03999999999996362,0.0029498525073746312,26.86217217879512,-0.3281399449213401,-0.018341915426985114,-0.021400323270308965,-0.005786679809314577,-0.003928023254286095,0.04788355617812631,-0.928348940425925,0.5076640718496109,-0.0864896072367478,0.9507656706448976,-1.0,0.74,-0.03396785592157758,0.258819045102521,-0.9659258262890682,4,1.0,0.8203600237951144,True
SOLUSDT,trend_ema__directionboth_fast21_rsi_threshold55.0_slow89,trend_ema,2026-02-27 11:00:00+00:00,2026-02-27 11:45:00+00:00,short,0.01477888966444457,0.01557888966444457,target,3,0.4627565564240976,1,True,False,False,0.002985316684816766,0.01627105629747135,0,0,0.014272935299742325,84.66,84.9,84.65,84.75,247270.97,2026-02-27 11:14:59.999000+00:00,20960661.8641,23567,125150.29,10609232.0995,0.001180637681415182,-0.007289004761655469,-0.028498584654374343,-1.880571775477666,0.36000000000001364,0.6000000000000227,0.03999999999996362,0.0029498525073746312,26.86217217879512,-0.3281399449213401,-0.018341915426985114,-0.021400323270308965,-0.005786679809314577,-0.003928023254286095,0.04788355617812631,-0.928348940425925,0.5076640718496109,-0.0864896072367478,0.9507656706448976,-1.0,0.74,-0.03396785592157758,0.258819045102521,-0.9659258262890682,4,1.0,0.8251850738184363,True
SOLUSDT,trend_ema__directionshort_only_fast21_rsi_threshold55.0_slow89,trend_ema,2026-02-27 11:00:00+00:00,2026-02-27 11:45:00+00:00,short,0.01477888966444457,0.01557888966444457,target,3,0.4627565564240976,1,True,False,False,0.002985316684816766,0.01627105629747135,0,0,0.014317657378756,84.66,84.9,84.65,84.75,247270.97,2026-02-27 11:14:59.999000+00:00,20960661.8641,23567,125150.29,10609232.0995,0.001180637681415182,-0.007289004761655469,-0.028498584654374343,-1.880571775477666,0.36000000000001364,0.6000000000000227,0.03999999999996362,0.0029498525073746312,26.86217217879512,-0.3281399449213401,-0.018341915426985114,-0.021400323270308965,-0.005786679809314577,-0.003928023254286095,0.04788355617812631,-0.928348940425925,0.5076640718496109,-0.0864896072367478,0.9507656706448976,-1.0,0.74,-0.03396785592157758,0.258819045102521,-0.9659258262890682,4,1.0,0.8251850738184363,True
SOLUSDT,trend_ema__directionshort_only_fast21_rsi_threshold58.0_slow89,trend_ema,2026-02-27 11:00:00+00:00,2026-02-27 11:45:00+00:00,short,0.01477888966444457,0.01557888966444457,target,3,0.4627565564240976,1,True,False,False,0.002985316684816766,0.01627105629747135,0,0,0.01422821322072865,84.66,84.9,84.65,84.75,247270.97,2026-02-27 11:14:59.999000+00:00,20960661.8641,23567,125150.29,10609232.0995,0.001180637681415182,-0.007289004761655469,-0.028498584654374343,-1.880571775477666,0.36000000000001364,0.6000000000000227,0.03999999999996362,0.0029498525073746312,26.86217217879512,-0.3281399449213401,-0.018341915426985114,-0.021400323270308965,-0.005786679809314577,-0.003928023254286095,0.04788355617812631,-0.928348940425925,0.5076640718496109,-0.0864896072367478,0.9507656706448976,-1.0,0.74,-0.03396785592157758,0.258819045102521,-0.9659258262890682,4,1.0,0.8251850738184363,True
SOLUSDT,trend_ema__directionshort_only_fast21_rsi_threshold52.0_slow89,trend_ema,2026-02-27 11:00:00+00:00,2026-02-27 11:45:00+00:00,short,0.01477888966444457,0.01557888966444457,target,3,0.4627565564240976,1,True,False,False,0.002985316684816766,0.01627105629747135,0,0,0.014362379457769674,84.66,84.9,84.65,84.75,247270.97,2026-02-27 11:14:59.999000+00:00,20960661.8641,23567,125150.29,10609232.0995,0.001180637681415182,-0.007289004761655469,-0.028498584654374343,-1.880571775477666,0.36000000000001364,0.6000000000000227,0.03999999999996362,0.0029498525073746312,26.86217217879512,-0.3281399449213401,-0.018341915426985114,-0.021400323270308965,-0.005786679809314577,-0.003928023254286095,0.04788355617812631,-0.928348940425925,0.5076640718496109,-0.0864896072367478,0.9507656706448976,-1.0,0.74,-0.03396785592157758,0.258819045102521,-0.9659258262890682,4,1.0,0.8251850738184363,True
HYPEUSDT,trend_ema__directionboth_fast12_rsi_threshold52.0_slow89,trend_ema,2026-02-27 12:30:00+00:00,2026-02-27 16:45:00+00:00,short,0.023117732669981805,0.023917732669981803,target,17,0.4725201813240298,1,True,False,False,0.008561504239830512,0.030940517585799722,0,0,0.012201334173087297,28.18,28.223,27.94,27.944,193320.37,2026-02-27 12:44:59.999000+00:00,5421210.87059,22353,89356.86,2507226.60944,-0.008409998966003349,-0.017664418445973735,-0.053848715322653964,-2.837350738412789,0.8339222614841081,0.15194346289752514,0.01413427561836684,0.01012739765244767,26.37399093379851,-0.172351996032192,-0.02973718235663679,-0.03149725805983194,-0.008680523635327564,-0.0049395851427173065,0.07817083966933258,-0.969206748975297,0.2705202252283764,0.7143350327355841,1.362982293367253,-1.0,0.75,-0.05616914918769211,1.2246467991473532e-16,-1.0,4,1.0,0.9167672690191699,True
HYPEUSDT,trend_ema__directionshort_only_fast12_rsi_threshold58.0_slow89,trend_ema,2026-02-27 12:30:00+00:00,2026-02-27 16:45:00+00:00,short,0.023117732669981805,0.023917732669981803,target,17,0.4725201813240298,1,True,False,False,0.008561504239830512,0.030940517585799722,0,0,0.008556545338718743,28.18,28.223,27.94,27.944,193320.37,2026-02-27 12:44:59.999000+00:00,5421210.87059,22353,89356.86,2507226.60944,-0.008409998966003349,-0.017664418445973735,-0.053848715322653964,-2.837350738412789,0.8339222614841081,0.15194346289752514,0.01413427561836684,0.01012739765244767,26.37399093379851,-0.172351996032192,-0.02973718235663679,-0.03149725805983194,-0.008680523635327564,-0.0049395851427173065,0.07817083966933258,-0.969206748975297,0.2705202252283764,0.7143350327355841,1.362982293367253,-1.0,0.75,-0.05616914918769211,1.2246467991473532e-16,-1.0,4,1.0,0.9100235143162524,True
HYPEUSDT,trend_ema__directionshort_only_fast12_rsi_threshold55.0_slow89,trend_ema,2026-02-27 12:30:00+00:00,2026-02-27 16:45:00+00:00,short,0.023117732669981805,0.023917732669981803,target,17,0.4725201813240298,1,True,False,False,0.008561504239830512,0.030940517585799722,0,0,0.0053613314198761785,28.18,28.223,27.94,27.944,193320.37,2026-02-27 12:44:59.999000+00:00,5421210.87059,22353,89356.86,2507226.60944,-0.008409998966003349,-0.017664418445973735,-0.053848715322653964,-2.837350738412789,0.8339222614841081,0.15194346289752514,0.01413427561836684,0.01012739765244767,26.37399093379851,-0.172351996032192,-0.02973718235663679,-0.03149725805983194,-0.008680523635327564,-0.0049395851427173065,0.07817083966933258,-0.969206748975297,0.2705202252283764,0.7143350327355841,1.362982293367253,-1.0,0.75,-0.05616914918769211,1.2246467991473532e-16,-1.0,4,1.0,0.9057213660970799,True
HYPEUSDT,trend_ema__directionboth_fast12_rsi_threshold52.0_slow89,trend_ema,2026-02-27 12:30:00+00:00,2026-02-27 16:45:00+00:00,short,0.023117732669981805,0.023917732669981803,target,17,0.4725201813240298,1,True,False,False,0.008561504239830512,0.030940517585799722,0,0,0.012201334173087297,28.18,28.223,27.94,27.944,193320.37,2026-02-27 12:44:59.999000+00:00,5421210.87059,22353,89356.86,2507226.60944,-0.008409998966003349,-0.017664418445973735,-0.053848715322653964,-2.837350738412789,0.8339222614841081,0.15194346289752514,0.01413427561836684,0.01012739765244767,26.37399093379851,-0.172351996032192,-0.02973718235663679,-0.03149725805983194,-0.008680523635327564,-0.0049395851427173065,0.07817083966933258,-0.969206748975297,0.2705202252283764,0.7143350327355841,1.362982293367253,-1.0,0.75,-0.05616914918769211,1.2246467991473532e-16,-1.0,4,1.0,0.9059677775381645,True
HYPEUSDT,trend_ema__directionshort_only_fast12_rsi_threshold58.0_slow89,trend_ema,2026-02-27 12:30:00+00:00,2026-02-27 16:45:00+00:00,short,0.023117732669981805,0.023917732669981803,target,17,0.4725201813240298,1,True,False,False,0.008561504239830512,0.030940517585799722,0,0,0.008556545338718743,28.18,28.223,27.94,27.944,193320.37,2026-02-27 12:44:59.999000+00:00,5421210.87059,22353,89356.86,2507226.60944,-0.008409998966003349,-0.017664418445973735,-0.053848715322653964,-2.837350738412789,0.8339222614841081,0.15194346289752514,0.01413427561836684,0.01012739765244767,26.37399093379851,-0.172351996032192,-0.02973718235663679,-0.03149725805983194,-0.008680523635327564,-0.0049395851427173065,0.07817083966933258,-0.969206748975297,0.2705202252283764,0.7143350327355841,1.362982293367253,-1.0,0.75,-0.05616914918769211,1.2246467991473532e-16,-1.0,4,1.0,0.9036002574058432,True
HYPEUSDT,trend_ema__directionshort_only_fast12_rsi_threshold55.0_slow89,trend_ema,2026-02-27 12:30:00+00:00,2026-02-27 16:45:00+00:00,short,0.023117732669981805,0.023917732669981803,target,17,0.4725201813240298,1,True,False,False,0.008561504239830512,0.030940517585799722,0,0,0.0053613314198761785,28.18,28.223,27.94,27.944,193320.37,2026-02-27 12:44:59.999000+00:00,5421210.87059,22353,89356.86,2507226.60944,-0.008409998966003349,-0.017664418445973735,-0.053848715322653964,-2.837350738412789,0.8339222614841081,0.15194346289752514,0.01413427561836684,0.01012739765244767,26.37399093379851,-0.172351996032192,-0.02973718235663679,-0.03149725805983194,-0.008680523635327564,-0.0049395851427173065,0.07817083966933258,-0.969206748975297,0.2705202252283764,0.7143350327355841,1.362982293367253,-1.0,0.75,-0.05616914918769211,1.2246467991473532e-16,-1.0,4,1.0,0.9019687655661951,True
HYPEUSDT,trend_ema__directionboth_fast12_rsi_threshold55.0_slow89,trend_ema,2026-02-27 12:30:00+00:00,2026-02-27 16:45:00+00:00,short,0.023117732669981805,0.023917732669981803,target,17,0.4725201813240298,1,True,False,False,0.008561504239830512,0.030940517585799722,0,1,0.002125320508479602,28.18,28.223,27.94,27.944,193320.37,2026-02-27 12:44:59.999000+00:00,5421210.87059,22353,89356.86,2507226.60944,-0.008409998966003349,-0.017664418445973735,-0.053848715322653964,-2.837350738412789,0.8339222614841081,0.15194346289752514,0.01413427561836684,0.01012739765244767,26.37399093379851,-0.172351996032192,-0.02973718235663679,-0.03149725805983194,-0.008680523635327564,-0.0049395851427173065,0.07817083966933258,-0.969206748975297,0.2705202252283764,0.7143350327355841,1.362982293367253,-1.0,0.75,-0.05616914918769211,1.2246467991473532e-16,-1.0,4,1.0,0.710277867485931,True
HYPEUSDT,trend_ema__directionshort_only_fast21_rsi_threshold52.0_slow55,trend_ema,2026-02-27 12:45:00+00:00,2026-02-27 14:30:00+00:00,short,-0.015323375823957498,-0.014523375823957498,stop,7,0.3583742620792941,0,False,True,False,0.017079272454853384,0.004753375474113911,0,0,0.015846123007455845,27.944,28.105,27.841,28.102,179442.09,2026-02-27 12:59:59.999000+00:00,5014968.52529,21968,79488.88,2223493.97038,0.00563824067961758,-0.007550951381619839,-0.048481716253162166,-1.2087681111517536,0.5984848484848547,0.011363636363636822,0.3901515151515085,0.009394349156643632,32.081286896035294,-0.1549049900906775,-0.021666888056947768,-0.0246900364233187,-0.00772096525173005,-0.005209870522404958,0.08303966100119453,-0.7336822012904171,0.2700544948549209,0.4863148843465467,1.2423037809432431,-1.0,0.79,-0.050832573377917356,1.2246467991473532e-16,-1.0,4,1.0,0.8837033833574761,True
HYPEUSDT,trend_ema__directionshort_only_fast21_rsi_threshold52.0_slow55,trend_ema,2026-02-27 12:45:00+00:00,2026-02-27 14:30:00+00:00,short,-0.015323375823957498,-0.014523375823957498,stop,7,0.3583742620792941,0,False,True,False,0.017079272454853384,0.004753375474113911,0,0,0.015846123007455845,27.944,28.105,27.841,28.102,179442.09,2026-02-27 12:59:59.999000+00:00,5014968.52529,21968,79488.88,2223493.97038,0.00563824067961758,-0.007550951381619839,-0.048481716253162166,-1.2087681111517536,0.5984848484848547,0.011363636363636822,0.3901515151515085,0.009394349156643632,32.081286896035294,-0.1549049900906775,-0.021666888056947768,-0.0246900364233187,-0.00772096525173005,-0.005209870522404958,0.08303966100119453,-0.7336822012904171,0.2700544948549209,0.4863148843465467,1.2423037809432431,-1.0,0.79,-0.050832573377917356,1.2246467991473532e-16,-1.0,4,1.0,0.8905926554902714,True
HYPEUSDT,trend_ema__directionlong_only_fast9_rsi_threshold58.0_slow55,trend_ema,2026-02-28 10:45:00+00:00,2026-02-28 15:00:00+00:00,long,0.024914434601910455,0.025714434601910453,target,17,0.19066179218426085,1,True,False,False,0.008089941452791493,0.026523910603192025,0,0,0.013384055844914575,27.326,27.389,27.256,27.363,50289.81,2026-02-28 10:59:59.999000+00:00,1373819.0513,10421,28107.57,767890.65509,0.0013897018035287606,0.0037713095977444733,0.04297441468888068,0.44227460071944935,0.2781954887217991,0.19548872180451107,0.5263157894736898,0.00486057815298027,59.53308960921304,0.07849981244744557,0.01251141630149108,0.01072031464544933,0.004130623429639879,0.0015863355787009148,0.05027917160602192,0.7375189699081545,0.27053184373603795,-0.7736958357571735,0.3338550198240527,-1.0,0.99,0.0,0.49999999999999994,-0.8660254037844387,5,1.0,0.8049281955629958,True
HYPEUSDT,trend_ema__directionlong_only_fast9_rsi_threshold58.0_slow55,trend_ema,2026-02-28 10:45:00+00:00,2026-02-28 15:00:00+00:00,long,0.024914434601910455,0.025714434601910453,target,17,0.19066179218426085,1,True,False,False,0.008089941452791493,0.026523910603192025,0,0,0.013384055844914575,27.326,27.389,27.256,27.363,50289.81,2026-02-28 10:59:59.999000+00:00,1373819.0513,10421,28107.57,767890.65509,0.0013897018035287606,0.0037713095977444733,0.04297441468888068,0.44227460071944935,0.2781954887217991,0.19548872180451107,0.5263157894736898,0.00486057815298027,59.53308960921304,0.07849981244744557,0.01251141630149108,0.01072031464544933,0.004130623429639879,0.0015863355787009148,0.05027917160602192,0.7375189699081545,0.27053184373603795,-0.7736958357571735,0.3338550198240527,-1.0,0.99,0.0,0.49999999999999994,-0.8660254037844387,5,1.0,0.8204534905100723,True
HYPEUSDT,trend_ema__directionlong_only_fast21_rsi_threshold58.0_slow34,trend_ema,2026-02-28 11:00:00+00:00,2026-02-28 15:00:00+00:00,long,0.02391323228863161,0.02471323228863161,target,16,0.2558260367311931,1,True,False,False,0.00943119322219714,0.025135854297512163,0,0,0.014538454243828894,27.363,27.607,27.332,27.53,136556.41,2026-02-28 11:14:59.999000+00:00,3754950.79538,17419,88399.08,2431126.18662,0.006084583288384867,0.018476953538621717,0.03391407727487499,2.1486630401012303,0.6072727272727362,0.2799999999999948,0.11272727272726897,0.00998910279694873,62.791301836559654,0.08378121140086878,0.01673957034040149,0.01606565280836462,0.0044668630371005325,0.0019152464304181827,0.0548854779559324,0.857991596494435,0.27085099775489224,-0.13253207748511517,0.8892696777155339,-1.0,1.0,0.0,0.258819045102521,-0.9659258262890682,5,1.0,0.8774912857678578,True
HYPEUSDT,trend_ema__directionlong_only_fast12_rsi_threshold58.0_slow55,trend_ema,2026-02-28 11:00:00+00:00,2026-02-28 15:00:00+00:00,long,0.02391323228863161,0.02471323228863161,target,16,0.2558260367311931,1,True,False,False,0.00943119322219714,0.025135854297512163,0,0,0.015592732411415327,27.363,27.607,27.332,27.53,136556.41,2026-02-28 11:14:59.999000+00:00,3754950.79538,17419,88399.08,2431126.18662,0.006084583288384867,0.018476953538621717,0.03391407727487499,2.1486630401012303,0.6072727272727362,0.2799999999999948,0.11272727272726897,0.00998910279694873,62.791301836559654,0.08378121140086878,0.01673957034040149,0.01606565280836462,0.0044668630371005325,0.0019152464304181827,0.0548854779559324,0.857991596494435,0.27085099775489224,-0.13253207748511517,0.8892696777155339,-1.0,1.0,0.0,0.258819045102521,-0.9659258262890682,5,1.0,0.8659898131779713,True
HYPEUSDT,trend_ema__directionlong_only_fast21_rsi_threshold58.0_slow34,trend_ema,2026-02-28 11:00:00+00:00,2026-02-28 15:00:00+00:00,long,0.02391323228863161,0.02471323228863161,target,16,0.2558260367311931,1,True,False,False,0.00943119322219714,0.025135854297512163,0,0,0.014538454243828894,27.363,27.607,27.332,27.53,136556.41,2026-02-28 11:14:59.999000+00:00,3754950.79538,17419,88399.08,2431126.18662,0.006084583288384867,0.018476953538621717,0.03391407727487499,2.1486630401012303,0.6072727272727362,0.2799999999999948,0.11272727272726897,0.00998910279694873,62.791301836559654,0.08378121140086878,0.01673957034040149,0.01606565280836462,0.0044668630371005325,0.0019152464304181827,0.0548854779559324,0.857991596494435,0.27085099775489224,-0.13253207748511517,0.8892696777155339,-1.0,1.0,0.0,0.258819045102521,-0.9659258262890682,5,1.0,0.8652570795601303,True
HYPEUSDT,trend_ema__directionlong_only_fast12_rsi_threshold58.0_slow55,trend_ema,2026-02-28 11:00:00+00:00,2026-02-28 15:00:00+00:00,long,0.02391323228863161,0.02471323228863161,target,16,0.2558260367311931,1,True,False,False,0.00943119322219714,0.025135854297512163,0,0,0.015592732411415327,27.363,27.607,27.332,27.53,136556.41,2026-02-28 11:14:59.999000+00:00,3754950.79538,17419,88399.08,2431126.18662,0.006084583288384867,0.018476953538621717,0.03391407727487499,2.1486630401012303,0.6072727272727362,0.2799999999999948,0.11272727272726897,0.00998910279694873,62.791301836559654,0.08378121140086878,0.01673957034040149,0.01606565280836462,0.0044668630371005325,0.0019152464304181827,0.0548854779559324,0.857991596494435,0.27085099775489224,-0.13253207748511517,0.8892696777155339,-1.0,1.0,0.0,0.258819045102521,-0.9659258262890682,5,1.0,0.878112616256688,True
HYPEUSDT,trend_ema__directionboth_fast9_rsi_threshold58.0_slow89,trend_ema,2026-02-28 12:30:00+00:00,2026-02-28 13:30:00+00:00,long,-0.009392443845608407,-0.008592443845608406,signal_exit,4,0.16631290964964762,0,False,False,False,0.013505085898201303,0.0022881485523567474,0,0,0.016647010579001763,27.476,27.543,27.414,27.463,59920.29,2026-02-28 12:44:59.999000+00:00,1646950.72732,12528,36464.33,1002386.16361,-0.00047325216121988284,0.0025156328777857645,0.0251843039273888,0.40202420171138153,0.1007751937984368,0.5193798449612506,0.37984496124031264,0.0046972289990167785,58.31564548248238,0.026493378107457208,0.0085975919836754,0.011084612221033192,0.002534460043831066,0.0018501094710119403,0.04539526356634046,0.4796213727155207,0.25024179625707227,-0.8691438526639955,0.3635766956159839,1.0,0.8,-0.005540266512166769,1.2246467991473532e-16,-1.0,5,1.0,0.7657187052321929,True
HYPEUSDT,trend_ema__directionboth_fast9_rsi_threshold58.0_slow89,trend_ema,2026-02-28 12:30:00+00:00,2026-02-28 13:30:00+00:00,long,-0.009392443845608407,-0.008592443845608406,signal_exit,4,0.16631290964964762,0,False,False,False,0.013505085898201303,0.0022881485523567474,0,0,0.016647010579001763,27.476,27.543,27.414,27.463,59920.29,2026-02-28 12:44:59.999000+00:00,1646950.72732,12528,36464.33,1002386.16361,-0.00047325216121988284,0.0025156328777857645,0.0251843039273888,0.40202420171138153,0.1007751937984368,0.5193798449612506,0.37984496124031264,0.0046972289990167785,58.31564548248238,0.026493378107457208,0.0085975919836754,0.011084612221033192,0.002534460043831066,0.0018501094710119403,0.04539526356634046,0.4796213727155207,0.25024179625707227,-0.8691438526639955,0.3635766956159839,1.0,0.8,-0.005540266512166769,1.2246467991473532e-16,-1.0,5,1.0,0.7527284165613797,True
HYPEUSDT,trend_ema__directionlong_only_fast12_rsi_threshold58.0_slow89,trend_ema,2026-02-28 14:00:00+00:00,2026-02-28 16:15:00+00:00,long,0.022078569172031274,0.022878569172031273,target,9,0.1474231449583364,1,True,False,False,0.008769998707250568,0.028571353650715926,0,0,0.005867942320562527,27.606,27.76,27.385,27.52,232566.68,2026-02-28 14:14:59.999000+00:00,6404823.21084,27769,110211.82,3039525.66246,-0.0031201273362437454,0.004442995035945035,0.018113647449248493,0.6740721461914212,0.22933333333333886,0.41066666666666646,0.3599999999999947,0.013626453488372093,57.37115724791682,0.0016767919572128892,0.007839352490138939,0.011341146893285891,0.0020737124847494126,0.0015662198993289245,0.022589398209479528,0.5426680427229953,0.261409906845495,0.8297173267615517,1.465008269002161,1.0,0.79,-0.0034762456546929554,-0.4999999999999997,-0.8660254037844388,5,1.0,0.7044404479212923,True
HYPEUSDT,trend_ema__directionboth_fast9_rsi_threshold58.0_slow89,trend_ema,2026-02-28 14:00:00+00:00,2026-02-28 16:15:00+00:00,long,0.022078569172031274,0.022878569172031273,target,9,0.1474231449583364,1,True,False,False,0.008769998707250568,0.028571353650715926,0,0,0.009110067690856278,27.606,27.76,27.385,27.52,232566.68,2026-02-28 14:14:59.999000+00:00,6404823.21084,27769,110211.82,3039525.66246,-0.0031201273362437454,0.004442995035945035,0.018113647449248493,0.6740721461914212,0.22933333333333886,0.41066666666666646,0.3599999999999947,0.013626453488372093,57.37115724791682,0.0016767919572128892,0.007839352490138939,0.011341146893285891,0.0020737124847494126,0.0015662198993289245,0.022589398209479528,0.5426680427229953,0.261409906845495,0.8297173267615517,1.465008269002161,1.0,0.79,-0.0034762456546929554,-0.4999999999999997,-0.8660254037844388,5,1.0,0.7085090524903187,True
HYPEUSDT,trend_ema__directionboth_fast21_rsi_threshold55.0_slow89,trend_ema,2026-02-28 14:45:00+00:00,2026-02-28 16:30:00+00:00,long,0.022876497137666468,0.023676497137666466,target,7,0.27951212768539124,1,True,False,False,0.0028102047950996525,0.02544572292511555,0,0,0.012352193061150025,27.813,27.984,27.739,27.828,251422.49,2026-02-28 14:59:59.999000+00:00,7004247.76949,35850,117836.52,3283840.73761,0.0005032170049757998,0.008009567660008278,0.01685097219526376,1.307096155726773,0.06122448979592044,0.6367346938775581,0.3020408163265215,0.008804082219347456,63.97560638426956,0.03237954768440529,0.014800535742925058,0.020162280497435233,0.004097150689950091,0.00325776635645858,0.028635075949723664,1.0165187205026762,0.2621277570479421,1.3651695582177348,1.6890933997525237,1.0,0.71,0.0,-0.4999999999999997,-0.8660254037844388,5,1.0,0.81801427672939,True
HYPEUSDT,trend_ema__directionboth_fast21_rsi_threshold55.0_slow89,trend_ema,2026-02-28 14:45:00+00:00,2026-02-28 16:30:00+00:00,long,0.022876497137666468,0.023676497137666466,target,7,0.27951212768539124,1,True,False,False,0.0028102047950996525,0.02544572292511555,0,0,0.012352193061150025,27.813,27.984,27.739,27.828,251422.49,2026-02-28 14:59:59.999000+00:00,7004247.76949,35850,117836.52,3283840.73761,0.0005032170049757998,0.008009567660008278,0.01685097219526376,1.307096155726773,0.06122448979592044,0.6367346938775581,0.3020408163265215,0.008804082219347456,63.97560638426956,0.03237954768440529,0.014800535742925058,0.020162280497435233,0.004097150689950091,0.00325776635645858,0.028635075949723664,1.0165187205026762,0.2621277570479421,1.3651695582177348,1.6890933997525237,1.0,0.71,0.0,-0.4999999999999997,-0.8660254037844388,5,1.0,0.8002677340460549,True
SOLUSDT,trend_ema__directionboth_fast12_rsi_threshold58.0_slow89,trend_ema,2026-02-28 18:00:00+00:00,2026-02-28 20:15:00+00:00,long,0.019121142180476416,0.019921142180476414,target,9,0.17939139990645017,1,True,False,False,0.0037156010464638395,0.029112726057151407,0,0,0.01415433203295353,81.32,81.45,81.11,81.15,217122.35,2026-02-28 18:14:59.999000+00:00,17647969.5994,19895,107116.46,8707387.876,-0.002215658218083583,0.0022205782625773635,0.009285117775679478,0.31381272498333745,0.4999999999999582,0.38235294117649515,0.11764705882354662,0.004189772027110331,58.96956999532251,0.023598042406569153,0.0070071619557639225,0.010743568216931119,0.0021609755013380916,0.0021470138305756947,0.03384042066726353,0.4010794055671196,0.6260855326489325,-0.37985861654960185,0.5900796065175511,1.0,0.83,-0.0022132054592400863,-1.0,-1.8369701987210297e-16,5,2.0,0.7477678087272852,True
SOLUSDT,trend_ema__directionboth_fast12_rsi_threshold55.0_slow89,trend_ema,2026-02-28 18:00:00+00:00,2026-02-28 20:15:00+00:00,long,0.019121142180476416,0.019921142180476414,target,9,0.17939139990645017,1,True,False,False,0.0037156010464638395,0.029112726057151407,0,0,0.008541175857746452,81.32,81.45,81.11,81.15,217122.35,2026-02-28 18:14:59.999000+00:00,17647969.5994,19895,107116.46,8707387.876,-0.002215658218083583,0.0022205782625773635,0.009285117775679478,0.31381272498333745,0.4999999999999582,0.38235294117649515,0.11764705882354662,0.004189772027110331,58.96956999532251,0.023598042406569153,0.0070071619557639225,0.010743568216931119,0.0021609755013380916,0.0021470138305756947,0.03384042066726353,0.4010794055671196,0.6260855326489325,-0.37985861654960185,0.5900796065175511,1.0,0.83,-0.0022132054592400863,-1.0,-1.8369701987210297e-16,5,2.0,0.7493917220276873,True
SOLUSDT,trend_ema__directionlong_only_fast12_rsi_threshold55.0_slow89,trend_ema,2026-02-28 18:00:00+00:00,2026-02-28 20:15:00+00:00,long,0.019121142180476416,0.019921142180476414,target,9,0.17939139990645017,1,True,False,False,0.0037156010464638395,0.029112726057151407,0,0,0.005734597770142913,81.32,81.45,81.11,81.15,217122.35,2026-02-28 18:14:59.999000+00:00,17647969.5994,19895,107116.46,8707387.876,-0.002215658218083583,0.0022205782625773635,0.009285117775679478,0.31381272498333745,0.4999999999999582,0.38235294117649515,0.11764705882354662,0.004189772027110331,58.96956999532251,0.023598042406569153,0.0070071619557639225,0.010743568216931119,0.0021609755013380916,0.0021470138305756947,0.03384042066726353,0.4010794055671196,0.6260855326489325,-0.37985861654960185,0.5900796065175511,1.0,0.83,-0.0022132054592400863,-1.0,-1.8369701987210297e-16,5,2.0,0.7469042673231384,True
SOLUSDT,trend_ema__directionlong_only_fast12_rsi_threshold55.0_slow89,trend_ema,2026-02-28 18:00:00+00:00,2026-02-28 20:15:00+00:00,long,0.019121142180476416,0.019921142180476414,target,9,0.17939139990645017,1,True,False,False,0.0037156010464638395,0.029112726057151407,0,0,0.005734597770142913,81.32,81.45,81.11,81.15,217122.35,2026-02-28 18:14:59.999000+00:00,17647969.5994,19895,107116.46,8707387.876,-0.002215658218083583,0.0022205782625773635,0.009285117775679478,0.31381272498333745,0.4999999999999582,0.38235294117649515,0.11764705882354662,0.004189772027110331,58.96956999532251,0.023598042406569153,0.0070071619557639225,0.010743568216931119,0.0021609755013380916,0.0021470138305756947,0.03384042066726353,0.4010794055671196,0.6260855326489325,-0.37985861654960185,0.5900796065175511,1.0,0.83,-0.0022132054592400863,-1.0,-1.8369701987210297e-16,5,2.0,0.7430603333763462,True
SOLUSDT,trend_ema__directionboth_fast12_rsi_threshold55.0_slow89,trend_ema,2026-02-28 18:00:00+00:00,2026-02-28 20:15:00+00:00,long,0.019121142180476416,0.019921142180476414,target,9,0.17939139990645017,1,True,False,False,0.0037156010464638395,0.029112726057151407,0,0,0.008541175857746452,81.32,81.45,81.11,81.15,217122.35,2026-02-28 18:14:59.999000+00:00,17647969.5994,19895,107116.46,8707387.876,-0.002215658218083583,0.0022205782625773635,0.009285117775679478,0.31381272498333745,0.4999999999999582,0.38235294117649515,0.11764705882354662,0.004189772027110331,58.96956999532251,0.023598042406569153,0.0070071619557639225,0.010743568216931119,0.0021609755013380916,0.0021470138305756947,0.03384042066726353,0.4010794055671196,0.6260855326489325,-0.37985861654960185,0.5900796065175511,1.0,0.83,-0.0022132054592400863,-1.0,-1.8369701987210297e-16,5,2.0,0.7504985926635087,True
SOLUSDT,trend_ema__directionboth_fast12_rsi_threshold52.0_slow89,trend_ema,2026-02-28 18:00:00+00:00,2026-02-28 20:15:00+00:00,long,0.019121142180476416,0.019921142180476414,target,9,0.17939139990645017,1,True,False,False,0.0037156010464638395,0.029112726057151407,0,0,0.011347753945349991,81.32,81.45,81.11,81.15,217122.35,2026-02-28 18:14:59.999000+00:00,17647969.5994,19895,107116.46,8707387.876,-0.002215658218083583,0.0022205782625773635,0.009285117775679478,0.31381272498333745,0.4999999999999582,0.38235294117649515,0.11764705882354662,0.004189772027110331,58.96956999532251,0.023598042406569153,0.0070071619557639225,0.010743568216931119,0.0021609755013380916,0.0021470138305756947,0.03384042066726353,0.4010794055671196,0.6260855326489325,-0.37985861654960185,0.5900796065175511,1.0,0.83,-0.0022132054592400863,-1.0,-1.8369701987210297e-16,5,2.0,0.7501139613432107,True
SOLUSDT,trend_ema__directionboth_fast12_rsi_threshold58.0_slow89,trend_ema,2026-02-28 18:00:00+00:00,2026-02-28 20:15:00+00:00,long,0.019121142180476416,0.019921142180476414,target,9,0.17939139990645017,1,True,False,False,0.0037156010464638395,0.029112726057151407,0,0,0.01415433203295353,81.32,81.45,81.11,81.15,217122.35,2026-02-28 18:14:59.999000+00:00,17647969.5994,19895,107116.46,8707387.876,-0.002215658218083583,0.0022205782625773635,0.009285117775679478,0.31381272498333745,0.4999999999999582,0.38235294117649515,0.11764705882354662,0.004189772027110331,58.96956999532251,0.023598042406569153,0.0070071619557639225,0.010743568216931119,0.0021609755013380916,0.0021470138305756947,0.03384042066726353,0.4010794055671196,0.6260855326489325,-0.37985861654960185,0.5900796065175511,1.0,0.83,-0.0022132054592400863,-1.0,-1.8369701987210297e-16,5,2.0,0.7498138386491608,True
SOLUSDT,trend_ema__directionboth_fast12_rsi_threshold52.0_slow89,trend_ema,2026-02-28 18:00:00+00:00,2026-02-28 20:15:00+00:00,long,0.019121142180476416,0.019921142180476414,target,9,0.17939139990645017,1,True,False,False,0.0037156010464638395,0.029112726057151407,0,0,0.011347753945349991,81.32,81.45,81.11,81.15,217122.35,2026-02-28 18:14:59.999000+00:00,17647969.5994,19895,107116.46,8707387.876,-0.002215658218083583,0.0022205782625773635,0.009285117775679478,0.31381272498333745,0.4999999999999582,0.38235294117649515,0.11764705882354662,0.004189772027110331,58.96956999532251,0.023598042406569153,0.0070071619557639225,0.010743568216931119,0.0021609755013380916,0.0021470138305756947,0.03384042066726353,0.4010794055671196,0.6260855326489325,-0.37985861654960185,0.5900796065175511,1.0,0.83,-0.0022132054592400863,-1.0,-1.8369701987210297e-16,5,2.0,0.7499231626622382,True
BTCUSDT,trend_ema__directionboth_fast12_rsi_threshold55.0_slow89,trend_ema,2026-02-28 18:15:00+00:00,2026-02-28 18:45:00+00:00,long,0.012773536228336964,0.013573536228336965,target,2,0.1651270700636536,1,True,False,False,0.0016917450120067193,0.014038574777854375,0,0,0.007430282313374596,65240.0,65317.6,65139.4,65139.5,1030.49,2026-02-28 18:29:59.999000+00:00,67205309.3987,35719,449.805,29337528.1583,-0.0015416537094379268,0.0011458907404494972,0.005907852185779547,0.22467437586445596,0.5639730639730732,0.4354657687991011,0.0005611672278257377,0.002735667298643635,58.25635350318268,32.121192838644305,0.004572851306584933,0.006720217764474516,0.002209374605232517,0.0015566152897037444,0.020491700508227365,0.4323017413398048,341.69183840311723,-0.5470329677403754,0.3823601423969246,1.0,0.84,-0.003913119271386045,-1.0,-1.8369701987210297e-16,5,2.0,0.726171726723411,True
BTCUSDT,trend_ema__directionboth_fast12_rsi_threshold58.0_slow89,trend_ema,2026-02-28 18:15:00+00:00,2026-02-28 18:45:00+00:00,long,0.012773536228336964,0.013573536228336965,target,2,0.1651270700636536,1,True,False,False,0.0016917450120067193,0.014038574777854375,0,0,0.005485467342462547,65240.0,65317.6,65139.4,65139.5,1030.49,2026-02-28 18:29:59.999000+00:00,67205309.3987,35719,449.805,29337528.1583,-0.0015416537094379268,0.0011458907404494972,0.005907852185779547,0.22467437586445596,0.5639730639730732,0.4354657687991011,0.0005611672278257377,0.002735667298643635,58.25635350318268,32.121192838644305,0.004572851306584933,0.006720217764474516,0.002209374605232517,0.0015566152897037444,0.020491700508227365,0.4323017413398048,341.69183840311723,-0.5470329677403754,0.3823601423969246,1.0,0.84,-0.003913119271386045,-1.0,-1.8369701987210297e-16,5,2.0,0.7259328893649292,True
BTCUSDT,trend_ema__directionboth_fast12_rsi_threshold58.0_slow89,trend_ema,2026-02-28 18:15:00+00:00,2026-02-28 18:45:00+00:00,long,0.012773536228336964,0.013573536228336965,target,2,0.1651270700636536,1,True,False,False,0.0016917450120067193,0.014038574777854375,0,0,0.005485467342462547,65240.0,65317.6,65139.4,65139.5,1030.49,2026-02-28 18:29:59.999000+00:00,67205309.3987,35719,449.805,29337528.1583,-0.0015416537094379268,0.0011458907404494972,0.005907852185779547,0.22467437586445596,0.5639730639730732,0.4354657687991011,0.0005611672278257377,0.002735667298643635,58.25635350318268,32.121192838644305,0.004572851306584933,0.006720217764474516,0.002209374605232517,0.0015566152897037444,0.020491700508227365,0.4323017413398048,341.69183840311723,-0.5470329677403754,0.3823601423969246,1.0,0.84,-0.003913119271386045,-1.0,-1.8369701987210297e-16,5,2.0,0.7261383499741533,True
BTCUSDT,trend_ema__directionboth_fast12_rsi_threshold52.0_slow89,trend_ema,2026-02-28 18:15:00+00:00,2026-02-28 18:45:00+00:00,long,0.012773536228336964,0.013573536228336965,target,2,0.1651270700636536,1,True,False,False,0.0016917450120067193,0.014038574777854375,0,0,0.011319912255198693,65240.0,65317.6,65139.4,65139.5,1030.49,2026-02-28 18:29:59.999000+00:00,67205309.3987,35719,449.805,29337528.1583,-0.0015416537094379268,0.0011458907404494972,0.005907852185779547,0.22467437586445596,0.5639730639730732,0.4354657687991011,0.0005611672278257377,0.002735667298643635,58.25635350318268,32.121192838644305,0.004572851306584933,0.006720217764474516,0.002209374605232517,0.0015566152897037444,0.020491700508227365,0.4323017413398048,341.69183840311723,-0.5470329677403754,0.3823601423969246,1.0,0.84,-0.003913119271386045,-1.0,-1.8369701987210297e-16,5,2.0,0.7313959635234845,True
BTCUSDT,trend_ema__directionlong_only_fast12_rsi_threshold58.0_slow89,trend_ema,2026-02-28 18:15:00+00:00,2026-02-28 18:45:00+00:00,long,0.012773536228336964,0.013573536228336965,target,2,0.1651270700636536,1,True,False,False,0.0016917450120067193,0.014038574777854375,0,0,0.0035406523715504983,65240.0,65317.6,65139.4,65139.5,1030.49,2026-02-28 18:29:59.999000+00:00,67205309.3987,35719,449.805,29337528.1583,-0.0015416537094379268,0.0011458907404494972,0.005907852185779547,0.22467437586445596,0.5639730639730732,0.4354657687991011,0.0005611672278257377,0.002735667298643635,58.25635350318268,32.121192838644305,0.004572851306584933,0.006720217764474516,0.002209374605232517,0.0015566152897037444,0.020491700508227365,0.4323017413398048,341.69183840311723,-0.5470329677403754,0.3823601423969246,1.0,0.84,-0.003913119271386045,-1.0,-1.8369701987210297e-16,5,2.0,0.7247377122294056,True
BTCUSDT,trend_ema__directionlong_only_fast12_rsi_threshold55.0_slow89,trend_ema,2026-02-28 18:15:00+00:00,2026-02-28 18:45:00+00:00,long,0.012773536228336964,0.013573536228336965,target,2,0.1651270700636536,1,True,False,False,0.0016917450120067193,0.014038574777854375,0,0,0.009375097284286645,65240.0,65317.6,65139.4,65139.5,1030.49,2026-02-28 18:29:59.999000+00:00,67205309.3987,35719,449.805,29337528.1583,-0.0015416537094379268,0.0011458907404494972,0.005907852185779547,0.22467437586445596,0.5639730639730732,0.4354657687991011,0.0005611672278257377,0.002735667298643635,58.25635350318268,32.121192838644305,0.004572851306584933,0.006720217764474516,0.002209374605232517,0.0015566152897037444,0.020491700508227365,0.4323017413398048,341.69183840311723,-0.5470329677403754,0.3823601423969246,1.0,0.84,-0.003913119271386045,-1.0,-1.8369701987210297e-16,5,2.0,0.7317890266194628,True
BTCUSDT,trend_ema__directionboth_fast12_rsi_threshold55.0_slow89,trend_ema,2026-02-28 18:15:00+00:00,2026-02-28 18:45:00+00:00,long,0.012773536228336964,0.013573536228336965,target,2,0.1651270700636536,1,True,False,False,0.0016917450120067193,0.014038574777854375,0,0,0.007430282313374596,65240.0,65317.6,65139.4,65139.5,1030.49,2026-02-28 18:29:59.999000+00:00,67205309.3987,35719,449.805,29337528.1583,-0.0015416537094379268,0.0011458907404494972,0.005907852185779547,0.22467437586445596,0.5639730639730732,0.4354657687991011,0.0005611672278257377,0.002735667298643635,58.25635350318268,32.121192838644305,0.004572851306584933,0.006720217764474516,0.002209374605232517,0.0015566152897037444,0.020491700508227365,0.4323017413398048,341.69183840311723,-0.5470329677403754,0.3823601423969246,1.0,0.84,-0.003913119271386045,-1.0,-1.8369701987210297e-16,5,2.0,0.7322886224352594,True
BTCUSDT,trend_ema__directionboth_fast12_rsi_threshold52.0_slow89,trend_ema,2026-02-28 18:15:00+00:00,2026-02-28 18:45:00+00:00,long,0.012773536228336964,0.013573536228336965,target,2,0.1651270700636536,1,True,False,False,0.0016917450120067193,0.014038574777854375,0,0,0.011319912255198693,65240.0,65317.6,65139.4,65139.5,1030.49,2026-02-28 18:29:59.999000+00:00,67205309.3987,35719,449.805,29337528.1583,-0.0015416537094379268,0.0011458907404494972,0.005907852185779547,0.22467437586445596,0.5639730639730732,0.4354657687991011,0.0005611672278257377,0.002735667298643635,58.25635350318268,32.121192838644305,0.004572851306584933,0.006720217764474516,0.002209374605232517,0.0015566152897037444,0.020491700508227365,0.4323017413398048,341.69183840311723,-0.5470329677403754,0.3823601423969246,1.0,0.84,-0.003913119271386045,-1.0,-1.8369701987210297e-16,5,2.0,0.7260581748487923,True
BTCUSDT,trend_ema__directionlong_only_fast12_rsi_threshold55.0_slow89,trend_ema,2026-02-28 18:15:00+00:00,2026-02-28 18:45:00+00:00,long,0.012773536228336964,0.013573536228336965,target,2,0.1651270700636536,1,True,False,False,0.0016917450120067193,0.014038574777854375,0,0,0.009375097284286645,65240.0,65317.6,65139.4,65139.5,1030.49,2026-02-28 18:29:59.999000+00:00,67205309.3987,35719,449.805,29337528.1583,-0.0015416537094379268,0.0011458907404494972,0.005907852185779547,0.22467437586445596,0.5639730639730732,0.4354657687991011,0.0005611672278257377,0.002735667298643635,58.25635350318268,32.121192838644305,0.004572851306584933,0.006720217764474516,0.002209374605232517,0.0015566152897037444,0.020491700508227365,0.4323017413398048,341.69183840311723,-0.5470329677403754,0.3823601423969246,1.0,0.84,-0.003913119271386045,-1.0,-1.8369701987210297e-16,5,2.0,0.727885121057458,True
BTCUSDT,trend_ema__directionlong_only_fast12_rsi_threshold58.0_slow89,trend_ema,2026-02-28 18:15:00+00:00,2026-02-28 18:45:00+00:00,long,0.012773536228336964,0.013573536228336965,target,2,0.1651270700636536,1,True,False,False,0.0016917450120067193,0.014038574777854375,0,0,0.0035406523715504983,65240.0,65317.6,65139.4,65139.5,1030.49,2026-02-28 18:29:59.999000+00:00,67205309.3987,35719,449.805,29337528.1583,-0.0015416537094379268,0.0011458907404494972,0.005907852185779547,0.22467437586445596,0.5639730639730732,0.4354657687991011,0.0005611672278257377,0.002735667298643635,58.25635350318268,32.121192838644305,0.004572851306584933,0.006720217764474516,0.002209374605232517,0.0015566152897037444,0.020491700508227365,0.4323017413398048,341.69183840311723,-0.5470329677403754,0.3823601423969246,1.0,0.84,-0.003913119271386045,-1.0,-1.8369701987210297e-16,5,2.0,0.7188823018512464,True
ETHUSDT,trend_ema__directionboth_fast12_rsi_threshold55.0_slow89,trend_ema,2026-02-28 19:00:00+00:00,2026-02-28 20:45:00+00:00,long,0.018493382858600586,0.019293382858600584,target,7,0.2333486853648597,1,True,False,False,0.00841806943764684,0.019559086644946946,0,0,0.004693343422323135,1934.86,1936.74,1918.86,1924.46,90414.968,2026-02-28 19:14:59.999000+00:00,174239031.49409,137595,44832.817,86382144.00017,-0.005394731856023899,0.011650069176778313,0.02623410229002207,1.9917319921984393,0.5816554809843288,0.10514541387025154,0.3131991051454196,0.009290917971794741,61.667434268242985,2.633721771743927,0.010899106116800903,0.014844585522017915,0.004586891344579014,0.0026547221219113126,0.02822668637049886,0.81305476068959,15.144649295459216,0.18953148083042082,1.1870782552017975,1.0,0.7,-0.0053802064221367685,-0.9659258262890684,0.2588190451025203,5,2.0,0.7093954290708596,True
ETHUSDT,trend_ema__directionlong_only_fast12_rsi_threshold58.0_slow89,trend_ema,2026-02-28 19:00:00+00:00,2026-02-28 20:45:00+00:00,long,0.018493382858600586,0.019293382858600584,target,7,0.2333486853648597,1,True,False,False,0.00841806943764684,0.019559086644946946,0,0,0.007425508353476893,1934.86,1936.74,1918.86,1924.46,90414.968,2026-02-28 19:14:59.999000+00:00,174239031.49409,137595,44832.817,86382144.00017,-0.005394731856023899,0.011650069176778313,0.02623410229002207,1.9917319921984393,0.5816554809843288,0.10514541387025154,0.3131991051454196,0.009290917971794741,61.667434268242985,2.633721771743927,0.010899106116800903,0.014844585522017915,0.004586891344579014,0.0026547221219113126,0.02822668637049886,0.81305476068959,15.144649295459216,0.18953148083042082,1.1870782552017975,1.0,0.7,-0.0053802064221367685,-0.9659258262890684,0.2588190451025203,5,2.0,0.7136601891879961,True
SOLUSDT,trend_ema__directionboth_fast21_rsi_threshold55.0_slow89,trend_ema,2026-02-28 19:00:00+00:00,2026-02-28 20:30:00+00:00,long,0.019385740421954987,0.020185740421954985,target,6,0.2186442374616584,1,True,False,False,0.011085267578073517,0.022328118761283874,0,0,0.01696739221457309,82.29,82.35,81.54,81.77,395892.75,2026-02-28 19:14:59.999000+00:00,32438552.5278,30076,171711.88,14068466.1707,-0.006339165443735765,0.007611134213285607,0.026393948977890342,1.2707520509894528,0.6419753086419974,0.07407407407406043,0.28395061728394216,0.009905833435245055,60.93221187308292,0.07407123326193354,0.009484665989079986,0.015459043994329708,0.0045103952597120855,0.003281797291777133,0.02905394252847804,0.6445161943567205,0.6749239613178405,0.0041908378827995325,1.00430664163544,1.0,0.64,-0.006319115323854763,-0.9659258262890684,0.2588190451025203,5,2.0,0.7147056366027821,True
ETHUSDT,trend_ema__directionlong_only_fast12_rsi_threshold58.0_slow89,trend_ema,2026-02-28 19:00:00+00:00,2026-02-28 20:45:00+00:00,long,0.018493382858600586,0.019293382858600584,target,7,0.2333486853648597,1,True,False,False,0.00841806943764684,0.019559086644946946,0,0,0.007425508353476893,1934.86,1936.74,1918.86,1924.46,90414.968,2026-02-28 19:14:59.999000+00:00,174239031.49409,137595,44832.817,86382144.00017,-0.005394731856023899,0.011650069176778313,0.02623410229002207,1.9917319921984393,0.5816554809843288,0.10514541387025154,0.3131991051454196,0.009290917971794741,61.667434268242985,2.633721771743927,0.010899106116800903,0.014844585522017915,0.004586891344579014,0.0026547221219113126,0.02822668637049886,0.81305476068959,15.144649295459216,0.18953148083042082,1.1870782552017975,1.0,0.7,-0.0053802064221367685,-0.9659258262890684,0.2588190451025203,5,2.0,0.7333262978267227,True
ETHUSDT,trend_ema__directionboth_fast12_rsi_threshold55.0_slow89,trend_ema,2026-02-28 19:00:00+00:00,2026-02-28 20:45:00+00:00,long,0.018493382858600586,0.019293382858600584,target,7,0.2333486853648597,1,True,False,False,0.00841806943764684,0.019559086644946946,0,0,0.004693343422323135,1934.86,1936.74,1918.86,1924.46,90414.968,2026-02-28 19:14:59.999000+00:00,174239031.49409,137595,44832.817,86382144.00017,-0.005394731856023899,0.011650069176778313,0.02623410229002207,1.9917319921984393,0.5816554809843288,0.10514541387025154,0.3131991051454196,0.009290917971794741,61.667434268242985,2.633721771743927,0.010899106116800903,0.014844585522017915,0.004586891344579014,0.0026547221219113126,0.02822668637049886,0.81305476068959,15.144649295459216,0.18953148083042082,1.1870782552017975,1.0,0.7,-0.0053802064221367685,-0.9659258262890684,0.2588190451025203,5,2.0,0.7197533991137378,True
BTCUSDT,trend_ema__directionboth_fast21_rsi_threshold55.0_slow89,trend_ema,2026-02-28 19:00:00+00:00,2026-02-28 20:15:00+00:00,long,0.013542460486060604,0.014342460486060605,target,5,0.2936422444557638,1,True,False,False,0.004940303526669879,0.017305266244374746,0,0,0.013246680184211424,65872.9,65915.9,65557.3,65721.0,2582.184,2026-02-28 19:14:59.999000+00:00,169708252.9022,76594,1288.925,84703078.9634,-0.0023101367478547013,0.007345731368658916,0.023524338638137358,1.8571535578870644,0.4235917456776293,0.11991076408254614,0.4564974902398245,0.0054563990200999874,64.68211222278819,73.5659613307484,0.009813045977293822,0.01371521557913311,0.0036157336691617914,0.0024503123213437394,0.025330408648629548,0.8521801089191469,376.5850105581807,-0.08384481123171339,0.9095826546000679,1.0,0.59,-0.0023074704355350306,-0.9659258262890684,0.2588190451025203,5,2.0,0.7916157086906054,True
BTCUSDT,trend_ema__directionboth_fast21_rsi_threshold55.0_slow89,trend_ema,2026-02-28 19:00:00+00:00,2026-02-28 20:15:00+00:00,long,0.013542460486060604,0.014342460486060605,target,5,0.2936422444557638,1,True,False,False,0.004940303526669879,0.017305266244374746,0,0,0.013246680184211424,65872.9,65915.9,65557.3,65721.0,2582.184,2026-02-28 19:14:59.999000+00:00,169708252.9022,76594,1288.925,84703078.9634,-0.0023101367478547013,0.007345731368658916,0.023524338638137358,1.8571535578870644,0.4235917456776293,0.11991076408254614,0.4564974902398245,0.0054563990200999874,64.68211222278819,73.5659613307484,0.009813045977293822,0.01371521557913311,0.0036157336691617914,0.0024503123213437394,0.025330408648629548,0.8521801089191469,376.5850105581807,-0.08384481123171339,0.9095826546000679,1.0,0.59,-0.0023074704355350306,-0.9659258262890684,0.2588190451025203,5,2.0,0.7569637145762526,True
XRPUSDT,trend_ema__directionboth_fast12_rsi_threshold52.0_slow89,trend_ema,2026-02-28 19:30:00+00:00,2026-02-28 20:15:00+00:00,long,0.01833358675040959,0.01913358675040959,target,3,0.33096449777701453,1,True,False,False,0.0001499775033746673,0.02852598101770264,0,3,-0.0025404146641939992,1.3389,1.3586,1.3389,1.3517,24859101.7,2026-02-28 19:44:59.999000+00:00,33561829.94419,48881,13260532.1,17906214.78452,0.009589369152610421,0.01018709780160822,0.020177040799566164,1.6675771232846568,0.6497461928933954,0.3502538071066046,0.0,0.01457423984611974,66.54822488885073,0.001996836813561779,0.01722365887073698,0.02115647124169624,0.003865580517018685,0.003118633219553857,0.02956385485317695,1.2555659069704206,0.010930955026349701,0.6310368915660434,1.6809119898334226,1.0,0.6,0.0,-0.9659258262890684,0.2588190451025203,5,2.0,0.811782299929385,True
XRPUSDT,trend_ema__directionboth_fast12_rsi_threshold58.0_slow89,trend_ema,2026-02-28 19:30:00+00:00,2026-02-28 20:15:00+00:00,long,0.01833358675040959,0.01913358675040959,target,3,0.33096449777701453,1,True,False,False,0.0001499775033746673,0.02852598101770264,0,2,4.555250774071484e-06,1.3389,1.3586,1.3389,1.3517,24859101.7,2026-02-28 19:44:59.999000+00:00,33561829.94419,48881,13260532.1,17906214.78452,0.009589369152610421,0.01018709780160822,0.020177040799566164,1.6675771232846568,0.6497461928933954,0.3502538071066046,0.0,0.01457423984611974,66.54822488885073,0.001996836813561779,0.01722365887073698,0.02115647124169624,0.003865580517018685,0.003118633219553857,0.02956385485317695,1.2555659069704206,0.010930955026349701,0.6310368915660434,1.6809119898334226,1.0,0.6,0.0,-0.9659258262890684,0.2588190451025203,5,2.0,0.8258068511569284,True
ZECUSDT,trend_ema__directionlong_only_fast12_rsi_threshold58.0_slow55,trend_ema,2026-02-28 19:30:00+00:00,2026-02-28 20:45:00+00:00,long,0.02529442170328999,0.02609442170328999,target,5,0.3554848157702372,1,True,False,False,0.0008038711042972287,0.026145886590874964,0,3,-0.003122173084623036,214.07,218.25,213.93,216.66,34145.838,2026-02-28 19:44:59.999000+00:00,7399678.10905,38586,17625.75,3819616.10386,0.012026240178290338,0.02155436839781608,0.03136464114786336,2.9318873089221387,0.5995370370370388,0.3680555555555569,0.032407407407404304,0.019939075048462998,67.77424078851186,0.742030647330542,0.025279533012392736,0.025937020997782674,0.006112610928649342,0.0033724869315532313,0.04569855169859659,1.2759114819327395,2.3836948533248012,1.028078046254984,1.9160438060740488,1.0,0.59,0.0,-0.9659258262890684,0.2588190451025203,5,2.0,0.7810867056512869,True
XRPUSDT,trend_ema__directionboth_fast12_rsi_threshold58.0_slow89,trend_ema,2026-02-28 19:30:00+00:00,2026-02-28 20:15:00+00:00,long,0.01833358675040959,0.01913358675040959,target,3,0.33096449777701453,1,True,False,False,0.0001499775033746673,0.02852598101770264,0,2,4.555250774071484e-06,1.3389,1.3586,1.3389,1.3517,24859101.7,2026-02-28 19:44:59.999000+00:00,33561829.94419,48881,13260532.1,17906214.78452,0.009589369152610421,0.01018709780160822,0.020177040799566164,1.6675771232846568,0.6497461928933954,0.3502538071066046,0.0,0.01457423984611974,66.54822488885073,0.001996836813561779,0.01722365887073698,0.02115647124169624,0.003865580517018685,0.003118633219553857,0.02956385485317695,1.2555659069704206,0.010930955026349701,0.6310368915660434,1.6809119898334226,1.0,0.6,0.0,-0.9659258262890684,0.2588190451025203,5,2.0,0.8259611639398794,True
ZECUSDT,trend_ema__directionlong_only_fast12_rsi_threshold58.0_slow55,trend_ema,2026-02-28 19:30:00+00:00,2026-02-28 20:45:00+00:00,long,0.02529442170328999,0.02609442170328999,target,5,0.3554848157702372,1,True,False,False,0.0008038711042972287,0.026145886590874964,0,3,-0.003122173084623036,214.07,218.25,213.93,216.66,34145.838,2026-02-28 19:44:59.999000+00:00,7399678.10905,38586,17625.75,3819616.10386,0.012026240178290338,0.02155436839781608,0.03136464114786336,2.9318873089221387,0.5995370370370388,0.3680555555555569,0.032407407407404304,0.019939075048462998,67.77424078851186,0.742030647330542,0.025279533012392736,0.025937020997782674,0.006112610928649342,0.0033724869315532313,0.04569855169859659,1.2759114819327395,2.3836948533248012,1.028078046254984,1.9160438060740488,1.0,0.59,0.0,-0.9659258262890684,0.2588190451025203,5,2.0,0.7651622930868421,True
XRPUSDT,trend_ema__directionboth_fast12_rsi_threshold55.0_slow89,trend_ema,2026-02-28 19:30:00+00:00,2026-02-28 20:15:00+00:00,long,0.01833358675040959,0.01913358675040959,target,3,0.33096449777701453,1,True,False,False,0.0001499775033746673,0.02852598101770264,0,0,0.005070709486006353,1.3389,1.3586,1.3389,1.3517,24859101.7,2026-02-28 19:44:59.999000+00:00,33561829.94419,48881,13260532.1,17906214.78452,0.009589369152610421,0.01018709780160822,0.020177040799566164,1.6675771232846568,0.6497461928933954,0.3502538071066046,0.0,0.01457423984611974,66.54822488885073,0.001996836813561779,0.01722365887073698,0.02115647124169624,0.003865580517018685,0.003118633219553857,0.02956385485317695,1.2555659069704206,0.010930955026349701,0.6310368915660434,1.6809119898334226,1.0,0.6,0.0,-0.9659258262890684,0.2588190451025203,5,2.0,0.9037245189538916,True
XRPUSDT,trend_ema__directionlong_only_fast12_rsi_threshold55.0_slow89,trend_ema,2026-02-28 19:30:00+00:00,2026-02-28 20:15:00+00:00,long,0.01833358675040959,0.01913358675040959,target,3,0.33096449777701453,1,True,False,False,0.0001499775033746673,0.02852598101770264,0,0,0.0076037866036224935,1.3389,1.3586,1.3389,1.3517,24859101.7,2026-02-28 19:44:59.999000+00:00,33561829.94419,48881,13260532.1,17906214.78452,0.009589369152610421,0.01018709780160822,0.020177040799566164,1.6675771232846568,0.6497461928933954,0.3502538071066046,0.0,0.01457423984611974,66.54822488885073,0.001996836813561779,0.01722365887073698,0.02115647124169624,0.003865580517018685,0.003118633219553857,0.02956385485317695,1.2555659069704206,0.010930955026349701,0.6310368915660434,1.6809119898334226,1.0,0.6,0.0,-0.9659258262890684,0.2588190451025203,5,2.0,0.9040225044371442,True
XRPUSDT,trend_ema__directionlong_only_fast12_rsi_threshold55.0_slow89,trend_ema,2026-02-28 19:30:00+00:00,2026-02-28 20:15:00+00:00,long,0.01833358675040959,0.01913358675040959,target,3,0.33096449777701453,1,True,False,False,0.0001499775033746673,0.02852598101770264,0,0,0.0076037866036224935,1.3389,1.3586,1.3389,1.3517,24859101.7,2026-02-28 19:44:59.999000+00:00,33561829.94419,48881,13260532.1,17906214.78452,0.009589369152610421,0.01018709780160822,0.020177040799566164,1.6675771232846568,0.6497461928933954,0.3502538071066046,0.0,0.01457423984611974,66.54822488885073,0.001996836813561779,0.01722365887073698,0.02115647124169624,0.003865580517018685,0.003118633219553857,0.02956385485317695,1.2555659069704206,0.010930955026349701,0.6310368915660434,1.6809119898334226,1.0,0.6,0.0,-0.9659258262890684,0.2588190451025203,5,2.0,0.9124413669152239,True
XRPUSDT,trend_ema__directionboth_fast12_rsi_threshold55.0_slow89,trend_ema,2026-02-28 19:30:00+00:00,2026-02-28 20:15:00+00:00,long,0.01833358675040959,0.01913358675040959,target,3,0.33096449777701453,1,True,False,False,0.0001499775033746673,0.02852598101770264,0,0,0.005070709486006353,1.3389,1.3586,1.3389,1.3517,24859101.7,2026-02-28 19:44:59.999000+00:00,33561829.94419,48881,13260532.1,17906214.78452,0.009589369152610421,0.01018709780160822,0.020177040799566164,1.6675771232846568,0.6497461928933954,0.3502538071066046,0.0,0.01457423984611974,66.54822488885073,0.001996836813561779,0.01722365887073698,0.02115647124169624,0.003865580517018685,0.003118633219553857,0.02956385485317695,1.2555659069704206,0.010930955026349701,0.6310368915660434,1.6809119898334226,1.0,0.6,0.0,-0.9659258262890684,0.2588190451025203,5,2.0,0.9105354294641222,True
XRPUSDT,trend_ema__directionlong_only_fast12_rsi_threshold58.0_slow89,trend_ema,2026-02-28 19:30:00+00:00,2026-02-28 20:15:00+00:00,long,0.01833358675040959,0.01913358675040959,target,3,0.33096449777701453,1,True,False,False,0.0001499775033746673,0.02852598101770264,0,1,0.002537632368390212,1.3389,1.3586,1.3389,1.3517,24859101.7,2026-02-28 19:44:59.999000+00:00,33561829.94419,48881,13260532.1,17906214.78452,0.009589369152610421,0.01018709780160822,0.020177040799566164,1.6675771232846568,0.6497461928933954,0.3502538071066046,0.0,0.01457423984611974,66.54822488885073,0.001996836813561779,0.01722365887073698,0.02115647124169624,0.003865580517018685,0.003118633219553857,0.02956385485317695,1.2555659069704206,0.010930955026349701,0.6310368915660434,1.6809119898334226,1.0,0.6,0.0,-0.9659258262890684,0.2588190451025203,5,2.0,0.8576889516876144,True
XRPUSDT,trend_ema__directionboth_fast12_rsi_threshold52.0_slow89,trend_ema,2026-02-28 19:30:00+00:00,2026-02-28 20:15:00+00:00,long,0.01833358675040959,0.01913358675040959,target,3,0.33096449777701453,1,True,False,False,0.0001499775033746673,0.02852598101770264,0,3,-0.0025404146641939992,1.3389,1.3586,1.3389,1.3517,24859101.7,2026-02-28 19:44:59.999000+00:00,33561829.94419,48881,13260532.1,17906214.78452,0.009589369152610421,0.01018709780160822,0.020177040799566164,1.6675771232846568,0.6497461928933954,0.3502538071066046,0.0,0.01457423984611974,66.54822488885073,0.001996836813561779,0.01722365887073698,0.02115647124169624,0.003865580517018685,0.003118633219553857,0.02956385485317695,1.2555659069704206,0.010930955026349701,0.6310368915660434,1.6809119898334226,1.0,0.6,0.0,-0.9659258262890684,0.2588190451025203,5,2.0,0.7654701508993514,True
XRPUSDT,trend_ema__directionlong_only_fast12_rsi_threshold58.0_slow89,trend_ema,2026-02-28 19:30:00+00:00,2026-02-28 20:15:00+00:00,long,0.01833358675040959,0.01913358675040959,target,3,0.33096449777701453,1,True,False,False,0.0001499775033746673,0.02852598101770264,0,1,0.002537632368390212,1.3389,1.3586,1.3389,1.3517,24859101.7,2026-02-28 19:44:59.999000+00:00,33561829.94419,48881,13260532.1,17906214.78452,0.009589369152610421,0.01018709780160822,0.020177040799566164,1.6675771232846568,0.6497461928933954,0.3502538071066046,0.0,0.01457423984611974,66.54822488885073,0.001996836813561779,0.01722365887073698,0.02115647124169624,0.003865580517018685,0.003118633219553857,0.02956385485317695,1.2555659069704206,0.010930955026349701,0.6310368915660434,1.6809119898334226,1.0,0.6,0.0,-0.9659258262890684,0.2588190451025203,5,2.0,0.8564957291375743,True
ETHUSDT,trend_ema__directionboth_fast21_rsi_threshold55.0_slow89,trend_ema,2026-02-28 19:45:00+00:00,2026-02-28 22:30:00+00:00,long,0.019179246560492996,0.019979246560492995,target,11,0.36883046057522195,1,True,False,False,0.003909701610602128,0.02053621997852574,0,0,0.010157673284630648,1944.0,1951.49,1940.06,1945.78,60920.588,2026-02-28 19:59:59.999000+00:00,118561961.42913,121682,31933.458,62153225.17049,0.0009152189194493326,0.0056227841953937615,0.02497814297399052,0.9992934119522098,0.15573053368328632,0.4995625546806653,0.34470691163604833,0.005874250943066567,68.4415230287611,3.735110364814023,0.016959465321636464,0.023136811223325428,0.004883413741205711,0.004053285087870062,0.03883763692861566,0.99659004879362,15.244750182989753,-0.25989636291617196,0.7553594511015056,1.0,0.63,0.0,-0.9659258262890684,0.2588190451025203,5,2.0,0.7824833226829027,True
ETHUSDT,trend_ema__directionboth_fast21_rsi_threshold55.0_slow89,trend_ema,2026-02-28 19:45:00+00:00,2026-02-28 22:30:00+00:00,long,0.019179246560492996,0.019979246560492995,target,11,0.36883046057522195,1,True,False,False,0.003909701610602128,0.02053621997852574,0,0,0.010157673284630648,1944.0,1951.49,1940.06,1945.78,60920.588,2026-02-28 19:59:59.999000+00:00,118561961.42913,121682,31933.458,62153225.17049,0.0009152189194493326,0.0056227841953937615,0.02497814297399052,0.9992934119522098,0.15573053368328632,0.4995625546806653,0.34470691163604833,0.005874250943066567,68.4415230287611,3.735110364814023,0.016959465321636464,0.023136811223325428,0.004883413741205711,0.004053285087870062,0.03883763692861566,0.99659004879362,15.244750182989753,-0.25989636291617196,0.7553594511015056,1.0,0.63,0.0,-0.9659258262890684,0.2588190451025203,5,2.0,0.836500861907885,True
XRPUSDT,trend_ema__directionboth_fast21_rsi_threshold55.0_slow89,trend_ema,2026-02-28 20:15:00+00:00,2026-02-28 22:30:00+00:00,long,0.01912644941316138,0.01992644941316138,target,9,0.4864575999844368,1,True,False,False,0.0027208525244870104,0.023061351258668795,0,0,0.010136863721238634,1.3612,1.3773,1.3577,1.3732,20768375.4,2026-02-28 20:29:59.999000+00:00,28431543.27319,48548,10897217.3,14916324.76251,0.008703657065109591,0.025370092246365408,0.037695515076722565,5.324186908995056,0.6122448979591822,0.2091836734693867,0.178571428571431,0.014273230410719533,74.32287999922184,0.003881371617344989,0.026034854410617626,0.033209942078314694,0.006797673860682529,0.004805222398863496,0.04652902164513078,1.2732146232029198,0.011476096280207848,0.331303537496877,1.336396662152447,1.0,0.51,0.0,-0.8660254037844386,0.5000000000000001,5,2.0,0.9258291813695931,True
ZECUSDT,trend_ema__directionlong_only_fast9_rsi_threshold58.0_slow89,trend_ema,2026-02-28 20:15:00+00:00,2026-02-28 22:30:00+00:00,long,0.026574292367764905,0.027374292367764903,target,9,0.4178205959745131,1,True,False,False,0.0038370800109679333,0.0328956787209309,0,1,0.004122073754203169,216.94,219.01,216.5,218.45,26083.297,2026-02-28 20:29:59.999000+00:00,5687918.92184,29723,15079.179,3289296.4312,0.007028533424584992,0.020254091058313824,0.044701486834924635,3.172792241604882,0.6015936254980065,0.22310756972111725,0.17529880478087623,0.011490043488212365,70.89102979872565,0.8535626773466833,0.02595552674110841,0.030677924697326903,0.007562537169266026,0.005080290260534026,0.0637181182876121,1.0027952152295485,2.385374487155464,0.45711996902657276,1.3789076230310051,1.0,0.51,0.0,-0.8660254037844386,0.5000000000000001,5,2.0,0.8146100057319894,True
XRPUSDT,trend_ema__directionboth_fast21_rsi_threshold55.0_slow89,trend_ema,2026-02-28 20:15:00+00:00,2026-02-28 22:30:00+00:00,long,0.01912644941316138,0.01992644941316138,target,9,0.4864575999844368,1,True,False,False,0.0027208525244870104,0.023061351258668795,0,0,0.010136863721238634,1.3612,1.3773,1.3577,1.3732,20768375.4,2026-02-28 20:29:59.999000+00:00,28431543.27319,48548,10897217.3,14916324.76251,0.008703657065109591,0.025370092246365408,0.037695515076722565,5.324186908995056,0.6122448979591822,0.2091836734693867,0.178571428571431,0.014273230410719533,74.32287999922184,0.003881371617344989,0.026034854410617626,0.033209942078314694,0.006797673860682529,0.004805222398863496,0.04652902164513078,1.2732146232029198,0.011476096280207848,0.331303537496877,1.336396662152447,1.0,0.51,0.0,-0.8660254037844386,0.5000000000000001,5,2.0,0.9248416625350528,True
ZECUSDT,trend_ema__directionboth_fast9_rsi_threshold58.0_slow89,trend_ema,2026-02-28 20:15:00+00:00,2026-02-28 22:30:00+00:00,long,0.026574292367764905,0.027374292367764903,target,9,0.4178205959745131,1,True,False,False,0.0038370800109679333,0.0328956787209309,0,2,0.00042351768196110357,216.94,219.01,216.5,218.45,26083.297,2026-02-28 20:29:59.999000+00:00,5687918.92184,29723,15079.179,3289296.4312,0.007028533424584992,0.020254091058313824,0.044701486834924635,3.172792241604882,0.6015936254980065,0.22310756972111725,0.17529880478087623,0.011490043488212365,70.89102979872565,0.8535626773466833,0.02595552674110841,0.030677924697326903,0.007562537169266026,0.005080290260534026,0.0637181182876121,1.0027952152295485,2.385374487155464,0.45711996902657276,1.3789076230310051,1.0,0.51,0.0,-0.8660254037844386,0.5000000000000001,5,2.0,0.729815933857875,True
ZECUSDT,trend_ema__directionboth_fast9_rsi_threshold58.0_slow89,trend_ema,2026-02-28 20:15:00+00:00,2026-02-28 22:30:00+00:00,long,0.026574292367764905,0.027374292367764903,target,9,0.4178205959745131,1,True,False,False,0.0038370800109679333,0.0328956787209309,0,2,0.00042351768196110357,216.94,219.01,216.5,218.45,26083.297,2026-02-28 20:29:59.999000+00:00,5687918.92184,29723,15079.179,3289296.4312,0.007028533424584992,0.020254091058313824,0.044701486834924635,3.172792241604882,0.6015936254980065,0.22310756972111725,0.17529880478087623,0.011490043488212365,70.89102979872565,0.8535626773466833,0.02595552674110841,0.030677924697326903,0.007562537169266026,0.005080290260534026,0.0637181182876121,1.0027952152295485,2.385374487155464,0.45711996902657276,1.3789076230310051,1.0,0.51,0.0,-0.8660254037844386,0.5000000000000001,5,2.0,0.7572050579857361,True
ZECUSDT,trend_ema__directionlong_only_fast9_rsi_threshold58.0_slow89,trend_ema,2026-02-28 20:15:00+00:00,2026-02-28 22:30:00+00:00,long,0.026574292367764905,0.027374292367764903,target,9,0.4178205959745131,1,True,False,False,0.0038370800109679333,0.0328956787209309,0,1,0.004122073754203169,216.94,219.01,216.5,218.45,26083.297,2026-02-28 20:29:59.999000+00:00,5687918.92184,29723,15079.179,3289296.4312,0.007028533424584992,0.020254091058313824,0.044701486834924635,3.172792241604882,0.6015936254980065,0.22310756972111725,0.17529880478087623,0.011490043488212365,70.89102979872565,0.8535626773466833,0.02595552674110841,0.030677924697326903,0.007562537169266026,0.005080290260534026,0.0637181182876121,1.0027952152295485,2.385374487155464,0.45711996902657276,1.3789076230310051,1.0,0.51,0.0,-0.8660254037844386,0.5000000000000001,5,2.0,0.8313560418002344,True
ZECUSDT,trend_ema__directionboth_fast12_rsi_threshold52.0_slow89,trend_ema,2026-02-28 20:30:00+00:00,2026-03-01 01:45:00+00:00,long,0.026493517516310437,0.027293517516310435,target,21,0.3762351443033819,1,True,False,False,0.010768177870454155,0.03696795567637277,0,0,0.018923562392471005,218.46,219.2,216.56,217.99,24941.775,2026-02-28 20:44:59.999000+00:00,5437176.54748,24216,11016.039,2400930.75306,-0.0021079652201209513,0.006119885659902447,0.03891432402017663,0.9621518923334474,0.1780303030303035,0.28030303030302445,0.5416666666666721,0.012110647277397983,68.8117572151691,0.8021236556315752,0.021623908373976916,0.027509630308317937,0.007518936279334643,0.0056071929830705525,0.06835944634890279,0.8141690096367826,2.4035620237872157,0.34907994334189674,1.2782147643719413,1.0,0.5,-0.0021057450217439877,-0.8660254037844386,0.5000000000000001,5,2.0,0.7860982500227623,True
ZECUSDT,trend_ema__directionboth_fast12_rsi_threshold58.0_slow89,trend_ema,2026-02-28 20:30:00+00:00,2026-03-01 01:45:00+00:00,long,0.026493517516310437,0.027293517516310435,target,21,0.3762351443033819,1,True,False,False,0.010768177870454155,0.03696795567637277,0,0,0.011521607348453825,218.46,219.2,216.56,217.99,24941.775,2026-02-28 20:44:59.999000+00:00,5437176.54748,24216,11016.039,2400930.75306,-0.0021079652201209513,0.006119885659902447,0.03891432402017663,0.9621518923334474,0.1780303030303035,0.28030303030302445,0.5416666666666721,0.012110647277397983,68.8117572151691,0.8021236556315752,0.021623908373976916,0.027509630308317937,0.007518936279334643,0.0056071929830705525,0.06835944634890279,0.8141690096367826,2.4035620237872157,0.34907994334189674,1.2782147643719413,1.0,0.5,-0.0021057450217439877,-0.8660254037844386,0.5000000000000001,5,2.0,0.7786218583200141,True
ZECUSDT,trend_ema__directionboth_fast12_rsi_threshold55.0_slow89,trend_ema,2026-02-28 20:30:00+00:00,2026-03-01 01:45:00+00:00,long,0.026493517516310437,0.027293517516310435,target,21,0.3762351443033819,1,True,False,False,0.010768177870454155,0.03696795567637277,0,0,0.007820629826445236,218.46,219.2,216.56,217.99,24941.775,2026-02-28 20:44:59.999000+00:00,5437176.54748,24216,11016.039,2400930.75306,-0.0021079652201209513,0.006119885659902447,0.03891432402017663,0.9621518923334474,0.1780303030303035,0.28030303030302445,0.5416666666666721,0.012110647277397983,68.8117572151691,0.8021236556315752,0.021623908373976916,0.027509630308317937,0.007518936279334643,0.0056071929830705525,0.06835944634890279,0.8141690096367826,2.4035620237872157,0.34907994334189674,1.2782147643719413,1.0,0.5,-0.0021057450217439877,-0.8660254037844386,0.5000000000000001,5,2.0,0.7727286348842075,True
ZECUSDT,trend_ema__directionlong_only_fast12_rsi_threshold58.0_slow89,trend_ema,2026-02-28 20:30:00+00:00,2026-03-01 01:45:00+00:00,long,0.026493517516310437,0.027293517516310435,target,21,0.3762351443033819,1,True,False,False,0.010768177870454155,0.03696795567637277,0,0,0.015222584870462416,218.46,219.2,216.56,217.99,24941.775,2026-02-28 20:44:59.999000+00:00,5437176.54748,24216,11016.039,2400930.75306,-0.0021079652201209513,0.006119885659902447,0.03891432402017663,0.9621518923334474,0.1780303030303035,0.28030303030302445,0.5416666666666721,0.012110647277397983,68.8117572151691,0.8021236556315752,0.021623908373976916,0.027509630308317937,0.007518936279334643,0.0056071929830705525,0.06835944634890279,0.8141690096367826,2.4035620237872157,0.34907994334189674,1.2782147643719413,1.0,0.5,-0.0021057450217439877,-0.8660254037844386,0.5000000000000001,5,2.0,0.7828779330572069,True
ZECUSDT,trend_ema__directionlong_only_fast12_rsi_threshold55.0_slow89,trend_ema,2026-02-28 20:30:00+00:00,2026-03-01 01:45:00+00:00,long,0.026493517516310437,0.027293517516310435,target,21,0.3762351443033819,1,True,False,False,0.010768177870454155,0.03696795567637277,0,0,0.022624539914479595,218.46,219.2,216.56,217.99,24941.775,2026-02-28 20:44:59.999000+00:00,5437176.54748,24216,11016.039,2400930.75306,-0.0021079652201209513,0.006119885659902447,0.03891432402017663,0.9621518923334474,0.1780303030303035,0.28030303030302445,0.5416666666666721,0.012110647277397983,68.8117572151691,0.8021236556315752,0.021623908373976916,0.027509630308317937,0.007518936279334643,0.0056071929830705525,0.06835944634890279,0.8141690096367826,2.4035620237872157,0.34907994334189674,1.2782147643719413,1.0,0.5,-0.0021057450217439877,-0.8660254037844386,0.5000000000000001,5,2.0,0.7938713882230456,True
ZECUSDT,trend_ema__directionlong_only_fast12_rsi_threshold55.0_slow89,trend_ema,2026-02-28 20:30:00+00:00,2026-03-01 01:45:00+00:00,long,0.026493517516310437,0.027293517516310435,target,21,0.3762351443033819,1,True,False,False,0.010768177870454155,0.03696795567637277,0,0,0.022624539914479595,218.46,219.2,216.56,217.99,24941.775,2026-02-28 20:44:59.999000+00:00,5437176.54748,24216,11016.039,2400930.75306,-0.0021079652201209513,0.006119885659902447,0.03891432402017663,0.9621518923334474,0.1780303030303035,0.28030303030302445,0.5416666666666721,0.012110647277397983,68.8117572151691,0.8021236556315752,0.021623908373976916,0.027509630308317937,0.007518936279334643,0.0056071929830705525,0.06835944634890279,0.8141690096367826,2.4035620237872157,0.34907994334189674,1.2782147643719413,1.0,0.5,-0.0021057450217439877,-0.8660254037844386,0.5000000000000001,5,2.0,0.7862068001154,True
ZECUSDT,trend_ema__directionboth_fast12_rsi_threshold55.0_slow89,trend_ema,2026-02-28 20:30:00+00:00,2026-03-01 01:45:00+00:00,long,0.026493517516310437,0.027293517516310435,target,21,0.3762351443033819,1,True,False,False,0.010768177870454155,0.03696795567637277,0,0,0.007820629826445236,218.46,219.2,216.56,217.99,24941.775,2026-02-28 20:44:59.999000+00:00,5437176.54748,24216,11016.039,2400930.75306,-0.0021079652201209513,0.006119885659902447,0.03891432402017663,0.9621518923334474,0.1780303030303035,0.28030303030302445,0.5416666666666721,0.012110647277397983,68.8117572151691,0.8021236556315752,0.021623908373976916,0.027509630308317937,0.007518936279334643,0.0056071929830705525,0.06835944634890279,0.8141690096367826,2.4035620237872157,0.34907994334189674,1.2782147643719413,1.0,0.5,-0.0021057450217439877,-0.8660254037844386,0.5000000000000001,5,2.0,0.7716782288333149,True
ZECUSDT,trend_ema__directionboth_fast12_rsi_threshold58.0_slow89,trend_ema,2026-02-28 20:30:00+00:00,2026-03-01 01:45:00+00:00,long,0.026493517516310437,0.027293517516310435,target,21,0.3762351443033819,1,True,False,False,0.010768177870454155,0.03696795567637277,0,0,0.011521607348453825,218.46,219.2,216.56,217.99,24941.775,2026-02-28 20:44:59.999000+00:00,5437176.54748,24216,11016.039,2400930.75306,-0.0021079652201209513,0.006119885659902447,0.03891432402017663,0.9621518923334474,0.1780303030303035,0.28030303030302445,0.5416666666666721,0.012110647277397983,68.8117572151691,0.8021236556315752,0.021623908373976916,0.027509630308317937,0.007518936279334643,0.0056071929830705525,0.06835944634890279,0.8141690096367826,2.4035620237872157,0.34907994334189674,1.2782147643719413,1.0,0.5,-0.0021057450217439877,-0.8660254037844386,0.5000000000000001,5,2.0,0.7759622693753195,True
ZECUSDT,trend_ema__directionlong_only_fast12_rsi_threshold58.0_slow89,trend_ema,2026-02-28 20:30:00+00:00,2026-03-01 01:45:00+00:00,long,0.026493517516310437,0.027293517516310435,target,21,0.3762351443033819,1,True,False,False,0.010768177870454155,0.03696795567637277,0,0,0.015222584870462416,218.46,219.2,216.56,217.99,24941.775,2026-02-28 20:44:59.999000+00:00,5437176.54748,24216,11016.039,2400930.75306,-0.0021079652201209513,0.006119885659902447,0.03891432402017663,0.9621518923334474,0.1780303030303035,0.28030303030302445,0.5416666666666721,0.012110647277397983,68.8117572151691,0.8021236556315752,0.021623908373976916,0.027509630308317937,0.007518936279334643,0.0056071929830705525,0.06835944634890279,0.8141690096367826,2.4035620237872157,0.34907994334189674,1.2782147643719413,1.0,0.5,-0.0021057450217439877,-0.8660254037844386,0.5000000000000001,5,2.0,0.7863064745485829,True
ZECUSDT,trend_ema__directionboth_fast12_rsi_threshold52.0_slow89,trend_ema,2026-02-28 20:30:00+00:00,2026-03-01 01:45:00+00:00,long,0.026493517516310437,0.027293517516310435,target,21,0.3762351443033819,1,True,False,False,0.010768177870454155,0.03696795567637277,0,0,0.018923562392471005,218.46,219.2,216.56,217.99,24941.775,2026-02-28 20:44:59.999000+00:00,5437176.54748,24216,11016.039,2400930.75306,-0.0021079652201209513,0.006119885659902447,0.03891432402017663,0.9621518923334474,0.1780303030303035,0.28030303030302445,0.5416666666666721,0.012110647277397983,68.8117572151691,0.8021236556315752,0.021623908373976916,0.027509630308317937,0.007518936279334643,0.0056071929830705525,0.06835944634890279,0.8141690096367826,2.4035620237872157,0.34907994334189674,1.2782147643719413,1.0,0.5,-0.0021057450217439877,-0.8660254037844386,0.5000000000000001,5,2.0,0.7890224098933409,True
ZECUSDT,trend_ema__directionboth_fast21_rsi_threshold55.0_slow89,trend_ema,2026-02-28 21:30:00+00:00,2026-02-28 22:30:00+00:00,long,0.02627498974925517,0.02707498974925517,target,4,0.27958203347576754,1,True,False,False,0.00028864013593235424,0.03585608608412882,0,0,0.026325517436488182,216.32,219.16,216.29,218.47,13743.154,2026-02-28 21:44:59.999000+00:00,2994723.48106,20224,7888.527,1718587.41924,0.009889912483402187,0.0021995151606775576,0.05171015533431927,0.31759016133037676,0.749128919860628,0.24041811846689778,0.010452961672474247,0.013136815123357919,63.97910167378838,0.3488974104344522,0.016787360375795726,0.025628995233210387,0.0044275295273019655,0.005300753264590119,0.07620513711655423,0.5823615329946757,2.380732115821188,-0.3455682919371038,0.8061689328805156,1.0,0.57,-0.004057257476294707,-0.7071067811865477,0.7071067811865474,5,2.0,0.8415401949042123,True
ZECUSDT,trend_ema__directionboth_fast21_rsi_threshold55.0_slow89,trend_ema,2026-02-28 21:30:00+00:00,2026-02-28 22:30:00+00:00,long,0.02627498974925517,0.02707498974925517,target,4,0.27958203347576754,1,True,False,False,0.00028864013593235424,0.03585608608412882,0,0,0.026325517436488182,216.32,219.16,216.29,218.47,13743.154,2026-02-28 21:44:59.999000+00:00,2994723.48106,20224,7888.527,1718587.41924,0.009889912483402187,0.0021995151606775576,0.05171015533431927,0.31759016133037676,0.749128919860628,0.24041811846689778,0.010452961672474247,0.013136815123357919,63.97910167378838,0.3488974104344522,0.016787360375795726,0.025628995233210387,0.0044275295273019655,0.005300753264590119,0.07620513711655423,0.5823615329946757,2.380732115821188,-0.3455682919371038,0.8061689328805156,1.0,0.57,-0.004057257476294707,-0.7071067811865477,0.7071067811865474,5,2.0,0.8408863652734678,True
BTCUSDT,trend_ema__directionshort_only_fast21_rsi_threshold55.0_slow55,trend_ema,2026-03-01 11:45:00+00:00,2026-03-01 13:45:00+00:00,short,-0.006838329177157239,-0.006038329177157239,stop,8,0.16963861961170068,0,False,True,False,0.014808552468336426,0.0037745931689210674,0,0,0.009885462255868286,66360.4,66480.0,66359.9,66439.0,495.724,2026-03-01 11:59:59.999000+00:00,32927348.6377,17694,278.289,18483010.2298,0.0011837404262087005,0.00013547178068272115,-0.010106942568715,0.05254600167157466,0.6544546211490592,0.3413821815153873,0.004163197335553504,0.001807673203991719,41.518069019414966,-14.558328012701537,-0.002991841949243045,-0.0038042351448604864,-0.001047890412875896,-0.0008179942726704859,0.019474147471938964,-0.3737576401275641,256.5974208228448,-1.0834815801440476,0.3303293057809695,-1.0,0.25,-0.011911082556636643,0.258819045102521,-0.9659258262890682,6,1.0,0.7030083192176905,True
XRPUSDT,trend_ema__directionshort_only_fast21_rsi_threshold52.0_slow55,trend_ema,2026-03-01 12:15:00+00:00,2026-03-01 13:45:00+00:00,short,-0.008290166056526722,-0.007490166056526722,stop,6,0.2433256875531508,0,False,True,False,0.015650019214174284,0.009819458949110106,0,0,0.01184261754445364,1.3744,1.3781,1.3738,1.3752,3136368.1,2026-03-01 12:29:59.999000+00:00,4315263.74328,9212,1659446.7,2283665.53982,0.0005091464633391423,-0.0026869047790560306,-0.01400846071827097,-1.0365952482034477,0.18604651162787816,0.6744186046511615,0.13953488372096026,0.0031268179173939738,37.83371562234246,-5.0640022409592644e-05,-0.004436239796868009,-0.005907616411821824,-0.0015878882429781749,-0.0012220552811555985,0.02561436880487349,-0.35100664795937414,0.006678962891472912,-0.7740800666895682,0.4862106767670495,-1.0,0.04,-0.016449721069947132,1.2246467991473532e-16,-1.0,6,1.0,0.7815236411721168,True
XRPUSDT,trend_ema__directionshort_only_fast21_rsi_threshold52.0_slow55,trend_ema,2026-03-01 12:15:00+00:00,2026-03-01 13:45:00+00:00,short,-0.008290166056526722,-0.007490166056526722,stop,6,0.2433256875531508,0,False,True,False,0.015650019214174284,0.009819458949110106,0,0,0.01184261754445364,1.3744,1.3781,1.3738,1.3752,3136368.1,2026-03-01 12:29:59.999000+00:00,4315263.74328,9212,1659446.7,2283665.53982,0.0005091464633391423,-0.0026869047790560306,-0.01400846071827097,-1.0365952482034477,0.18604651162787816,0.6744186046511615,0.13953488372096026,0.0031268179173939738,37.83371562234246,-5.0640022409592644e-05,-0.004436239796868009,-0.005907616411821824,-0.0015878882429781749,-0.0012220552811555985,0.02561436880487349,-0.35100664795937414,0.006678962891472912,-0.7740800666895682,0.4862106767670495,-1.0,0.04,-0.016449721069947132,1.2246467991473532e-16,-1.0,6,1.0,0.7782750687207207,True
SOLUSDT,trend_ema__directionshort_only_fast21_rsi_threshold52.0_slow55,trend_ema,2026-03-01 13:30:00+00:00,2026-03-01 13:45:00+00:00,short,-0.009013001153070802,-0.008213001153070802,stop,1,0.2213188901178647,0,False,True,False,0.0264759732845669,0.0013846741789359995,0,0,0.01440710153678335,84.72,84.95,84.59,84.88,134241.57,2026-03-01 13:44:59.999000+00:00,11378415.4922,14002,71275.14,6042491.9215,0.0017687640953549775,-0.003293345719551003,-0.0009420631879010176,-0.8900542252765007,0.44444444444443565,0.1944444444444653,0.36111111111109906,0.004241281809613566,38.934055494106765,-0.0008418281318398058,-0.004458766303164112,-0.005825950283176526,-0.0017561148467428733,-0.0012479369110701688,0.009077355240129158,-0.5825029189004048,0.456386387109695,-0.6332150735852775,0.5888301085736245,-1.0,0.19,-0.0073675593497837255,-0.2588190451025208,-0.9659258262890683,6,1.0,0.7835258939533425,True
SOLUSDT,trend_ema__directionshort_only_fast21_rsi_threshold52.0_slow55,trend_ema,2026-03-01 13:30:00+00:00,2026-03-01 13:45:00+00:00,short,-0.009013001153070802,-0.008213001153070802,stop,1,0.2213188901178647,0,False,True,False,0.0264759732845669,0.0013846741789359995,0,0,0.01440710153678335,84.72,84.95,84.59,84.88,134241.57,2026-03-01 13:44:59.999000+00:00,11378415.4922,14002,71275.14,6042491.9215,0.0017687640953549775,-0.003293345719551003,-0.0009420631879010176,-0.8900542252765007,0.44444444444443565,0.1944444444444653,0.36111111111109906,0.004241281809613566,38.934055494106765,-0.0008418281318398058,-0.004458766303164112,-0.005825950283176526,-0.0017561148467428733,-0.0012479369110701688,0.009077355240129158,-0.5825029189004048,0.456386387109695,-0.6332150735852775,0.5888301085736245,-1.0,0.19,-0.0073675593497837255,-0.2588190451025208,-0.9659258262890683,6,1.0,0.776329538949203,True
ETHUSDT,trend_ema__directionlong_only_fast9_rsi_threshold58.0_slow55,trend_ema,2026-03-01 14:00:00+00:00,2026-03-01 16:00:00+00:00,long,-0.00998983734572057,-0.00918983734572057,stop,8,0.35472677624711424,0,False,True,False,0.012043340717541737,0.010771379915837726,0,1,0.012842267496695292,2005.86,2027.77,2001.16,2015.0,143470.5,2026-03-01 14:14:59.999000+00:00,289170199.57477,243918,81896.06,165122377.08575,0.004546298922497372,0.01847735201538157,0.016205036912935254,4.768073000425968,0.3434798947764049,0.4798947763998508,0.1766253288237443,0.013205955334987543,67.73633881235571,3.3332496704946553,0.012988548588490434,0.014394517767250904,0.0020757914231734897,0.0005778262617630592,0.01934722811105452,1.5825782398384962,13.313657055983331,1.648902362108353,2.7701954980990995,1.0,0.4,0.0,-0.4999999999999997,-0.8660254037844388,6,1.0,0.7789320051037618,True
BTCUSDT,trend_ema__directionlong_only_fast12_rsi_threshold58.0_slow89,trend_ema,2026-03-01 14:00:00+00:00,2026-03-01 16:45:00+00:00,long,-0.007327806208630397,-0.0065278062086303965,stop,11,0.2462993657601966,0,False,True,False,0.01703949754644443,0.005421083434562524,0,0,0.01318456137038343,66907.2,67280.0,66791.7,67033.8,3464.656,2026-03-01 14:14:59.999000+00:00,232227213.6933,129896,1865.362,125041089.0731,0.0018918797438343547,0.01133895270885613,0.008131873604045797,4.254078074210209,0.2592668441531949,0.5041982387876216,0.23653491705918353,0.0072843848923976095,62.31496828800983,76.94173536338897,0.0067986033225780895,0.005924772581868482,0.0010558917017797764,-0.000172477848563779,0.011875927252140218,1.4395037574420493,305.292654234114,1.0320202338920104,2.050680209799792,-1.0,0.31,0.0,-0.4999999999999997,-0.8660254037844388,6,1.0,0.7455818761921184,True
ETHUSDT,trend_ema__directionlong_only_fast12_rsi_threshold58.0_slow55,trend_ema,2026-03-01 14:00:00+00:00,2026-03-01 16:00:00+00:00,long,-0.00998983734572057,-0.00918983734572057,stop,8,0.35472677624711424,0,False,True,False,0.012043340717541737,0.010771379915837726,0,0,0.01295842458597365,2005.86,2027.77,2001.16,2015.0,143470.5,2026-03-01 14:14:59.999000+00:00,289170199.57477,243918,81896.06,165122377.08575,0.004546298922497372,0.01847735201538157,0.016205036912935254,4.768073000425968,0.3434798947764049,0.4798947763998508,0.1766253288237443,0.013205955334987543,67.73633881235571,3.3332496704946553,0.012988548588490434,0.014394517767250904,0.0020757914231734897,0.0005778262617630592,0.01934722811105452,1.5825782398384962,13.313657055983331,1.648902362108353,2.7701954980990995,1.0,0.4,0.0,-0.4999999999999997,-0.8660254037844388,6,1.0,0.8481321118339754,True
ETHUSDT,trend_ema__directionlong_only_fast12_rsi_threshold58.0_slow55,trend_ema,2026-03-01 14:00:00+00:00,2026-03-01 16:00:00+00:00,long,-0.00998983734572057,-0.00918983734572057,stop,8,0.35472677624711424,0,False,True,False,0.012043340717541737,0.010771379915837726,0,0,0.01295842458597365,2005.86,2027.77,2001.16,2015.0,143470.5,2026-03-01 14:14:59.999000+00:00,289170199.57477,243918,81896.06,165122377.08575,0.004546298922497372,0.01847735201538157,0.016205036912935254,4.768073000425968,0.3434798947764049,0.4798947763998508,0.1766253288237443,0.013205955334987543,67.73633881235571,3.3332496704946553,0.012988548588490434,0.014394517767250904,0.0020757914231734897,0.0005778262617630592,0.01934722811105452,1.5825782398384962,13.313657055983331,1.648902362108353,2.7701954980990995,1.0,0.4,0.0,-0.4999999999999997,-0.8660254037844388,6,1.0,0.8746287953606512,True
BTCUSDT,trend_ema__directionlong_only_fast12_rsi_threshold58.0_slow89,trend_ema,2026-03-01 14:00:00+00:00,2026-03-01 16:45:00+00:00,long,-0.007327806208630397,-0.0065278062086303965,stop,11,0.2462993657601966,0,False,True,False,0.01703949754644443,0.005421083434562524,0,0,0.01318456137038343,66907.2,67280.0,66791.7,67033.8,3464.656,2026-03-01 14:14:59.999000+00:00,232227213.6933,129896,1865.362,125041089.0731,0.0018918797438343547,0.01133895270885613,0.008131873604045797,4.254078074210209,0.2592668441531949,0.5041982387876216,0.23653491705918353,0.0072843848923976095,62.31496828800983,76.94173536338897,0.0067986033225780895,0.005924772581868482,0.0010558917017797764,-0.000172477848563779,0.011875927252140218,1.4395037574420493,305.292654234114,1.0320202338920104,2.050680209799792,-1.0,0.31,0.0,-0.4999999999999997,-0.8660254037844388,6,1.0,0.7561470699232293,True
ETHUSDT,trend_ema__directionlong_only_fast9_rsi_threshold58.0_slow55,trend_ema,2026-03-01 14:00:00+00:00,2026-03-01 16:00:00+00:00,long,-0.00998983734572057,-0.00918983734572057,stop,8,0.35472677624711424,0,False,True,False,0.012043340717541737,0.010771379915837726,0,1,0.012842267496695292,2005.86,2027.77,2001.16,2015.0,143470.5,2026-03-01 14:14:59.999000+00:00,289170199.57477,243918,81896.06,165122377.08575,0.004546298922497372,0.01847735201538157,0.016205036912935254,4.768073000425968,0.3434798947764049,0.4798947763998508,0.1766253288237443,0.013205955334987543,67.73633881235571,3.3332496704946553,0.012988548588490434,0.014394517767250904,0.0020757914231734897,0.0005778262617630592,0.01934722811105452,1.5825782398384962,13.313657055983331,1.648902362108353,2.7701954980990995,1.0,0.4,0.0,-0.4999999999999997,-0.8660254037844388,6,1.0,0.8138764942001452,True
XRPUSDT,trend_ema__directionboth_fast12_rsi_threshold58.0_slow89,trend_ema,2026-03-01 17:30:00+00:00,2026-03-01 20:30:00+00:00,short,0.01760665981101371,0.01840665981101371,target,12,0.16642123624221752,1,True,False,False,0.009895074004690495,0.021025314969406548,0,0,0.00465532396293158,1.365,1.3699,1.3619,1.3679,5461607.5,2026-03-01 17:44:59.999000+00:00,7464015.05524,15905,3197084.0,4369010.55213,0.0021222884763385606,-0.008589367118589193,0.0017560551816389316,-1.5941843223409589,0.36249999999999755,0.25000000000000694,0.3874999999999955,0.0058483807295853394,41.67893818788912,-0.0013076606478495609,-0.006099193724496877,-0.008357012550706824,-0.0023473072226529723,-0.0015247620688950692,0.02654871193699926,-0.47528414863230667,0.00990220526913386,-0.43286787719582304,0.5647059236868337,-1.0,0.88,-0.017242618004166932,-0.9659258262890683,-0.25881904510252063,6,2.0,0.8178627341366614,True
XRPUSDT,trend_ema__directionshort_only_fast12_rsi_threshold55.0_slow89,trend_ema,2026-03-01 17:30:00+00:00,2026-03-01 20:30:00+00:00,short,0.01760665981101371,0.01840665981101371,target,12,0.16642123624221752,1,True,False,False,0.009895074004690495,0.021025314969406548,0,0,0.009835858302164432,1.365,1.3699,1.3619,1.3679,5461607.5,2026-03-01 17:44:59.999000+00:00,7464015.05524,15905,3197084.0,4369010.55213,0.0021222884763385606,-0.008589367118589193,0.0017560551816389316,-1.5941843223409589,0.36249999999999755,0.25000000000000694,0.3874999999999955,0.0058483807295853394,41.67893818788912,-0.0013076606478495609,-0.006099193724496877,-0.008357012550706824,-0.0023473072226529723,-0.0015247620688950692,0.02654871193699926,-0.47528414863230667,0.00990220526913386,-0.43286787719582304,0.5647059236868337,-1.0,0.88,-0.017242618004166932,-0.9659258262890683,-0.25881904510252063,6,2.0,0.8363110441518845,True
XRPUSDT,trend_ema__directionboth_fast12_rsi_threshold58.0_slow89,trend_ema,2026-03-01 17:30:00+00:00,2026-03-01 20:30:00+00:00,short,0.01760665981101371,0.01840665981101371,target,12,0.16642123624221752,1,True,False,False,0.009895074004690495,0.021025314969406548,0,0,0.00465532396293158,1.365,1.3699,1.3619,1.3679,5461607.5,2026-03-01 17:44:59.999000+00:00,7464015.05524,15905,3197084.0,4369010.55213,0.0021222884763385606,-0.008589367118589193,0.0017560551816389316,-1.5941843223409589,0.36249999999999755,0.25000000000000694,0.3874999999999955,0.0058483807295853394,41.67893818788912,-0.0013076606478495609,-0.006099193724496877,-0.008357012550706824,-0.0023473072226529723,-0.0015247620688950692,0.02654871193699926,-0.47528414863230667,0.00990220526913386,-0.43286787719582304,0.5647059236868337,-1.0,0.88,-0.017242618004166932,-0.9659258262890683,-0.25881904510252063,6,2.0,0.8088483589948383,True
XRPUSDT,trend_ema__directionshort_only_fast12_rsi_threshold52.0_slow89,trend_ema,2026-03-01 17:30:00+00:00,2026-03-01 20:30:00+00:00,short,0.01760665981101371,0.01840665981101371,target,12,0.16642123624221752,1,True,False,False,0.009895074004690495,0.021025314969406548,0,0,0.007245591132548007,1.365,1.3699,1.3619,1.3679,5461607.5,2026-03-01 17:44:59.999000+00:00,7464015.05524,15905,3197084.0,4369010.55213,0.0021222884763385606,-0.008589367118589193,0.0017560551816389316,-1.5941843223409589,0.36249999999999755,0.25000000000000694,0.3874999999999955,0.0058483807295853394,41.67893818788912,-0.0013076606478495609,-0.006099193724496877,-0.008357012550706824,-0.0023473072226529723,-0.0015247620688950692,0.02654871193699926,-0.47528414863230667,0.00990220526913386,-0.43286787719582304,0.5647059236868337,-1.0,0.88,-0.017242618004166932,-0.9659258262890683,-0.25881904510252063,6,2.0,0.814143107196429,True
XRPUSDT,trend_ema__directionshort_only_fast12_rsi_threshold55.0_slow89,trend_ema,2026-03-01 17:30:00+00:00,2026-03-01 20:30:00+00:00,short,0.01760665981101371,0.01840665981101371,target,12,0.16642123624221752,1,True,False,False,0.009895074004690495,0.021025314969406548,0,0,0.009835858302164432,1.365,1.3699,1.3619,1.3679,5461607.5,2026-03-01 17:44:59.999000+00:00,7464015.05524,15905,3197084.0,4369010.55213,0.0021222884763385606,-0.008589367118589193,0.0017560551816389316,-1.5941843223409589,0.36249999999999755,0.25000000000000694,0.3874999999999955,0.0058483807295853394,41.67893818788912,-0.0013076606478495609,-0.006099193724496877,-0.008357012550706824,-0.0023473072226529723,-0.0015247620688950692,0.02654871193699926,-0.47528414863230667,0.00990220526913386,-0.43286787719582304,0.5647059236868337,-1.0,0.88,-0.017242618004166932,-0.9659258262890683,-0.25881904510252063,6,2.0,0.816945202285487,True
XRPUSDT,trend_ema__directionshort_only_fast12_rsi_threshold52.0_slow89,trend_ema,2026-03-01 17:30:00+00:00,2026-03-01 20:30:00+00:00,short,0.01760665981101371,0.01840665981101371,target,12,0.16642123624221752,1,True,False,False,0.009895074004690495,0.021025314969406548,0,0,0.007245591132548007,1.365,1.3699,1.3619,1.3679,5461607.5,2026-03-01 17:44:59.999000+00:00,7464015.05524,15905,3197084.0,4369010.55213,0.0021222884763385606,-0.008589367118589193,0.0017560551816389316,-1.5941843223409589,0.36249999999999755,0.25000000000000694,0.3874999999999955,0.0058483807295853394,41.67893818788912,-0.0013076606478495609,-0.006099193724496877,-0.008357012550706824,-0.0023473072226529723,-0.0015247620688950692,0.02654871193699926,-0.47528414863230667,0.00990220526913386,-0.43286787719582304,0.5647059236868337,-1.0,0.88,-0.017242618004166932,-0.9659258262890683,-0.25881904510252063,6,2.0,0.830282440153984,True
SOLUSDT,trend_ema__directionboth_fast12_rsi_threshold52.0_slow89,trend_ema,2026-03-01 17:45:00+00:00,2026-03-01 20:30:00+00:00,short,0.020713752837207024,0.021513752837207023,target,11,0.281563903364368,1,True,False,False,0.012419609487397313,0.02748632876160581,0,0,0.013704087450905244,83.96,84.26,83.83,83.85,400181.68,2026-03-01 17:59:59.999000+00:00,33628891.8395,26565,156898.85,13186915.9963,-0.0014301039262540303,-0.0013110066832143616,-0.025550339086372383,-0.1991207156248375,0.2558139534883667,0.6976744186046665,0.04651162790696675,0.00512820512820521,35.9218048317816,-0.22119914506420024,-0.01359901230781796,-0.01700240777421756,-0.004746849352694094,-0.0035756124450737614,0.043737958422406194,-0.7546325587016868,0.7015231049175044,0.12540380289046552,1.1225976884116837,-1.0,0.92,-0.0304116558741907,-0.9659258262890683,-0.25881904510252063,6,2.0,0.8598975292570117,True
SOLUSDT,trend_ema__directionboth_fast12_rsi_threshold52.0_slow89,trend_ema,2026-03-01 17:45:00+00:00,2026-03-01 20:30:00+00:00,short,0.020713752837207024,0.021513752837207023,target,11,0.281563903364368,1,True,False,False,0.012419609487397313,0.02748632876160581,0,0,0.013704087450905244,83.96,84.26,83.83,83.85,400181.68,2026-03-01 17:59:59.999000+00:00,33628891.8395,26565,156898.85,13186915.9963,-0.0014301039262540303,-0.0013110066832143616,-0.025550339086372383,-0.1991207156248375,0.2558139534883667,0.6976744186046665,0.04651162790696675,0.00512820512820521,35.9218048317816,-0.22119914506420024,-0.01359901230781796,-0.01700240777421756,-0.004746849352694094,-0.0035756124450737614,0.043737958422406194,-0.7546325587016868,0.7015231049175044,0.12540380289046552,1.1225976884116837,-1.0,0.92,-0.0304116558741907,-0.9659258262890683,-0.25881904510252063,6,2.0,0.8747930748012523,True
SOLUSDT,trend_ema__directionboth_fast21_rsi_threshold55.0_slow89,trend_ema,2026-03-01 18:45:00+00:00,2026-03-01 20:00:00+00:00,short,0.01986902345726146,0.02066902345726146,target,5,0.2291008519129777,1,True,False,False,0.0012180517158257532,0.02287194052055125,0,0,0.013622582236794255,84.28,84.37,83.8,83.89,289121.43,2026-03-01 18:59:59.999000+00:00,24281981.5495,17178,154219.83,12947786.7423,-0.004519512926058741,0.00047692858898547606,-0.02192966918784606,0.07931930825671357,0.6842105263157816,0.1578947368421092,0.1578947368421092,0.006794611991894235,38.544957404351116,-0.10287777765708495,-0.00993142215735978,-0.014607782209213558,-0.0025056295584939825,-0.002559300166938616,0.04738761724726627,-0.5861580843643664,0.6876403425538545,-0.2592795064166694,0.7622460957771614,-1.0,0.73,-0.029949121184088878,-1.0,-1.8369701987210297e-16,6,2.0,0.8737819433367666,True
SOLUSDT,trend_ema__directionshort_only_fast21_rsi_threshold52.0_slow89,trend_ema,2026-03-01 18:45:00+00:00,2026-03-01 20:00:00+00:00,short,0.01986902345726146,0.02066902345726146,target,5,0.2291008519129777,1,True,False,False,0.0012180517158257532,0.02287194052055125,0,0,0.013677908287496104,84.28,84.37,83.8,83.89,289121.43,2026-03-01 18:59:59.999000+00:00,24281981.5495,17178,154219.83,12947786.7423,-0.004519512926058741,0.00047692858898547606,-0.02192966918784606,0.07931930825671357,0.6842105263157816,0.1578947368421092,0.1578947368421092,0.006794611991894235,38.544957404351116,-0.10287777765708495,-0.00993142215735978,-0.014607782209213558,-0.0025056295584939825,-0.002559300166938616,0.04738761724726627,-0.5861580843643664,0.6876403425538545,-0.2592795064166694,0.7622460957771614,-1.0,0.73,-0.029949121184088878,-1.0,-1.8369701987210297e-16,6,2.0,0.8737819433367666,True
SOLUSDT,trend_ema__directionshort_only_fast21_rsi_threshold55.0_slow89,trend_ema,2026-03-01 18:45:00+00:00,2026-03-01 20:00:00+00:00,short,0.01986902345726146,0.02066902345726146,target,5,0.2291008519129777,1,True,False,False,0.0012180517158257532,0.02287194052055125,0,0,0.013733234338197953,84.28,84.37,83.8,83.89,289121.43,2026-03-01 18:59:59.999000+00:00,24281981.5495,17178,154219.83,12947786.7423,-0.004519512926058741,0.00047692858898547606,-0.02192966918784606,0.07931930825671357,0.6842105263157816,0.1578947368421092,0.1578947368421092,0.006794611991894235,38.544957404351116,-0.10287777765708495,-0.00993142215735978,-0.014607782209213558,-0.0025056295584939825,-0.002559300166938616,0.04738761724726627,-0.5861580843643664,0.6876403425538545,-0.2592795064166694,0.7622460957771614,-1.0,0.73,-0.029949121184088878,-1.0,-1.8369701987210297e-16,6,2.0,0.8737819433367666,True
SOLUSDT,trend_ema__directionshort_only_fast21_rsi_threshold58.0_slow89,trend_ema,2026-03-01 18:45:00+00:00,2026-03-01 20:00:00+00:00,short,0.01986902345726146,0.02066902345726146,target,5,0.2291008519129777,1,True,False,False,0.0012180517158257532,0.02287194052055125,0,0,0.01699922166101153,84.28,84.37,83.8,83.89,289121.43,2026-03-01 18:59:59.999000+00:00,24281981.5495,17178,154219.83,12947786.7423,-0.004519512926058741,0.00047692858898547606,-0.02192966918784606,0.07931930825671357,0.6842105263157816,0.1578947368421092,0.1578947368421092,0.006794611991894235,38.544957404351116,-0.10287777765708495,-0.00993142215735978,-0.014607782209213558,-0.0025056295584939825,-0.002559300166938616,0.04738761724726627,-0.5861580843643664,0.6876403425538545,-0.2592795064166694,0.7622460957771614,-1.0,0.73,-0.029949121184088878,-1.0,-1.8369701987210297e-16,6,2.0,0.883663311526499,True
SOLUSDT,trend_ema__directionboth_fast21_rsi_threshold55.0_slow89,trend_ema,2026-03-01 18:45:00+00:00,2026-03-01 20:00:00+00:00,short,0.01986902345726146,0.02066902345726146,target,5,0.2291008519129777,1,True,False,False,0.0012180517158257532,0.02287194052055125,0,0,0.013622582236794255,84.28,84.37,83.8,83.89,289121.43,2026-03-01 18:59:59.999000+00:00,24281981.5495,17178,154219.83,12947786.7423,-0.004519512926058741,0.00047692858898547606,-0.02192966918784606,0.07931930825671357,0.6842105263157816,0.1578947368421092,0.1578947368421092,0.006794611991894235,38.544957404351116,-0.10287777765708495,-0.00993142215735978,-0.014607782209213558,-0.0025056295584939825,-0.002559300166938616,0.04738761724726627,-0.5861580843643664,0.6876403425538545,-0.2592795064166694,0.7622460957771614,-1.0,0.73,-0.029949121184088878,-1.0,-1.8369701987210297e-16,6,2.0,0.8818400543701732,True
SOLUSDT,trend_ema__directionshort_only_fast21_rsi_threshold52.0_slow89,trend_ema,2026-03-01 18:45:00+00:00,2026-03-01 20:00:00+00:00,short,0.01986902345726146,0.02066902345726146,target,5,0.2291008519129777,1,True,False,False,0.0012180517158257532,0.02287194052055125,0,0,0.013677908287496104,84.28,84.37,83.8,83.89,289121.43,2026-03-01 18:59:59.999000+00:00,24281981.5495,17178,154219.83,12947786.7423,-0.004519512926058741,0.00047692858898547606,-0.02192966918784606,0.07931930825671357,0.6842105263157816,0.1578947368421092,0.1578947368421092,0.006794611991894235,38.544957404351116,-0.10287777765708495,-0.00993142215735978,-0.014607782209213558,-0.0025056295584939825,-0.002559300166938616,0.04738761724726627,-0.5861580843643664,0.6876403425538545,-0.2592795064166694,0.7622460957771614,-1.0,0.73,-0.029949121184088878,-1.0,-1.8369701987210297e-16,6,2.0,0.8818400543701732,True
SOLUSDT,trend_ema__directionshort_only_fast21_rsi_threshold55.0_slow89,trend_ema,2026-03-01 18:45:00+00:00,2026-03-01 20:00:00+00:00,short,0.01986902345726146,0.02066902345726146,target,5,0.2291008519129777,1,True,False,False,0.0012180517158257532,0.02287194052055125,0,0,0.013733234338197953,84.28,84.37,83.8,83.89,289121.43,2026-03-01 18:59:59.999000+00:00,24281981.5495,17178,154219.83,12947786.7423,-0.004519512926058741,0.00047692858898547606,-0.02192966918784606,0.07931930825671357,0.6842105263157816,0.1578947368421092,0.1578947368421092,0.006794611991894235,38.544957404351116,-0.10287777765708495,-0.00993142215735978,-0.014607782209213558,-0.0025056295584939825,-0.002559300166938616,0.04738761724726627,-0.5861580843643664,0.6876403425538545,-0.2592795064166694,0.7622460957771614,-1.0,0.73,-0.029949121184088878,-1.0,-1.8369701987210297e-16,6,2.0,0.8818400543701732,True
SOLUSDT,trend_ema__directionshort_only_fast21_rsi_threshold58.0_slow89,trend_ema,2026-03-01 18:45:00+00:00,2026-03-01 20:00:00+00:00,short,0.01986902345726146,0.02066902345726146,target,5,0.2291008519129777,1,True,False,False,0.0012180517158257532,0.02287194052055125,0,0,0.01699922166101153,84.28,84.37,83.8,83.89,289121.43,2026-03-01 18:59:59.999000+00:00,24281981.5495,17178,154219.83,12947786.7423,-0.004519512926058741,0.00047692858898547606,-0.02192966918784606,0.07931930825671357,0.6842105263157816,0.1578947368421092,0.1578947368421092,0.006794611991894235,38.544957404351116,-0.10287777765708495,-0.00993142215735978,-0.014607782209213558,-0.0025056295584939825,-0.002559300166938616,0.04738761724726627,-0.5861580843643664,0.6876403425538545,-0.2592795064166694,0.7622460957771614,-1.0,0.73,-0.029949121184088878,-1.0,-1.8369701987210297e-16,6,2.0,0.8735534872509555,True
ETHUSDT,trend_ema__directionboth_fast12_rsi_threshold58.0_slow89,trend_ema,2026-03-01 19:15:00+00:00,2026-03-01 20:15:00+00:00,short,0.019140972683114113,0.01994097268311411,target,4,0.2409059392380145,1,True,False,False,0.002351278914956222,0.020532615863767485,0,0,0.003302476794188933,1962.81,1965.76,1955.59,1959.0,45656.425,2026-03-01 19:29:59.999000+00:00,89516552.45035,86165,16150.34,31669727.36161,-0.0019429810208134086,-0.010359629518050034,-0.02521290202243382,-1.9695160723606726,0.37463126843657013,0.29006882989184113,0.33529990167158874,0.005191424196018414,37.954703038099275,-2.3224193810830407,-0.0102506255385523,-0.01271448296133766,-0.002488079778141694,-0.0014789970359128102,0.03599431172297819,-0.7200171477748039,15.262088686677385,-0.44939189445875677,0.6018612523066612,-1.0,0.63,-0.026661234386334498,-0.9659258262890684,0.2588190451025203,6,2.0,0.841191519547431,True
ETHUSDT,trend_ema__directionboth_fast12_rsi_threshold58.0_slow89,trend_ema,2026-03-01 19:15:00+00:00,2026-03-01 20:15:00+00:00,short,0.019140972683114113,0.01994097268311411,target,4,0.2409059392380145,1,True,False,False,0.002351278914956222,0.020532615863767485,0,0,0.003302476794188933,1962.81,1965.76,1955.59,1959.0,45656.425,2026-03-01 19:29:59.999000+00:00,89516552.45035,86165,16150.34,31669727.36161,-0.0019429810208134086,-0.010359629518050034,-0.02521290202243382,-1.9695160723606726,0.37463126843657013,0.29006882989184113,0.33529990167158874,0.005191424196018414,37.954703038099275,-2.3224193810830407,-0.0102506255385523,-0.01271448296133766,-0.002488079778141694,-0.0014789970359128102,0.03599431172297819,-0.7200171477748039,15.262088686677385,-0.44939189445875677,0.6018612523066612,-1.0,0.63,-0.026661234386334498,-0.9659258262890684,0.2588190451025203,6,2.0,0.8581419218395596,True
ETHUSDT,trend_ema__directionboth_fast21_rsi_threshold55.0_slow89,trend_ema,2026-03-01 19:45:00+00:00,2026-03-01 20:30:00+00:00,short,0.019621828085477824,0.020421828085477822,target,3,0.26353227116180195,1,True,False,False,0.0029309962737837517,0.022087505764058796,0,0,0.016117530126038192,1949.25,1954.67,1947.73,1952.97,38961.826,2026-03-01 19:59:59.999000+00:00,76036435.40161,80007,19470.733,37998577.21856,0.0019014774207712997,-0.01106519728766897,-0.01994347875098486,-2.085214572428078,0.536023054755043,0.24495677233429858,0.21902017291065848,0.0035535620106811956,36.8233864419099,-3.0468447427696557,-0.010780814864066658,-0.014551673325497597,-0.003619106232610858,-0.002462952503247795,0.0401391057072612,-0.6798751373221457,15.2790458573902,-0.602751463483343,0.4950965339560747,-1.0,0.66,-0.02965726948416525,-0.9659258262890684,0.2588190451025203,6,2.0,0.8554328750328453,True
ETHUSDT,trend_ema__directionshort_only_fast21_rsi_threshold58.0_slow89,trend_ema,2026-03-01 19:45:00+00:00,2026-03-01 20:30:00+00:00,short,0.019621828085477824,0.020421828085477822,target,3,0.26353227116180195,1,True,False,False,0.0029309962737837517,0.022087505764058796,0,0,0.009685960689995377,1949.25,1954.67,1947.73,1952.97,38961.826,2026-03-01 19:59:59.999000+00:00,76036435.40161,80007,19470.733,37998577.21856,0.0019014774207712997,-0.01106519728766897,-0.01994347875098486,-2.085214572428078,0.536023054755043,0.24495677233429858,0.21902017291065848,0.0035535620106811956,36.8233864419099,-3.0468447427696557,-0.010780814864066658,-0.014551673325497597,-0.003619106232610858,-0.002462952503247795,0.0401391057072612,-0.6798751373221457,15.2790458573902,-0.602751463483343,0.4950965339560747,-1.0,0.66,-0.02965726948416525,-0.9659258262890684,0.2588190451025203,6,2.0,0.843030737761766,True
ETHUSDT,trend_ema__directionshort_only_fast21_rsi_threshold52.0_slow89,trend_ema,2026-03-01 19:45:00+00:00,2026-03-01 20:30:00+00:00,short,0.019621828085477824,0.020421828085477822,target,3,0.26353227116180195,1,True,False,False,0.0029309962737837517,0.022087505764058796,0,0,0.006470175971973968,1949.25,1954.67,1947.73,1952.97,38961.826,2026-03-01 19:59:59.999000+00:00,76036435.40161,80007,19470.733,37998577.21856,0.0019014774207712997,-0.01106519728766897,-0.01994347875098486,-2.085214572428078,0.536023054755043,0.24495677233429858,0.21902017291065848,0.0035535620106811956,36.8233864419099,-3.0468447427696557,-0.010780814864066658,-0.014551673325497597,-0.003619106232610858,-0.002462952503247795,0.0401391057072612,-0.6798751373221457,15.2790458573902,-0.602751463483343,0.4950965339560747,-1.0,0.66,-0.02965726948416525,-0.9659258262890684,0.2588190451025203,6,2.0,0.8321392723067792,True
ETHUSDT,trend_ema__directionboth_fast21_rsi_threshold55.0_slow89,trend_ema,2026-03-01 19:45:00+00:00,2026-03-01 20:30:00+00:00,short,0.019621828085477824,0.020421828085477822,target,3,0.26353227116180195,1,True,False,False,0.0029309962737837517,0.022087505764058796,0,0,0.016117530126038192,1949.25,1954.67,1947.73,1952.97,38961.826,2026-03-01 19:59:59.999000+00:00,76036435.40161,80007,19470.733,37998577.21856,0.0019014774207712997,-0.01106519728766897,-0.01994347875098486,-2.085214572428078,0.536023054755043,0.24495677233429858,0.21902017291065848,0.0035535620106811956,36.8233864419099,-3.0468447427696557,-0.010780814864066658,-0.014551673325497597,-0.003619106232610858,-0.002462952503247795,0.0401391057072612,-0.6798751373221457,15.2790458573902,-0.602751463483343,0.4950965339560747,-1.0,0.66,-0.02965726948416525,-0.9659258262890684,0.2588190451025203,6,2.0,0.870675146595852,True
ETHUSDT,trend_ema__directionshort_only_fast21_rsi_threshold58.0_slow89,trend_ema,2026-03-01 19:45:00+00:00,2026-03-01 20:30:00+00:00,short,0.019621828085477824,0.020421828085477822,target,3,0.26353227116180195,1,True,False,False,0.0029309962737837517,0.022087505764058796,0,0,0.009685960689995377,1949.25,1954.67,1947.73,1952.97,38961.826,2026-03-01 19:59:59.999000+00:00,76036435.40161,80007,19470.733,37998577.21856,0.0019014774207712997,-0.01106519728766897,-0.01994347875098486,-2.085214572428078,0.536023054755043,0.24495677233429858,0.21902017291065848,0.0035535620106811956,36.8233864419099,-3.0468447427696557,-0.010780814864066658,-0.014551673325497597,-0.003619106232610858,-0.002462952503247795,0.0401391057072612,-0.6798751373221457,15.2790458573902,-0.602751463483343,0.4950965339560747,-1.0,0.66,-0.02965726948416525,-0.9659258262890684,0.2588190451025203,6,2.0,0.8554127385624001,True
ETHUSDT,trend_ema__directionshort_only_fast21_rsi_threshold52.0_slow89,trend_ema,2026-03-01 19:45:00+00:00,2026-03-01 20:30:00+00:00,short,0.019621828085477824,0.020421828085477822,target,3,0.26353227116180195,1,True,False,False,0.0029309962737837517,0.022087505764058796,0,0,0.006470175971973968,1949.25,1954.67,1947.73,1952.97,38961.826,2026-03-01 19:59:59.999000+00:00,76036435.40161,80007,19470.733,37998577.21856,0.0019014774207712997,-0.01106519728766897,-0.01994347875098486,-2.085214572428078,0.536023054755043,0.24495677233429858,0.21902017291065848,0.0035535620106811956,36.8233864419099,-3.0468447427696557,-0.010780814864066658,-0.014551673325497597,-0.003619106232610858,-0.002462952503247795,0.0401391057072612,-0.6798751373221457,15.2790458573902,-0.602751463483343,0.4950965339560747,-1.0,0.66,-0.02965726948416525,-0.9659258262890684,0.2588190451025203,6,2.0,0.8417115648247531,True
ETHUSDT,trend_ema__directionshort_only_fast21_rsi_threshold55.0_slow89,trend_ema,2026-03-01 19:45:00+00:00,2026-03-01 20:30:00+00:00,short,0.019621828085477824,0.020421828085477822,target,3,0.26353227116180195,1,True,False,False,0.0029309962737837517,0.022087505764058796,0,0,0.012901745408016783,1949.25,1954.67,1947.73,1952.97,38961.826,2026-03-01 19:59:59.999000+00:00,76036435.40161,80007,19470.733,37998577.21856,0.0019014774207712997,-0.01106519728766897,-0.01994347875098486,-2.085214572428078,0.536023054755043,0.24495677233429858,0.21902017291065848,0.0035535620106811956,36.8233864419099,-3.0468447427696557,-0.010780814864066658,-0.014551673325497597,-0.003619106232610858,-0.002462952503247795,0.0401391057072612,-0.6798751373221457,15.2790458573902,-0.602751463483343,0.4950965339560747,-1.0,0.66,-0.02965726948416525,-0.9659258262890684,0.2588190451025203,6,2.0,0.8685665881160698,True
ETHUSDT,trend_ema__directionshort_only_fast21_rsi_threshold55.0_slow89,trend_ema,2026-03-01 19:45:00+00:00,2026-03-01 20:30:00+00:00,short,0.019621828085477824,0.020421828085477822,target,3,0.26353227116180195,1,True,False,False,0.0029309962737837517,0.022087505764058796,0,0,0.012901745408016783,1949.25,1954.67,1947.73,1952.97,38961.826,2026-03-01 19:59:59.999000+00:00,76036435.40161,80007,19470.733,37998577.21856,0.0019014774207712997,-0.01106519728766897,-0.01994347875098486,-2.085214572428078,0.536023054755043,0.24495677233429858,0.21902017291065848,0.0035535620106811956,36.8233864419099,-3.0468447427696557,-0.010780814864066658,-0.014551673325497597,-0.003619106232610858,-0.002462952503247795,0.0401391057072612,-0.6798751373221457,15.2790458573902,-0.602751463483343,0.4950965339560747,-1.0,0.66,-0.02965726948416525,-0.9659258262890684,0.2588190451025203,6,2.0,0.8542078029881434,True
SOLUSDT,trend_ema__directionshort_only_fast12_rsi_threshold52.0_slow89,trend_ema,2026-03-02 06:15:00+00:00,2026-03-02 07:00:00+00:00,short,0.015896592680500532,0.01669659268050053,target,3,0.2159694264568178,1,True,False,False,0.001103909029368152,0.017735349858988208,0,0,0.01989414506955815,83.88,83.96,82.82,83.32,604915.18,2026-03-02 06:29:59.999000+00:00,50355417.9111,42619,250622.72,20861006.6842,-0.006698589640947966,-0.010387532956801464,-0.009080110175924482,-2.7224370652077257,0.49122807017544035,0.0701754385964897,0.43859649122806993,0.01368218915026405,39.20152867715911,-0.12951538033977847,-0.01028673059595714,-0.010588271543611737,-0.0017258038473201287,-0.0005149806250585032,0.01862847090694557,-1.2632085846489054,0.6015400436470464,2.158324228862952,2.2964445091397243,-1.0,0.19,-0.017916077322018054,1.0,6.123233995736766e-17,0,0.0,0.8865198253975358,True
SOLUSDT,trend_ema__directionshort_only_fast21_rsi_threshold52.0_slow89,trend_ema,2026-03-02 06:15:00+00:00,2026-03-02 07:00:00+00:00,short,0.015896592680500532,0.01669659268050053,target,3,0.2159694264568178,1,True,False,False,0.001103909029368152,0.017735349858988208,0,0,0.0203758610852288,83.88,83.96,82.82,83.32,604915.18,2026-03-02 06:29:59.999000+00:00,50355417.9111,42619,250622.72,20861006.6842,-0.006698589640947966,-0.010387532956801464,-0.009080110175924482,-2.7224370652077257,0.49122807017544035,0.0701754385964897,0.43859649122806993,0.01368218915026405,39.20152867715911,-0.12951538033977847,-0.01028673059595714,-0.010588271543611737,-0.0017258038473201287,-0.0005149806250585032,0.01862847090694557,-1.2632085846489054,0.6015400436470464,2.158324228862952,2.2964445091397243,-1.0,0.19,-0.017916077322018054,1.0,6.123233995736766e-17,0,0.0,0.8865198253975358,True
SOLUSDT,trend_ema__directionshort_only_fast21_rsi_threshold52.0_slow89,trend_ema,2026-03-02 06:15:00+00:00,2026-03-02 07:00:00+00:00,short,0.015896592680500532,0.01669659268050053,target,3,0.2159694264568178,1,True,False,False,0.001103909029368152,0.017735349858988208,0,0,0.0203758610852288,83.88,83.96,82.82,83.32,604915.18,2026-03-02 06:29:59.999000+00:00,50355417.9111,42619,250622.72,20861006.6842,-0.006698589640947966,-0.010387532956801464,-0.009080110175924482,-2.7224370652077257,0.49122807017544035,0.0701754385964897,0.43859649122806993,0.01368218915026405,39.20152867715911,-0.12951538033977847,-0.01028673059595714,-0.010588271543611737,-0.0017258038473201287,-0.0005149806250585032,0.01862847090694557,-1.2632085846489054,0.6015400436470464,2.158324228862952,2.2964445091397243,-1.0,0.19,-0.017916077322018054,1.0,6.123233995736766e-17,0,0.0,0.9031056945999447,True
SOLUSDT,trend_ema__directionshort_only_fast12_rsi_threshold52.0_slow89,trend_ema,2026-03-02 06:15:00+00:00,2026-03-02 07:00:00+00:00,short,0.015896592680500532,0.01669659268050053,target,3,0.2159694264568178,1,True,False,False,0.001103909029368152,0.017735349858988208,0,0,0.01989414506955815,83.88,83.96,82.82,83.32,604915.18,2026-03-02 06:29:59.999000+00:00,50355417.9111,42619,250622.72,20861006.6842,-0.006698589640947966,-0.010387532956801464,-0.009080110175924482,-2.7224370652077257,0.49122807017544035,0.0701754385964897,0.43859649122806993,0.01368218915026405,39.20152867715911,-0.12951538033977847,-0.01028673059595714,-0.010588271543611737,-0.0017258038473201287,-0.0005149806250585032,0.01862847090694557,-1.2632085846489054,0.6015400436470464,2.158324228862952,2.2964445091397243,-1.0,0.19,-0.017916077322018054,1.0,6.123233995736766e-17,0,0.0,0.9031056945999447,True
SOLUSDT,trend_ema__directionshort_only_fast21_rsi_threshold55.0_slow55,trend_ema,2026-03-02 06:30:00+00:00,2026-03-02 11:45:00+00:00,short,-0.011629778378560133,-0.010829778378560133,stop,21,0.22387154451273275,0,False,True,False,0.0115521888465678,0.012212326268717065,0,0,0.0194124290538875,83.33,83.56,83.09,83.28,251365.72,2026-03-02 06:44:59.999000+00:00,20945130.95,20622,120153.86,10013254.5993,-0.0004801920860577322,-0.01537116948741735,-0.011105254735187333,-4.028717496846473,0.10638297872339847,0.4893617021276692,0.4042553191489323,0.005643611911623425,38.80642277436336,-0.15567916992053737,-0.009746076044009743,-0.010639403209977373,-0.002567093702762979,-0.0009184071589459775,0.021022353307031613,-1.0841803702537482,0.5921443262436858,0.014638612231082697,1.0081006950966696,-1.0,0.19,-0.018387553041018467,1.0,6.123233995736766e-17,0,0.0,0.8820204203072085,True
SOLUSDT,trend_ema__directionshort_only_fast21_rsi_threshold55.0_slow55,trend_ema,2026-03-02 06:30:00+00:00,2026-03-02 11:45:00+00:00,short,-0.011629778378560133,-0.010829778378560133,stop,21,0.22387154451273275,0,False,True,False,0.0115521888465678,0.012212326268717065,0,0,0.0194124290538875,83.33,83.56,83.09,83.28,251365.72,2026-03-02 06:44:59.999000+00:00,20945130.95,20622,120153.86,10013254.5993,-0.0004801920860577322,-0.01537116948741735,-0.011105254735187333,-4.028717496846473,0.10638297872339847,0.4893617021276692,0.4042553191489323,0.005643611911623425,38.80642277436336,-0.15567916992053737,-0.009746076044009743,-0.010639403209977373,-0.002567093702762979,-0.0009184071589459775,0.021022353307031613,-1.0841803702537482,0.5921443262436858,0.014638612231082697,1.0081006950966696,-1.0,0.19,-0.018387553041018467,1.0,6.123233995736766e-17,0,0.0,0.8948883383554328,True
ETHUSDT,trend_ema__directionshort_only_fast21_rsi_threshold55.0_slow89,trend_ema,2026-03-02 06:45:00+00:00,2026-03-02 14:45:00+00:00,short,-0.010996504234702121,-0.010196504234702121,stop,32,0.21481773770195958,0,False,True,False,0.01915574869604851,0.016077509182343613,0,0,0.019333314844059597,1947.6,1948.21,1936.12,1942.38,55011.599,2026-03-02 06:59:59.999000+00:00,106818093.03173,107412,24694.476,47962851.59799,-0.00267868549901402,-0.014114441305211571,-0.0062050316492350665,-3.302189768223806,0.43176178660047454,0.050454921422673285,0.5177832919768521,0.00622432273808428,39.25911311490202,-3.5906824748784727,-0.009489465507613221,-0.009541538331233642,-0.0026082575715670187,-0.0006811536660397133,0.024261830537584954,-0.8808287797016857,13.155215568088781,0.38785469810506246,1.216727031004198,-1.0,0.39,-0.018960362034829648,1.0,6.123233995736766e-17,0,0.0,0.879843779130125,True
ETHUSDT,trend_ema__directionshort_only_fast21_rsi_threshold55.0_slow89,trend_ema,2026-03-02 06:45:00+00:00,2026-03-02 14:45:00+00:00,short,-0.010996504234702121,-0.010196504234702121,stop,32,0.21481773770195958,0,False,True,False,0.01915574869604851,0.016077509182343613,0,0,0.019333314844059597,1947.6,1948.21,1936.12,1942.38,55011.599,2026-03-02 06:59:59.999000+00:00,106818093.03173,107412,24694.476,47962851.59799,-0.00267868549901402,-0.014114441305211571,-0.0062050316492350665,-3.302189768223806,0.43176178660047454,0.050454921422673285,0.5177832919768521,0.00622432273808428,39.25911311490202,-3.5906824748784727,-0.009489465507613221,-0.009541538331233642,-0.0026082575715670187,-0.0006811536660397133,0.024261830537584954,-0.8808287797016857,13.155215568088781,0.38785469810506246,1.216727031004198,-1.0,0.39,-0.018960362034829648,1.0,6.123233995736766e-17,0,0.0,0.8852111660582799,True
HYPEUSDT,trend_ema__directionlong_only_fast9_rsi_threshold58.0_slow89,trend_ema,2026-03-02 14:45:00+00:00,2026-03-02 15:00:00+00:00,long,0.024143336086332803,0.024943336086332802,target,1,0.39435141955176417,1,True,False,False,0.0024571292179483496,0.026113626261156132,0,0,0.019122713289731197,31.636,32.022,31.563,31.697,629068.1,2026-03-02 14:59:59.999000+00:00,20001946.25757,68841,333527.52,10609782.78677,0.001926326523704719,0.03339363739242554,0.03905288800902147,5.201885606563188,0.13289760348583876,0.7080610021786483,0.15904139433551298,0.014480865697069112,69.71757097758821,0.1415445126557472,0.02640418074771267,0.02535970053355224,0.006799486462679694,0.0023439499285500265,0.04985885779379725,1.293124057557434,0.32592670585559363,3.3866956668519848,3.8223609746356626,-1.0,0.64,0.0,-0.4999999999999997,-0.8660254037844388,0,1.0,0.8181108135603656,True
HYPEUSDT,trend_ema__directionlong_only_fast9_rsi_threshold58.0_slow55,trend_ema,2026-03-02 14:45:00+00:00,2026-03-02 15:00:00+00:00,long,0.024143336086332803,0.024943336086332802,target,1,0.39435141955176417,1,True,False,False,0.0024571292179483496,0.026113626261156132,0,0,0.015674111228007295,31.636,32.022,31.563,31.697,629068.1,2026-03-02 14:59:59.999000+00:00,20001946.25757,68841,333527.52,10609782.78677,0.001926326523704719,0.03339363739242554,0.03905288800902147,5.201885606563188,0.13289760348583876,0.7080610021786483,0.15904139433551298,0.014480865697069112,69.71757097758821,0.1415445126557472,0.02640418074771267,0.02535970053355224,0.006799486462679694,0.0023439499285500265,0.04985885779379725,1.293124057557434,0.32592670585559363,3.3866956668519848,3.8223609746356626,-1.0,0.64,0.0,-0.4999999999999997,-0.8660254037844388,0,1.0,0.8175483183141828,True
HYPEUSDT,trend_ema__directionlong_only_fast9_rsi_threshold58.0_slow89,trend_ema,2026-03-02 14:45:00+00:00,2026-03-02 15:00:00+00:00,long,0.024143336086332803,0.024943336086332802,target,1,0.39435141955176417,1,True,False,False,0.0024571292179483496,0.026113626261156132,0,0,0.019122713289731197,31.636,32.022,31.563,31.697,629068.1,2026-03-02 14:59:59.999000+00:00,20001946.25757,68841,333527.52,10609782.78677,0.001926326523704719,0.03339363739242554,0.03905288800902147,5.201885606563188,0.13289760348583876,0.7080610021786483,0.15904139433551298,0.014480865697069112,69.71757097758821,0.1415445126557472,0.02640418074771267,0.02535970053355224,0.006799486462679694,0.0023439499285500265,0.04985885779379725,1.293124057557434,0.32592670585559363,3.3866956668519848,3.8223609746356626,-1.0,0.64,0.0,-0.4999999999999997,-0.8660254037844388,0,1.0,0.806607034696749,True
HYPEUSDT,trend_ema__directionlong_only_fast9_rsi_threshold58.0_slow55,trend_ema,2026-03-02 14:45:00+00:00,2026-03-02 15:00:00+00:00,long,0.024143336086332803,0.024943336086332802,target,1,0.39435141955176417,1,True,False,False,0.0024571292179483496,0.026113626261156132,0,0,0.015674111228007295,31.636,32.022,31.563,31.697,629068.1,2026-03-02 14:59:59.999000+00:00,20001946.25757,68841,333527.52,10609782.78677,0.001926326523704719,0.03339363739242554,0.03905288800902147,5.201885606563188,0.13289760348583876,0.7080610021786483,0.15904139433551298,0.014480865697069112,69.71757097758821,0.1415445126557472,0.02640418074771267,0.02535970053355224,0.006799486462679694,0.0023439499285500265,0.04985885779379725,1.293124057557434,0.32592670585559363,3.3866956668519848,3.8223609746356626,-1.0,0.64,0.0,-0.4999999999999997,-0.8660254037844388,0,1.0,0.8047094671997063,True
HYPEUSDT,trend_ema__directionlong_only_fast12_rsi_threshold58.0_slow55,trend_ema,2026-03-02 15:00:00+00:00,2026-03-02 15:15:00+00:00,long,0.02490257628339966,0.02570257628339966,target,1,0.5139958329774162,1,True,False,False,0.0012540173427089193,0.026063082681964625,0,0,0.024265719618276126,31.697,32.467,31.662,32.238,663822.12,2026-03-02 15:14:59.999000+00:00,21345895.27134,75588,354116.06,11382991.95543,0.016923841793863866,0.037836969683816155,0.057684055298879516,5.2423812342068175,0.6720496894409945,0.2844720496894401,0.04347826086956541,0.024970531670699167,75.69979164887081,0.18300279337098174,0.038671802613958604,0.04007966178191136,0.010113115594397204,0.0042658178617511755,0.06589002265926698,1.419944112589087,0.36014622686590836,2.942481983586491,3.697229756423336,1.0,0.8,0.0,-0.7071067811865471,-0.7071067811865479,0,1.0,0.9303930381508373,True
SOLUSDT,trend_ema__directionboth_fast12_rsi_threshold55.0_slow89,trend_ema,2026-03-02 15:00:00+00:00,2026-03-02 15:00:00+00:00,long,0.018977806112491318,0.019777806112491317,target,0,0.6182781197468075,1,True,False,False,0.002369270777607763,0.02683195651493387,0,0,0.016310173384033105,85.6,87.91,85.41,87.78,1709746.6,2026-03-02 15:14:59.999000+00:00,148328267.2169,123329,933960.75,81054140.2065,0.02503158550569377,0.052865442493258606,0.049029427240318606,7.083630110114144,0.8720000000000028,0.05199999999999818,0.0759999999999991,0.028480291638186373,80.91390598734037,0.37209882963263097,0.04124834236777076,0.04390536097516554,0.00833320465229459,0.00284837242473035,0.05123652851572435,1.7837715686347928,0.8074869700964764,3.2814684460008423,4.573242146607321,1.0,1.0,0.0,-0.7071067811865471,-0.7071067811865479,0,1.0,0.952282359372586,True
SOLUSDT,trend_ema__directionlong_only_fast12_rsi_threshold58.0_slow89,trend_ema,2026-03-02 15:00:00+00:00,2026-03-02 15:00:00+00:00,long,0.018977806112491318,0.019777806112491317,target,0,0.6182781197468075,1,True,False,False,0.002369270777607763,0.02683195651493387,0,1,-6.537274565754161e-05,85.6,87.91,85.41,87.78,1709746.6,2026-03-02 15:14:59.999000+00:00,148328267.2169,123329,933960.75,81054140.2065,0.02503158550569377,0.052865442493258606,0.049029427240318606,7.083630110114144,0.8720000000000028,0.05199999999999818,0.0759999999999991,0.028480291638186373,80.91390598734037,0.37209882963263097,0.04124834236777076,0.04390536097516554,0.00833320465229459,0.00284837242473035,0.05123652851572435,1.7837715686347928,0.8074869700964764,3.2814684460008423,4.573242146607321,1.0,1.0,0.0,-0.7071067811865471,-0.7071067811865479,0,1.0,0.9289682535544993,True
SOLUSDT,trend_ema__directionboth_fast9_rsi_threshold58.0_slow89,trend_ema,2026-03-02 15:00:00+00:00,2026-03-02 15:00:00+00:00,long,0.018977806112491318,0.019777806112491317,target,0,0.6182781197468075,1,True,False,False,0.002369270777607763,0.02683195651493387,0,0,0.009745419700402257,85.6,87.91,85.41,87.78,1709746.6,2026-03-02 15:14:59.999000+00:00,148328267.2169,123329,933960.75,81054140.2065,0.02503158550569377,0.052865442493258606,0.049029427240318606,7.083630110114144,0.8720000000000028,0.05199999999999818,0.0759999999999991,0.028480291638186373,80.91390598734037,0.37209882963263097,0.04124834236777076,0.04390536097516554,0.00833320465229459,0.00284837242473035,0.05123652851572435,1.7837715686347928,0.8074869700964764,3.2814684460008423,4.573242146607321,1.0,1.0,0.0,-0.7071067811865471,-0.7071067811865479,0,1.0,0.9516877720849386,True
SOLUSDT,trend_ema__directionboth_fast12_rsi_threshold58.0_slow89,trend_ema,2026-03-02 15:00:00+00:00,2026-03-02 15:00:00+00:00,long,0.018977806112491318,0.019777806112491317,target,0,0.6182781197468075,1,True,False,False,0.002369270777607763,0.02683195651493387,0,0,0.006463042858586831,85.6,87.91,85.41,87.78,1709746.6,2026-03-02 15:14:59.999000+00:00,148328267.2169,123329,933960.75,81054140.2065,0.02503158550569377,0.052865442493258606,0.049029427240318606,7.083630110114144,0.8720000000000028,0.05199999999999818,0.0759999999999991,0.028480291638186373,80.91390598734037,0.37209882963263097,0.04124834236777076,0.04390536097516554,0.00833320465229459,0.00284837242473035,0.05123652851572435,1.7837715686347928,0.8074869700964764,3.2814684460008423,4.573242146607321,1.0,1.0,0.0,-0.7071067811865471,-0.7071067811865479,0,1.0,0.9490056987146553,True
SOLUSDT,trend_ema__directionlong_only_fast12_rsi_threshold55.0_slow89,trend_ema,2026-03-02 15:00:00+00:00,2026-03-02 15:00:00+00:00,long,0.018977806112491318,0.019777806112491317,target,0,0.6182781197468075,1,True,False,False,0.002369270777607763,0.02683195651493387,0,0,0.0031988350564646447,85.6,87.91,85.41,87.78,1709746.6,2026-03-02 15:14:59.999000+00:00,148328267.2169,123329,933960.75,81054140.2065,0.02503158550569377,0.052865442493258606,0.049029427240318606,7.083630110114144,0.8720000000000028,0.05199999999999818,0.0759999999999991,0.028480291638186373,80.91390598734037,0.37209882963263097,0.04124834236777076,0.04390536097516554,0.00833320465229459,0.00284837242473035,0.05123652851572435,1.7837715686347928,0.8074869700964764,3.2814684460008423,4.573242146607321,1.0,1.0,0.0,-0.7071067811865471,-0.7071067811865479,0,1.0,0.9455983816083988,True
HYPEUSDT,trend_ema__directionlong_only_fast12_rsi_threshold55.0_slow89,trend_ema,2026-03-02 15:00:00+00:00,2026-03-02 15:15:00+00:00,long,0.02490257628339966,0.02570257628339966,target,1,0.5139958329774162,1,True,False,False,0.0012540173427089193,0.026063082681964625,0,0,0.02398331890713929,31.697,32.467,31.662,32.238,663822.12,2026-03-02 15:14:59.999000+00:00,21345895.27134,75588,354116.06,11382991.95543,0.016923841793863866,0.037836969683816155,0.057684055298879516,5.2423812342068175,0.6720496894409945,0.2844720496894401,0.04347826086956541,0.024970531670699167,75.69979164887081,0.18300279337098174,0.038671802613958604,0.04007966178191136,0.010113115594397204,0.0042658178617511755,0.06589002265926698,1.419944112589087,0.36014622686590836,2.942481983586491,3.697229756423336,1.0,0.8,0.0,-0.7071067811865471,-0.7071067811865479,0,1.0,0.9307454394950238,True
SOLUSDT,trend_ema__directionlong_only_fast21_rsi_threshold58.0_slow34,trend_ema,2026-03-02 15:00:00+00:00,2026-03-02 15:00:00+00:00,long,0.018977806112491318,0.019777806112491317,target,0,0.6182781197468075,1,True,False,False,0.002369270777607763,0.02683195651493387,0,2,-0.0033295805477797273,85.6,87.91,85.41,87.78,1709746.6,2026-03-02 15:14:59.999000+00:00,148328267.2169,123329,933960.75,81054140.2065,0.02503158550569377,0.052865442493258606,0.049029427240318606,7.083630110114144,0.8720000000000028,0.05199999999999818,0.0759999999999991,0.028480291638186373,80.91390598734037,0.37209882963263097,0.04124834236777076,0.04390536097516554,0.00833320465229459,0.00284837242473035,0.05123652851572435,1.7837715686347928,0.8074869700964764,3.2814684460008423,4.573242146607321,1.0,1.0,0.0,-0.7071067811865471,-0.7071067811865479,0,1.0,0.8547327351030495,True
SOLUSDT,trend_ema__directionlong_only_fast9_rsi_threshold58.0_slow89,trend_ema,2026-03-02 15:00:00+00:00,2026-03-02 15:00:00+00:00,long,0.018977806112491318,0.019777806112491317,target,0,0.6182781197468075,1,True,False,False,0.002369270777607763,0.02683195651493387,0,3,-0.006593788349901914,85.6,87.91,85.41,87.78,1709746.6,2026-03-02 15:14:59.999000+00:00,148328267.2169,123329,933960.75,81054140.2065,0.02503158550569377,0.052865442493258606,0.049029427240318606,7.083630110114144,0.8720000000000028,0.05199999999999818,0.0759999999999991,0.028480291638186373,80.91390598734037,0.37209882963263097,0.04124834236777076,0.04390536097516554,0.00833320465229459,0.00284837242473035,0.05123652851572435,1.7837715686347928,0.8074869700964764,3.2814684460008423,4.573242146607321,1.0,1.0,0.0,-0.7071067811865471,-0.7071067811865479,0,1.0,0.824033244434594,True
HYPEUSDT,trend_ema__directionboth_fast12_rsi_threshold55.0_slow89,trend_ema,2026-03-02 15:00:00+00:00,2026-03-02 15:15:00+00:00,long,0.02490257628339966,0.02570257628339966,target,1,0.5139958329774162,1,True,False,False,0.0012540173427089193,0.026063082681964625,0,0,0.023418517484865613,31.697,32.467,31.662,32.238,663822.12,2026-03-02 15:14:59.999000+00:00,21345895.27134,75588,354116.06,11382991.95543,0.016923841793863866,0.037836969683816155,0.057684055298879516,5.2423812342068175,0.6720496894409945,0.2844720496894401,0.04347826086956541,0.024970531670699167,75.69979164887081,0.18300279337098174,0.038671802613958604,0.04007966178191136,0.010113115594397204,0.0042658178617511755,0.06589002265926698,1.419944112589087,0.36014622686590836,2.942481983586491,3.697229756423336,1.0,0.8,0.0,-0.7071067811865471,-0.7071067811865479,0,1.0,0.9307454394950238,True
HYPEUSDT,trend_ema__directionboth_fast12_rsi_threshold52.0_slow89,trend_ema,2026-03-02 15:00:00+00:00,2026-03-02 15:15:00+00:00,long,0.02490257628339966,0.02570257628339966,target,1,0.5139958329774162,1,True,False,False,0.0012540173427089193,0.026063082681964625,0,0,0.023136116773728777,31.697,32.467,31.662,32.238,663822.12,2026-03-02 15:14:59.999000+00:00,21345895.27134,75588,354116.06,11382991.95543,0.016923841793863866,0.037836969683816155,0.057684055298879516,5.2423812342068175,0.6720496894409945,0.2844720496894401,0.04347826086956541,0.024970531670699167,75.69979164887081,0.18300279337098174,0.038671802613958604,0.04007966178191136,0.010113115594397204,0.0042658178617511755,0.06589002265926698,1.419944112589087,0.36014622686590836,2.942481983586491,3.697229756423336,1.0,0.8,0.0,-0.7071067811865471,-0.7071067811865479,0,1.0,0.9307454394950238,True
HYPEUSDT,trend_ema__directionlong_only_fast12_rsi_threshold58.0_slow89,trend_ema,2026-03-02 15:00:00+00:00,2026-03-02 15:15:00+00:00,long,0.02490257628339966,0.02570257628339966,target,1,0.5139958329774162,1,True,False,False,0.0012540173427089193,0.026063082681964625,0,0,0.022853716062591935,31.697,32.467,31.662,32.238,663822.12,2026-03-02 15:14:59.999000+00:00,21345895.27134,75588,354116.06,11382991.95543,0.016923841793863866,0.037836969683816155,0.057684055298879516,5.2423812342068175,0.6720496894409945,0.2844720496894401,0.04347826086956541,0.024970531670699167,75.69979164887081,0.18300279337098174,0.038671802613958604,0.04007966178191136,0.010113115594397204,0.0042658178617511755,0.06589002265926698,1.419944112589087,0.36014622686590836,2.942481983586491,3.697229756423336,1.0,0.8,0.0,-0.7071067811865471,-0.7071067811865479,0,1.0,0.9307454394950238,True
HYPEUSDT,trend_ema__directionboth_fast12_rsi_threshold58.0_slow89,trend_ema,2026-03-02 15:00:00+00:00,2026-03-02 15:15:00+00:00,long,0.02490257628339966,0.02570257628339966,target,1,0.5139958329774162,1,True,False,False,0.0012540173427089193,0.026063082681964625,0,0,0.022571315351455096,31.697,32.467,31.662,32.238,663822.12,2026-03-02 15:14:59.999000+00:00,21345895.27134,75588,354116.06,11382991.95543,0.016923841793863866,0.037836969683816155,0.057684055298879516,5.2423812342068175,0.6720496894409945,0.2844720496894401,0.04347826086956541,0.024970531670699167,75.69979164887081,0.18300279337098174,0.038671802613958604,0.04007966178191136,0.010113115594397204,0.0042658178617511755,0.06589002265926698,1.419944112589087,0.36014622686590836,2.942481983586491,3.697229756423336,1.0,0.8,0.0,-0.7071067811865471,-0.7071067811865479,0,1.0,0.9307454394950238,True
ZECUSDT,trend_ema__directionlong_only_fast9_rsi_threshold58.0_slow55,trend_ema,2026-03-02 15:00:00+00:00,2026-03-02 15:00:00+00:00,long,0.019677746228103896,0.020477746228103895,target,0,0.6024799068943321,1,True,False,False,0.0015189474579589968,0.021525380110878435,0,1,0.022748298672859914,219.11,223.86,218.81,223.5,65310.464,2026-03-02 15:14:59.999000+00:00,14489758.13946,63345,38498.675,8539053.11165,0.01979188909880081,0.044043060255976624,0.050093025948187826,6.649184565033633,0.8693069306930646,0.07128712871287383,0.059405940594061526,0.022595078299776337,80.1239953447166,1.0891600749296046,0.0371845171120984,0.03765225469825183,0.008533642600873526,0.0028387746519624724,0.05251687661516076,1.6625555296772738,2.0275193172148938,3.6917130479523967,4.4522918266701215,1.0,0.89,0.0,-0.7071067811865471,-0.7071067811865479,0,1.0,0.9358339806811826,True
HYPEUSDT,trend_ema__directionlong_only_fast21_rsi_threshold58.0_slow34,trend_ema,2026-03-02 15:00:00+00:00,2026-03-02 15:15:00+00:00,long,0.02490257628339966,0.02570257628339966,target,1,0.5139958329774162,1,True,False,False,0.0012540173427089193,0.026063082681964625,0,0,0.023700918196002452,31.697,32.467,31.662,32.238,663822.12,2026-03-02 15:14:59.999000+00:00,21345895.27134,75588,354116.06,11382991.95543,0.016923841793863866,0.037836969683816155,0.057684055298879516,5.2423812342068175,0.6720496894409945,0.2844720496894401,0.04347826086956541,0.024970531670699167,75.69979164887081,0.18300279337098174,0.038671802613958604,0.04007966178191136,0.010113115594397204,0.0042658178617511755,0.06589002265926698,1.419944112589087,0.36014622686590836,2.942481983586491,3.697229756423336,1.0,0.8,0.0,-0.7071067811865471,-0.7071067811865479,0,1.0,0.9307454394950238,True
SOLUSDT,trend_ema__directionlong_only_fast9_rsi_threshold58.0_slow55,trend_ema,2026-03-02 15:00:00+00:00,2026-03-02 15:00:00+00:00,long,0.018977806112491318,0.019777806112491317,target,0,0.6182781197468075,1,True,False,False,0.002369270777607763,0.02683195651493387,0,0,0.013027796542217682,85.6,87.91,85.41,87.78,1709746.6,2026-03-02 15:14:59.999000+00:00,148328267.2169,123329,933960.75,81054140.2065,0.02503158550569377,0.052865442493258606,0.049029427240318606,7.083630110114144,0.8720000000000028,0.05199999999999818,0.0759999999999991,0.028480291638186373,80.91390598734037,0.37209882963263097,0.04124834236777076,0.04390536097516554,0.00833320465229459,0.00284837242473035,0.05123652851572435,1.7837715686347928,0.8074869700964764,3.2814684460008423,4.573242146607321,1.0,1.0,0.0,-0.7071067811865471,-0.7071067811865479,0,1.0,0.9516964608177096,True
SOLUSDT,trend_ema__directionboth_fast12_rsi_threshold52.0_slow89,trend_ema,2026-03-02 15:00:00+00:00,2026-03-02 15:00:00+00:00,long,0.018977806112491318,0.019777806112491317,target,0,0.6182781197468075,1,True,False,False,0.002369270777607763,0.02683195651493387,0,4,-0.009612814056873057,85.6,87.91,85.41,87.78,1709746.6,2026-03-02 15:14:59.999000+00:00,148328267.2169,123329,933960.75,81054140.2065,0.02503158550569377,0.052865442493258606,0.049029427240318606,7.083630110114144,0.8720000000000028,0.05199999999999818,0.0759999999999991,0.028480291638186373,80.91390598734037,0.37209882963263097,0.04124834236777076,0.04390536097516554,0.00833320465229459,0.00284837242473035,0.05123652851572435,1.7837715686347928,0.8074869700964764,3.2814684460008423,4.573242146607321,1.0,1.0,0.0,-0.7071067811865471,-0.7071067811865479,0,1.0,0.799150380778056,True
SOLUSDT,trend_ema__directionlong_only_fast9_rsi_threshold58.0_slow55,trend_ema,2026-03-02 15:00:00+00:00,2026-03-02 15:00:00+00:00,long,0.018977806112491318,0.019777806112491317,target,0,0.6182781197468075,1,True,False,False,0.002369270777607763,0.02683195651493387,0,0,0.013027796542217682,85.6,87.91,85.41,87.78,1709746.6,2026-03-02 15:14:59.999000+00:00,148328267.2169,123329,933960.75,81054140.2065,0.02503158550569377,0.052865442493258606,0.049029427240318606,7.083630110114144,0.8720000000000028,0.05199999999999818,0.0759999999999991,0.028480291638186373,80.91390598734037,0.37209882963263097,0.04124834236777076,0.04390536097516554,0.00833320465229459,0.00284837242473035,0.05123652851572435,1.7837715686347928,0.8074869700964764,3.2814684460008423,4.573242146607321,1.0,1.0,0.0,-0.7071067811865471,-0.7071067811865479,0,1.0,0.9531986903105362,True
SOLUSDT,trend_ema__directionlong_only_fast21_rsi_threshold58.0_slow34,trend_ema,2026-03-02 15:00:00+00:00,2026-03-02 15:00:00+00:00,long,0.018977806112491318,0.019777806112491317,target,0,0.6182781197468075,1,True,False,False,0.002369270777607763,0.02683195651493387,0,2,-0.0033295805477797273,85.6,87.91,85.41,87.78,1709746.6,2026-03-02 15:14:59.999000+00:00,148328267.2169,123329,933960.75,81054140.2065,0.02503158550569377,0.052865442493258606,0.049029427240318606,7.083630110114144,0.8720000000000028,0.05199999999999818,0.0759999999999991,0.028480291638186373,80.91390598734037,0.37209882963263097,0.04124834236777076,0.04390536097516554,0.00833320465229459,0.00284837242473035,0.05123652851572435,1.7837715686347928,0.8074869700964764,3.2814684460008423,4.573242146607321,1.0,1.0,0.0,-0.7071067811865471,-0.7071067811865479,0,1.0,0.8821717205237971,True
HYPEUSDT,trend_ema__directionboth_fast12_rsi_threshold52.0_slow89,trend_ema,2026-03-02 15:00:00+00:00,2026-03-02 15:15:00+00:00,long,0.02490257628339966,0.02570257628339966,target,1,0.5139958329774162,1,True,False,False,0.0012540173427089193,0.026063082681964625,0,0,0.023136116773728777,31.697,32.467,31.662,32.238,663822.12,2026-03-02 15:14:59.999000+00:00,21345895.27134,75588,354116.06,11382991.95543,0.016923841793863866,0.037836969683816155,0.057684055298879516,5.2423812342068175,0.6720496894409945,0.2844720496894401,0.04347826086956541,0.024970531670699167,75.69979164887081,0.18300279337098174,0.038671802613958604,0.04007966178191136,0.010113115594397204,0.0042658178617511755,0.06589002265926698,1.419944112589087,0.36014622686590836,2.942481983586491,3.697229756423336,1.0,0.8,0.0,-0.7071067811865471,-0.7071067811865479,0,1.0,0.9360900296983906,True
HYPEUSDT,trend_ema__directionboth_fast12_rsi_threshold55.0_slow89,trend_ema,2026-03-02 15:00:00+00:00,2026-03-02 15:15:00+00:00,long,0.02490257628339966,0.02570257628339966,target,1,0.5139958329774162,1,True,False,False,0.0012540173427089193,0.026063082681964625,0,0,0.023418517484865613,31.697,32.467,31.662,32.238,663822.12,2026-03-02 15:14:59.999000+00:00,21345895.27134,75588,354116.06,11382991.95543,0.016923841793863866,0.037836969683816155,0.057684055298879516,5.2423812342068175,0.6720496894409945,0.2844720496894401,0.04347826086956541,0.024970531670699167,75.69979164887081,0.18300279337098174,0.038671802613958604,0.04007966178191136,0.010113115594397204,0.0042658178617511755,0.06589002265926698,1.419944112589087,0.36014622686590836,2.942481983586491,3.697229756423336,1.0,0.8,0.0,-0.7071067811865471,-0.7071067811865479,0,1.0,0.9360900296983906,True
SOLUSDT,trend_ema__directionlong_only_fast9_rsi_threshold58.0_slow89,trend_ema,2026-03-02 15:00:00+00:00,2026-03-02 15:00:00+00:00,long,0.018977806112491318,0.019777806112491317,target,0,0.6182781197468075,1,True,False,False,0.002369270777607763,0.02683195651493387,0,3,-0.006593788349901914,85.6,87.91,85.41,87.78,1709746.6,2026-03-02 15:14:59.999000+00:00,148328267.2169,123329,933960.75,81054140.2065,0.02503158550569377,0.052865442493258606,0.049029427240318606,7.083630110114144,0.8720000000000028,0.05199999999999818,0.0759999999999991,0.028480291638186373,80.91390598734037,0.37209882963263097,0.04124834236777076,0.04390536097516554,0.00833320465229459,0.00284837242473035,0.05123652851572435,1.7837715686347928,0.8074869700964764,3.2814684460008423,4.573242146607321,1.0,1.0,0.0,-0.7071067811865471,-0.7071067811865479,0,1.0,0.843861854077564,True
HYPEUSDT,trend_ema__directionboth_fast12_rsi_threshold58.0_slow89,trend_ema,2026-03-02 15:00:00+00:00,2026-03-02 15:15:00+00:00,long,0.02490257628339966,0.02570257628339966,target,1,0.5139958329774162,1,True,False,False,0.0012540173427089193,0.026063082681964625,0,0,0.022571315351455096,31.697,32.467,31.662,32.238,663822.12,2026-03-02 15:14:59.999000+00:00,21345895.27134,75588,354116.06,11382991.95543,0.016923841793863866,0.037836969683816155,0.057684055298879516,5.2423812342068175,0.6720496894409945,0.2844720496894401,0.04347826086956541,0.024970531670699167,75.69979164887081,0.18300279337098174,0.038671802613958604,0.04007966178191136,0.010113115594397204,0.0042658178617511755,0.06589002265926698,1.419944112589087,0.36014622686590836,2.942481983586491,3.697229756423336,1.0,0.8,0.0,-0.7071067811865471,-0.7071067811865479,0,1.0,0.9360900296983906,True
HYPEUSDT,trend_ema__directionlong_only_fast12_rsi_threshold55.0_slow89,trend_ema,2026-03-02 15:00:00+00:00,2026-03-02 15:15:00+00:00,long,0.02490257628339966,0.02570257628339966,target,1,0.5139958329774162,1,True,False,False,0.0012540173427089193,0.026063082681964625,0,0,0.02398331890713929,31.697,32.467,31.662,32.238,663822.12,2026-03-02 15:14:59.999000+00:00,21345895.27134,75588,354116.06,11382991.95543,0.016923841793863866,0.037836969683816155,0.057684055298879516,5.2423812342068175,0.6720496894409945,0.2844720496894401,0.04347826086956541,0.024970531670699167,75.69979164887081,0.18300279337098174,0.038671802613958604,0.04007966178191136,0.010113115594397204,0.0042658178617511755,0.06589002265926698,1.419944112589087,0.36014622686590836,2.942481983586491,3.697229756423336,1.0,0.8,0.0,-0.7071067811865471,-0.7071067811865479,0,1.0,0.9351731865115648,True
SOLUSDT,trend_ema__directionlong_only_fast12_rsi_threshold58.0_slow89,trend_ema,2026-03-02 15:00:00+00:00,2026-03-02 15:00:00+00:00,long,0.018977806112491318,0.019777806112491317,target,0,0.6182781197468075,1,True,False,False,0.002369270777607763,0.02683195651493387,0,1,-6.537274565754161e-05,85.6,87.91,85.41,87.78,1709746.6,2026-03-02 15:14:59.999000+00:00,148328267.2169,123329,933960.75,81054140.2065,0.02503158550569377,0.052865442493258606,0.049029427240318606,7.083630110114144,0.8720000000000028,0.05199999999999818,0.0759999999999991,0.028480291638186373,80.91390598734037,0.37209882963263097,0.04124834236777076,0.04390536097516554,0.00833320465229459,0.00284837242473035,0.05123652851572435,1.7837715686347928,0.8074869700964764,3.2814684460008423,4.573242146607321,1.0,1.0,0.0,-0.7071067811865471,-0.7071067811865479,0,1.0,0.9329923984731286,True
SOLUSDT,trend_ema__directionlong_only_fast12_rsi_threshold55.0_slow89,trend_ema,2026-03-02 15:00:00+00:00,2026-03-02 15:00:00+00:00,long,0.018977806112491318,0.019777806112491317,target,0,0.6182781197468075,1,True,False,False,0.002369270777607763,0.02683195651493387,0,0,0.0031988350564646447,85.6,87.91,85.41,87.78,1709746.6,2026-03-02 15:14:59.999000+00:00,148328267.2169,123329,933960.75,81054140.2065,0.02503158550569377,0.052865442493258606,0.049029427240318606,7.083630110114144,0.8720000000000028,0.05199999999999818,0.0759999999999991,0.028480291638186373,80.91390598734037,0.37209882963263097,0.04124834236777076,0.04390536097516554,0.00833320465229459,0.00284837242473035,0.05123652851572435,1.7837715686347928,0.8074869700964764,3.2814684460008423,4.573242146607321,1.0,1.0,0.0,-0.7071067811865471,-0.7071067811865479,0,1.0,0.9479385498420393,True
SOLUSDT,trend_ema__directionboth_fast12_rsi_threshold58.0_slow89,trend_ema,2026-03-02 15:00:00+00:00,2026-03-02 15:00:00+00:00,long,0.018977806112491318,0.019777806112491317,target,0,0.6182781197468075,1,True,False,False,0.002369270777607763,0.02683195651493387,0,0,0.006463042858586831,85.6,87.91,85.41,87.78,1709746.6,2026-03-02 15:14:59.999000+00:00,148328267.2169,123329,933960.75,81054140.2065,0.02503158550569377,0.052865442493258606,0.049029427240318606,7.083630110114144,0.8720000000000028,0.05199999999999818,0.0759999999999991,0.028480291638186373,80.91390598734037,0.37209882963263097,0.04124834236777076,0.04390536097516554,0.00833320465229459,0.00284837242473035,0.05123652851572435,1.7837715686347928,0.8074869700964764,3.2814684460008423,4.573242146607321,1.0,1.0,0.0,-0.7071067811865471,-0.7071067811865479,0,1.0,0.9527083844948439,True
SOLUSDT,trend_ema__directionboth_fast9_rsi_threshold58.0_slow89,trend_ema,2026-03-02 15:00:00+00:00,2026-03-02 15:00:00+00:00,long,0.018977806112491318,0.019777806112491317,target,0,0.6182781197468075,1,True,False,False,0.002369270777607763,0.02683195651493387,0,0,0.009745419700402257,85.6,87.91,85.41,87.78,1709746.6,2026-03-02 15:14:59.999000+00:00,148328267.2169,123329,933960.75,81054140.2065,0.02503158550569377,0.052865442493258606,0.049029427240318606,7.083630110114144,0.8720000000000028,0.05199999999999818,0.0759999999999991,0.028480291638186373,80.91390598734037,0.37209882963263097,0.04124834236777076,0.04390536097516554,0.00833320465229459,0.00284837242473035,0.05123652851572435,1.7837715686347928,0.8074869700964764,3.2814684460008423,4.573242146607321,1.0,1.0,0.0,-0.7071067811865471,-0.7071067811865479,0,1.0,0.952409172957719,True
SOLUSDT,trend_ema__directionboth_fast12_rsi_threshold55.0_slow89,trend_ema,2026-03-02 15:00:00+00:00,2026-03-02 15:00:00+00:00,long,0.018977806112491318,0.019777806112491317,target,0,0.6182781197468075,1,True,False,False,0.002369270777607763,0.02683195651493387,0,0,0.016310173384033105,85.6,87.91,85.41,87.78,1709746.6,2026-03-02 15:14:59.999000+00:00,148328267.2169,123329,933960.75,81054140.2065,0.02503158550569377,0.052865442493258606,0.049029427240318606,7.083630110114144,0.8720000000000028,0.05199999999999818,0.0759999999999991,0.028480291638186373,80.91390598734037,0.37209882963263097,0.04124834236777076,0.04390536097516554,0.00833320465229459,0.00284837242473035,0.05123652851572435,1.7837715686347928,0.8074869700964764,3.2814684460008423,4.573242146607321,1.0,1.0,0.0,-0.7071067811865471,-0.7071067811865479,0,1.0,0.953017231701788,True
HYPEUSDT,trend_ema__directionlong_only_fast12_rsi_threshold58.0_slow55,trend_ema,2026-03-02 15:00:00+00:00,2026-03-02 15:15:00+00:00,long,0.02490257628339966,0.02570257628339966,target,1,0.5139958329774162,1,True,False,False,0.0012540173427089193,0.026063082681964625,0,0,0.024265719618276126,31.697,32.467,31.662,32.238,663822.12,2026-03-02 15:14:59.999000+00:00,21345895.27134,75588,354116.06,11382991.95543,0.016923841793863866,0.037836969683816155,0.057684055298879516,5.2423812342068175,0.6720496894409945,0.2844720496894401,0.04347826086956541,0.024970531670699167,75.69979164887081,0.18300279337098174,0.038671802613958604,0.04007966178191136,0.010113115594397204,0.0042658178617511755,0.06589002265926698,1.419944112589087,0.36014622686590836,2.942481983586491,3.697229756423336,1.0,0.8,0.0,-0.7071067811865471,-0.7071067811865479,0,1.0,0.9351731865115648,True
HYPEUSDT,trend_ema__directionlong_only_fast12_rsi_threshold58.0_slow89,trend_ema,2026-03-02 15:00:00+00:00,2026-03-02 15:15:00+00:00,long,0.02490257628339966,0.02570257628339966,target,1,0.5139958329774162,1,True,False,False,0.0012540173427089193,0.026063082681964625,0,0,0.022853716062591935,31.697,32.467,31.662,32.238,663822.12,2026-03-02 15:14:59.999000+00:00,21345895.27134,75588,354116.06,11382991.95543,0.016923841793863866,0.037836969683816155,0.057684055298879516,5.2423812342068175,0.6720496894409945,0.2844720496894401,0.04347826086956541,0.024970531670699167,75.69979164887081,0.18300279337098174,0.038671802613958604,0.04007966178191136,0.010113115594397204,0.0042658178617511755,0.06589002265926698,1.419944112589087,0.36014622686590836,2.942481983586491,3.697229756423336,1.0,0.8,0.0,-0.7071067811865471,-0.7071067811865479,0,1.0,0.9360900296983906,True
ZECUSDT,trend_ema__directionlong_only_fast9_rsi_threshold58.0_slow55,trend_ema,2026-03-02 15:00:00+00:00,2026-03-02 15:00:00+00:00,long,0.019677746228103896,0.020477746228103895,target,0,0.6024799068943321,1,True,False,False,0.0015189474579589968,0.021525380110878435,0,1,0.022748298672859914,219.11,223.86,218.81,223.5,65310.464,2026-03-02 15:14:59.999000+00:00,14489758.13946,63345,38498.675,8539053.11165,0.01979188909880081,0.044043060255976624,0.050093025948187826,6.649184565033633,0.8693069306930646,0.07128712871287383,0.059405940594061526,0.022595078299776337,80.1239953447166,1.0891600749296046,0.0371845171120984,0.03765225469825183,0.008533642600873526,0.0028387746519624724,0.05251687661516076,1.6625555296772738,2.0275193172148938,3.6917130479523967,4.4522918266701215,1.0,0.89,0.0,-0.7071067811865471,-0.7071067811865479,0,1.0,0.9387953681667023,True
HYPEUSDT,trend_ema__directionlong_only_fast21_rsi_threshold58.0_slow34,trend_ema,2026-03-02 15:00:00+00:00,2026-03-02 15:15:00+00:00,long,0.02490257628339966,0.02570257628339966,target,1,0.5139958329774162,1,True,False,False,0.0012540173427089193,0.026063082681964625,0,0,0.023700918196002452,31.697,32.467,31.662,32.238,663822.12,2026-03-02 15:14:59.999000+00:00,21345895.27134,75588,354116.06,11382991.95543,0.016923841793863866,0.037836969683816155,0.057684055298879516,5.2423812342068175,0.6720496894409945,0.2844720496894401,0.04347826086956541,0.024970531670699167,75.69979164887081,0.18300279337098174,0.038671802613958604,0.04007966178191136,0.010113115594397204,0.0042658178617511755,0.06589002265926698,1.419944112589087,0.36014622686590836,2.942481983586491,3.697229756423336,1.0,0.8,0.0,-0.7071067811865471,-0.7071067811865479,0,1.0,0.9360900296983906,True
SOLUSDT,trend_ema__directionboth_fast12_rsi_threshold52.0_slow89,trend_ema,2026-03-02 15:00:00+00:00,2026-03-02 15:00:00+00:00,long,0.018977806112491318,0.019777806112491317,target,0,0.6182781197468075,1,True,False,False,0.002369270777607763,0.02683195651493387,0,4,-0.009612814056873057,85.6,87.91,85.41,87.78,1709746.6,2026-03-02 15:14:59.999000+00:00,148328267.2169,123329,933960.75,81054140.2065,0.02503158550569377,0.052865442493258606,0.049029427240318606,7.083630110114144,0.8720000000000028,0.05199999999999818,0.0759999999999991,0.028480291638186373,80.91390598734037,0.37209882963263097,0.04124834236777076,0.04390536097516554,0.00833320465229459,0.00284837242473035,0.05123652851572435,1.7837715686347928,0.8074869700964764,3.2814684460008423,4.573242146607321,1.0,1.0,0.0,-0.7071067811865471,-0.7071067811865479,0,1.0,0.8066092718329141,True
ETHUSDT,trend_ema__directionlong_only_fast21_rsi_threshold58.0_slow34,trend_ema,2026-03-02 15:15:00+00:00,2026-03-02 16:00:00+00:00,long,0.021412070462343422,0.02221207046234342,target,3,0.5903305572661378,1,True,False,False,0.0036608011222234327,0.023799559458351383,0,0,0.007936163555899376,2027.71,2045.0,2025.0,2030.46,303448.063,2026-03-02 15:29:59.999000+00:00,617273399.47161,406593,138738.403,282269726.574,0.0013552908926616355,0.05266130388281687,0.04700841269592146,6.958248627179125,0.1375,0.7269999999999982,0.1355000000000018,0.009849984732523664,79.51652786330689,10.863113939118506,0.0350353277494949,0.03774700641408794,0.00985775679269807,0.0038628790812529346,0.06132254939963958,1.3432922781190315,18.160088955900086,2.1396228622554285,3.3121631039545307,1.0,1.0,0.0,-0.7071067811865471,-0.7071067811865479,0,1.0,0.8412808799217787,True
ETHUSDT,trend_ema__directionboth_fast12_rsi_threshold52.0_slow89,trend_ema,2026-03-02 15:15:00+00:00,2026-03-02 16:00:00+00:00,long,0.021412070462343422,0.02221207046234342,target,3,0.5903305572661378,1,True,False,False,0.0036608011222234327,0.023799559458351383,0,0,0.004567186829288366,2027.71,2045.0,2025.0,2030.46,303448.063,2026-03-02 15:29:59.999000+00:00,617273399.47161,406593,138738.403,282269726.574,0.0013552908926616355,0.05266130388281687,0.04700841269592146,6.958248627179125,0.1375,0.7269999999999982,0.1355000000000018,0.009849984732523664,79.51652786330689,10.863113939118506,0.0350353277494949,0.03774700641408794,0.00985775679269807,0.0038628790812529346,0.06132254939963958,1.3432922781190315,18.160088955900086,2.1396228622554285,3.3121631039545307,1.0,1.0,0.0,-0.7071067811865471,-0.7071067811865479,0,1.0,0.8365127583496812,True
BTCUSDT,trend_ema__directionboth_fast9_rsi_threshold58.0_slow89,trend_ema,2026-03-02 15:15:00+00:00,2026-03-02 15:45:00+00:00,long,0.0159629639124354,0.0167629639124354,target,2,0.592601166299381,1,True,False,False,0.0024449783810440067,0.01722624888697929,0,0,0.010749336854293856,68399.3,68777.0,68242.3,68525.3,13880.153,2026-03-02 15:29:59.999000+00:00,950960157.6454,306646,6700.478,459149077.2046,0.0018404294855036234,0.04436082484662941,0.03685306528808327,7.486593997800371,0.2356461567233976,0.4707312511688769,0.29362259210772557,0.007802957447833094,79.63005831496905,298.42184456127245,0.02939151840430855,0.03214958649206902,0.008241145843434383,0.0032721065934511184,0.05093421716925032,1.3235471657628104,464.1274511203159,2.5854516061254067,4.219109198816105,1.0,1.0,0.0,-0.7071067811865471,-0.7071067811865479,0,1.0,0.8537626857766119,True
ETHUSDT,trend_ema__directionlong_only_fast9_rsi_threshold58.0_slow55,trend_ema,2026-03-02 15:15:00+00:00,2026-03-02 16:00:00+00:00,long,0.021412070462343422,0.02221207046234342,target,3,0.5903305572661378,1,True,False,False,0.0036608011222234327,0.023799559458351383,0,1,0.0011679863620324706,2027.71,2045.0,2025.0,2030.46,303448.063,2026-03-02 15:29:59.999000+00:00,617273399.47161,406593,138738.403,282269726.574,0.0013552908926616355,0.05266130388281687,0.04700841269592146,6.958248627179125,0.1375,0.7269999999999982,0.1355000000000018,0.009849984732523664,79.51652786330689,10.863113939118506,0.0350353277494949,0.03774700641408794,0.00985775679269807,0.0038628790812529346,0.06132254939963958,1.3432922781190315,18.160088955900086,2.1396228622554285,3.3121631039545307,1.0,1.0,0.0,-0.7071067811865471,-0.7071067811865479,0,1.0,0.7318736264997461,True
ETHUSDT,trend_ema__directionlong_only_fast12_rsi_threshold58.0_slow89,trend_ema,2026-03-02 15:15:00+00:00,2026-03-02 16:00:00+00:00,long,0.021412070462343422,0.02221207046234342,target,3,0.5903305572661378,1,True,False,False,0.0036608011222234327,0.023799559458351383,0,0,0.011305140282510388,2027.71,2045.0,2025.0,2030.46,303448.063,2026-03-02 15:29:59.999000+00:00,617273399.47161,406593,138738.403,282269726.574,0.0013552908926616355,0.05266130388281687,0.04700841269592146,6.958248627179125,0.1375,0.7269999999999982,0.1355000000000018,0.009849984732523664,79.51652786330689,10.863113939118506,0.0350353277494949,0.03774700641408794,0.00985775679269807,0.0038628790812529346,0.06132254939963958,1.3432922781190315,18.160088955900086,2.1396228622554285,3.3121631039545307,1.0,1.0,0.0,-0.7071067811865471,-0.7071067811865479,0,1.0,0.8407175887127287,True
ETHUSDT,trend_ema__directionlong_only_fast12_rsi_threshold55.0_slow89,trend_ema,2026-03-02 15:15:00+00:00,2026-03-02 16:00:00+00:00,long,0.021412070462343422,0.02221207046234342,target,3,0.5903305572661378,1,True,False,False,0.0036608011222234327,0.023799559458351383,0,0,0.014674117009121398,2027.71,2045.0,2025.0,2030.46,303448.063,2026-03-02 15:29:59.999000+00:00,617273399.47161,406593,138738.403,282269726.574,0.0013552908926616355,0.05266130388281687,0.04700841269592146,6.958248627179125,0.1375,0.7269999999999982,0.1355000000000018,0.009849984732523664,79.51652786330689,10.863113939118506,0.0350353277494949,0.03774700641408794,0.00985775679269807,0.0038628790812529346,0.06132254939963958,1.3432922781190315,18.160088955900086,2.1396228622554285,3.3121631039545307,1.0,1.0,0.0,-0.7071067811865471,-0.7071067811865479,0,1.0,0.8450611397777132,True
ETHUSDT,trend_ema__directionboth_fast12_rsi_threshold58.0_slow89,trend_ema,2026-03-02 15:15:00+00:00,2026-03-02 16:00:00+00:00,long,0.021412070462343422,0.02221207046234342,target,3,0.5903305572661378,1,True,False,False,0.0036608011222234327,0.023799559458351383,0,0,0.01804309373573241,2027.71,2045.0,2025.0,2030.46,303448.063,2026-03-02 15:29:59.999000+00:00,617273399.47161,406593,138738.403,282269726.574,0.0013552908926616355,0.05266130388281687,0.04700841269592146,6.958248627179125,0.1375,0.7269999999999982,0.1355000000000018,0.009849984732523664,79.51652786330689,10.863113939118506,0.0350353277494949,0.03774700641408794,0.00985775679269807,0.0038628790812529346,0.06132254939963958,1.3432922781190315,18.160088955900086,2.1396228622554285,3.3121631039545307,1.0,1.0,0.0,-0.7071067811865471,-0.7071067811865479,0,1.0,0.8458849604310255,True
BTCUSDT,trend_ema__directionlong_only_fast12_rsi_threshold58.0_slow89,trend_ema,2026-03-02 15:15:00+00:00,2026-03-02 15:45:00+00:00,long,0.0159629639124354,0.0167629639124354,target,2,0.592601166299381,1,True,False,False,0.0024449783810440067,0.01722624888697929,0,0,0.0159629639124354,68399.3,68777.0,68242.3,68525.3,13880.153,2026-03-02 15:29:59.999000+00:00,950960157.6454,306646,6700.478,459149077.2046,0.0018404294855036234,0.04436082484662941,0.03685306528808327,7.486593997800371,0.2356461567233976,0.4707312511688769,0.29362259210772557,0.007802957447833094,79.63005831496905,298.42184456127245,0.02939151840430855,0.03214958649206902,0.008241145843434383,0.0032721065934511184,0.05093421716925032,1.3235471657628104,464.1274511203159,2.5854516061254067,4.219109198816105,1.0,1.0,0.0,-0.7071067811865471,-0.7071067811865479,0,1.0,0.8551296818626876,True
BTCUSDT,trend_ema__directionlong_only_fast12_rsi_threshold55.0_slow89,trend_ema,2026-03-02 15:15:00+00:00,2026-03-02 15:45:00+00:00,long,0.0159629639124354,0.0167629639124354,target,2,0.592601166299381,1,True,False,False,0.0024449783810440067,0.01722624888697929,0,0,0.00283913075815825,68399.3,68777.0,68242.3,68525.3,13880.153,2026-03-02 15:29:59.999000+00:00,950960157.6454,306646,6700.478,459149077.2046,0.0018404294855036234,0.04436082484662941,0.03685306528808327,7.486593997800371,0.2356461567233976,0.4707312511688769,0.29362259210772557,0.007802957447833094,79.63005831496905,298.42184456127245,0.02939151840430855,0.03214958649206902,0.008241145843434383,0.0032721065934511184,0.05093421716925032,1.3235471657628104,464.1274511203159,2.5854516061254067,4.219109198816105,1.0,1.0,0.0,-0.7071067811865471,-0.7071067811865479,0,1.0,0.8364712303882813,True
BTCUSDT,trend_ema__directionboth_fast12_rsi_threshold55.0_slow89,trend_ema,2026-03-02 15:15:00+00:00,2026-03-02 15:45:00+00:00,long,0.0159629639124354,0.0167629639124354,target,2,0.592601166299381,1,True,False,False,0.0024449783810440067,0.01722624888697929,0,0,0.01338607221967239,68399.3,68777.0,68242.3,68525.3,13880.153,2026-03-02 15:29:59.999000+00:00,950960157.6454,306646,6700.478,459149077.2046,0.0018404294855036234,0.04436082484662941,0.03685306528808327,7.486593997800371,0.2356461567233976,0.4707312511688769,0.29362259210772557,0.007802957447833094,79.63005831496905,298.42184456127245,0.02939151840430855,0.03214958649206902,0.008241145843434383,0.0032721065934511184,0.05093421716925032,1.3235471657628104,464.1274511203159,2.5854516061254067,4.219109198816105,1.0,1.0,0.0,-0.7071067811865471,-0.7071067811865479,0,1.0,0.8550594761480923,True
BTCUSDT,trend_ema__directionboth_fast12_rsi_threshold52.0_slow89,trend_ema,2026-03-02 15:15:00+00:00,2026-03-02 15:45:00+00:00,long,0.0159629639124354,0.0167629639124354,target,2,0.592601166299381,1,True,False,False,0.0024449783810440067,0.01722624888697929,0,0,0.005475866123536785,68399.3,68777.0,68242.3,68525.3,13880.153,2026-03-02 15:29:59.999000+00:00,950960157.6454,306646,6700.478,459149077.2046,0.0018404294855036234,0.04436082484662941,0.03685306528808327,7.486593997800371,0.2356461567233976,0.4707312511688769,0.29362259210772557,0.007802957447833094,79.63005831496905,298.42184456127245,0.02939151840430855,0.03214958649206902,0.008241145843434383,0.0032721065934511184,0.05093421716925032,1.3235471657628104,464.1274511203159,2.5854516061254067,4.219109198816105,1.0,1.0,0.0,-0.7071067811865471,-0.7071067811865479,0,1.0,0.853415831066492,True
BTCUSDT,trend_ema__directionlong_only_fast9_rsi_threshold58.0_slow89,trend_ema,2026-03-02 15:15:00+00:00,2026-03-02 15:45:00+00:00,long,0.0159629639124354,0.0167629639124354,target,2,0.592601166299381,1,True,False,False,0.0024449783810440067,0.01722624888697929,0,0,0.00811260148891532,68399.3,68777.0,68242.3,68525.3,13880.153,2026-03-02 15:29:59.999000+00:00,950960157.6454,306646,6700.478,459149077.2046,0.0018404294855036234,0.04436082484662941,0.03685306528808327,7.486593997800371,0.2356461567233976,0.4707312511688769,0.29362259210772557,0.007802957447833094,79.63005831496905,298.42184456127245,0.02939151840430855,0.03214958649206902,0.008241145843434383,0.0032721065934511184,0.05093421716925032,1.3235471657628104,464.1274511203159,2.5854516061254067,4.219109198816105,1.0,1.0,0.0,-0.7071067811865471,-0.7071067811865479,0,1.0,0.8552951156875828,True
ETHUSDT,trend_ema__directionlong_only_fast21_rsi_threshold58.0_slow34,trend_ema,2026-03-02 15:15:00+00:00,2026-03-02 16:00:00+00:00,long,0.021412070462343422,0.02221207046234342,target,3,0.5903305572661378,1,True,False,False,0.0036608011222234327,0.023799559458351383,0,0,0.007936163555899376,2027.71,2045.0,2025.0,2030.46,303448.063,2026-03-02 15:29:59.999000+00:00,617273399.47161,406593,138738.403,282269726.574,0.0013552908926616355,0.05266130388281687,0.04700841269592146,6.958248627179125,0.1375,0.7269999999999982,0.1355000000000018,0.009849984732523664,79.51652786330689,10.863113939118506,0.0350353277494949,0.03774700641408794,0.00985775679269807,0.0038628790812529346,0.06132254939963958,1.3432922781190315,18.160088955900086,2.1396228622554285,3.3121631039545307,1.0,1.0,0.0,-0.7071067811865471,-0.7071067811865479,0,1.0,0.801938763879639,True
BTCUSDT,trend_ema__directionlong_only_fast9_rsi_threshold58.0_slow89,trend_ema,2026-03-02 15:15:00+00:00,2026-03-02 15:45:00+00:00,long,0.0159629639124354,0.0167629639124354,target,2,0.592601166299381,1,True,False,False,0.0024449783810440067,0.01722624888697929,0,0,0.00811260148891532,68399.3,68777.0,68242.3,68525.3,13880.153,2026-03-02 15:29:59.999000+00:00,950960157.6454,306646,6700.478,459149077.2046,0.0018404294855036234,0.04436082484662941,0.03685306528808327,7.486593997800371,0.2356461567233976,0.4707312511688769,0.29362259210772557,0.007802957447833094,79.63005831496905,298.42184456127245,0.02939151840430855,0.03214958649206902,0.008241145843434383,0.0032721065934511184,0.05093421716925032,1.3235471657628104,464.1274511203159,2.5854516061254067,4.219109198816105,1.0,1.0,0.0,-0.7071067811865471,-0.7071067811865479,0,1.0,0.8142197165415098,True
ETHUSDT,trend_ema__directionboth_fast12_rsi_threshold52.0_slow89,trend_ema,2026-03-02 15:15:00+00:00,2026-03-02 16:00:00+00:00,long,0.021412070462343422,0.02221207046234342,target,3,0.5903305572661378,1,True,False,False,0.0036608011222234327,0.023799559458351383,0,0,0.004567186829288366,2027.71,2045.0,2025.0,2030.46,303448.063,2026-03-02 15:29:59.999000+00:00,617273399.47161,406593,138738.403,282269726.574,0.0013552908926616355,0.05266130388281687,0.04700841269592146,6.958248627179125,0.1375,0.7269999999999982,0.1355000000000018,0.009849984732523664,79.51652786330689,10.863113939118506,0.0350353277494949,0.03774700641408794,0.00985775679269807,0.0038628790812529346,0.06132254939963958,1.3432922781190315,18.160088955900086,2.1396228622554285,3.3121631039545307,1.0,1.0,0.0,-0.7071067811865471,-0.7071067811865479,0,1.0,0.792214542481233,True
BTCUSDT,trend_ema__directionboth_fast9_rsi_threshold58.0_slow89,trend_ema,2026-03-02 15:15:00+00:00,2026-03-02 15:45:00+00:00,long,0.0159629639124354,0.0167629639124354,target,2,0.592601166299381,1,True,False,False,0.0024449783810440067,0.01722624888697929,0,0,0.010749336854293856,68399.3,68777.0,68242.3,68525.3,13880.153,2026-03-02 15:29:59.999000+00:00,950960157.6454,306646,6700.478,459149077.2046,0.0018404294855036234,0.04436082484662941,0.03685306528808327,7.486593997800371,0.2356461567233976,0.4707312511688769,0.29362259210772557,0.007802957447833094,79.63005831496905,298.42184456127245,0.02939151840430855,0.03214958649206902,0.008241145843434383,0.0032721065934511184,0.05093421716925032,1.3235471657628104,464.1274511203159,2.5854516061254067,4.219109198816105,1.0,1.0,0.0,-0.7071067811865471,-0.7071067811865479,0,1.0,0.8172565320344571,True
ETHUSDT,trend_ema__directionlong_only_fast12_rsi_threshold58.0_slow89,trend_ema,2026-03-02 15:15:00+00:00,2026-03-02 16:00:00+00:00,long,0.021412070462343422,0.02221207046234342,target,3,0.5903305572661378,1,True,False,False,0.0036608011222234327,0.023799559458351383,0,0,0.011305140282510388,2027.71,2045.0,2025.0,2030.46,303448.063,2026-03-02 15:29:59.999000+00:00,617273399.47161,406593,138738.403,282269726.574,0.0013552908926616355,0.05266130388281687,0.04700841269592146,6.958248627179125,0.1375,0.7269999999999982,0.1355000000000018,0.009849984732523664,79.51652786330689,10.863113939118506,0.0350353277494949,0.03774700641408794,0.00985775679269807,0.0038628790812529346,0.06132254939963958,1.3432922781190315,18.160088955900086,2.1396228622554285,3.3121631039545307,1.0,1.0,0.0,-0.7071067811865471,-0.7071067811865479,0,1.0,0.8051282811055274,True
ETHUSDT,trend_ema__directionlong_only_fast12_rsi_threshold55.0_slow89,trend_ema,2026-03-02 15:15:00+00:00,2026-03-02 16:00:00+00:00,long,0.021412070462343422,0.02221207046234342,target,3,0.5903305572661378,1,True,False,False,0.0036608011222234327,0.023799559458351383,0,0,0.014674117009121398,2027.71,2045.0,2025.0,2030.46,303448.063,2026-03-02 15:29:59.999000+00:00,617273399.47161,406593,138738.403,282269726.574,0.0013552908926616355,0.05266130388281687,0.04700841269592146,6.958248627179125,0.1375,0.7269999999999982,0.1355000000000018,0.009849984732523664,79.51652786330689,10.863113939118506,0.0350353277494949,0.03774700641408794,0.00985775679269807,0.0038628790812529346,0.06132254939963958,1.3432922781190315,18.160088955900086,2.1396228622554285,3.3121631039545307,1.0,1.0,0.0,-0.7071067811865471,-0.7071067811865479,0,1.0,0.8132507250781605,True
ETHUSDT,trend_ema__directionboth_fast12_rsi_threshold58.0_slow89,trend_ema,2026-03-02 15:15:00+00:00,2026-03-02 16:00:00+00:00,long,0.021412070462343422,0.02221207046234342,target,3,0.5903305572661378,1,True,False,False,0.0036608011222234327,0.023799559458351383,0,0,0.01804309373573241,2027.71,2045.0,2025.0,2030.46,303448.063,2026-03-02 15:29:59.999000+00:00,617273399.47161,406593,138738.403,282269726.574,0.0013552908926616355,0.05266130388281687,0.04700841269592146,6.958248627179125,0.1375,0.7269999999999982,0.1355000000000018,0.009849984732523664,79.51652786330689,10.863113939118506,0.0350353277494949,0.03774700641408794,0.00985775679269807,0.0038628790812529346,0.06132254939963958,1.3432922781190315,18.160088955900086,2.1396228622554285,3.3121631039545307,1.0,1.0,0.0,-0.7071067811865471,-0.7071067811865479,0,1.0,0.8158652326013645,True
BTCUSDT,trend_ema__directionlong_only_fast12_rsi_threshold58.0_slow89,trend_ema,2026-03-02 15:15:00+00:00,2026-03-02 15:45:00+00:00,long,0.0159629639124354,0.0167629639124354,target,2,0.592601166299381,1,True,False,False,0.0024449783810440067,0.01722624888697929,0,0,0.0159629639124354,68399.3,68777.0,68242.3,68525.3,13880.153,2026-03-02 15:29:59.999000+00:00,950960157.6454,306646,6700.478,459149077.2046,0.0018404294855036234,0.04436082484662941,0.03685306528808327,7.486593997800371,0.2356461567233976,0.4707312511688769,0.29362259210772557,0.007802957447833094,79.63005831496905,298.42184456127245,0.02939151840430855,0.03214958649206902,0.008241145843434383,0.0032721065934511184,0.05093421716925032,1.3235471657628104,464.1274511203159,2.5854516061254067,4.219109198816105,1.0,1.0,0.0,-0.7071067811865471,-0.7071067811865479,0,1.0,0.8217822141257314,True
BTCUSDT,trend_ema__directionlong_only_fast12_rsi_threshold55.0_slow89,trend_ema,2026-03-02 15:15:00+00:00,2026-03-02 15:45:00+00:00,long,0.0159629639124354,0.0167629639124354,target,2,0.592601166299381,1,True,False,False,0.0024449783810440067,0.01722624888697929,0,0,0.00283913075815825,68399.3,68777.0,68242.3,68525.3,13880.153,2026-03-02 15:29:59.999000+00:00,950960157.6454,306646,6700.478,459149077.2046,0.0018404294855036234,0.04436082484662941,0.03685306528808327,7.486593997800371,0.2356461567233976,0.4707312511688769,0.29362259210772557,0.007802957447833094,79.63005831496905,298.42184456127245,0.02939151840430855,0.03214958649206902,0.008241145843434383,0.0032721065934511184,0.05093421716925032,1.3235471657628104,464.1274511203159,2.5854516061254067,4.219109198816105,1.0,1.0,0.0,-0.7071067811865471,-0.7071067811865479,0,1.0,0.7887971473073916,True
BTCUSDT,trend_ema__directionboth_fast12_rsi_threshold55.0_slow89,trend_ema,2026-03-02 15:15:00+00:00,2026-03-02 15:45:00+00:00,long,0.0159629639124354,0.0167629639124354,target,2,0.592601166299381,1,True,False,False,0.0024449783810440067,0.01722624888697929,0,0,0.01338607221967239,68399.3,68777.0,68242.3,68525.3,13880.153,2026-03-02 15:29:59.999000+00:00,950960157.6454,306646,6700.478,459149077.2046,0.0018404294855036234,0.04436082484662941,0.03685306528808327,7.486593997800371,0.2356461567233976,0.4707312511688769,0.29362259210772557,0.007802957447833094,79.63005831496905,298.42184456127245,0.02939151840430855,0.03214958649206902,0.008241145843434383,0.0032721065934511184,0.05093421716925032,1.3235471657628104,464.1274511203159,2.5854516061254067,4.219109198816105,1.0,1.0,0.0,-0.7071067811865471,-0.7071067811865479,0,1.0,0.8177008870829395,True
BTCUSDT,trend_ema__directionboth_fast12_rsi_threshold52.0_slow89,trend_ema,2026-03-02 15:15:00+00:00,2026-03-02 15:45:00+00:00,long,0.0159629639124354,0.0167629639124354,target,2,0.592601166299381,1,True,False,False,0.0024449783810440067,0.01722624888697929,0,0,0.005475866123536785,68399.3,68777.0,68242.3,68525.3,13880.153,2026-03-02 15:29:59.999000+00:00,950960157.6454,306646,6700.478,459149077.2046,0.0018404294855036234,0.04436082484662941,0.03685306528808327,7.486593997800371,0.2356461567233976,0.4707312511688769,0.29362259210772557,0.007802957447833094,79.63005831496905,298.42184456127245,0.02939151840430855,0.03214958649206902,0.008241145843434383,0.0032721065934511184,0.05093421716925032,1.3235471657628104,464.1274511203159,2.5854516061254067,4.219109198816105,1.0,1.0,0.0,-0.7071067811865471,-0.7071067811865479,0,1.0,0.8085277998556307,True
SOLUSDT,trend_ema__directionboth_fast21_rsi_threshold55.0_slow89,trend_ema,2026-03-02 15:15:00+00:00,2026-03-02 16:00:00+00:00,long,0.022196635103585913,0.022996635103585912,target,3,0.5691119189910503,1,True,False,False,0.0069850010136625566,0.02479785830917642,0,0,0.018977806112491315,87.77,88.25,87.3,87.59,1352333.83,2026-03-02 15:29:59.999000+00:00,118674279.09,106151,605816.14,53171262.1388,-0.002166848085090314,0.05190037318518552,0.04590587016094529,6.896250996691761,0.18947368421051797,0.5052631578947395,0.3052631578947425,0.010845986984815651,78.45559594955252,0.46792501017756405,0.035438275932681756,0.040190955797532894,0.010775927919483896,0.0047666476236041255,0.06406475746966539,1.2819826923118496,0.8176664722324426,2.1232071971493034,3.26602626969826,1.0,1.0,-0.0021645021645021467,-0.7071067811865471,-0.7071067811865479,0,1.0,0.7344208361173239,True
BTCUSDT,trend_ema__directionlong_only_fast21_rsi_threshold58.0_slow34,trend_ema,2026-03-02 15:15:00+00:00,2026-03-02 15:45:00+00:00,long,0.0159629639124354,0.0167629639124354,target,2,0.592601166299381,1,True,False,False,0.0024449783810440067,0.01722624888697929,0,1,0.00020239539277971467,68399.3,68777.0,68242.3,68525.3,13880.153,2026-03-02 15:29:59.999000+00:00,950960157.6454,306646,6700.478,459149077.2046,0.0018404294855036234,0.04436082484662941,0.03685306528808327,7.486593997800371,0.2356461567233976,0.4707312511688769,0.29362259210772557,0.007802957447833094,79.63005831496905,298.42184456127245,0.02939151840430855,0.03214958649206902,0.008241145843434383,0.0032721065934511184,0.05093421716925032,1.3235471657628104,464.1274511203159,2.5854516061254067,4.219109198816105,1.0,1.0,0.0,-0.7071067811865471,-0.7071067811865479,0,1.0,0.7028532253164803,True
HYPEUSDT,trend_ema__directionboth_fast21_rsi_threshold55.0_slow89,trend_ema,2026-03-02 15:15:00+00:00,2026-03-02 16:15:00+00:00,long,0.027124515558808907,0.027924515558808906,target,4,0.4882452933979988,1,True,False,False,0.013300185628523998,0.04066529111147632,0,0,0.02454812032941297,32.238,32.528,32.065,32.194,454861.66,2026-03-02 15:29:59.999000+00:00,14691438.0247,53642,220106.6,7111389.36463,-0.0013657811907016738,0.03908405106251141,0.053365128504817526,5.4515696183067694,0.09503239740820052,0.6263498920086361,0.2786177105831633,0.014381561781698481,74.41226466989994,0.19597969949630303,0.033800042422437844,0.03724742199541375,0.01084990698552546,0.0055642794327108724,0.07558172853068584,1.117586320781044,0.367492924946915,1.5381278288363156,2.3729897924144945,1.0,0.79,-0.0013648489360381655,-0.7071067811865471,-0.7071067811865479,0,1.0,0.7146568995177113,True
BTCUSDT,trend_ema__directionlong_only_fast21_rsi_threshold58.0_slow34,trend_ema,2026-03-02 15:15:00+00:00,2026-03-02 15:45:00+00:00,long,0.0159629639124354,0.0167629639124354,target,2,0.592601166299381,1,True,False,False,0.0024449783810440067,0.01722624888697929,0,1,0.00020239539277971467,68399.3,68777.0,68242.3,68525.3,13880.153,2026-03-02 15:29:59.999000+00:00,950960157.6454,306646,6700.478,459149077.2046,0.0018404294855036234,0.04436082484662941,0.03685306528808327,7.486593997800371,0.2356461567233976,0.4707312511688769,0.29362259210772557,0.007802957447833094,79.63005831496905,298.42184456127245,0.02939151840430855,0.03214958649206902,0.008241145843434383,0.0032721065934511184,0.05093421716925032,1.3235471657628104,464.1274511203159,2.5854516061254067,4.219109198816105,1.0,1.0,0.0,-0.7071067811865471,-0.7071067811865479,0,1.0,0.7430180913256376,True
SOLUSDT,trend_ema__directionboth_fast21_rsi_threshold55.0_slow89,trend_ema,2026-03-02 15:15:00+00:00,2026-03-02 16:00:00+00:00,long,0.022196635103585913,0.022996635103585912,target,3,0.5691119189910503,1,True,False,False,0.0069850010136625566,0.02479785830917642,0,0,0.018977806112491315,87.77,88.25,87.3,87.59,1352333.83,2026-03-02 15:29:59.999000+00:00,118674279.09,106151,605816.14,53171262.1388,-0.002166848085090314,0.05190037318518552,0.04590587016094529,6.896250996691761,0.18947368421051797,0.5052631578947395,0.3052631578947425,0.010845986984815651,78.45559594955252,0.46792501017756405,0.035438275932681756,0.040190955797532894,0.010775927919483896,0.0047666476236041255,0.06406475746966539,1.2819826923118496,0.8176664722324426,2.1232071971493034,3.26602626969826,1.0,1.0,-0.0021645021645021467,-0.7071067811865471,-0.7071067811865479,0,1.0,0.8040800298001226,True
ETHUSDT,trend_ema__directionboth_fast21_rsi_threshold55.0_slow89,trend_ema,2026-03-02 15:30:00+00:00,2026-03-02 16:00:00+00:00,long,0.021556111332717752,0.02235611133271775,target,2,0.6708873217737542,1,True,False,False,0.0050151162260677375,0.022407917728059806,0,0,0.021412070462343422,2030.47,2062.6,2020.59,2061.31,314935.474,2026-03-02 15:44:59.999000+00:00,643147156.76918,379948,173502.352,354525479.7155,0.015079334649870393,0.047829101670526675,0.058018031193316076,5.920082771925366,0.7341109259700054,0.03070697452987298,0.23518209950012167,0.020380243631477068,83.54436608868771,13.856630294885395,0.04476507888909633,0.05010325668146779,0.012957948448329315,0.006434283977783117,0.07952199597218272,1.3580753242785208,19.86365403047865,2.021694456202508,3.1977496419021114,1.0,1.0,0.0,-0.7071067811865471,-0.7071067811865479,0,1.0,0.9261077997803647,True
ETHUSDT,trend_ema__directionboth_fast21_rsi_threshold55.0_slow89,trend_ema,2026-03-02 15:30:00+00:00,2026-03-02 16:00:00+00:00,long,0.021556111332717752,0.02235611133271775,target,2,0.6708873217737542,1,True,False,False,0.0050151162260677375,0.022407917728059806,0,0,0.021412070462343422,2030.47,2062.6,2020.59,2061.31,314935.474,2026-03-02 15:44:59.999000+00:00,643147156.76918,379948,173502.352,354525479.7155,0.015079334649870393,0.047829101670526675,0.058018031193316076,5.920082771925366,0.7341109259700054,0.03070697452987298,0.23518209950012167,0.020380243631477068,83.54436608868771,13.856630294885395,0.04476507888909633,0.05010325668146779,0.012957948448329315,0.006434283977783117,0.07952199597218272,1.3580753242785208,19.86365403047865,2.021694456202508,3.1977496419021114,1.0,1.0,0.0,-0.7071067811865471,-0.7071067811865479,0,1.0,0.9325100458020216,True
XRPUSDT,trend_ema__directionshort_only_fast9_rsi_threshold55.0_slow89,trend_ema,2026-03-03 03:30:00+00:00,2026-03-03 08:30:00+00:00,short,0.01379764695816451,0.01459764695816451,target,20,0.23587963356679367,1,True,False,False,0.00445346848701743,0.015167327607892665,0,0,0.016070415435152523,1.3712,1.3759,1.3707,1.3744,5280865.2,2026-03-03 03:44:59.999000+00:00,7253552.89509,13262,2226894.7,3059185.40974,0.0023310033864756084,-0.002688466651108276,-0.011933747383093553,-0.9965036587297466,0.6153846153846483,0.28846153846151384,0.09615384615383794,0.003783469150174528,38.206018321660316,-0.001709458025599287,-0.006502721580728686,-0.0073271449782336545,-0.0025479703941617693,-0.0015078831787693758,0.02205043065586108,-0.7136669475614396,0.00780493668128899,-0.21651885687379935,0.8898986650236735,-1.0,0.09,-0.01765420627546277,0.7071067811865476,0.7071067811865476,1,0.0,0.8620291603797655,True
XRPUSDT,trend_ema__directionboth_fast9_rsi_threshold58.0_slow89,trend_ema,2026-03-03 03:30:00+00:00,2026-03-03 08:30:00+00:00,short,0.01379764695816451,0.01459764695816451,target,20,0.23587963356679367,1,True,False,False,0.00445346848701743,0.015167327607892665,0,0,0.016451316720437443,1.3712,1.3759,1.3707,1.3744,5280865.2,2026-03-03 03:44:59.999000+00:00,7253552.89509,13262,2226894.7,3059185.40974,0.0023310033864756084,-0.002688466651108276,-0.011933747383093553,-0.9965036587297466,0.6153846153846483,0.28846153846151384,0.09615384615383794,0.003783469150174528,38.206018321660316,-0.001709458025599287,-0.006502721580728686,-0.0073271449782336545,-0.0025479703941617693,-0.0015078831787693758,0.02205043065586108,-0.7136669475614396,0.00780493668128899,-0.21651885687379935,0.8898986650236735,-1.0,0.09,-0.01765420627546277,0.7071067811865476,0.7071067811865476,1,0.0,0.8620291603797655,True
XRPUSDT,trend_ema__directionshort_only_fast9_rsi_threshold55.0_slow89,trend_ema,2026-03-03 03:30:00+00:00,2026-03-03 08:30:00+00:00,short,0.01379764695816451,0.01459764695816451,target,20,0.23587963356679367,1,True,False,False,0.00445346848701743,0.015167327607892665,0,0,0.016070415435152523,1.3712,1.3759,1.3707,1.3744,5280865.2,2026-03-03 03:44:59.999000+00:00,7253552.89509,13262,2226894.7,3059185.40974,0.0023310033864756084,-0.002688466651108276,-0.011933747383093553,-0.9965036587297466,0.6153846153846483,0.28846153846151384,0.09615384615383794,0.003783469150174528,38.206018321660316,-0.001709458025599287,-0.006502721580728686,-0.0073271449782336545,-0.0025479703941617693,-0.0015078831787693758,0.02205043065586108,-0.7136669475614396,0.00780493668128899,-0.21651885687379935,0.8898986650236735,-1.0,0.09,-0.01765420627546277,0.7071067811865476,0.7071067811865476,1,0.0,0.8642741381384127,True
XRPUSDT,trend_ema__directionboth_fast9_rsi_threshold58.0_slow89,trend_ema,2026-03-03 03:30:00+00:00,2026-03-03 08:30:00+00:00,short,0.01379764695816451,0.01459764695816451,target,20,0.23587963356679367,1,True,False,False,0.00445346848701743,0.015167327607892665,0,0,0.016451316720437443,1.3712,1.3759,1.3707,1.3744,5280865.2,2026-03-03 03:44:59.999000+00:00,7253552.89509,13262,2226894.7,3059185.40974,0.0023310033864756084,-0.002688466651108276,-0.011933747383093553,-0.9965036587297466,0.6153846153846483,0.28846153846151384,0.09615384615383794,0.003783469150174528,38.206018321660316,-0.001709458025599287,-0.006502721580728686,-0.0073271449782336545,-0.0025479703941617693,-0.0015078831787693758,0.02205043065586108,-0.7136669475614396,0.00780493668128899,-0.21651885687379935,0.8898986650236735,-1.0,0.09,-0.01765420627546277,0.7071067811865476,0.7071067811865476,1,0.0,0.8642741381384127,True
XRPUSDT,trend_ema__directionboth_fast12_rsi_threshold55.0_slow89,trend_ema,2026-03-03 03:45:00+00:00,2026-03-03 08:30:00+00:00,short,0.013399118883564912,0.014199118883564912,target,19,0.26416296030086883,1,True,False,False,0.0021148108188288714,0.017460302398095404,0,0,0.014848005964377842,1.3744,1.3752,1.3718,1.3727,2184033.7,2026-03-03 03:59:59.999000+00:00,2999319.04079,7812,873069.0,1199020.81175,-0.0012376689723770712,-0.003780997742243508,-0.012020419897202041,-1.4021870893278512,0.5,0.2352941176470281,0.26470588235297193,0.002476870401398754,36.79185198495656,-0.0015486849796588677,-0.007011189982568944,-0.00823839341738324,-0.002403554147658249,-0.0016018603872746118,0.021398607640823353,-0.761769824896183,0.00749029834691121,-1.170281946126608,0.3762387374539725,-1.0,0.09,-0.015138470368775914,0.7071067811865476,0.7071067811865476,1,0.0,0.8959761226815297,True
XRPUSDT,trend_ema__directionshort_only_fast12_rsi_threshold58.0_slow89,trend_ema,2026-03-03 03:45:00+00:00,2026-03-03 08:30:00+00:00,short,0.013399118883564912,0.014199118883564912,target,19,0.26416296030086883,1,True,False,False,0.0021148108188288714,0.017460302398095404,0,0,0.01526876005712272,1.3744,1.3752,1.3718,1.3727,2184033.7,2026-03-03 03:59:59.999000+00:00,2999319.04079,7812,873069.0,1199020.81175,-0.0012376689723770712,-0.003780997742243508,-0.012020419897202041,-1.4021870893278512,0.5,0.2352941176470281,0.26470588235297193,0.002476870401398754,36.79185198495656,-0.0015486849796588677,-0.007011189982568944,-0.00823839341738324,-0.002403554147658249,-0.0016018603872746118,0.021398607640823353,-0.761769824896183,0.00749029834691121,-1.170281946126608,0.3762387374539725,-1.0,0.09,-0.015138470368775914,0.7071067811865476,0.7071067811865476,1,0.0,0.8959761226815297,True
XRPUSDT,trend_ema__directionshort_only_fast21_rsi_threshold52.0_slow55,trend_ema,2026-03-03 03:45:00+00:00,2026-03-03 08:30:00+00:00,short,0.013399118883564912,0.014199118883564912,target,19,0.26416296030086883,1,True,False,False,0.0021148108188288714,0.017460302398095404,0,0,0.013478824498484832,1.3744,1.3752,1.3718,1.3727,2184033.7,2026-03-03 03:59:59.999000+00:00,2999319.04079,7812,873069.0,1199020.81175,-0.0012376689723770712,-0.003780997742243508,-0.012020419897202041,-1.4021870893278512,0.5,0.2352941176470281,0.26470588235297193,0.002476870401398754,36.79185198495656,-0.0015486849796588677,-0.007011189982568944,-0.00823839341738324,-0.002403554147658249,-0.0016018603872746118,0.021398607640823353,-0.761769824896183,0.00749029834691121,-1.170281946126608,0.3762387374539725,-1.0,0.09,-0.015138470368775914,0.7071067811865476,0.7071067811865476,1,0.0,0.8947658760506069,True
XRPUSDT,trend_ema__directionboth_fast12_rsi_threshold58.0_slow89,trend_ema,2026-03-03 03:45:00+00:00,2026-03-03 08:30:00+00:00,short,0.013399118883564912,0.014199118883564912,target,19,0.26416296030086883,1,True,False,False,0.0021148108188288714,0.017460302398095404,0,0,0.015689514149867603,1.3744,1.3752,1.3718,1.3727,2184033.7,2026-03-03 03:59:59.999000+00:00,2999319.04079,7812,873069.0,1199020.81175,-0.0012376689723770712,-0.003780997742243508,-0.012020419897202041,-1.4021870893278512,0.5,0.2352941176470281,0.26470588235297193,0.002476870401398754,36.79185198495656,-0.0015486849796588677,-0.007011189982568944,-0.00823839341738324,-0.002403554147658249,-0.0016018603872746118,0.021398607640823353,-0.761769824896183,0.00749029834691121,-1.170281946126608,0.3762387374539725,-1.0,0.09,-0.015138470368775914,0.7071067811865476,0.7071067811865476,1,0.0,0.8972473759878418,True
XRPUSDT,trend_ema__directionshort_only_fast12_rsi_threshold55.0_slow89,trend_ema,2026-03-03 03:45:00+00:00,2026-03-03 08:30:00+00:00,short,0.013399118883564912,0.014199118883564912,target,19,0.26416296030086883,1,True,False,False,0.0021148108188288714,0.017460302398095404,0,0,0.013801641463020178,1.3744,1.3752,1.3718,1.3727,2184033.7,2026-03-03 03:59:59.999000+00:00,2999319.04079,7812,873069.0,1199020.81175,-0.0012376689723770712,-0.003780997742243508,-0.012020419897202041,-1.4021870893278512,0.5,0.2352941176470281,0.26470588235297193,0.002476870401398754,36.79185198495656,-0.0015486849796588677,-0.007011189982568944,-0.00823839341738324,-0.002403554147658249,-0.0016018603872746118,0.021398607640823353,-0.761769824896183,0.00749029834691121,-1.170281946126608,0.3762387374539725,-1.0,0.09,-0.015138470368775914,0.7071067811865476,0.7071067811865476,1,0.0,0.8968094455505586,True
XRPUSDT,trend_ema__directionshort_only_fast12_rsi_threshold52.0_slow89,trend_ema,2026-03-03 03:45:00+00:00,2026-03-03 08:30:00+00:00,short,0.013399118883564912,0.014199118883564912,target,19,0.26416296030086883,1,True,False,False,0.0021148108188288714,0.017460302398095404,0,0,0.014150429630139396,1.3744,1.3752,1.3718,1.3727,2184033.7,2026-03-03 03:59:59.999000+00:00,2999319.04079,7812,873069.0,1199020.81175,-0.0012376689723770712,-0.003780997742243508,-0.012020419897202041,-1.4021870893278512,0.5,0.2352941176470281,0.26470588235297193,0.002476870401398754,36.79185198495656,-0.0015486849796588677,-0.007011189982568944,-0.00823839341738324,-0.002403554147658249,-0.0016018603872746118,0.021398607640823353,-0.761769824896183,0.00749029834691121,-1.170281946126608,0.3762387374539725,-1.0,0.09,-0.015138470368775914,0.7071067811865476,0.7071067811865476,1,0.0,0.8947658760506069,True
XRPUSDT,trend_ema__directionboth_fast12_rsi_threshold52.0_slow89,trend_ema,2026-03-03 03:45:00+00:00,2026-03-03 08:30:00+00:00,short,0.013399118883564912,0.014199118883564912,target,19,0.26416296030086883,1,True,False,False,0.0021148108188288714,0.017460302398095404,0,0,0.013452853295900957,1.3744,1.3752,1.3718,1.3727,2184033.7,2026-03-03 03:59:59.999000+00:00,2999319.04079,7812,873069.0,1199020.81175,-0.0012376689723770712,-0.003780997742243508,-0.012020419897202041,-1.4021870893278512,0.5,0.2352941176470281,0.26470588235297193,0.002476870401398754,36.79185198495656,-0.0015486849796588677,-0.007011189982568944,-0.00823839341738324,-0.002403554147658249,-0.0016018603872746118,0.021398607640823353,-0.761769824896183,0.00749029834691121,-1.170281946126608,0.3762387374539725,-1.0,0.09,-0.015138470368775914,0.7071067811865476,0.7071067811865476,1,0.0,0.8947658760506069,True
XRPUSDT,trend_ema__directionshort_only_fast12_rsi_threshold55.0_slow89,trend_ema,2026-03-03 03:45:00+00:00,2026-03-03 08:30:00+00:00,short,0.013399118883564912,0.014199118883564912,target,19,0.26416296030086883,1,True,False,False,0.0021148108188288714,0.017460302398095404,0,0,0.013801641463020178,1.3744,1.3752,1.3718,1.3727,2184033.7,2026-03-03 03:59:59.999000+00:00,2999319.04079,7812,873069.0,1199020.81175,-0.0012376689723770712,-0.003780997742243508,-0.012020419897202041,-1.4021870893278512,0.5,0.2352941176470281,0.26470588235297193,0.002476870401398754,36.79185198495656,-0.0015486849796588677,-0.007011189982568944,-0.00823839341738324,-0.002403554147658249,-0.0016018603872746118,0.021398607640823353,-0.761769824896183,0.00749029834691121,-1.170281946126608,0.3762387374539725,-1.0,0.09,-0.015138470368775914,0.7071067811865476,0.7071067811865476,1,0.0,0.8947658760506069,True
XRPUSDT,trend_ema__directionboth_fast12_rsi_threshold58.0_slow89,trend_ema,2026-03-03 03:45:00+00:00,2026-03-03 08:30:00+00:00,short,0.013399118883564912,0.014199118883564912,target,19,0.26416296030086883,1,True,False,False,0.0021148108188288714,0.017460302398095404,0,0,0.015689514149867603,1.3744,1.3752,1.3718,1.3727,2184033.7,2026-03-03 03:59:59.999000+00:00,2999319.04079,7812,873069.0,1199020.81175,-0.0012376689723770712,-0.003780997742243508,-0.012020419897202041,-1.4021870893278512,0.5,0.2352941176470281,0.26470588235297193,0.002476870401398754,36.79185198495656,-0.0015486849796588677,-0.007011189982568944,-0.00823839341738324,-0.002403554147658249,-0.0016018603872746118,0.021398607640823353,-0.761769824896183,0.00749029834691121,-1.170281946126608,0.3762387374539725,-1.0,0.09,-0.015138470368775914,0.7071067811865476,0.7071067811865476,1,0.0,0.8968780654214098,True
XRPUSDT,trend_ema__directionshort_only_fast21_rsi_threshold52.0_slow55,trend_ema,2026-03-03 03:45:00+00:00,2026-03-03 08:30:00+00:00,short,0.013399118883564912,0.014199118883564912,target,19,0.26416296030086883,1,True,False,False,0.0021148108188288714,0.017460302398095404,0,0,0.013478824498484832,1.3744,1.3752,1.3718,1.3727,2184033.7,2026-03-03 03:59:59.999000+00:00,2999319.04079,7812,873069.0,1199020.81175,-0.0012376689723770712,-0.003780997742243508,-0.012020419897202041,-1.4021870893278512,0.5,0.2352941176470281,0.26470588235297193,0.002476870401398754,36.79185198495656,-0.0015486849796588677,-0.007011189982568944,-0.00823839341738324,-0.002403554147658249,-0.0016018603872746118,0.021398607640823353,-0.761769824896183,0.00749029834691121,-1.170281946126608,0.3762387374539725,-1.0,0.09,-0.015138470368775914,0.7071067811865476,0.7071067811865476,1,0.0,0.8968094455505586,True
XRPUSDT,trend_ema__directionshort_only_fast21_rsi_threshold55.0_slow55,trend_ema,2026-03-03 03:45:00+00:00,2026-03-03 08:30:00+00:00,short,0.013399118883564912,0.014199118883564912,target,19,0.26416296030086883,1,True,False,False,0.0021148108188288714,0.017460302398095404,0,0,0.013465838897192894,1.3744,1.3752,1.3718,1.3727,2184033.7,2026-03-03 03:59:59.999000+00:00,2999319.04079,7812,873069.0,1199020.81175,-0.0012376689723770712,-0.003780997742243508,-0.012020419897202041,-1.4021870893278512,0.5,0.2352941176470281,0.26470588235297193,0.002476870401398754,36.79185198495656,-0.0015486849796588677,-0.007011189982568944,-0.00823839341738324,-0.002403554147658249,-0.0016018603872746118,0.021398607640823353,-0.761769824896183,0.00749029834691121,-1.170281946126608,0.3762387374539725,-1.0,0.09,-0.015138470368775914,0.7071067811865476,0.7071067811865476,1,0.0,0.8968094455505586,True
XRPUSDT,trend_ema__directionboth_fast12_rsi_threshold52.0_slow89,trend_ema,2026-03-03 03:45:00+00:00,2026-03-03 08:30:00+00:00,short,0.013399118883564912,0.014199118883564912,target,19,0.26416296030086883,1,True,False,False,0.0021148108188288714,0.017460302398095404,0,0,0.013452853295900957,1.3744,1.3752,1.3718,1.3727,2184033.7,2026-03-03 03:59:59.999000+00:00,2999319.04079,7812,873069.0,1199020.81175,-0.0012376689723770712,-0.003780997742243508,-0.012020419897202041,-1.4021870893278512,0.5,0.2352941176470281,0.26470588235297193,0.002476870401398754,36.79185198495656,-0.0015486849796588677,-0.007011189982568944,-0.00823839341738324,-0.002403554147658249,-0.0016018603872746118,0.021398607640823353,-0.761769824896183,0.00749029834691121,-1.170281946126608,0.3762387374539725,-1.0,0.09,-0.015138470368775914,0.7071067811865476,0.7071067811865476,1,0.0,0.8968094455505586,True
XRPUSDT,trend_ema__directionshort_only_fast21_rsi_threshold58.0_slow55,trend_ema,2026-03-03 03:45:00+00:00,2026-03-03 08:30:00+00:00,short,0.013399118883564912,0.014199118883564912,target,19,0.26416296030086883,1,True,False,False,0.0021148108188288714,0.017460302398095404,0,0,0.014499217797258619,1.3744,1.3752,1.3718,1.3727,2184033.7,2026-03-03 03:59:59.999000+00:00,2999319.04079,7812,873069.0,1199020.81175,-0.0012376689723770712,-0.003780997742243508,-0.012020419897202041,-1.4021870893278512,0.5,0.2352941176470281,0.26470588235297193,0.002476870401398754,36.79185198495656,-0.0015486849796588677,-0.007011189982568944,-0.00823839341738324,-0.002403554147658249,-0.0016018603872746118,0.021398607640823353,-0.761769824896183,0.00749029834691121,-1.170281946126608,0.3762387374539725,-1.0,0.09,-0.015138470368775914,0.7071067811865476,0.7071067811865476,1,0.0,0.8955909241561617,True
XRPUSDT,trend_ema__directionshort_only_fast12_rsi_threshold52.0_slow89,trend_ema,2026-03-03 03:45:00+00:00,2026-03-03 08:30:00+00:00,short,0.013399118883564912,0.014199118883564912,target,19,0.26416296030086883,1,True,False,False,0.0021148108188288714,0.017460302398095404,0,0,0.014150429630139396,1.3744,1.3752,1.3718,1.3727,2184033.7,2026-03-03 03:59:59.999000+00:00,2999319.04079,7812,873069.0,1199020.81175,-0.0012376689723770712,-0.003780997742243508,-0.012020419897202041,-1.4021870893278512,0.5,0.2352941176470281,0.26470588235297193,0.002476870401398754,36.79185198495656,-0.0015486849796588677,-0.007011189982568944,-0.00823839341738324,-0.002403554147658249,-0.0016018603872746118,0.021398607640823353,-0.761769824896183,0.00749029834691121,-1.170281946126608,0.3762387374539725,-1.0,0.09,-0.015138470368775914,0.7071067811865476,0.7071067811865476,1,0.0,0.8965139327879182,True
XRPUSDT,trend_ema__directionshort_only_fast21_rsi_threshold55.0_slow55,trend_ema,2026-03-03 03:45:00+00:00,2026-03-03 08:30:00+00:00,short,0.013399118883564912,0.014199118883564912,target,19,0.26416296030086883,1,True,False,False,0.0021148108188288714,0.017460302398095404,0,0,0.013465838897192894,1.3744,1.3752,1.3718,1.3727,2184033.7,2026-03-03 03:59:59.999000+00:00,2999319.04079,7812,873069.0,1199020.81175,-0.0012376689723770712,-0.003780997742243508,-0.012020419897202041,-1.4021870893278512,0.5,0.2352941176470281,0.26470588235297193,0.002476870401398754,36.79185198495656,-0.0015486849796588677,-0.007011189982568944,-0.00823839341738324,-0.002403554147658249,-0.0016018603872746118,0.021398607640823353,-0.761769824896183,0.00749029834691121,-1.170281946126608,0.3762387374539725,-1.0,0.09,-0.015138470368775914,0.7071067811865476,0.7071067811865476,1,0.0,0.8947658760506069,True
XRPUSDT,trend_ema__directionboth_fast12_rsi_threshold55.0_slow89,trend_ema,2026-03-03 03:45:00+00:00,2026-03-03 08:30:00+00:00,short,0.013399118883564912,0.014199118883564912,target,19,0.26416296030086883,1,True,False,False,0.0021148108188288714,0.017460302398095404,0,0,0.014848005964377842,1.3744,1.3752,1.3718,1.3727,2184033.7,2026-03-03 03:59:59.999000+00:00,2999319.04079,7812,873069.0,1199020.81175,-0.0012376689723770712,-0.003780997742243508,-0.012020419897202041,-1.4021870893278512,0.5,0.2352941176470281,0.26470588235297193,0.002476870401398754,36.79185198495656,-0.0015486849796588677,-0.007011189982568944,-0.00823839341738324,-0.002403554147658249,-0.0016018603872746118,0.021398607640823353,-0.761769824896183,0.00749029834691121,-1.170281946126608,0.3762387374539725,-1.0,0.09,-0.015138470368775914,0.7071067811865476,0.7071067811865476,1,0.0,0.8965139327879182,True
XRPUSDT,trend_ema__directionshort_only_fast12_rsi_threshold58.0_slow89,trend_ema,2026-03-03 03:45:00+00:00,2026-03-03 08:30:00+00:00,short,0.013399118883564912,0.014199118883564912,target,19,0.26416296030086883,1,True,False,False,0.0021148108188288714,0.017460302398095404,0,0,0.01526876005712272,1.3744,1.3752,1.3718,1.3727,2184033.7,2026-03-03 03:59:59.999000+00:00,2999319.04079,7812,873069.0,1199020.81175,-0.0012376689723770712,-0.003780997742243508,-0.012020419897202041,-1.4021870893278512,0.5,0.2352941176470281,0.26470588235297193,0.002476870401398754,36.79185198495656,-0.0015486849796588677,-0.007011189982568944,-0.00823839341738324,-0.002403554147658249,-0.0016018603872746118,0.021398607640823353,-0.761769824896183,0.00749029834691121,-1.170281946126608,0.3762387374539725,-1.0,0.09,-0.015138470368775914,0.7071067811865476,0.7071067811865476,1,0.0,0.8962669550156076,True
XRPUSDT,trend_ema__directionshort_only_fast21_rsi_threshold58.0_slow55,trend_ema,2026-03-03 03:45:00+00:00,2026-03-03 08:30:00+00:00,short,0.013399118883564912,0.014199118883564912,target,19,0.26416296030086883,1,True,False,False,0.0021148108188288714,0.017460302398095404,0,0,0.014499217797258619,1.3744,1.3752,1.3718,1.3727,2184033.7,2026-03-03 03:59:59.999000+00:00,2999319.04079,7812,873069.0,1199020.81175,-0.0012376689723770712,-0.003780997742243508,-0.012020419897202041,-1.4021870893278512,0.5,0.2352941176470281,0.26470588235297193,0.002476870401398754,36.79185198495656,-0.0015486849796588677,-0.007011189982568944,-0.00823839341738324,-0.002403554147658249,-0.0016018603872746118,0.021398607640823353,-0.761769824896183,0.00749029834691121,-1.170281946126608,0.3762387374539725,-1.0,0.09,-0.015138470368775914,0.7071067811865476,0.7071067811865476,1,0.0,0.8965139327879182,True
XRPUSDT,trend_ema__directionboth_fast21_rsi_threshold55.0_slow89,trend_ema,2026-03-03 04:45:00+00:00,2026-03-03 08:45:00+00:00,short,0.01196973480071608,0.01276973480071608,target,16,0.37700794784229147,1,True,False,False,0.007318508000730139,0.01521101784809887,0,0,0.012970303658710264,1.3673,1.368,1.3638,1.3658,5666212.7,2026-03-03 04:59:59.999000+00:00,7737938.51644,12303,2944141.0,4021843.63074,-0.0010976547880471121,-0.005039265730625066,-0.017419514353238144,-1.9666320552612127,0.3571428571428534,0.1666666666666931,0.4761904761904535,0.0030751208083176188,31.149602607885427,-0.0013185358462104073,-0.008671281942905265,-0.011627311406958026,-0.0025944147782888116,-0.0020150998402864717,0.02501817780151223,-0.7910446703701252,0.006784191771296633,0.04068450893986851,1.0225208205121632,-1.0,0.05,-0.019314999640985264,0.8660254037844386,0.5000000000000001,1,0.0,0.9033650942373009,True
XRPUSDT,trend_ema__directionshort_only_fast21_rsi_threshold52.0_slow89,trend_ema,2026-03-03 04:45:00+00:00,2026-03-03 08:45:00+00:00,short,0.01196973480071608,0.01276973480071608,target,16,0.37700794784229147,1,True,False,False,0.007318508000730139,0.01521101784809887,0,0,0.01325618047528003,1.3673,1.368,1.3638,1.3658,5666212.7,2026-03-03 04:59:59.999000+00:00,7737938.51644,12303,2944141.0,4021843.63074,-0.0010976547880471121,-0.005039265730625066,-0.017419514353238144,-1.9666320552612127,0.3571428571428534,0.1666666666666931,0.4761904761904535,0.0030751208083176188,31.149602607885427,-0.0013185358462104073,-0.008671281942905265,-0.011627311406958026,-0.0025944147782888116,-0.0020150998402864717,0.02501817780151223,-0.7910446703701252,0.006784191771296633,0.04068450893986851,1.0225208205121632,-1.0,0.05,-0.019314999640985264,0.8660254037844386,0.5000000000000001,1,0.0,0.9033650942373009,True
XRPUSDT,trend_ema__directionshort_only_fast21_rsi_threshold55.0_slow89,trend_ema,2026-03-03 04:45:00+00:00,2026-03-03 08:45:00+00:00,short,0.01196973480071608,0.01276973480071608,target,16,0.37700794784229147,1,True,False,False,0.007318508000730139,0.01521101784809887,0,0,0.013113242066995146,1.3673,1.368,1.3638,1.3658,5666212.7,2026-03-03 04:59:59.999000+00:00,7737938.51644,12303,2944141.0,4021843.63074,-0.0010976547880471121,-0.005039265730625066,-0.017419514353238144,-1.9666320552612127,0.3571428571428534,0.1666666666666931,0.4761904761904535,0.0030751208083176188,31.149602607885427,-0.0013185358462104073,-0.008671281942905265,-0.011627311406958026,-0.0025944147782888116,-0.0020150998402864717,0.02501817780151223,-0.7910446703701252,0.006784191771296633,0.04068450893986851,1.0225208205121632,-1.0,0.05,-0.019314999640985264,0.8660254037844386,0.5000000000000001,1,0.0,0.9033650942373009,True
XRPUSDT,trend_ema__directionshort_only_fast21_rsi_threshold58.0_slow89,trend_ema,2026-03-03 04:45:00+00:00,2026-03-03 08:45:00+00:00,short,0.01196973480071608,0.01276973480071608,target,16,0.37700794784229147,1,True,False,False,0.007318508000730139,0.01521101784809887,0,0,0.013438971691024874,1.3673,1.368,1.3638,1.3658,5666212.7,2026-03-03 04:59:59.999000+00:00,7737938.51644,12303,2944141.0,4021843.63074,-0.0010976547880471121,-0.005039265730625066,-0.017419514353238144,-1.9666320552612127,0.3571428571428534,0.1666666666666931,0.4761904761904535,0.0030751208083176188,31.149602607885427,-0.0013185358462104073,-0.008671281942905265,-0.011627311406958026,-0.0025944147782888116,-0.0020150998402864717,0.02501817780151223,-0.7910446703701252,0.006784191771296633,0.04068450893986851,1.0225208205121632,-1.0,0.05,-0.019314999640985264,0.8660254037844386,0.5000000000000001,1,0.0,0.9033650942373009,True
XRPUSDT,trend_ema__directionshort_only_fast21_rsi_threshold58.0_slow89,trend_ema,2026-03-03 04:45:00+00:00,2026-03-03 08:45:00+00:00,short,0.01196973480071608,0.01276973480071608,target,16,0.37700794784229147,1,True,False,False,0.007318508000730139,0.01521101784809887,0,0,0.013438971691024874,1.3673,1.368,1.3638,1.3658,5666212.7,2026-03-03 04:59:59.999000+00:00,7737938.51644,12303,2944141.0,4021843.63074,-0.0010976547880471121,-0.005039265730625066,-0.017419514353238144,-1.9666320552612127,0.3571428571428534,0.1666666666666931,0.4761904761904535,0.0030751208083176188,31.149602607885427,-0.0013185358462104073,-0.008671281942905265,-0.011627311406958026,-0.0025944147782888116,-0.0020150998402864717,0.02501817780151223,-0.7910446703701252,0.006784191771296633,0.04068450893986851,1.0225208205121632,-1.0,0.05,-0.019314999640985264,0.8660254037844386,0.5000000000000001,1,0.0,0.890883589350193,True
XRPUSDT,trend_ema__directionboth_fast21_rsi_threshold55.0_slow89,trend_ema,2026-03-03 04:45:00+00:00,2026-03-03 08:45:00+00:00,short,0.01196973480071608,0.01276973480071608,target,16,0.37700794784229147,1,True,False,False,0.007318508000730139,0.01521101784809887,0,0,0.012970303658710264,1.3673,1.368,1.3638,1.3658,5666212.7,2026-03-03 04:59:59.999000+00:00,7737938.51644,12303,2944141.0,4021843.63074,-0.0010976547880471121,-0.005039265730625066,-0.017419514353238144,-1.9666320552612127,0.3571428571428534,0.1666666666666931,0.4761904761904535,0.0030751208083176188,31.149602607885427,-0.0013185358462104073,-0.008671281942905265,-0.011627311406958026,-0.0025944147782888116,-0.0020150998402864717,0.02501817780151223,-0.7910446703701252,0.006784191771296633,0.04068450893986851,1.0225208205121632,-1.0,0.05,-0.019314999640985264,0.8660254037844386,0.5000000000000001,1,0.0,0.890883589350193,True
XRPUSDT,trend_ema__directionshort_only_fast21_rsi_threshold52.0_slow89,trend_ema,2026-03-03 04:45:00+00:00,2026-03-03 08:45:00+00:00,short,0.01196973480071608,0.01276973480071608,target,16,0.37700794784229147,1,True,False,False,0.007318508000730139,0.01521101784809887,0,0,0.01325618047528003,1.3673,1.368,1.3638,1.3658,5666212.7,2026-03-03 04:59:59.999000+00:00,7737938.51644,12303,2944141.0,4021843.63074,-0.0010976547880471121,-0.005039265730625066,-0.017419514353238144,-1.9666320552612127,0.3571428571428534,0.1666666666666931,0.4761904761904535,0.0030751208083176188,31.149602607885427,-0.0013185358462104073,-0.008671281942905265,-0.011627311406958026,-0.0025944147782888116,-0.0020150998402864717,0.02501817780151223,-0.7910446703701252,0.006784191771296633,0.04068450893986851,1.0225208205121632,-1.0,0.05,-0.019314999640985264,0.8660254037844386,0.5000000000000001,1,0.0,0.890883589350193,True
XRPUSDT,trend_ema__directionshort_only_fast21_rsi_threshold55.0_slow89,trend_ema,2026-03-03 04:45:00+00:00,2026-03-03 08:45:00+00:00,short,0.01196973480071608,0.01276973480071608,target,16,0.37700794784229147,1,True,False,False,0.007318508000730139,0.01521101784809887,0,0,0.013113242066995146,1.3673,1.368,1.3638,1.3658,5666212.7,2026-03-03 04:59:59.999000+00:00,7737938.51644,12303,2944141.0,4021843.63074,-0.0010976547880471121,-0.005039265730625066,-0.017419514353238144,-1.9666320552612127,0.3571428571428534,0.1666666666666931,0.4761904761904535,0.0030751208083176188,31.149602607885427,-0.0013185358462104073,-0.008671281942905265,-0.011627311406958026,-0.0025944147782888116,-0.0020150998402864717,0.02501817780151223,-0.7910446703701252,0.006784191771296633,0.04068450893986851,1.0225208205121632,-1.0,0.05,-0.019314999640985264,0.8660254037844386,0.5000000000000001,1,0.0,0.890883589350193,True
ETHUSDT,trend_ema__directionboth_fast12_rsi_threshold55.0_slow89,trend_ema,2026-03-03 06:00:00+00:00,2026-03-03 08:30:00+00:00,short,0.013655828856304767,0.014455828856304767,target,10,0.33093135794371337,1,True,False,False,0.005355398611101051,0.0176145156308973,0,0,0.008536142995020788,1992.47,1995.0,1988.81,1993.09,38439.848,2026-03-03 06:14:59.999000+00:00,76579887.70518,79993,19159.386,38175047.29419,0.00031614206583630114,-0.00823954674866973,-0.007517742505479426,-3.1773725963513653,0.10016155088851138,0.30856219709209454,0.5912762520193942,0.00310573029818024,33.45343210281433,-1.272575352908448,-0.007847892659980775,-0.010220629829980267,-0.0024867974668156823,-0.0015321627145742367,0.019168927484702752,-0.8287181095929266,11.138722963051565,-0.2320632705758605,0.8584061892587476,-1.0,0.05,-0.01816291946639348,1.0,6.123233995736766e-17,1,0.0,0.8880107543021613,True
ETHUSDT,trend_ema__directionshort_only_fast12_rsi_threshold58.0_slow89,trend_ema,2026-03-03 06:00:00+00:00,2026-03-03 08:30:00+00:00,short,0.013655828856304767,0.014455828856304767,target,10,0.33093135794371337,1,True,False,False,0.005355398611101051,0.0176145156308973,0,0,0.006074492948154752,1992.47,1995.0,1988.81,1993.09,38439.848,2026-03-03 06:14:59.999000+00:00,76579887.70518,79993,19159.386,38175047.29419,0.00031614206583630114,-0.00823954674866973,-0.007517742505479426,-3.1773725963513653,0.10016155088851138,0.30856219709209454,0.5912762520193942,0.00310573029818024,33.45343210281433,-1.272575352908448,-0.007847892659980775,-0.010220629829980267,-0.0024867974668156823,-0.0015321627145742367,0.019168927484702752,-0.8287181095929266,11.138722963051565,-0.2320632705758605,0.8584061892587476,-1.0,0.05,-0.01816291946639348,1.0,6.123233995736766e-17,1,0.0,0.8839989540201916,True
ETHUSDT,trend_ema__directionshort_only_fast12_rsi_threshold52.0_slow89,trend_ema,2026-03-03 06:00:00+00:00,2026-03-03 08:30:00+00:00,short,0.013655828856304767,0.014455828856304767,target,10,0.33093135794371337,1,True,False,False,0.005355398611101051,0.0176145156308973,0,0,0.003612842901288713,1992.47,1995.0,1988.81,1993.09,38439.848,2026-03-03 06:14:59.999000+00:00,76579887.70518,79993,19159.386,38175047.29419,0.00031614206583630114,-0.00823954674866973,-0.007517742505479426,-3.1773725963513653,0.10016155088851138,0.30856219709209454,0.5912762520193942,0.00310573029818024,33.45343210281433,-1.272575352908448,-0.007847892659980775,-0.010220629829980267,-0.0024867974668156823,-0.0015321627145742367,0.019168927484702752,-0.8287181095929266,11.138722963051565,-0.2320632705758605,0.8584061892587476,-1.0,0.05,-0.01816291946639348,1.0,6.123233995736766e-17,1,0.0,0.8749515417807399,True
ETHUSDT,trend_ema__directionboth_fast12_rsi_threshold58.0_slow89,trend_ema,2026-03-03 06:00:00+00:00,2026-03-03 08:30:00+00:00,short,0.013655828856304767,0.014455828856304767,target,10,0.33093135794371337,1,True,False,False,0.005355398611101051,0.0176145156308973,0,0,0.010997793041886828,1992.47,1995.0,1988.81,1993.09,38439.848,2026-03-03 06:14:59.999000+00:00,76579887.70518,79993,19159.386,38175047.29419,0.00031614206583630114,-0.00823954674866973,-0.007517742505479426,-3.1773725963513653,0.10016155088851138,0.30856219709209454,0.5912762520193942,0.00310573029818024,33.45343210281433,-1.272575352908448,-0.007847892659980775,-0.010220629829980267,-0.0024867974668156823,-0.0015321627145742367,0.019168927484702752,-0.8287181095929266,11.138722963051565,-0.2320632705758605,0.8584061892587476,-1.0,0.05,-0.01816291946639348,1.0,6.123233995736766e-17,1,0.0,0.8994659569119005,True
ETHUSDT,trend_ema__directionboth_fast12_rsi_threshold52.0_slow89,trend_ema,2026-03-03 06:00:00+00:00,2026-03-03 08:30:00+00:00,short,0.013655828856304767,0.014455828856304767,target,10,0.33093135794371337,1,True,False,False,0.005355398611101051,0.0176145156308973,0,0,0.001151192854422676,1992.47,1995.0,1988.81,1993.09,38439.848,2026-03-03 06:14:59.999000+00:00,76579887.70518,79993,19159.386,38175047.29419,0.00031614206583630114,-0.00823954674866973,-0.007517742505479426,-3.1773725963513653,0.10016155088851138,0.30856219709209454,0.5912762520193942,0.00310573029818024,33.45343210281433,-1.272575352908448,-0.007847892659980775,-0.010220629829980267,-0.0024867974668156823,-0.0015321627145742367,0.019168927484702752,-0.8287181095929266,11.138722963051565,-0.2320632705758605,0.8584061892587476,-1.0,0.05,-0.01816291946639348,1.0,6.123233995736766e-17,1,0.0,0.8856995551402174,True
ETHUSDT,trend_ema__directionshort_only_fast12_rsi_threshold52.0_slow89,trend_ema,2026-03-03 06:00:00+00:00,2026-03-03 08:30:00+00:00,short,0.013655828856304767,0.014455828856304767,target,10,0.33093135794371337,1,True,False,False,0.005355398611101051,0.0176145156308973,0,0,0.003612842901288713,1992.47,1995.0,1988.81,1993.09,38439.848,2026-03-03 06:14:59.999000+00:00,76579887.70518,79993,19159.386,38175047.29419,0.00031614206583630114,-0.00823954674866973,-0.007517742505479426,-3.1773725963513653,0.10016155088851138,0.30856219709209454,0.5912762520193942,0.00310573029818024,33.45343210281433,-1.272575352908448,-0.007847892659980775,-0.010220629829980267,-0.0024867974668156823,-0.0015321627145742367,0.019168927484702752,-0.8287181095929266,11.138722963051565,-0.2320632705758605,0.8584061892587476,-1.0,0.05,-0.01816291946639348,1.0,6.123233995736766e-17,1,0.0,0.8868820018460799,True
ETHUSDT,trend_ema__directionshort_only_fast12_rsi_threshold58.0_slow89,trend_ema,2026-03-03 06:00:00+00:00,2026-03-03 08:30:00+00:00,short,0.013655828856304767,0.014455828856304767,target,10,0.33093135794371337,1,True,False,False,0.005355398611101051,0.0176145156308973,0,0,0.006074492948154752,1992.47,1995.0,1988.81,1993.09,38439.848,2026-03-03 06:14:59.999000+00:00,76579887.70518,79993,19159.386,38175047.29419,0.00031614206583630114,-0.00823954674866973,-0.007517742505479426,-3.1773725963513653,0.10016155088851138,0.30856219709209454,0.5912762520193942,0.00310573029818024,33.45343210281433,-1.272575352908448,-0.007847892659980775,-0.010220629829980267,-0.0024867974668156823,-0.0015321627145742367,0.019168927484702752,-0.8287181095929266,11.138722963051565,-0.2320632705758605,0.8584061892587476,-1.0,0.05,-0.01816291946639348,1.0,6.123233995736766e-17,1,0.0,0.8940930010909798,True
ETHUSDT,trend_ema__directionboth_fast12_rsi_threshold55.0_slow89,trend_ema,2026-03-03 06:00:00+00:00,2026-03-03 08:30:00+00:00,short,0.013655828856304767,0.014455828856304767,target,10,0.33093135794371337,1,True,False,False,0.005355398611101051,0.0176145156308973,0,0,0.008536142995020788,1992.47,1995.0,1988.81,1993.09,38439.848,2026-03-03 06:14:59.999000+00:00,76579887.70518,79993,19159.386,38175047.29419,0.00031614206583630114,-0.00823954674866973,-0.007517742505479426,-3.1773725963513653,0.10016155088851138,0.30856219709209454,0.5912762520193942,0.00310573029818024,33.45343210281433,-1.272575352908448,-0.007847892659980775,-0.010220629829980267,-0.0024867974668156823,-0.0015321627145742367,0.019168927484702752,-0.8287181095929266,11.138722963051565,-0.2320632705758605,0.8584061892587476,-1.0,0.05,-0.01816291946639348,1.0,6.123233995736766e-17,1,0.0,0.8982501863458633,True
ETHUSDT,trend_ema__directionboth_fast12_rsi_threshold58.0_slow89,trend_ema,2026-03-03 06:00:00+00:00,2026-03-03 08:30:00+00:00,short,0.013655828856304767,0.014455828856304767,target,10,0.33093135794371337,1,True,False,False,0.005355398611101051,0.0176145156308973,0,0,0.010997793041886828,1992.47,1995.0,1988.81,1993.09,38439.848,2026-03-03 06:14:59.999000+00:00,76579887.70518,79993,19159.386,38175047.29419,0.00031614206583630114,-0.00823954674866973,-0.007517742505479426,-3.1773725963513653,0.10016155088851138,0.30856219709209454,0.5912762520193942,0.00310573029818024,33.45343210281433,-1.272575352908448,-0.007847892659980775,-0.010220629829980267,-0.0024867974668156823,-0.0015321627145742367,0.019168927484702752,-0.8287181095929266,11.138722963051565,-0.2320632705758605,0.8584061892587476,-1.0,0.05,-0.01816291946639348,1.0,6.123233995736766e-17,1,0.0,0.8890298992627453,True
ETHUSDT,trend_ema__directionboth_fast12_rsi_threshold52.0_slow89,trend_ema,2026-03-03 06:00:00+00:00,2026-03-03 08:30:00+00:00,short,0.013655828856304767,0.014455828856304767,target,10,0.33093135794371337,1,True,False,False,0.005355398611101051,0.0176145156308973,0,0,0.001151192854422676,1992.47,1995.0,1988.81,1993.09,38439.848,2026-03-03 06:14:59.999000+00:00,76579887.70518,79993,19159.386,38175047.29419,0.00031614206583630114,-0.00823954674866973,-0.007517742505479426,-3.1773725963513653,0.10016155088851138,0.30856219709209454,0.5912762520193942,0.00310573029818024,33.45343210281433,-1.272575352908448,-0.007847892659980775,-0.010220629829980267,-0.0024867974668156823,-0.0015321627145742367,0.019168927484702752,-0.8287181095929266,11.138722963051565,-0.2320632705758605,0.8584061892587476,-1.0,0.05,-0.01816291946639348,1.0,6.123233995736766e-17,1,0.0,0.8697069679889603,True
SOLUSDT,trend_ema__directionshort_only_fast12_rsi_threshold55.0_slow89,trend_ema,2026-03-03 06:15:00+00:00,2026-03-03 08:30:00+00:00,short,0.014691581112592276,0.015491581112592277,target,9,0.19040679151749104,1,True,False,False,0.005629338397728945,0.01780348063982543,0,0,0.0020143616094670555,85.79,85.79,85.5,85.66,159626.79,2026-03-03 06:29:59.999000+00:00,13667681.0313,14437,68750.79,5887745.8943,-0.0015164773976490615,-0.007559494044341381,-0.001982623542903726,-2.121936495602542,0.4482758620689892,0.0,0.5517241379310108,0.0033854774690638134,40.47966042412545,-0.012221489521900386,-0.0054162569185903404,-0.007616246613300358,-0.0016227295117444696,-0.0011515949131685188,0.013897239550254148,-0.6339358433650375,0.5142772592311629,-0.5235445825035534,0.7079791195758954,-1.0,0.23,-0.011425274091171445,1.0,6.123233995736766e-17,1,0.0,0.8400262887196585,True
SOLUSDT,trend_ema__directionshort_only_fast12_rsi_threshold55.0_slow89,trend_ema,2026-03-03 06:15:00+00:00,2026-03-03 08:30:00+00:00,short,0.014691581112592276,0.015491581112592277,target,9,0.19040679151749104,1,True,False,False,0.005629338397728945,0.01780348063982543,0,0,0.0020143616094670555,85.79,85.79,85.5,85.66,159626.79,2026-03-03 06:29:59.999000+00:00,13667681.0313,14437,68750.79,5887745.8943,-0.0015164773976490615,-0.007559494044341381,-0.001982623542903726,-2.121936495602542,0.4482758620689892,0.0,0.5517241379310108,0.0033854774690638134,40.47966042412545,-0.012221489521900386,-0.0054162569185903404,-0.007616246613300358,-0.0016227295117444696,-0.0011515949131685188,0.013897239550254148,-0.6339358433650375,0.5142772592311629,-0.5235445825035534,0.7079791195758954,-1.0,0.23,-0.011425274091171445,1.0,6.123233995736766e-17,1,0.0,0.838560825795181,True
ETHUSDT,trend_ema__directionboth_fast21_rsi_threshold55.0_slow89,trend_ema,2026-03-03 07:30:00+00:00,2026-03-03 08:30:00+00:00,short,0.011899502381760022,0.012699502381760023,target,4,0.21734011019388247,1,True,False,False,0.00042009271717487954,0.021205529587801655,0,0,0.0133508724791345,1999.78,2000.32,1992.18,1997.09,24279.605,2026-03-03 07:44:59.999000+00:00,48460673.15139,58927,13059.63,26069211.86783,-0.0013410529273719302,0.0012526055830523225,-0.006936017108162323,0.6368355635495523,0.33046683046684233,0.0663390663390629,0.6031941031940947,0.004075930478846659,39.132994490305876,0.6005378557584189,-0.0032567553507124635,-0.0064580258386781105,-0.0008470199994248251,-0.0013276835932138908,0.01377643496053896,-0.40084878463398027,10.012891963935605,-0.7537291917292274,0.5456183786795475,-1.0,0.02,-0.007745891050738418,0.9659258262890683,-0.25881904510252063,1,0.0,0.792636564691759,True
ETHUSDT,trend_ema__directionshort_only_fast21_rsi_threshold58.0_slow89,trend_ema,2026-03-03 07:30:00+00:00,2026-03-03 08:30:00+00:00,short,0.011899502381760022,0.012699502381760023,target,4,0.21734011019388247,1,True,False,False,0.00042009271717487954,0.021205529587801655,0,0,0.013242301869516127,1999.78,2000.32,1992.18,1997.09,24279.605,2026-03-03 07:44:59.999000+00:00,48460673.15139,58927,13059.63,26069211.86783,-0.0013410529273719302,0.0012526055830523225,-0.006936017108162323,0.6368355635495523,0.33046683046684233,0.0663390663390629,0.6031941031940947,0.004075930478846659,39.132994490305876,0.6005378557584189,-0.0032567553507124635,-0.0064580258386781105,-0.0008470199994248251,-0.0013276835932138908,0.01377643496053896,-0.40084878463398027,10.012891963935605,-0.7537291917292274,0.5456183786795475,-1.0,0.02,-0.007745891050738418,0.9659258262890683,-0.25881904510252063,1,0.0,0.792636564691759,True
ETHUSDT,trend_ema__directionshort_only_fast21_rsi_threshold52.0_slow89,trend_ema,2026-03-03 07:30:00+00:00,2026-03-03 08:30:00+00:00,short,0.011899502381760022,0.012699502381760023,target,4,0.21734011019388247,1,True,False,False,0.00042009271717487954,0.021205529587801655,0,0,0.013097800068001497,1999.78,2000.32,1992.18,1997.09,24279.605,2026-03-03 07:44:59.999000+00:00,48460673.15139,58927,13059.63,26069211.86783,-0.0013410529273719302,0.0012526055830523225,-0.006936017108162323,0.6368355635495523,0.33046683046684233,0.0663390663390629,0.6031941031940947,0.004075930478846659,39.132994490305876,0.6005378557584189,-0.0032567553507124635,-0.0064580258386781105,-0.0008470199994248251,-0.0013276835932138908,0.01377643496053896,-0.40084878463398027,10.012891963935605,-0.7537291917292274,0.5456183786795475,-1.0,0.02,-0.007745891050738418,0.9659258262890683,-0.25881904510252063,1,0.0,0.792636564691759,True
ETHUSDT,trend_ema__directionshort_only_fast21_rsi_threshold55.0_slow89,trend_ema,2026-03-03 07:30:00+00:00,2026-03-03 08:30:00+00:00,short,0.011899502381760022,0.012699502381760023,target,4,0.21734011019388247,1,True,False,False,0.00042009271717487954,0.021205529587801655,0,0,0.013459443088752864,1999.78,2000.32,1992.18,1997.09,24279.605,2026-03-03 07:44:59.999000+00:00,48460673.15139,58927,13059.63,26069211.86783,-0.0013410529273719302,0.0012526055830523225,-0.006936017108162323,0.6368355635495523,0.33046683046684233,0.0663390663390629,0.6031941031940947,0.004075930478846659,39.132994490305876,0.6005378557584189,-0.0032567553507124635,-0.0064580258386781105,-0.0008470199994248251,-0.0013276835932138908,0.01377643496053896,-0.40084878463398027,10.012891963935605,-0.7537291917292274,0.5456183786795475,-1.0,0.02,-0.007745891050738418,0.9659258262890683,-0.25881904510252063,1,0.0,0.8146145988049259,True
ETHUSDT,trend_ema__directionboth_fast21_rsi_threshold55.0_slow89,trend_ema,2026-03-03 07:30:00+00:00,2026-03-03 08:30:00+00:00,short,0.011899502381760022,0.012699502381760023,target,4,0.21734011019388247,1,True,False,False,0.00042009271717487954,0.021205529587801655,0,0,0.0133508724791345,1999.78,2000.32,1992.18,1997.09,24279.605,2026-03-03 07:44:59.999000+00:00,48460673.15139,58927,13059.63,26069211.86783,-0.0013410529273719302,0.0012526055830523225,-0.006936017108162323,0.6368355635495523,0.33046683046684233,0.0663390663390629,0.6031941031940947,0.004075930478846659,39.132994490305876,0.6005378557584189,-0.0032567553507124635,-0.0064580258386781105,-0.0008470199994248251,-0.0013276835932138908,0.01377643496053896,-0.40084878463398027,10.012891963935605,-0.7537291917292274,0.5456183786795475,-1.0,0.02,-0.007745891050738418,0.9659258262890683,-0.25881904510252063,1,0.0,0.8146145988049259,True
ETHUSDT,trend_ema__directionshort_only_fast21_rsi_threshold58.0_slow89,trend_ema,2026-03-03 07:30:00+00:00,2026-03-03 08:30:00+00:00,short,0.011899502381760022,0.012699502381760023,target,4,0.21734011019388247,1,True,False,False,0.00042009271717487954,0.021205529587801655,0,0,0.013242301869516127,1999.78,2000.32,1992.18,1997.09,24279.605,2026-03-03 07:44:59.999000+00:00,48460673.15139,58927,13059.63,26069211.86783,-0.0013410529273719302,0.0012526055830523225,-0.006936017108162323,0.6368355635495523,0.33046683046684233,0.0663390663390629,0.6031941031940947,0.004075930478846659,39.132994490305876,0.6005378557584189,-0.0032567553507124635,-0.0064580258386781105,-0.0008470199994248251,-0.0013276835932138908,0.01377643496053896,-0.40084878463398027,10.012891963935605,-0.7537291917292274,0.5456183786795475,-1.0,0.02,-0.007745891050738418,0.9659258262890683,-0.25881904510252063,1,0.0,0.8146145988049259,True
ETHUSDT,trend_ema__directionshort_only_fast21_rsi_threshold52.0_slow89,trend_ema,2026-03-03 07:30:00+00:00,2026-03-03 08:30:00+00:00,short,0.011899502381760022,0.012699502381760023,target,4,0.21734011019388247,1,True,False,False,0.00042009271717487954,0.021205529587801655,0,0,0.013097800068001497,1999.78,2000.32,1992.18,1997.09,24279.605,2026-03-03 07:44:59.999000+00:00,48460673.15139,58927,13059.63,26069211.86783,-0.0013410529273719302,0.0012526055830523225,-0.006936017108162323,0.6368355635495523,0.33046683046684233,0.0663390663390629,0.6031941031940947,0.004075930478846659,39.132994490305876,0.6005378557584189,-0.0032567553507124635,-0.0064580258386781105,-0.0008470199994248251,-0.0013276835932138908,0.01377643496053896,-0.40084878463398027,10.012891963935605,-0.7537291917292274,0.5456183786795475,-1.0,0.02,-0.007745891050738418,0.9659258262890683,-0.25881904510252063,1,0.0,0.8146145988049259,True
ETHUSDT,trend_ema__directionshort_only_fast21_rsi_threshold55.0_slow89,trend_ema,2026-03-03 07:30:00+00:00,2026-03-03 08:30:00+00:00,short,0.011899502381760022,0.012699502381760023,target,4,0.21734011019388247,1,True,False,False,0.00042009271717487954,0.021205529587801655,0,0,0.013459443088752864,1999.78,2000.32,1992.18,1997.09,24279.605,2026-03-03 07:44:59.999000+00:00,48460673.15139,58927,13059.63,26069211.86783,-0.0013410529273719302,0.0012526055830523225,-0.006936017108162323,0.6368355635495523,0.33046683046684233,0.0663390663390629,0.6031941031940947,0.004075930478846659,39.132994490305876,0.6005378557584189,-0.0032567553507124635,-0.0064580258386781105,-0.0008470199994248251,-0.0013276835932138908,0.01377643496053896,-0.40084878463398027,10.012891963935605,-0.7537291917292274,0.5456183786795475,-1.0,0.02,-0.007745891050738418,0.9659258262890683,-0.25881904510252063,1,0.0,0.792636564691759,True
SOLUSDT,trend_ema__directionboth_fast21_rsi_threshold55.0_slow89,trend_ema,2026-03-03 07:45:00+00:00,2026-03-03 08:30:00+00:00,short,0.014043834721657603,0.014843834721657604,target,3,0.19257307700946896,1,True,False,False,0.0008504894270384431,0.016427694689980347,0,0,0.004646497558582297,85.67,85.71,85.33,85.53,132368.7,2026-03-03 07:59:59.999000+00:00,11318690.1937,12882,74622.12,6381287.9003,-0.0017522345468031174,-0.0029186874960441204,-0.008150953371542783,-1.0493818857595774,0.36842105263158487,0.10526315789471716,0.526315789473698,0.004442885537238343,40.37134614952655,0.003640025347652398,-0.00497765008805989,-0.007762037882570737,-0.0010650029803394023,-0.0010498184481354533,0.012889889441871534,-0.7806527208921338,0.4994070688223433,-0.6689411680682407,0.648379130383267,-1.0,0.06,-0.011556685542586376,0.9659258262890683,-0.25881904510252063,1,0.0,0.8464169334711805,True
SOLUSDT,trend_ema__directionshort_only_fast21_rsi_threshold52.0_slow89,trend_ema,2026-03-03 07:45:00+00:00,2026-03-03 08:30:00+00:00,short,0.014043834721657603,0.014843834721657604,target,3,0.19257307700946896,1,True,False,False,0.0008504894270384431,0.016427694689980347,0,0,0.009658285305659663,85.67,85.71,85.33,85.53,132368.7,2026-03-03 07:59:59.999000+00:00,11318690.1937,12882,74622.12,6381287.9003,-0.0017522345468031174,-0.0029186874960441204,-0.008150953371542783,-1.0493818857595774,0.36842105263158487,0.10526315789471716,0.526315789473698,0.004442885537238343,40.37134614952655,0.003640025347652398,-0.00497765008805989,-0.007762037882570737,-0.0010650029803394023,-0.0010498184481354533,0.012889889441871534,-0.7806527208921338,0.4994070688223433,-0.6689411680682407,0.648379130383267,-1.0,0.06,-0.011556685542586376,0.9659258262890683,-0.25881904510252063,1,0.0,0.8368335533021288,True
SOLUSDT,trend_ema__directionshort_only_fast21_rsi_threshold55.0_slow89,trend_ema,2026-03-03 07:45:00+00:00,2026-03-03 08:30:00+00:00,short,0.014043834721657603,0.014843834721657604,target,3,0.19257307700946896,1,True,False,False,0.0008504894270384431,0.016427694689980347,0,0,0.00721385886860407,85.67,85.71,85.33,85.53,132368.7,2026-03-03 07:59:59.999000+00:00,11318690.1937,12882,74622.12,6381287.9003,-0.0017522345468031174,-0.0029186874960441204,-0.008150953371542783,-1.0493818857595774,0.36842105263158487,0.10526315789471716,0.526315789473698,0.004442885537238343,40.37134614952655,0.003640025347652398,-0.00497765008805989,-0.007762037882570737,-0.0010650029803394023,-0.0010498184481354533,0.012889889441871534,-0.7806527208921338,0.4994070688223433,-0.6689411680682407,0.648379130383267,-1.0,0.06,-0.011556685542586376,0.9659258262890683,-0.25881904510252063,1,0.0,0.8355841051654177,True
SOLUSDT,trend_ema__directionshort_only_fast21_rsi_threshold55.0_slow89,trend_ema,2026-03-03 07:45:00+00:00,2026-03-03 08:30:00+00:00,short,0.014043834721657603,0.014843834721657604,target,3,0.19257307700946896,1,True,False,False,0.0008504894270384431,0.016427694689980347,0,0,0.00721385886860407,85.67,85.71,85.33,85.53,132368.7,2026-03-03 07:59:59.999000+00:00,11318690.1937,12882,74622.12,6381287.9003,-0.0017522345468031174,-0.0029186874960441204,-0.008150953371542783,-1.0493818857595774,0.36842105263158487,0.10526315789471716,0.526315789473698,0.004442885537238343,40.37134614952655,0.003640025347652398,-0.00497765008805989,-0.007762037882570737,-0.0010650029803394023,-0.0010498184481354533,0.012889889441871534,-0.7806527208921338,0.4994070688223433,-0.6689411680682407,0.648379130383267,-1.0,0.06,-0.011556685542586376,0.9659258262890683,-0.25881904510252063,1,0.0,0.8498914648920822,True
SOLUSDT,trend_ema__directionboth_fast21_rsi_threshold55.0_slow89,trend_ema,2026-03-03 07:45:00+00:00,2026-03-03 08:30:00+00:00,short,0.014043834721657603,0.014843834721657604,target,3,0.19257307700946896,1,True,False,False,0.0008504894270384431,0.016427694689980347,0,0,0.004646497558582297,85.67,85.71,85.33,85.53,132368.7,2026-03-03 07:59:59.999000+00:00,11318690.1937,12882,74622.12,6381287.9003,-0.0017522345468031174,-0.0029186874960441204,-0.008150953371542783,-1.0493818857595774,0.36842105263158487,0.10526315789471716,0.526315789473698,0.004442885537238343,40.37134614952655,0.003640025347652398,-0.00497765008805989,-0.007762037882570737,-0.0010650029803394023,-0.0010498184481354533,0.012889889441871534,-0.7806527208921338,0.4994070688223433,-0.6689411680682407,0.648379130383267,-1.0,0.06,-0.011556685542586376,0.9659258262890683,-0.25881904510252063,1,0.0,0.8301121181881763,True
SOLUSDT,trend_ema__directionshort_only_fast21_rsi_threshold52.0_slow89,trend_ema,2026-03-03 07:45:00+00:00,2026-03-03 08:30:00+00:00,short,0.014043834721657603,0.014843834721657604,target,3,0.19257307700946896,1,True,False,False,0.0008504894270384431,0.016427694689980347,0,0,0.009658285305659663,85.67,85.71,85.33,85.53,132368.7,2026-03-03 07:59:59.999000+00:00,11318690.1937,12882,74622.12,6381287.9003,-0.0017522345468031174,-0.0029186874960441204,-0.008150953371542783,-1.0493818857595774,0.36842105263158487,0.10526315789471716,0.526315789473698,0.004442885537238343,40.37134614952655,0.003640025347652398,-0.00497765008805989,-0.007762037882570737,-0.0010650029803394023,-0.0010498184481354533,0.012889889441871534,-0.7806527208921338,0.4994070688223433,-0.6689411680682407,0.648379130383267,-1.0,0.06,-0.011556685542586376,0.9659258262890683,-0.25881904510252063,1,0.0,0.8523802817964797,True
BTCUSDT,trend_ema__directionboth_fast12_rsi_threshold58.0_slow89,trend_ema,2026-03-03 08:30:00+00:00,2026-03-03 08:45:00+00:00,short,0.009014915711265893,0.009814915711265894,target,1,0.4986317713307182,1,True,False,False,0.00023272981841953027,0.012629734587302127,0,0,0.006527137348043052,67718.8,67724.4,67274.4,67310.1,6002.99,2026-03-03 08:44:59.999000+00:00,405148449.9894,119449,2433.25,164256364.4043,-0.006052060703546479,-0.012904033384654751,-0.012647343118186927,-5.5936304116456075,0.9082222222222157,0.012444444444425043,0.07933333333335921,0.006685475136717966,25.068411433464092,-37.72679500098104,-0.01135346418652995,-0.014004271255299688,-0.0021924607575962707,-0.0013087911049810552,0.015024847468364473,-1.4897477870258256,278.97742877064354,3.451452556441694,3.3043671829058634,-1.0,0.4,-0.015574405850091289,0.8660254037844387,-0.4999999999999998,1,1.0,0.9464963562376015,True
BTCUSDT,trend_ema__directionshort_only_fast12_rsi_threshold58.0_slow89,trend_ema,2026-03-03 08:30:00+00:00,2026-03-03 08:45:00+00:00,short,0.009014915711265893,0.009814915711265894,target,1,0.4986317713307182,1,True,False,False,0.00023272981841953027,0.012629734587302127,0,2,0.001416599864166606,67718.8,67724.4,67274.4,67310.1,6002.99,2026-03-03 08:44:59.999000+00:00,405148449.9894,119449,2433.25,164256364.4043,-0.006052060703546479,-0.012904033384654751,-0.012647343118186927,-5.5936304116456075,0.9082222222222157,0.012444444444425043,0.07933333333335921,0.006685475136717966,25.068411433464092,-37.72679500098104,-0.01135346418652995,-0.014004271255299688,-0.0021924607575962707,-0.0013087911049810552,0.015024847468364473,-1.4897477870258256,278.97742877064354,3.451452556441694,3.3043671829058634,-1.0,0.4,-0.015574405850091289,0.8660254037844387,-0.4999999999999998,1,1.0,0.8606497725472355,True
BTCUSDT,trend_ema__directionboth_fast12_rsi_threshold55.0_slow89,trend_ema,2026-03-03 08:30:00+00:00,2026-03-03 08:45:00+00:00,short,0.009014915711265893,0.009814915711265894,target,1,0.4986317713307182,1,True,False,False,0.00023272981841953027,0.012629734587302127,0,2,0.003127171204433998,67718.8,67724.4,67274.4,67310.1,6002.99,2026-03-03 08:44:59.999000+00:00,405148449.9894,119449,2433.25,164256364.4043,-0.006052060703546479,-0.012904033384654751,-0.012647343118186927,-5.5936304116456075,0.9082222222222157,0.012444444444425043,0.07933333333335921,0.006685475136717966,25.068411433464092,-37.72679500098104,-0.01135346418652995,-0.014004271255299688,-0.0021924607575962707,-0.0013087911049810552,0.015024847468364473,-1.4897477870258256,278.97742877064354,3.451452556441694,3.3043671829058634,-1.0,0.4,-0.015574405850091289,0.8660254037844387,-0.4999999999999998,1,1.0,0.8236753415056429,True
BTCUSDT,trend_ema__directionshort_only_fast12_rsi_threshold55.0_slow89,trend_ema,2026-03-03 08:30:00+00:00,2026-03-03 08:45:00+00:00,short,0.009014915711265893,0.009814915711265894,target,1,0.4986317713307182,1,True,False,False,0.00023272981841953027,0.012629734587302127,0,0,0.0065483138849687815,67718.8,67724.4,67274.4,67310.1,6002.99,2026-03-03 08:44:59.999000+00:00,405148449.9894,119449,2433.25,164256364.4043,-0.006052060703546479,-0.012904033384654751,-0.012647343118186927,-5.5936304116456075,0.9082222222222157,0.012444444444425043,0.07933333333335921,0.006685475136717966,25.068411433464092,-37.72679500098104,-0.01135346418652995,-0.014004271255299688,-0.0021924607575962707,-0.0013087911049810552,0.015024847468364473,-1.4897477870258256,278.97742877064354,3.451452556441694,3.3043671829058634,-1.0,0.4,-0.015574405850091289,0.8660254037844387,-0.4999999999999998,1,1.0,0.9463592253296799,True
BTCUSDT,trend_ema__directionboth_fast9_rsi_threshold58.0_slow89,trend_ema,2026-03-03 08:30:00+00:00,2026-03-03 08:45:00+00:00,short,0.009014915711265893,0.009814915711265894,target,1,0.4986317713307182,1,True,False,False,0.00023272981841953027,0.012629734587302127,0,1,0.00483774254470139,67718.8,67724.4,67274.4,67310.1,6002.99,2026-03-03 08:44:59.999000+00:00,405148449.9894,119449,2433.25,164256364.4043,-0.006052060703546479,-0.012904033384654751,-0.012647343118186927,-5.5936304116456075,0.9082222222222157,0.012444444444425043,0.07933333333335921,0.006685475136717966,25.068411433464092,-37.72679500098104,-0.01135346418652995,-0.014004271255299688,-0.0021924607575962707,-0.0013087911049810552,0.015024847468364473,-1.4897477870258256,278.97742877064354,3.451452556441694,3.3043671829058634,-1.0,0.4,-0.015574405850091289,0.8660254037844387,-0.4999999999999998,1,1.0,0.8667122706563758,True
BTCUSDT,trend_ema__directionshort_only_fast12_rsi_threshold58.0_slow89,trend_ema,2026-03-03 08:30:00+00:00,2026-03-03 08:45:00+00:00,short,0.009014915711265893,0.009814915711265894,target,1,0.4986317713307182,1,True,False,False,0.00023272981841953027,0.012629734587302127,0,2,0.001416599864166606,67718.8,67724.4,67274.4,67310.1,6002.99,2026-03-03 08:44:59.999000+00:00,405148449.9894,119449,2433.25,164256364.4043,-0.006052060703546479,-0.012904033384654751,-0.012647343118186927,-5.5936304116456075,0.9082222222222157,0.012444444444425043,0.07933333333335921,0.006685475136717966,25.068411433464092,-37.72679500098104,-0.01135346418652995,-0.014004271255299688,-0.0021924607575962707,-0.0013087911049810552,0.015024847468364473,-1.4897477870258256,278.97742877064354,3.451452556441694,3.3043671829058634,-1.0,0.4,-0.015574405850091289,0.8660254037844387,-0.4999999999999998,1,1.0,0.8402291224773644,True
BTCUSDT,trend_ema__directionshort_only_fast12_rsi_threshold52.0_slow89,trend_ema,2026-03-03 08:30:00+00:00,2026-03-03 08:45:00+00:00,short,0.009014915711265893,0.009814915711265894,target,1,0.4986317713307182,1,True,False,False,0.00023272981841953027,0.012629734587302127,0,0,0.006537725616505917,67718.8,67724.4,67274.4,67310.1,6002.99,2026-03-03 08:44:59.999000+00:00,405148449.9894,119449,2433.25,164256364.4043,-0.006052060703546479,-0.012904033384654751,-0.012647343118186927,-5.5936304116456075,0.9082222222222157,0.012444444444425043,0.07933333333335921,0.006685475136717966,25.068411433464092,-37.72679500098104,-0.01135346418652995,-0.014004271255299688,-0.0021924607575962707,-0.0013087911049810552,0.015024847468364473,-1.4897477870258256,278.97742877064354,3.451452556441694,3.3043671829058634,-1.0,0.4,-0.015574405850091289,0.8660254037844387,-0.4999999999999998,1,1.0,0.9342814211221772,True
BTCUSDT,trend_ema__directionboth_fast12_rsi_threshold52.0_slow89,trend_ema,2026-03-03 08:30:00+00:00,2026-03-03 08:45:00+00:00,short,0.009014915711265893,0.009814915711265894,target,1,0.4986317713307182,1,True,False,False,0.00023272981841953027,0.012629734587302127,0,2,-0.002004542816368178,67718.8,67724.4,67274.4,67310.1,6002.99,2026-03-03 08:44:59.999000+00:00,405148449.9894,119449,2433.25,164256364.4043,-0.006052060703546479,-0.012904033384654751,-0.012647343118186927,-5.5936304116456075,0.9082222222222157,0.012444444444425043,0.07933333333335921,0.006685475136717966,25.068411433464092,-37.72679500098104,-0.01135346418652995,-0.014004271255299688,-0.0021924607575962707,-0.0013087911049810552,0.015024847468364473,-1.4897477870258256,278.97742877064354,3.451452556441694,3.3043671829058634,-1.0,0.4,-0.015574405850091289,0.8660254037844387,-0.4999999999999998,1,1.0,0.8343808431345782,True
BTCUSDT,trend_ema__directionshort_only_fast9_rsi_threshold55.0_slow89,trend_ema,2026-03-03 08:30:00+00:00,2026-03-03 08:45:00+00:00,short,0.009014915711265893,0.009814915711265894,target,1,0.4986317713307182,1,True,False,False,0.00023272981841953027,0.012629734587302127,0,2,-0.0002939714761007859,67718.8,67724.4,67274.4,67310.1,6002.99,2026-03-03 08:44:59.999000+00:00,405148449.9894,119449,2433.25,164256364.4043,-0.006052060703546479,-0.012904033384654751,-0.012647343118186927,-5.5936304116456075,0.9082222222222157,0.012444444444425043,0.07933333333335921,0.006685475136717966,25.068411433464092,-37.72679500098104,-0.01135346418652995,-0.014004271255299688,-0.0021924607575962707,-0.0013087911049810552,0.015024847468364473,-1.4897477870258256,278.97742877064354,3.451452556441694,3.3043671829058634,-1.0,0.4,-0.015574405850091289,0.8660254037844387,-0.4999999999999998,1,1.0,0.8638955165019543,True
BTCUSDT,trend_ema__directionboth_fast12_rsi_threshold52.0_slow89,trend_ema,2026-03-03 08:30:00+00:00,2026-03-03 08:45:00+00:00,short,0.009014915711265893,0.009814915711265894,target,1,0.4986317713307182,1,True,False,False,0.00023272981841953027,0.012629734587302127,0,2,-0.002004542816368178,67718.8,67724.4,67274.4,67310.1,6002.99,2026-03-03 08:44:59.999000+00:00,405148449.9894,119449,2433.25,164256364.4043,-0.006052060703546479,-0.012904033384654751,-0.012647343118186927,-5.5936304116456075,0.9082222222222157,0.012444444444425043,0.07933333333335921,0.006685475136717966,25.068411433464092,-37.72679500098104,-0.01135346418652995,-0.014004271255299688,-0.0021924607575962707,-0.0013087911049810552,0.015024847468364473,-1.4897477870258256,278.97742877064354,3.451452556441694,3.3043671829058634,-1.0,0.4,-0.015574405850091289,0.8660254037844387,-0.4999999999999998,1,1.0,0.8625520005515678,True
BTCUSDT,trend_ema__directionboth_fast12_rsi_threshold55.0_slow89,trend_ema,2026-03-03 08:30:00+00:00,2026-03-03 08:45:00+00:00,short,0.009014915711265893,0.009814915711265894,target,1,0.4986317713307182,1,True,False,False,0.00023272981841953027,0.012629734587302127,0,2,0.003127171204433998,67718.8,67724.4,67274.4,67310.1,6002.99,2026-03-03 08:44:59.999000+00:00,405148449.9894,119449,2433.25,164256364.4043,-0.006052060703546479,-0.012904033384654751,-0.012647343118186927,-5.5936304116456075,0.9082222222222157,0.012444444444425043,0.07933333333335921,0.006685475136717966,25.068411433464092,-37.72679500098104,-0.01135346418652995,-0.014004271255299688,-0.0021924607575962707,-0.0013087911049810552,0.015024847468364473,-1.4897477870258256,278.97742877064354,3.451452556441694,3.3043671829058634,-1.0,0.4,-0.015574405850091289,0.8660254037844387,-0.4999999999999998,1,1.0,0.85388888067416,True
BTCUSDT,trend_ema__directionshort_only_fast12_rsi_threshold55.0_slow89,trend_ema,2026-03-03 08:30:00+00:00,2026-03-03 08:45:00+00:00,short,0.009014915711265893,0.009814915711265894,target,1,0.4986317713307182,1,True,False,False,0.00023272981841953027,0.012629734587302127,0,0,0.0065483138849687815,67718.8,67724.4,67274.4,67310.1,6002.99,2026-03-03 08:44:59.999000+00:00,405148449.9894,119449,2433.25,164256364.4043,-0.006052060703546479,-0.012904033384654751,-0.012647343118186927,-5.5936304116456075,0.9082222222222157,0.012444444444425043,0.07933333333335921,0.006685475136717966,25.068411433464092,-37.72679500098104,-0.01135346418652995,-0.014004271255299688,-0.0021924607575962707,-0.0013087911049810552,0.015024847468364473,-1.4897477870258256,278.97742877064354,3.451452556441694,3.3043671829058634,-1.0,0.4,-0.015574405850091289,0.8660254037844387,-0.4999999999999998,1,1.0,0.9342814211221772,True
BTCUSDT,trend_ema__directionboth_fast9_rsi_threshold58.0_slow89,trend_ema,2026-03-03 08:30:00+00:00,2026-03-03 08:45:00+00:00,short,0.009014915711265893,0.009814915711265894,target,1,0.4986317713307182,1,True,False,False,0.00023272981841953027,0.012629734587302127,0,1,0.00483774254470139,67718.8,67724.4,67274.4,67310.1,6002.99,2026-03-03 08:44:59.999000+00:00,405148449.9894,119449,2433.25,164256364.4043,-0.006052060703546479,-0.012904033384654751,-0.012647343118186927,-5.5936304116456075,0.9082222222222157,0.012444444444425043,0.07933333333335921,0.006685475136717966,25.068411433464092,-37.72679500098104,-0.01135346418652995,-0.014004271255299688,-0.0021924607575962707,-0.0013087911049810552,0.015024847468364473,-1.4897477870258256,278.97742877064354,3.451452556441694,3.3043671829058634,-1.0,0.4,-0.015574405850091289,0.8660254037844387,-0.4999999999999998,1,1.0,0.8497746931043649,True
BTCUSDT,trend_ema__directionshort_only_fast9_rsi_threshold55.0_slow89,trend_ema,2026-03-03 08:30:00+00:00,2026-03-03 08:45:00+00:00,short,0.009014915711265893,0.009814915711265894,target,1,0.4986317713307182,1,True,False,False,0.00023272981841953027,0.012629734587302127,0,2,-0.0002939714761007859,67718.8,67724.4,67274.4,67310.1,6002.99,2026-03-03 08:44:59.999000+00:00,405148449.9894,119449,2433.25,164256364.4043,-0.006052060703546479,-0.012904033384654751,-0.012647343118186927,-5.5936304116456075,0.9082222222222157,0.012444444444425043,0.07933333333335921,0.006685475136717966,25.068411433464092,-37.72679500098104,-0.01135346418652995,-0.014004271255299688,-0.0021924607575962707,-0.0013087911049810552,0.015024847468364473,-1.4897477870258256,278.97742877064354,3.451452556441694,3.3043671829058634,-1.0,0.4,-0.015574405850091289,0.8660254037844387,-0.4999999999999998,1,1.0,0.848351183388353,True
BTCUSDT,trend_ema__directionboth_fast12_rsi_threshold58.0_slow89,trend_ema,2026-03-03 08:30:00+00:00,2026-03-03 08:45:00+00:00,short,0.009014915711265893,0.009814915711265894,target,1,0.4986317713307182,1,True,False,False,0.00023272981841953027,0.012629734587302127,0,0,0.006527137348043052,67718.8,67724.4,67274.4,67310.1,6002.99,2026-03-03 08:44:59.999000+00:00,405148449.9894,119449,2433.25,164256364.4043,-0.006052060703546479,-0.012904033384654751,-0.012647343118186927,-5.5936304116456075,0.9082222222222157,0.012444444444425043,0.07933333333335921,0.006685475136717966,25.068411433464092,-37.72679500098104,-0.01135346418652995,-0.014004271255299688,-0.0021924607575962707,-0.0013087911049810552,0.015024847468364473,-1.4897477870258256,278.97742877064354,3.451452556441694,3.3043671829058634,-1.0,0.4,-0.015574405850091289,0.8660254037844387,-0.4999999999999998,1,1.0,0.9342814211221772,True
BTCUSDT,trend_ema__directionshort_only_fast12_rsi_threshold52.0_slow89,trend_ema,2026-03-03 08:30:00+00:00,2026-03-03 08:45:00+00:00,short,0.009014915711265893,0.009814915711265894,target,1,0.4986317713307182,1,True,False,False,0.00023272981841953027,0.012629734587302127,0,0,0.006537725616505917,67718.8,67724.4,67274.4,67310.1,6002.99,2026-03-03 08:44:59.999000+00:00,405148449.9894,119449,2433.25,164256364.4043,-0.006052060703546479,-0.012904033384654751,-0.012647343118186927,-5.5936304116456075,0.9082222222222157,0.012444444444425043,0.07933333333335921,0.006685475136717966,25.068411433464092,-37.72679500098104,-0.01135346418652995,-0.014004271255299688,-0.0021924607575962707,-0.0013087911049810552,0.015024847468364473,-1.4897477870258256,278.97742877064354,3.451452556441694,3.3043671829058634,-1.0,0.4,-0.015574405850091289,0.8660254037844387,-0.4999999999999998,1,1.0,0.9464963562376015,True
ZECUSDT,trend_ema__directionshort_only_fast9_rsi_threshold55.0_slow89,trend_ema,2026-03-03 08:45:00+00:00,2026-03-03 14:45:00+00:00,short,0.021837758692656327,0.022637758692656326,target,24,0.4107242013628689,1,True,False,False,0.012221197341450926,0.024084826596821998,0,0,0.022265032533298774,216.25,216.26,213.87,214.35,40630.077,2026-03-03 08:59:59.999000+00:00,8737354.14347,35290,17986.882,3870290.98561,-0.008824952768002594,-0.030959665393142103,-0.025835518595627865,-4.903843627326861,0.7949790794979149,0.004184100418406261,0.20083682008367887,0.01114998833683222,29.463789931856553,-0.6853204120952001,-0.026538886853740593,-0.0290123783599433,-0.005838019876714617,-0.002630823717095221,0.03793512697807467,-1.4808070696761817,1.9887386589960347,3.0600685207689002,3.2202110482005915,-1.0,0.8,-0.03775363620039507,0.8660254037844387,-0.4999999999999998,1,1.0,0.9392764316856759,True
ZECUSDT,trend_ema__directionboth_fast12_rsi_threshold55.0_slow89,trend_ema,2026-03-03 08:45:00+00:00,2026-03-03 14:45:00+00:00,short,0.021837758692656327,0.022637758692656326,target,24,0.4107242013628689,1,True,False,False,0.012221197341450926,0.024084826596821998,0,0,0.021837758692656327,216.25,216.26,213.87,214.35,40630.077,2026-03-03 08:59:59.999000+00:00,8737354.14347,35290,17986.882,3870290.98561,-0.008824952768002594,-0.030959665393142103,-0.025835518595627865,-4.903843627326861,0.7949790794979149,0.004184100418406261,0.20083682008367887,0.01114998833683222,29.463789931856553,-0.6853204120952001,-0.026538886853740593,-0.0290123783599433,-0.005838019876714617,-0.002630823717095221,0.03793512697807467,-1.4808070696761817,1.9887386589960347,3.0600685207689002,3.2202110482005915,-1.0,0.8,-0.03775363620039507,0.8660254037844387,-0.4999999999999998,1,1.0,0.9385337765206393,True
ZECUSDT,trend_ema__directionboth_fast12_rsi_threshold52.0_slow89,trend_ema,2026-03-03 08:45:00+00:00,2026-03-03 14:45:00+00:00,short,0.021837758692656327,0.022637758692656326,target,24,0.4107242013628689,1,True,False,False,0.012221197341450926,0.024084826596821998,0,0,0.02198018330620381,216.25,216.26,213.87,214.35,40630.077,2026-03-03 08:59:59.999000+00:00,8737354.14347,35290,17986.882,3870290.98561,-0.008824952768002594,-0.030959665393142103,-0.025835518595627865,-4.903843627326861,0.7949790794979149,0.004184100418406261,0.20083682008367887,0.01114998833683222,29.463789931856553,-0.6853204120952001,-0.026538886853740593,-0.0290123783599433,-0.005838019876714617,-0.002630823717095221,0.03793512697807467,-1.4808070696761817,1.9887386589960347,3.0600685207689002,3.2202110482005915,-1.0,0.8,-0.03775363620039507,0.8660254037844387,-0.4999999999999998,1,1.0,0.9385337765206393,True
ZECUSDT,trend_ema__directionshort_only_fast9_rsi_threshold55.0_slow89,trend_ema,2026-03-03 08:45:00+00:00,2026-03-03 14:45:00+00:00,short,0.021837758692656327,0.022637758692656326,target,24,0.4107242013628689,1,True,False,False,0.012221197341450926,0.024084826596821998,0,0,0.022265032533298774,216.25,216.26,213.87,214.35,40630.077,2026-03-03 08:59:59.999000+00:00,8737354.14347,35290,17986.882,3870290.98561,-0.008824952768002594,-0.030959665393142103,-0.025835518595627865,-4.903843627326861,0.7949790794979149,0.004184100418406261,0.20083682008367887,0.01114998833683222,29.463789931856553,-0.6853204120952001,-0.026538886853740593,-0.0290123783599433,-0.005838019876714617,-0.002630823717095221,0.03793512697807467,-1.4808070696761817,1.9887386589960347,3.0600685207689002,3.2202110482005915,-1.0,0.8,-0.03775363620039507,0.8660254037844387,-0.4999999999999998,1,1.0,0.9385337765206393,True
ZECUSDT,trend_ema__directionboth_fast9_rsi_threshold58.0_slow89,trend_ema,2026-03-03 08:45:00+00:00,2026-03-03 14:45:00+00:00,short,0.021837758692656327,0.022637758692656326,target,24,0.4107242013628689,1,True,False,False,0.012221197341450926,0.024084826596821998,0,0,0.02251040325708132,216.25,216.26,213.87,214.35,40630.077,2026-03-03 08:59:59.999000+00:00,8737354.14347,35290,17986.882,3870290.98561,-0.008824952768002594,-0.030959665393142103,-0.025835518595627865,-4.903843627326861,0.7949790794979149,0.004184100418406261,0.20083682008367887,0.01114998833683222,29.463789931856553,-0.6853204120952001,-0.026538886853740593,-0.0290123783599433,-0.005838019876714617,-0.002630823717095221,0.03793512697807467,-1.4808070696761817,1.9887386589960347,3.0600685207689002,3.2202110482005915,-1.0,0.8,-0.03775363620039507,0.8660254037844387,-0.4999999999999998,1,1.0,0.9385337765206393,True
ZECUSDT,trend_ema__directionshort_only_fast12_rsi_threshold58.0_slow89,trend_ema,2026-03-03 08:45:00+00:00,2026-03-03 14:45:00+00:00,short,0.021837758692656327,0.022637758692656326,target,24,0.4107242013628689,1,True,False,False,0.012221197341450926,0.024084826596821998,0,0,0.022755773980863862,216.25,216.26,213.87,214.35,40630.077,2026-03-03 08:59:59.999000+00:00,8737354.14347,35290,17986.882,3870290.98561,-0.008824952768002594,-0.030959665393142103,-0.025835518595627865,-4.903843627326861,0.7949790794979149,0.004184100418406261,0.20083682008367887,0.01114998833683222,29.463789931856553,-0.6853204120952001,-0.026538886853740593,-0.0290123783599433,-0.005838019876714617,-0.002630823717095221,0.03793512697807467,-1.4808070696761817,1.9887386589960347,3.0600685207689002,3.2202110482005915,-1.0,0.8,-0.03775363620039507,0.8660254037844387,-0.4999999999999998,1,1.0,0.9385337765206393,True
ZECUSDT,trend_ema__directionboth_fast9_rsi_threshold58.0_slow89,trend_ema,2026-03-03 08:45:00+00:00,2026-03-03 14:45:00+00:00,short,0.021837758692656327,0.022637758692656326,target,24,0.4107242013628689,1,True,False,False,0.012221197341450926,0.024084826596821998,0,0,0.02251040325708132,216.25,216.26,213.87,214.35,40630.077,2026-03-03 08:59:59.999000+00:00,8737354.14347,35290,17986.882,3870290.98561,-0.008824952768002594,-0.030959665393142103,-0.025835518595627865,-4.903843627326861,0.7949790794979149,0.004184100418406261,0.20083682008367887,0.01114998833683222,29.463789931856553,-0.6853204120952001,-0.026538886853740593,-0.0290123783599433,-0.005838019876714617,-0.002630823717095221,0.03793512697807467,-1.4808070696761817,1.9887386589960347,3.0600685207689002,3.2202110482005915,-1.0,0.8,-0.03775363620039507,0.8660254037844387,-0.4999999999999998,1,1.0,0.9392764316856759,True
ZECUSDT,trend_ema__directionboth_fast12_rsi_threshold58.0_slow89,trend_ema,2026-03-03 08:45:00+00:00,2026-03-03 14:45:00+00:00,short,0.021837758692656327,0.022637758692656326,target,24,0.4107242013628689,1,True,False,False,0.012221197341450926,0.024084826596821998,0,0,0.02212260791975129,216.25,216.26,213.87,214.35,40630.077,2026-03-03 08:59:59.999000+00:00,8737354.14347,35290,17986.882,3870290.98561,-0.008824952768002594,-0.030959665393142103,-0.025835518595627865,-4.903843627326861,0.7949790794979149,0.004184100418406261,0.20083682008367887,0.01114998833683222,29.463789931856553,-0.6853204120952001,-0.026538886853740593,-0.0290123783599433,-0.005838019876714617,-0.002630823717095221,0.03793512697807467,-1.4808070696761817,1.9887386589960347,3.0600685207689002,3.2202110482005915,-1.0,0.8,-0.03775363620039507,0.8660254037844387,-0.4999999999999998,1,1.0,0.9385337765206393,True
ZECUSDT,trend_ema__directionshort_only_fast12_rsi_threshold55.0_slow89,trend_ema,2026-03-03 08:45:00+00:00,2026-03-03 14:45:00+00:00,short,0.021837758692656327,0.022637758692656326,target,24,0.4107242013628689,1,True,False,False,0.012221197341450926,0.024084826596821998,0,0,0.02324651542842895,216.25,216.26,213.87,214.35,40630.077,2026-03-03 08:59:59.999000+00:00,8737354.14347,35290,17986.882,3870290.98561,-0.008824952768002594,-0.030959665393142103,-0.025835518595627865,-4.903843627326861,0.7949790794979149,0.004184100418406261,0.20083682008367887,0.01114998833683222,29.463789931856553,-0.6853204120952001,-0.026538886853740593,-0.0290123783599433,-0.005838019876714617,-0.002630823717095221,0.03793512697807467,-1.4808070696761817,1.9887386589960347,3.0600685207689002,3.2202110482005915,-1.0,0.8,-0.03775363620039507,0.8660254037844387,-0.4999999999999998,1,1.0,0.9385337765206393,True
ZECUSDT,trend_ema__directionshort_only_fast21_rsi_threshold58.0_slow55,trend_ema,2026-03-03 08:45:00+00:00,2026-03-03 14:45:00+00:00,short,0.021837758692656327,0.022637758692656326,target,24,0.4107242013628689,1,True,False,False,0.012221197341450926,0.024084826596821998,0,0,0.023491886152211497,216.25,216.26,213.87,214.35,40630.077,2026-03-03 08:59:59.999000+00:00,8737354.14347,35290,17986.882,3870290.98561,-0.008824952768002594,-0.030959665393142103,-0.025835518595627865,-4.903843627326861,0.7949790794979149,0.004184100418406261,0.20083682008367887,0.01114998833683222,29.463789931856553,-0.6853204120952001,-0.026538886853740593,-0.0290123783599433,-0.005838019876714617,-0.002630823717095221,0.03793512697807467,-1.4808070696761817,1.9887386589960347,3.0600685207689002,3.2202110482005915,-1.0,0.8,-0.03775363620039507,0.8660254037844387,-0.4999999999999998,1,1.0,0.9385337765206393,True
ZECUSDT,trend_ema__directionshort_only_fast12_rsi_threshold52.0_slow89,trend_ema,2026-03-03 08:45:00+00:00,2026-03-03 14:45:00+00:00,short,0.021837758692656327,0.022637758692656326,target,24,0.4107242013628689,1,True,False,False,0.012221197341450926,0.024084826596821998,0,0,0.02000940130577173,216.25,216.26,213.87,214.35,40630.077,2026-03-03 08:59:59.999000+00:00,8737354.14347,35290,17986.882,3870290.98561,-0.008824952768002594,-0.030959665393142103,-0.025835518595627865,-4.903843627326861,0.7949790794979149,0.004184100418406261,0.20083682008367887,0.01114998833683222,29.463789931856553,-0.6853204120952001,-0.026538886853740593,-0.0290123783599433,-0.005838019876714617,-0.002630823717095221,0.03793512697807467,-1.4808070696761817,1.9887386589960347,3.0600685207689002,3.2202110482005915,-1.0,0.8,-0.03775363620039507,0.8660254037844387,-0.4999999999999998,1,1.0,0.9385337765206393,True
ZECUSDT,trend_ema__directionshort_only_fast21_rsi_threshold55.0_slow55,trend_ema,2026-03-03 08:45:00+00:00,2026-03-03 14:45:00+00:00,short,0.021837758692656327,0.022637758692656326,target,24,0.4107242013628689,1,True,False,False,0.012221197341450926,0.024084826596821998,0,0,0.016526916459331957,216.25,216.26,213.87,214.35,40630.077,2026-03-03 08:59:59.999000+00:00,8737354.14347,35290,17986.882,3870290.98561,-0.008824952768002594,-0.030959665393142103,-0.025835518595627865,-4.903843627326861,0.7949790794979149,0.004184100418406261,0.20083682008367887,0.01114998833683222,29.463789931856553,-0.6853204120952001,-0.026538886853740593,-0.0290123783599433,-0.005838019876714617,-0.002630823717095221,0.03793512697807467,-1.4808070696761817,1.9887386589960347,3.0600685207689002,3.2202110482005915,-1.0,0.8,-0.03775363620039507,0.8660254037844387,-0.4999999999999998,1,1.0,0.9370902764492586,True
ZECUSDT,trend_ema__directionshort_only_fast12_rsi_threshold58.0_slow89,trend_ema,2026-03-03 08:45:00+00:00,2026-03-03 14:45:00+00:00,short,0.021837758692656327,0.022637758692656326,target,24,0.4107242013628689,1,True,False,False,0.012221197341450926,0.024084826596821998,0,0,0.022755773980863862,216.25,216.26,213.87,214.35,40630.077,2026-03-03 08:59:59.999000+00:00,8737354.14347,35290,17986.882,3870290.98561,-0.008824952768002594,-0.030959665393142103,-0.025835518595627865,-4.903843627326861,0.7949790794979149,0.004184100418406261,0.20083682008367887,0.01114998833683222,29.463789931856553,-0.6853204120952001,-0.026538886853740593,-0.0290123783599433,-0.005838019876714617,-0.002630823717095221,0.03793512697807467,-1.4808070696761817,1.9887386589960347,3.0600685207689002,3.2202110482005915,-1.0,0.8,-0.03775363620039507,0.8660254037844387,-0.4999999999999998,1,1.0,0.9392764316856759,True
ZECUSDT,trend_ema__directionboth_fast12_rsi_threshold58.0_slow89,trend_ema,2026-03-03 08:45:00+00:00,2026-03-03 14:45:00+00:00,short,0.021837758692656327,0.022637758692656326,target,24,0.4107242013628689,1,True,False,False,0.012221197341450926,0.024084826596821998,0,0,0.02212260791975129,216.25,216.26,213.87,214.35,40630.077,2026-03-03 08:59:59.999000+00:00,8737354.14347,35290,17986.882,3870290.98561,-0.008824952768002594,-0.030959665393142103,-0.025835518595627865,-4.903843627326861,0.7949790794979149,0.004184100418406261,0.20083682008367887,0.01114998833683222,29.463789931856553,-0.6853204120952001,-0.026538886853740593,-0.0290123783599433,-0.005838019876714617,-0.002630823717095221,0.03793512697807467,-1.4808070696761817,1.9887386589960347,3.0600685207689002,3.2202110482005915,-1.0,0.8,-0.03775363620039507,0.8660254037844387,-0.4999999999999998,1,1.0,0.9392764316856759,True
ZECUSDT,trend_ema__directionshort_only_fast12_rsi_threshold55.0_slow89,trend_ema,2026-03-03 08:45:00+00:00,2026-03-03 14:45:00+00:00,short,0.021837758692656327,0.022637758692656326,target,24,0.4107242013628689,1,True,False,False,0.012221197341450926,0.024084826596821998,0,0,0.02324651542842895,216.25,216.26,213.87,214.35,40630.077,2026-03-03 08:59:59.999000+00:00,8737354.14347,35290,17986.882,3870290.98561,-0.008824952768002594,-0.030959665393142103,-0.025835518595627865,-4.903843627326861,0.7949790794979149,0.004184100418406261,0.20083682008367887,0.01114998833683222,29.463789931856553,-0.6853204120952001,-0.026538886853740593,-0.0290123783599433,-0.005838019876714617,-0.002630823717095221,0.03793512697807467,-1.4808070696761817,1.9887386589960347,3.0600685207689002,3.2202110482005915,-1.0,0.8,-0.03775363620039507,0.8660254037844387,-0.4999999999999998,1,1.0,0.9392764316856759,True
ZECUSDT,trend_ema__directionshort_only_fast21_rsi_threshold58.0_slow55,trend_ema,2026-03-03 08:45:00+00:00,2026-03-03 14:45:00+00:00,short,0.021837758692656327,0.022637758692656326,target,24,0.4107242013628689,1,True,False,False,0.012221197341450926,0.024084826596821998,0,0,0.023491886152211497,216.25,216.26,213.87,214.35,40630.077,2026-03-03 08:59:59.999000+00:00,8737354.14347,35290,17986.882,3870290.98561,-0.008824952768002594,-0.030959665393142103,-0.025835518595627865,-4.903843627326861,0.7949790794979149,0.004184100418406261,0.20083682008367887,0.01114998833683222,29.463789931856553,-0.6853204120952001,-0.026538886853740593,-0.0290123783599433,-0.005838019876714617,-0.002630823717095221,0.03793512697807467,-1.4808070696761817,1.9887386589960347,3.0600685207689002,3.2202110482005915,-1.0,0.8,-0.03775363620039507,0.8660254037844387,-0.4999999999999998,1,1.0,0.9392764316856759,True
ZECUSDT,trend_ema__directionshort_only_fast12_rsi_threshold52.0_slow89,trend_ema,2026-03-03 08:45:00+00:00,2026-03-03 14:45:00+00:00,short,0.021837758692656327,0.022637758692656326,target,24,0.4107242013628689,1,True,False,False,0.012221197341450926,0.024084826596821998,0,0,0.02000940130577173,216.25,216.26,213.87,214.35,40630.077,2026-03-03 08:59:59.999000+00:00,8737354.14347,35290,17986.882,3870290.98561,-0.008824952768002594,-0.030959665393142103,-0.025835518595627865,-4.903843627326861,0.7949790794979149,0.004184100418406261,0.20083682008367887,0.01114998833683222,29.463789931856553,-0.6853204120952001,-0.026538886853740593,-0.0290123783599433,-0.005838019876714617,-0.002630823717095221,0.03793512697807467,-1.4808070696761817,1.9887386589960347,3.0600685207689002,3.2202110482005915,-1.0,0.8,-0.03775363620039507,0.8660254037844387,-0.4999999999999998,1,1.0,0.9392764316856759,True
ZECUSDT,trend_ema__directionshort_only_fast21_rsi_threshold55.0_slow55,trend_ema,2026-03-03 08:45:00+00:00,2026-03-03 14:45:00+00:00,short,0.021837758692656327,0.022637758692656326,target,24,0.4107242013628689,1,True,False,False,0.012221197341450926,0.024084826596821998,0,0,0.016526916459331957,216.25,216.26,213.87,214.35,40630.077,2026-03-03 08:59:59.999000+00:00,8737354.14347,35290,17986.882,3870290.98561,-0.008824952768002594,-0.030959665393142103,-0.025835518595627865,-4.903843627326861,0.7949790794979149,0.004184100418406261,0.20083682008367887,0.01114998833683222,29.463789931856553,-0.6853204120952001,-0.026538886853740593,-0.0290123783599433,-0.005838019876714617,-0.002630823717095221,0.03793512697807467,-1.4808070696761817,1.9887386589960347,3.0600685207689002,3.2202110482005915,-1.0,0.8,-0.03775363620039507,0.8660254037844387,-0.4999999999999998,1,1.0,0.9384217509640956,True
ZECUSDT,trend_ema__directionshort_only_fast21_rsi_threshold52.0_slow55,trend_ema,2026-03-03 08:45:00+00:00,2026-03-03 14:45:00+00:00,short,0.021837758692656327,0.022637758692656326,target,24,0.4107242013628689,1,True,False,False,0.012221197341450926,0.024084826596821998,0,0,0.023001144704646405,216.25,216.26,213.87,214.35,40630.077,2026-03-03 08:59:59.999000+00:00,8737354.14347,35290,17986.882,3870290.98561,-0.008824952768002594,-0.030959665393142103,-0.025835518595627865,-4.903843627326861,0.7949790794979149,0.004184100418406261,0.20083682008367887,0.01114998833683222,29.463789931856553,-0.6853204120952001,-0.026538886853740593,-0.0290123783599433,-0.005838019876714617,-0.002630823717095221,0.03793512697807467,-1.4808070696761817,1.9887386589960347,3.0600685207689002,3.2202110482005915,-1.0,0.8,-0.03775363620039507,0.8660254037844387,-0.4999999999999998,1,1.0,0.9392764316856759,True
ZECUSDT,trend_ema__directionboth_fast12_rsi_threshold55.0_slow89,trend_ema,2026-03-03 08:45:00+00:00,2026-03-03 14:45:00+00:00,short,0.021837758692656327,0.022637758692656326,target,24,0.4107242013628689,1,True,False,False,0.012221197341450926,0.024084826596821998,0,0,0.021837758692656327,216.25,216.26,213.87,214.35,40630.077,2026-03-03 08:59:59.999000+00:00,8737354.14347,35290,17986.882,3870290.98561,-0.008824952768002594,-0.030959665393142103,-0.025835518595627865,-4.903843627326861,0.7949790794979149,0.004184100418406261,0.20083682008367887,0.01114998833683222,29.463789931856553,-0.6853204120952001,-0.026538886853740593,-0.0290123783599433,-0.005838019876714617,-0.002630823717095221,0.03793512697807467,-1.4808070696761817,1.9887386589960347,3.0600685207689002,3.2202110482005915,-1.0,0.8,-0.03775363620039507,0.8660254037844387,-0.4999999999999998,1,1.0,0.9392764316856759,True
ZECUSDT,trend_ema__directionshort_only_fast21_rsi_threshold52.0_slow55,trend_ema,2026-03-03 08:45:00+00:00,2026-03-03 14:45:00+00:00,short,0.021837758692656327,0.022637758692656326,target,24,0.4107242013628689,1,True,False,False,0.012221197341450926,0.024084826596821998,0,0,0.023001144704646405,216.25,216.26,213.87,214.35,40630.077,2026-03-03 08:59:59.999000+00:00,8737354.14347,35290,17986.882,3870290.98561,-0.008824952768002594,-0.030959665393142103,-0.025835518595627865,-4.903843627326861,0.7949790794979149,0.004184100418406261,0.20083682008367887,0.01114998833683222,29.463789931856553,-0.6853204120952001,-0.026538886853740593,-0.0290123783599433,-0.005838019876714617,-0.002630823717095221,0.03793512697807467,-1.4808070696761817,1.9887386589960347,3.0600685207689002,3.2202110482005915,-1.0,0.8,-0.03775363620039507,0.8660254037844387,-0.4999999999999998,1,1.0,0.9385337765206393,True
ZECUSDT,trend_ema__directionboth_fast12_rsi_threshold52.0_slow89,trend_ema,2026-03-03 08:45:00+00:00,2026-03-03 14:45:00+00:00,short,0.021837758692656327,0.022637758692656326,target,24,0.4107242013628689,1,True,False,False,0.012221197341450926,0.024084826596821998,0,0,0.02198018330620381,216.25,216.26,213.87,214.35,40630.077,2026-03-03 08:59:59.999000+00:00,8737354.14347,35290,17986.882,3870290.98561,-0.008824952768002594,-0.030959665393142103,-0.025835518595627865,-4.903843627326861,0.7949790794979149,0.004184100418406261,0.20083682008367887,0.01114998833683222,29.463789931856553,-0.6853204120952001,-0.026538886853740593,-0.0290123783599433,-0.005838019876714617,-0.002630823717095221,0.03793512697807467,-1.4808070696761817,1.9887386589960347,3.0600685207689002,3.2202110482005915,-1.0,0.8,-0.03775363620039507,0.8660254037844387,-0.4999999999999998,1,1.0,0.9392764316856759,True
BTCUSDT,trend_ema__directionshort_only_fast21_rsi_threshold55.0_slow89,trend_ema,2026-03-03 09:00:00+00:00,2026-03-03 12:00:00+00:00,short,-0.007363360638274358,-0.006563360638274358,stop,12,0.5118947035153255,0,False,True,False,0.01548989336311959,0.01033491064559873,0,0,0.006516549079580188,66972.8,67157.0,66833.2,67059.9,5335.378,2026-03-03 09:14:59.999000+00:00,357621216.5297,103144,2991.708,200529183.4849,0.0013011761661400958,-0.013625823410937654,-0.019270359706013356,-5.368067515127542,0.2689932056824907,0.2998764669549257,0.4311303273625836,0.004828518980791843,24.405264824233726,-94.0475905773556,-0.012270676324434156,-0.0163707759950362,-0.003990549486718842,-0.0024954323835403303,0.023287172698375314,-1.1113775465428888,295.20043603183086,1.9243770503814719,2.4950007655158184,-1.0,0.53,-0.01923363802559419,0.7071067811865476,-0.7071067811865475,1,1.0,0.7580881418040206,True
BTCUSDT,trend_ema__directionshort_only_fast21_rsi_threshold55.0_slow89,trend_ema,2026-03-03 09:00:00+00:00,2026-03-03 12:00:00+00:00,short,-0.007363360638274358,-0.006563360638274358,stop,12,0.5118947035153255,0,False,True,False,0.01548989336311959,0.01033491064559873,0,0,0.006516549079580188,66972.8,67157.0,66833.2,67059.9,5335.378,2026-03-03 09:14:59.999000+00:00,357621216.5297,103144,2991.708,200529183.4849,0.0013011761661400958,-0.013625823410937654,-0.019270359706013356,-5.368067515127542,0.2689932056824907,0.2998764669549257,0.4311303273625836,0.004828518980791843,24.405264824233726,-94.0475905773556,-0.012270676324434156,-0.0163707759950362,-0.003990549486718842,-0.0024954323835403303,0.023287172698375314,-1.1113775465428888,295.20043603183086,1.9243770503814719,2.4950007655158184,-1.0,0.53,-0.01923363802559419,0.7071067811865476,-0.7071067811865475,1,1.0,0.7453514761774147,True
ZECUSDT,trend_ema__directionshort_only_fast21_rsi_threshold58.0_slow89,trend_ema,2026-03-03 09:15:00+00:00,2026-03-03 12:00:00+00:00,short,-0.014604305522655694,-0.013804305522655694,stop,11,0.42096695003677637,0,False,True,False,0.01857996242479645,0.011531580830656628,0,0,0.021837758692656327,214.9,215.65,212.76,213.38,20104.958,2026-03-03 09:29:59.999000+00:00,4304476.78567,23581,8437.309,1807436.25835,-0.007191252097305447,-0.025540390765502137,-0.041537831602323716,-3.928207239700383,0.5259515570934264,0.2595155709342547,0.21453287197231882,0.013543912269191183,28.95165249816118,-0.8583167903558968,-0.026166452463447617,-0.031371519701069564,-0.007587171430102679,-0.004619309141138062,0.05164462319826304,-1.132069931104759,2.0425858845425013,0.7185475501952343,1.4779232574487557,-1.0,0.8,-0.042108098401867466,0.7071067811865476,-0.7071067811865475,1,1.0,0.9083688408937186,True
ZECUSDT,trend_ema__directionshort_only_fast21_rsi_threshold58.0_slow89,trend_ema,2026-03-03 09:15:00+00:00,2026-03-03 12:00:00+00:00,short,-0.014604305522655694,-0.013804305522655694,stop,11,0.42096695003677637,0,False,True,False,0.01857996242479645,0.011531580830656628,0,0,0.021837758692656327,214.9,215.65,212.76,213.38,20104.958,2026-03-03 09:29:59.999000+00:00,4304476.78567,23581,8437.309,1807436.25835,-0.007191252097305447,-0.025540390765502137,-0.041537831602323716,-3.928207239700383,0.5259515570934264,0.2595155709342547,0.21453287197231882,0.013543912269191183,28.95165249816118,-0.8583167903558968,-0.026166452463447617,-0.031371519701069564,-0.007587171430102679,-0.004619309141138062,0.05164462319826304,-1.132069931104759,2.0425858845425013,0.7185475501952343,1.4779232574487557,-1.0,0.8,-0.042108098401867466,0.7071067811865476,-0.7071067811865475,1,1.0,0.9061079531888079,True
ETHUSDT,trend_ema__directionshort_only_fast12_rsi_threshold55.0_slow89,trend_ema,2026-03-03 21:15:00+00:00,2026-03-03 23:00:00+00:00,short,-0.012869642011066374,-0.012069642011066374,stop,7,0.15177639118159306,0,False,True,False,0.017437997350661618,0.004334681559949815,0,0,0.012953298266486868,1966.98,1968.73,1958.16,1962.28,42214.877,2026-03-03 21:29:59.999000+00:00,82857408.04147,71879,15685.027,30785370.9535,-0.0023973930302020117,-0.009555278869020642,-0.006552470960953704,-1.7974029761952783,0.44465468306528605,0.16556291390728575,0.38978240302742817,0.005386591108302554,42.41118044092035,-2.560963218518945,-0.00709633115797376,-0.007155240722369417,-0.0013872763743866257,-0.000280610543195281,0.015833019118669616,-1.0661508980742678,15.449446824113812,-0.6980665180521174,0.4333364575370777,-1.0,0.77,-0.014924623872370146,-0.7071067811865477,0.7071067811865474,1,2.0,0.8706375929087927,True
SOLUSDT,trend_ema__directionshort_only_fast21_rsi_threshold52.0_slow55,trend_ema,2026-03-03 21:15:00+00:00,2026-03-03 22:00:00+00:00,short,-0.014565174340506746,-0.013765174340506746,stop,3,0.10386477687466211,0,False,True,False,0.01707764153734212,0.004111475994685913,0,0,0.012102711742715256,84.49,84.62,84.13,84.36,160007.81,2026-03-03 21:29:59.999000+00:00,13497729.3789,16779,73619.71,6211941.2213,-0.0016581787525543736,-0.006027318371011701,-0.006498516400698188,-0.9219430027087969,0.2653061224489654,0.2653061224489944,0.4693877551020402,0.005808440018966443,44.806761156266894,-0.10337751069923584,-0.005885094305266956,-0.006190589568774446,-0.0012970321042501398,-0.00041127576526001075,0.015274536049110587,-0.9644704191176245,0.7548565072476845,-0.987412210363767,0.3260301511985571,-1.0,0.78,-0.014255667211965362,-0.7071067811865477,0.7071067811865474,1,2.0,0.7193961057158557,True
ETHUSDT,trend_ema__directionshort_only_fast12_rsi_threshold55.0_slow89,trend_ema,2026-03-03 21:15:00+00:00,2026-03-03 23:00:00+00:00,short,-0.012869642011066374,-0.012069642011066374,stop,7,0.15177639118159306,0,False,True,False,0.017437997350661618,0.004334681559949815,0,0,0.012953298266486868,1966.98,1968.73,1958.16,1962.28,42214.877,2026-03-03 21:29:59.999000+00:00,82857408.04147,71879,15685.027,30785370.9535,-0.0023973930302020117,-0.009555278869020642,-0.006552470960953704,-1.7974029761952783,0.44465468306528605,0.16556291390728575,0.38978240302742817,0.005386591108302554,42.41118044092035,-2.560963218518945,-0.00709633115797376,-0.007155240722369417,-0.0013872763743866257,-0.000280610543195281,0.015833019118669616,-1.0661508980742678,15.449446824113812,-0.6980665180521174,0.4333364575370777,-1.0,0.77,-0.014924623872370146,-0.7071067811865477,0.7071067811865474,1,2.0,0.8678965896527829,True
SOLUSDT,trend_ema__directionboth_fast12_rsi_threshold52.0_slow89,trend_ema,2026-03-03 22:30:00+00:00,2026-03-04 01:30:00+00:00,long,0.020338162160572718,0.021138162160572717,target,12,0.2923360839134307,1,True,False,False,0.0008490918414446792,0.026066810174255207,0,1,0.01367381436567012,85.81,86.61,85.75,86.53,293732.99,2026-03-03 22:44:59.999000+00:00,25336384.8919,30271,180553.64,15580076.0503,0.008239095055268824,0.02125751617518803,0.011039563629976611,4.8676866781556365,0.8372093023255807,0.09302325581395157,0.06976744186046781,0.009938749566624286,64.61680419567153,0.12454092328363303,0.01574990019890589,0.01755339306899362,0.003558898274767186,0.0015181828913566342,0.023601066763741314,1.3759149862697995,0.7352511735168278,-0.4037952681909607,0.6973262589475294,1.0,0.64,0.0,-0.5000000000000004,0.8660254037844384,1,2.0,0.9171174302397352,True
SOLUSDT,trend_ema__directionlong_only_fast9_rsi_threshold58.0_slow89,trend_ema,2026-03-03 22:30:00+00:00,2026-03-04 01:30:00+00:00,long,0.020338162160572718,0.021138162160572717,target,12,0.2923360839134307,1,True,False,False,0.0008490918414446792,0.026066810174255207,0,0,0.013945885575286402,85.81,86.61,85.75,86.53,293732.99,2026-03-03 22:44:59.999000+00:00,25336384.8919,30271,180553.64,15580076.0503,0.008239095055268824,0.02125751617518803,0.011039563629976611,4.8676866781556365,0.8372093023255807,0.09302325581395157,0.06976744186046781,0.009938749566624286,64.61680419567153,0.12454092328363303,0.01574990019890589,0.01755339306899362,0.003558898274767186,0.0015181828913566342,0.023601066763741314,1.3759149862697995,0.7352511735168278,-0.4037952681909607,0.6973262589475294,1.0,0.64,0.0,-0.5000000000000004,0.8660254037844384,1,2.0,0.9417492040814515,True
SOLUSDT,trend_ema__directionlong_only_fast12_rsi_threshold58.0_slow89,trend_ema,2026-03-03 22:30:00+00:00,2026-03-04 01:30:00+00:00,long,0.020338162160572718,0.021138162160572717,target,12,0.2923360839134307,1,True,False,False,0.0008490918414446792,0.026066810174255207,0,2,0.01312967194643756,85.81,86.61,85.75,86.53,293732.99,2026-03-03 22:44:59.999000+00:00,25336384.8919,30271,180553.64,15580076.0503,0.008239095055268824,0.02125751617518803,0.011039563629976611,4.8676866781556365,0.8372093023255807,0.09302325581395157,0.06976744186046781,0.009938749566624286,64.61680419567153,0.12454092328363303,0.01574990019890589,0.01755339306899362,0.003558898274767186,0.0015181828913566342,0.023601066763741314,1.3759149862697995,0.7352511735168278,-0.4037952681909607,0.6973262589475294,1.0,0.64,0.0,-0.5000000000000004,0.8660254037844384,1,2.0,0.8951105769934087,True
SOLUSDT,trend_ema__directionboth_fast9_rsi_threshold58.0_slow89,trend_ema,2026-03-03 22:30:00+00:00,2026-03-04 01:30:00+00:00,long,0.020338162160572718,0.021138162160572717,target,12,0.2923360839134307,1,True,False,False,0.0008490918414446792,0.026066810174255207,0,2,0.013265707551245703,85.81,86.61,85.75,86.53,293732.99,2026-03-03 22:44:59.999000+00:00,25336384.8919,30271,180553.64,15580076.0503,0.008239095055268824,0.02125751617518803,0.011039563629976611,4.8676866781556365,0.8372093023255807,0.09302325581395157,0.06976744186046781,0.009938749566624286,64.61680419567153,0.12454092328363303,0.01574990019890589,0.01755339306899362,0.003558898274767186,0.0015181828913566342,0.023601066763741314,1.3759149862697995,0.7352511735168278,-0.4037952681909607,0.6973262589475294,1.0,0.64,0.0,-0.5000000000000004,0.8660254037844384,1,2.0,0.8951105769934087,True
SOLUSDT,trend_ema__directionboth_fast12_rsi_threshold58.0_slow89,trend_ema,2026-03-03 22:30:00+00:00,2026-03-04 01:30:00+00:00,long,0.020338162160572718,0.021138162160572717,target,12,0.2923360839134307,1,True,False,False,0.0008490918414446792,0.026066810174255207,0,2,0.01340174315605384,85.81,86.61,85.75,86.53,293732.99,2026-03-03 22:44:59.999000+00:00,25336384.8919,30271,180553.64,15580076.0503,0.008239095055268824,0.02125751617518803,0.011039563629976611,4.8676866781556365,0.8372093023255807,0.09302325581395157,0.06976744186046781,0.009938749566624286,64.61680419567153,0.12454092328363303,0.01574990019890589,0.01755339306899362,0.003558898274767186,0.0015181828913566342,0.023601066763741314,1.3759149862697995,0.7352511735168278,-0.4037952681909607,0.6973262589475294,1.0,0.64,0.0,-0.5000000000000004,0.8660254037844384,1,2.0,0.8951105769934087,True
SOLUSDT,trend_ema__directionboth_fast12_rsi_threshold55.0_slow89,trend_ema,2026-03-03 22:30:00+00:00,2026-03-04 01:30:00+00:00,long,0.020338162160572718,0.021138162160572717,target,12,0.2923360839134307,1,True,False,False,0.0008490918414446792,0.026066810174255207,0,2,0.013537778760861981,85.81,86.61,85.75,86.53,293732.99,2026-03-03 22:44:59.999000+00:00,25336384.8919,30271,180553.64,15580076.0503,0.008239095055268824,0.02125751617518803,0.011039563629976611,4.8676866781556365,0.8372093023255807,0.09302325581395157,0.06976744186046781,0.009938749566624286,64.61680419567153,0.12454092328363303,0.01574990019890589,0.01755339306899362,0.003558898274767186,0.0015181828913566342,0.023601066763741314,1.3759149862697995,0.7352511735168278,-0.4037952681909607,0.6973262589475294,1.0,0.64,0.0,-0.5000000000000004,0.8660254037844384,1,2.0,0.8951105769934087,True
SOLUSDT,trend_ema__directionboth_fast12_rsi_threshold58.0_slow89,trend_ema,2026-03-03 22:30:00+00:00,2026-03-04 01:30:00+00:00,long,0.020338162160572718,0.021138162160572717,target,12,0.2923360839134307,1,True,False,False,0.0008490918414446792,0.026066810174255207,0,2,0.01340174315605384,85.81,86.61,85.75,86.53,293732.99,2026-03-03 22:44:59.999000+00:00,25336384.8919,30271,180553.64,15580076.0503,0.008239095055268824,0.02125751617518803,0.011039563629976611,4.8676866781556365,0.8372093023255807,0.09302325581395157,0.06976744186046781,0.009938749566624286,64.61680419567153,0.12454092328363303,0.01574990019890589,0.01755339306899362,0.003558898274767186,0.0015181828913566342,0.023601066763741314,1.3759149862697995,0.7352511735168278,-0.4037952681909607,0.6973262589475294,1.0,0.64,0.0,-0.5000000000000004,0.8660254037844384,1,2.0,0.8813396120400654,True
SOLUSDT,trend_ema__directionlong_only_fast12_rsi_threshold58.0_slow89,trend_ema,2026-03-03 22:30:00+00:00,2026-03-04 01:30:00+00:00,long,0.020338162160572718,0.021138162160572717,target,12,0.2923360839134307,1,True,False,False,0.0008490918414446792,0.026066810174255207,0,2,0.01312967194643756,85.81,86.61,85.75,86.53,293732.99,2026-03-03 22:44:59.999000+00:00,25336384.8919,30271,180553.64,15580076.0503,0.008239095055268824,0.02125751617518803,0.011039563629976611,4.8676866781556365,0.8372093023255807,0.09302325581395157,0.06976744186046781,0.009938749566624286,64.61680419567153,0.12454092328363303,0.01574990019890589,0.01755339306899362,0.003558898274767186,0.0015181828913566342,0.023601066763741314,1.3759149862697995,0.7352511735168278,-0.4037952681909607,0.6973262589475294,1.0,0.64,0.0,-0.5000000000000004,0.8660254037844384,1,2.0,0.8813396120400654,True
SOLUSDT,trend_ema__directionlong_only_fast12_rsi_threshold55.0_slow89,trend_ema,2026-03-03 22:30:00+00:00,2026-03-04 01:30:00+00:00,long,0.020338162160572718,0.021138162160572717,target,12,0.2923360839134307,1,True,False,False,0.0008490918414446792,0.026066810174255207,0,0,0.013809849970478261,85.81,86.61,85.75,86.53,293732.99,2026-03-03 22:44:59.999000+00:00,25336384.8919,30271,180553.64,15580076.0503,0.008239095055268824,0.02125751617518803,0.011039563629976611,4.8676866781556365,0.8372093023255807,0.09302325581395157,0.06976744186046781,0.009938749566624286,64.61680419567153,0.12454092328363303,0.01574990019890589,0.01755339306899362,0.003558898274767186,0.0015181828913566342,0.023601066763741314,1.3759149862697995,0.7352511735168278,-0.4037952681909607,0.6973262589475294,1.0,0.64,0.0,-0.5000000000000004,0.8660254037844384,1,2.0,0.9417492040814515,True
SOLUSDT,trend_ema__directionlong_only_fast12_rsi_threshold55.0_slow89,trend_ema,2026-03-03 22:30:00+00:00,2026-03-04 01:30:00+00:00,long,0.020338162160572718,0.021138162160572717,target,12,0.2923360839134307,1,True,False,False,0.0008490918414446792,0.026066810174255207,0,0,0.013809849970478261,85.81,86.61,85.75,86.53,293732.99,2026-03-03 22:44:59.999000+00:00,25336384.8919,30271,180553.64,15580076.0503,0.008239095055268824,0.02125751617518803,0.011039563629976611,4.8676866781556365,0.8372093023255807,0.09302325581395157,0.06976744186046781,0.009938749566624286,64.61680419567153,0.12454092328363303,0.01574990019890589,0.01755339306899362,0.003558898274767186,0.0015181828913566342,0.023601066763741314,1.3759149862697995,0.7352511735168278,-0.4037952681909607,0.6973262589475294,1.0,0.64,0.0,-0.5000000000000004,0.8660254037844384,1,2.0,0.9392727810667043,True
SOLUSDT,trend_ema__directionboth_fast12_rsi_threshold55.0_slow89,trend_ema,2026-03-03 22:30:00+00:00,2026-03-04 01:30:00+00:00,long,0.020338162160572718,0.021138162160572717,target,12,0.2923360839134307,1,True,False,False,0.0008490918414446792,0.026066810174255207,0,2,0.013537778760861981,85.81,86.61,85.75,86.53,293732.99,2026-03-03 22:44:59.999000+00:00,25336384.8919,30271,180553.64,15580076.0503,0.008239095055268824,0.02125751617518803,0.011039563629976611,4.8676866781556365,0.8372093023255807,0.09302325581395157,0.06976744186046781,0.009938749566624286,64.61680419567153,0.12454092328363303,0.01574990019890589,0.01755339306899362,0.003558898274767186,0.0015181828913566342,0.023601066763741314,1.3759149862697995,0.7352511735168278,-0.4037952681909607,0.6973262589475294,1.0,0.64,0.0,-0.5000000000000004,0.8660254037844384,1,2.0,0.8813396120400654,True
SOLUSDT,trend_ema__directionlong_only_fast9_rsi_threshold58.0_slow89,trend_ema,2026-03-03 22:30:00+00:00,2026-03-04 01:30:00+00:00,long,0.020338162160572718,0.021138162160572717,target,12,0.2923360839134307,1,True,False,False,0.0008490918414446792,0.026066810174255207,0,0,0.013945885575286402,85.81,86.61,85.75,86.53,293732.99,2026-03-03 22:44:59.999000+00:00,25336384.8919,30271,180553.64,15580076.0503,0.008239095055268824,0.02125751617518803,0.011039563629976611,4.8676866781556365,0.8372093023255807,0.09302325581395157,0.06976744186046781,0.009938749566624286,64.61680419567153,0.12454092328363303,0.01574990019890589,0.01755339306899362,0.003558898274767186,0.0015181828913566342,0.023601066763741314,1.3759149862697995,0.7352511735168278,-0.4037952681909607,0.6973262589475294,1.0,0.64,0.0,-0.5000000000000004,0.8660254037844384,1,2.0,0.9392727810667043,True
SOLUSDT,trend_ema__directionboth_fast12_rsi_threshold52.0_slow89,trend_ema,2026-03-03 22:30:00+00:00,2026-03-04 01:30:00+00:00,long,0.020338162160572718,0.021138162160572717,target,12,0.2923360839134307,1,True,False,False,0.0008490918414446792,0.026066810174255207,0,1,0.01367381436567012,85.81,86.61,85.75,86.53,293732.99,2026-03-03 22:44:59.999000+00:00,25336384.8919,30271,180553.64,15580076.0503,0.008239095055268824,0.02125751617518803,0.011039563629976611,4.8676866781556365,0.8372093023255807,0.09302325581395157,0.06976744186046781,0.009938749566624286,64.61680419567153,0.12454092328363303,0.01574990019890589,0.01755339306899362,0.003558898274767186,0.0015181828913566342,0.023601066763741314,1.3759149862697995,0.7352511735168278,-0.4037952681909607,0.6973262589475294,1.0,0.64,0.0,-0.5000000000000004,0.8660254037844384,1,2.0,0.9084569506406917,True
SOLUSDT,trend_ema__directionboth_fast9_rsi_threshold58.0_slow89,trend_ema,2026-03-03 22:30:00+00:00,2026-03-04 01:30:00+00:00,long,0.020338162160572718,0.021138162160572717,target,12,0.2923360839134307,1,True,False,False,0.0008490918414446792,0.026066810174255207,0,2,0.013265707551245703,85.81,86.61,85.75,86.53,293732.99,2026-03-03 22:44:59.999000+00:00,25336384.8919,30271,180553.64,15580076.0503,0.008239095055268824,0.02125751617518803,0.011039563629976611,4.8676866781556365,0.8372093023255807,0.09302325581395157,0.06976744186046781,0.009938749566624286,64.61680419567153,0.12454092328363303,0.01574990019890589,0.01755339306899362,0.003558898274767186,0.0015181828913566342,0.023601066763741314,1.3759149862697995,0.7352511735168278,-0.4037952681909607,0.6973262589475294,1.0,0.64,0.0,-0.5000000000000004,0.8660254037844384,1,2.0,0.8813396120400654,True
SOLUSDT,trend_ema__directionboth_fast21_rsi_threshold55.0_slow89,trend_ema,2026-03-03 22:45:00+00:00,2026-03-04 03:30:00+00:00,long,-0.013543688357473719,-0.012743688357473719,stop,19,0.2209005943570142,0,False,True,False,0.01609581167701777,0.01752909951522973,0,0,0.014081921180094542,86.53,86.54,86.09,86.24,105784.48,2026-03-03 22:59:59.999000+00:00,9125570.4049,17577,41189.6,3553355.6392,-0.003357067457960495,0.013542116828650561,0.010373657920237353,3.0823998218847075,0.6444444444444543,0.02222222222223345,0.3333333333333123,0.005217996289424894,61.04502971785071,0.14352645865485614,0.011255377252857522,0.013690899089349487,0.0038786542401163526,0.0021656803025782434,0.026224427267222482,0.9286664391381374,0.7148760896941975,-0.9494028135557637,0.2577057893465664,1.0,0.67,-0.0033514388073501156,-0.5000000000000004,0.8660254037844384,1,2.0,0.7823659551200763,True
SOLUSDT,trend_ema__directionboth_fast21_rsi_threshold55.0_slow89,trend_ema,2026-03-03 22:45:00+00:00,2026-03-04 03:30:00+00:00,long,-0.013543688357473719,-0.012743688357473719,stop,19,0.2209005943570142,0,False,True,False,0.01609581167701777,0.01752909951522973,0,0,0.014081921180094542,86.53,86.54,86.09,86.24,105784.48,2026-03-03 22:59:59.999000+00:00,9125570.4049,17577,41189.6,3553355.6392,-0.003357067457960495,0.013542116828650561,0.010373657920237353,3.0823998218847075,0.6444444444444543,0.02222222222223345,0.3333333333333123,0.005217996289424894,61.04502971785071,0.14352645865485614,0.011255377252857522,0.013690899089349487,0.0038786542401163526,0.0021656803025782434,0.026224427267222482,0.9286664391381374,0.7148760896941975,-0.9494028135557637,0.2577057893465664,1.0,0.67,-0.0033514388073501156,-0.5000000000000004,0.8660254037844384,1,2.0,0.7610571696991474,True
XRPUSDT,trend_ema__directionlong_only_fast12_rsi_threshold58.0_slow55,trend_ema,2026-03-04 07:45:00+00:00,2026-03-04 08:45:00+00:00,long,0.010400604004728657,0.011200604004728658,target,4,0.3363646810966472,1,True,False,False,0.0012467051331696765,0.027926249819382562,0,2,-0.0037166110469464787,1.3675,1.3765,1.366,1.3742,11640007.2,2026-03-04 07:59:59.999000+00:00,15977502.52413,24955,6564602.6,9012004.73453,0.004887488300839465,0.011343383366697676,0.01621280423226327,3.463742316231057,0.6380952380952553,0.21904761904761702,0.14285714285712775,0.007640809198078848,66.81823405483236,0.0022436002991334503,0.010994781123079299,0.011530883628617464,0.00252044019559583,0.001074499658719752,0.020509136275243166,1.3136008787986102,0.006439960157277645,2.464487461213925,2.4653643353262122,1.0,0.61,0.0,0.9659258262890683,-0.25881904510252063,2,0.0,0.800152337307674,True
ETHUSDT,trend_ema__directionlong_only_fast12_rsi_threshold58.0_slow55,trend_ema,2026-03-04 07:45:00+00:00,2026-03-04 08:00:00+00:00,long,0.01318160156264314,0.01398160156264314,target,1,0.3436706676844273,1,True,False,False,0.0017509902440088793,0.01588524414655202,0,1,-0.0013723408211565363,1992.19,2010.0,1989.0,2005.72,155515.442,2026-03-04 07:59:59.999000+00:00,311328905.33432,202354,76090.241,152326366.42746,0.006768562401160023,0.01328511347173633,0.023267830854142118,3.0762215729442492,0.644285714285713,0.2038095238095225,0.1519047619047645,0.01047005564086712,67.18353338422136,4.427192002980287,0.014622988232401565,0.015546422537321249,0.003300298785430922,0.0014999499864538635,0.02888487370538025,1.2732548792049567,11.847325826724525,2.9282836641830636,3.2977566172877393,1.0,0.63,0.0,0.9659258262890683,-0.25881904510252063,2,0.0,0.8937673085000527,True
XRPUSDT,trend_ema__directionlong_only_fast9_rsi_threshold58.0_slow89,trend_ema,2026-03-04 07:45:00+00:00,2026-03-04 08:45:00+00:00,long,0.010400604004728657,0.011200604004728658,target,4,0.3363646810966472,1,True,False,False,0.0012467051331696765,0.027926249819382562,0,1,-0.0014982864779195441,1.3675,1.3765,1.366,1.3742,11640007.2,2026-03-04 07:59:59.999000+00:00,15977502.52413,24955,6564602.6,9012004.73453,0.004887488300839465,0.011343383366697676,0.01621280423226327,3.463742316231057,0.6380952380952553,0.21904761904761702,0.14285714285712775,0.007640809198078848,66.81823405483236,0.0022436002991334503,0.010994781123079299,0.011530883628617464,0.00252044019559583,0.001074499658719752,0.020509136275243166,1.3136008787986102,0.006439960157277645,2.464487461213925,2.4653643353262122,1.0,0.61,0.0,0.9659258262890683,-0.25881904510252063,2,0.0,0.8653904420855963,True
ETHUSDT,trend_ema__directionlong_only_fast21_rsi_threshold58.0_slow34,trend_ema,2026-03-04 07:45:00+00:00,2026-03-04 08:00:00+00:00,long,0.01318160156264314,0.01398160156264314,target,1,0.3436706676844273,1,True,False,False,0.0017509902440088793,0.01588524414655202,0,2,-0.0037844227954516264,1992.19,2010.0,1989.0,2005.72,155515.442,2026-03-04 07:59:59.999000+00:00,311328905.33432,202354,76090.241,152326366.42746,0.006768562401160023,0.01328511347173633,0.023267830854142118,3.0762215729442492,0.644285714285713,0.2038095238095225,0.1519047619047645,0.01047005564086712,67.18353338422136,4.427192002980287,0.014622988232401565,0.015546422537321249,0.003300298785430922,0.0014999499864538635,0.02888487370538025,1.2732548792049567,11.847325826724525,2.9282836641830636,3.2977566172877393,1.0,0.63,0.0,0.9659258262890683,-0.25881904510252063,2,0.0,0.8411825291864345,True
XRPUSDT,trend_ema__directionlong_only_fast21_rsi_threshold58.0_slow34,trend_ema,2026-03-04 07:45:00+00:00,2026-03-04 08:45:00+00:00,long,0.010400604004728657,0.011200604004728658,target,4,0.3363646810966472,1,True,False,False,0.0012467051331696765,0.027926249819382562,0,3,-0.005934935615973415,1.3675,1.3765,1.366,1.3742,11640007.2,2026-03-04 07:59:59.999000+00:00,15977502.52413,24955,6564602.6,9012004.73453,0.004887488300839465,0.011343383366697676,0.01621280423226327,3.463742316231057,0.6380952380952553,0.21904761904761702,0.14285714285712775,0.007640809198078848,66.81823405483236,0.0022436002991334503,0.010994781123079299,0.011530883628617464,0.00252044019559583,0.001074499658719752,0.020509136275243166,1.3136008787986102,0.006439960157277645,2.464487461213925,2.4653643353262122,1.0,0.61,0.0,0.9659258262890683,-0.25881904510252063,2,0.0,0.785929687451067,True
SOLUSDT,trend_ema__directionlong_only_fast12_rsi_threshold58.0_slow55,trend_ema,2026-03-04 07:45:00+00:00,2026-03-04 08:45:00+00:00,long,0.01780512228925591,0.01860512228925591,target,4,0.30066200717996594,1,True,False,False,0.002226030151308463,0.037795651450528996,0,1,0.013877164602378356,86.69,87.49,86.51,87.38,687827.68,2026-03-04 07:59:59.999000+00:00,59968720.7207,44581,392241.83,34194671.0987,0.007812539736793625,0.021048539309084808,0.019296918612498434,4.125122097206308,0.7040816326530662,0.11224489795918427,0.18367346938774948,0.011215381094071754,65.0331003589983,0.19012201673895804,0.01583919112864229,0.017381935240431825,0.003356432079528293,0.001261199108756994,0.02928311389068794,1.3145098948202425,0.6691588508149351,2.4385708685672673,2.3653869381792028,1.0,0.76,0.0,0.9659258262890683,-0.25881904510252063,2,0.0,0.9132588432821342,True
ETHUSDT,trend_ema__directionboth_fast9_rsi_threshold58.0_slow89,trend_ema,2026-03-04 07:45:00+00:00,2026-03-04 08:00:00+00:00,long,0.01318160156264314,0.01398160156264314,target,1,0.3436706676844273,1,True,False,False,0.0017509902440088793,0.01588524414655202,0,3,-0.006196504769746716,1992.19,2010.0,1989.0,2005.72,155515.442,2026-03-04 07:59:59.999000+00:00,311328905.33432,202354,76090.241,152326366.42746,0.006768562401160023,0.01328511347173633,0.023267830854142118,3.0762215729442492,0.644285714285713,0.2038095238095225,0.1519047619047645,0.01047005564086712,67.18353338422136,4.427192002980287,0.014622988232401565,0.015546422537321249,0.003300298785430922,0.0014999499864538635,0.02888487370538025,1.2732548792049567,11.847325826724525,2.9282836641830636,3.2977566172877393,1.0,0.63,0.0,0.9659258262890683,-0.25881904510252063,2,0.0,0.8323820539888217,True
ETHUSDT,trend_ema__directionlong_only_fast9_rsi_threshold58.0_slow89,trend_ema,2026-03-04 07:45:00+00:00,2026-03-04 08:00:00+00:00,long,0.01318160156264314,0.01398160156264314,target,1,0.3436706676844273,1,True,False,False,0.0017509902440088793,0.01588524414655202,0,4,-0.009053808239261711,1992.19,2010.0,1989.0,2005.72,155515.442,2026-03-04 07:59:59.999000+00:00,311328905.33432,202354,76090.241,152326366.42746,0.006768562401160023,0.01328511347173633,0.023267830854142118,3.0762215729442492,0.644285714285713,0.2038095238095225,0.1519047619047645,0.01047005564086712,67.18353338422136,4.427192002980287,0.014622988232401565,0.015546422537321249,0.003300298785430922,0.0014999499864538635,0.02888487370538025,1.2732548792049567,11.847325826724525,2.9282836641830636,3.2977566172877393,1.0,0.63,0.0,0.9659258262890683,-0.25881904510252063,2,0.0,0.8017170221031131,True
SOLUSDT,trend_ema__directionlong_only_fast9_rsi_threshold58.0_slow55,trend_ema,2026-03-04 07:45:00+00:00,2026-03-04 08:45:00+00:00,long,0.01780512228925591,0.01860512228925591,target,4,0.30066200717996594,1,True,False,False,0.002226030151308463,0.037795651450528996,0,1,0.016467187835768556,86.69,87.49,86.51,87.38,687827.68,2026-03-04 07:59:59.999000+00:00,59968720.7207,44581,392241.83,34194671.0987,0.007812539736793625,0.021048539309084808,0.019296918612498434,4.125122097206308,0.7040816326530662,0.11224489795918427,0.18367346938774948,0.011215381094071754,65.0331003589983,0.19012201673895804,0.01583919112864229,0.017381935240431825,0.003356432079528293,0.001261199108756994,0.02928311389068794,1.3145098948202425,0.6691588508149351,2.4385708685672673,2.3653869381792028,1.0,0.76,0.0,0.9659258262890683,-0.25881904510252063,2,0.0,0.9134168708132349,True
XRPUSDT,trend_ema__directionboth_fast9_rsi_threshold58.0_slow89,trend_ema,2026-03-04 07:45:00+00:00,2026-03-04 08:45:00+00:00,long,0.010400604004728657,0.011200604004728658,target,4,0.3363646810966472,1,True,False,False,0.0012467051331696765,0.027926249819382562,0,4,-0.008153260185000349,1.3675,1.3765,1.366,1.3742,11640007.2,2026-03-04 07:59:59.999000+00:00,15977502.52413,24955,6564602.6,9012004.73453,0.004887488300839465,0.011343383366697676,0.01621280423226327,3.463742316231057,0.6380952380952553,0.21904761904761702,0.14285714285712775,0.007640809198078848,66.81823405483236,0.0022436002991334503,0.010994781123079299,0.011530883628617464,0.00252044019559583,0.001074499658719752,0.020509136275243166,1.3136008787986102,0.006439960157277645,2.464487461213925,2.4653643353262122,1.0,0.61,0.0,0.9659258262890683,-0.25881904510252063,2,0.0,0.74510221486116,True
SOLUSDT,trend_ema__directionlong_only_fast12_rsi_threshold58.0_slow55,trend_ema,2026-03-04 07:45:00+00:00,2026-03-04 08:45:00+00:00,long,0.01780512228925591,0.01860512228925591,target,4,0.30066200717996594,1,True,False,False,0.002226030151308463,0.037795651450528996,0,1,0.013877164602378356,86.69,87.49,86.51,87.38,687827.68,2026-03-04 07:59:59.999000+00:00,59968720.7207,44581,392241.83,34194671.0987,0.007812539736793625,0.021048539309084808,0.019296918612498434,4.125122097206308,0.7040816326530662,0.11224489795918427,0.18367346938774948,0.011215381094071754,65.0331003589983,0.19012201673895804,0.01583919112864229,0.017381935240431825,0.003356432079528293,0.001261199108756994,0.02928311389068794,1.3145098948202425,0.6691588508149351,2.4385708685672673,2.3653869381792028,1.0,0.76,0.0,0.9659258262890683,-0.25881904510252063,2,0.0,0.9121491824191962,True
ETHUSDT,trend_ema__directionlong_only_fast9_rsi_threshold58.0_slow89,trend_ema,2026-03-04 07:45:00+00:00,2026-03-04 08:00:00+00:00,long,0.01318160156264314,0.01398160156264314,target,1,0.3436706676844273,1,True,False,False,0.0017509902440088793,0.01588524414655202,0,4,-0.009053808239261711,1992.19,2010.0,1989.0,2005.72,155515.442,2026-03-04 07:59:59.999000+00:00,311328905.33432,202354,76090.241,152326366.42746,0.006768562401160023,0.01328511347173633,0.023267830854142118,3.0762215729442492,0.644285714285713,0.2038095238095225,0.1519047619047645,0.01047005564086712,67.18353338422136,4.427192002980287,0.014622988232401565,0.015546422537321249,0.003300298785430922,0.0014999499864538635,0.02888487370538025,1.2732548792049567,11.847325826724525,2.9282836641830636,3.2977566172877393,1.0,0.63,0.0,0.9659258262890683,-0.25881904510252063,2,0.0,0.768267233039426,True
ETHUSDT,trend_ema__directionboth_fast9_rsi_threshold58.0_slow89,trend_ema,2026-03-04 07:45:00+00:00,2026-03-04 08:00:00+00:00,long,0.01318160156264314,0.01398160156264314,target,1,0.3436706676844273,1,True,False,False,0.0017509902440088793,0.01588524414655202,0,3,-0.006196504769746716,1992.19,2010.0,1989.0,2005.72,155515.442,2026-03-04 07:59:59.999000+00:00,311328905.33432,202354,76090.241,152326366.42746,0.006768562401160023,0.01328511347173633,0.023267830854142118,3.0762215729442492,0.644285714285713,0.2038095238095225,0.1519047619047645,0.01047005564086712,67.18353338422136,4.427192002980287,0.014622988232401565,0.015546422537321249,0.003300298785430922,0.0014999499864538635,0.02888487370538025,1.2732548792049567,11.847325826724525,2.9282836641830636,3.2977566172877393,1.0,0.63,0.0,0.9659258262890683,-0.25881904510252063,2,0.0,0.8022955837689242,True
XRPUSDT,trend_ema__directionboth_fast9_rsi_threshold58.0_slow89,trend_ema,2026-03-04 07:45:00+00:00,2026-03-04 08:45:00+00:00,long,0.010400604004728657,0.011200604004728658,target,4,0.3363646810966472,1,True,False,False,0.0012467051331696765,0.027926249819382562,0,4,-0.008153260185000349,1.3675,1.3765,1.366,1.3742,11640007.2,2026-03-04 07:59:59.999000+00:00,15977502.52413,24955,6564602.6,9012004.73453,0.004887488300839465,0.011343383366697676,0.01621280423226327,3.463742316231057,0.6380952380952553,0.21904761904761702,0.14285714285712775,0.007640809198078848,66.81823405483236,0.0022436002991334503,0.010994781123079299,0.011530883628617464,0.00252044019559583,0.001074499658719752,0.020509136275243166,1.3136008787986102,0.006439960157277645,2.464487461213925,2.4653643353262122,1.0,0.61,0.0,0.9659258262890683,-0.25881904510252063,2,0.0,0.7410600902490392,True
XRPUSDT,trend_ema__directionlong_only_fast21_rsi_threshold58.0_slow34,trend_ema,2026-03-04 07:45:00+00:00,2026-03-04 08:45:00+00:00,long,0.010400604004728657,0.011200604004728658,target,4,0.3363646810966472,1,True,False,False,0.0012467051331696765,0.027926249819382562,0,3,-0.005934935615973415,1.3675,1.3765,1.366,1.3742,11640007.2,2026-03-04 07:59:59.999000+00:00,15977502.52413,24955,6564602.6,9012004.73453,0.004887488300839465,0.011343383366697676,0.01621280423226327,3.463742316231057,0.6380952380952553,0.21904761904761702,0.14285714285712775,0.007640809198078848,66.81823405483236,0.0022436002991334503,0.010994781123079299,0.011530883628617464,0.00252044019559583,0.001074499658719752,0.020509136275243166,1.3136008787986102,0.006439960157277645,2.464487461213925,2.4653643353262122,1.0,0.61,0.0,0.9659258262890683,-0.25881904510252063,2,0.0,0.7806072686209499,True
ETHUSDT,trend_ema__directionlong_only_fast21_rsi_threshold58.0_slow34,trend_ema,2026-03-04 07:45:00+00:00,2026-03-04 08:00:00+00:00,long,0.01318160156264314,0.01398160156264314,target,1,0.3436706676844273,1,True,False,False,0.0017509902440088793,0.01588524414655202,0,2,-0.0037844227954516264,1992.19,2010.0,1989.0,2005.72,155515.442,2026-03-04 07:59:59.999000+00:00,311328905.33432,202354,76090.241,152326366.42746,0.006768562401160023,0.01328511347173633,0.023267830854142118,3.0762215729442492,0.644285714285713,0.2038095238095225,0.1519047619047645,0.01047005564086712,67.18353338422136,4.427192002980287,0.014622988232401565,0.015546422537321249,0.003300298785430922,0.0014999499864538635,0.02888487370538025,1.2732548792049567,11.847325826724525,2.9282836641830636,3.2977566172877393,1.0,0.63,0.0,0.9659258262890683,-0.25881904510252063,2,0.0,0.829895867909841,True
SOLUSDT,trend_ema__directionlong_only_fast9_rsi_threshold58.0_slow55,trend_ema,2026-03-04 07:45:00+00:00,2026-03-04 08:45:00+00:00,long,0.01780512228925591,0.01860512228925591,target,4,0.30066200717996594,1,True,False,False,0.002226030151308463,0.037795651450528996,0,1,0.016467187835768556,86.69,87.49,86.51,87.38,687827.68,2026-03-04 07:59:59.999000+00:00,59968720.7207,44581,392241.83,34194671.0987,0.007812539736793625,0.021048539309084808,0.019296918612498434,4.125122097206308,0.7040816326530662,0.11224489795918427,0.18367346938774948,0.011215381094071754,65.0331003589983,0.19012201673895804,0.01583919112864229,0.017381935240431825,0.003356432079528293,0.001261199108756994,0.02928311389068794,1.3145098948202425,0.6691588508149351,2.4385708685672673,2.3653869381792028,1.0,0.76,0.0,0.9659258262890683,-0.25881904510252063,2,0.0,0.9121491824191962,True
XRPUSDT,trend_ema__directionlong_only_fast9_rsi_threshold58.0_slow89,trend_ema,2026-03-04 07:45:00+00:00,2026-03-04 08:45:00+00:00,long,0.010400604004728657,0.011200604004728658,target,4,0.3363646810966472,1,True,False,False,0.0012467051331696765,0.027926249819382562,0,1,-0.0014982864779195441,1.3675,1.3765,1.366,1.3742,11640007.2,2026-03-04 07:59:59.999000+00:00,15977502.52413,24955,6564602.6,9012004.73453,0.004887488300839465,0.011343383366697676,0.01621280423226327,3.463742316231057,0.6380952380952553,0.21904761904761702,0.14285714285712775,0.007640809198078848,66.81823405483236,0.0022436002991334503,0.010994781123079299,0.011530883628617464,0.00252044019559583,0.001074499658719752,0.020509136275243166,1.3136008787986102,0.006439960157277645,2.464487461213925,2.4653643353262122,1.0,0.61,0.0,0.9659258262890683,-0.25881904510252063,2,0.0,0.8531767337274925,True
ETHUSDT,trend_ema__directionlong_only_fast12_rsi_threshold58.0_slow55,trend_ema,2026-03-04 07:45:00+00:00,2026-03-04 08:00:00+00:00,long,0.01318160156264314,0.01398160156264314,target,1,0.3436706676844273,1,True,False,False,0.0017509902440088793,0.01588524414655202,0,1,-0.0013723408211565363,1992.19,2010.0,1989.0,2005.72,155515.442,2026-03-04 07:59:59.999000+00:00,311328905.33432,202354,76090.241,152326366.42746,0.006768562401160023,0.01328511347173633,0.023267830854142118,3.0762215729442492,0.644285714285713,0.2038095238095225,0.1519047619047645,0.01047005564086712,67.18353338422136,4.427192002980287,0.014622988232401565,0.015546422537321249,0.003300298785430922,0.0014999499864538635,0.02888487370538025,1.2732548792049567,11.847325826724525,2.9282836641830636,3.2977566172877393,1.0,0.63,0.0,0.9659258262890683,-0.25881904510252063,2,0.0,0.8797458270204616,True
XRPUSDT,trend_ema__directionlong_only_fast12_rsi_threshold58.0_slow55,trend_ema,2026-03-04 07:45:00+00:00,2026-03-04 08:45:00+00:00,long,0.010400604004728657,0.011200604004728658,target,4,0.3363646810966472,1,True,False,False,0.0012467051331696765,0.027926249819382562,0,2,-0.0037166110469464787,1.3675,1.3765,1.366,1.3742,11640007.2,2026-03-04 07:59:59.999000+00:00,15977502.52413,24955,6564602.6,9012004.73453,0.004887488300839465,0.011343383366697676,0.01621280423226327,3.463742316231057,0.6380952380952553,0.21904761904761702,0.14285714285712775,0.007640809198078848,66.81823405483236,0.0022436002991334503,0.010994781123079299,0.011530883628617464,0.00252044019559583,0.001074499658719752,0.020509136275243166,1.3136008787986102,0.006439960157277645,2.464487461213925,2.4653643353262122,1.0,0.61,0.0,0.9659258262890683,-0.25881904510252063,2,0.0,0.806257675755588,True
ETHUSDT,trend_ema__directionboth_fast12_rsi_threshold55.0_slow89,trend_ema,2026-03-04 08:00:00+00:00,2026-03-04 08:45:00+00:00,long,0.013964782788109127,0.014764782788109127,target,3,0.36837504448821135,1,True,False,False,0.00330050880759038,0.030218751460680256,0,0,0.011087244564187729,2005.71,2024.14,2002.89,2009.2,200545.883,2026-03-04 08:14:59.999000+00:00,403428707.06194,246682,119206.614,239859464.01568,0.00173353435261031,0.017370786698540537,0.025195302126825386,4.050254515222934,0.16423529411764748,0.7030588235294143,0.13270588235293818,0.010576348795540513,68.41875222441057,5.081457392584522,0.01477448449495072,0.016574997755093614,0.004159738122104573,0.0020365375583473178,0.0339909825040716,1.1336838731297907,12.518945410529916,3.2370233609072017,3.9164586104453663,1.0,0.62,0.0,0.8660254037844387,-0.4999999999999998,2,1.0,0.7708277119718625,True
XRPUSDT,trend_ema__directionlong_only_fast12_rsi_threshold58.0_slow89,trend_ema,2026-03-04 08:00:00+00:00,2026-03-04 08:45:00+00:00,long,0.010913225475026222,0.011713225475026222,target,3,0.35165673029277,1,True,False,False,0.004369674898761681,0.02284009796114785,0,0,0.0007200380911073914,1.3743,1.3789,1.3723,1.3753,15069872.4,2026-03-04 08:14:59.999000+00:00,20730438.91307,29457,8631587.2,11875933.24795,0.0008001455236864265,0.011996340194210203,0.017456802404159786,3.6687706572479377,0.15151515151513623,0.5454545454545577,0.3030303030303061,0.004798952955718709,67.5828365146385,0.002563733449491277,0.010663354356187954,0.011838290880418946,0.003086528195231031,0.0015120405259441139,0.024070287227714256,1.1385211076701016,0.006451391574614952,2.956716931635515,2.9758734164024743,1.0,0.6,0.0,0.8660254037844387,-0.4999999999999998,2,1.0,0.800616001921753,True
ETHUSDT,trend_ema__directionlong_only_fast12_rsi_threshold55.0_slow89,trend_ema,2026-03-04 08:00:00+00:00,2026-03-04 08:45:00+00:00,long,0.013964782788109127,0.014764782788109127,target,3,0.36837504448821135,1,True,False,False,0.00330050880759038,0.030218751460680256,0,0,0.0010397411531385531,2005.71,2024.14,2002.89,2009.2,200545.883,2026-03-04 08:14:59.999000+00:00,403428707.06194,246682,119206.614,239859464.01568,0.00173353435261031,0.017370786698540537,0.025195302126825386,4.050254515222934,0.16423529411764748,0.7030588235294143,0.13270588235293818,0.010576348795540513,68.41875222441057,5.081457392584522,0.01477448449495072,0.016574997755093614,0.004159738122104573,0.0020365375583473178,0.0339909825040716,1.1336838731297907,12.518945410529916,3.2370233609072017,3.9164586104453663,1.0,0.62,0.0,0.8660254037844387,-0.4999999999999998,2,1.0,0.8042611180843889,True
XRPUSDT,trend_ema__directionboth_fast12_rsi_threshold58.0_slow89,trend_ema,2026-03-04 08:00:00+00:00,2026-03-04 08:45:00+00:00,long,0.010913225475026222,0.011713225475026222,target,3,0.35165673029277,1,True,False,False,0.004369674898761681,0.02284009796114785,0,0,0.0031235258831376284,1.3743,1.3789,1.3723,1.3753,15069872.4,2026-03-04 08:14:59.999000+00:00,20730438.91307,29457,8631587.2,11875933.24795,0.0008001455236864265,0.011996340194210203,0.017456802404159786,3.6687706572479377,0.15151515151513623,0.5454545454545577,0.3030303030303061,0.004798952955718709,67.5828365146385,0.002563733449491277,0.010663354356187954,0.011838290880418946,0.003086528195231031,0.0015120405259441139,0.024070287227714256,1.1385211076701016,0.006451391574614952,2.956716931635515,2.9758734164024743,1.0,0.6,0.0,0.8660254037844387,-0.4999999999999998,2,1.0,0.8020530854525554,True
ETHUSDT,trend_ema__directionboth_fast12_rsi_threshold52.0_slow89,trend_ema,2026-03-04 08:00:00+00:00,2026-03-04 08:45:00+00:00,long,0.013964782788109127,0.014764782788109127,target,3,0.36837504448821135,1,True,False,False,0.00330050880759038,0.030218751460680256,0,0,0.0060865391669278155,2005.71,2024.14,2002.89,2009.2,200545.883,2026-03-04 08:14:59.999000+00:00,403428707.06194,246682,119206.614,239859464.01568,0.00173353435261031,0.017370786698540537,0.025195302126825386,4.050254515222934,0.16423529411764748,0.7030588235294143,0.13270588235293818,0.010576348795540513,68.41875222441057,5.081457392584522,0.01477448449495072,0.016574997755093614,0.004159738122104573,0.0020365375583473178,0.0339909825040716,1.1336838731297907,12.518945410529916,3.2370233609072017,3.9164586104453663,1.0,0.62,0.0,0.8660254037844387,-0.4999999999999998,2,1.0,0.8200286151290384,True
XRPUSDT,trend_ema__directionlong_only_fast12_rsi_threshold55.0_slow89,trend_ema,2026-03-04 08:00:00+00:00,2026-03-04 08:45:00+00:00,long,0.010913225475026222,0.011713225475026222,target,3,0.35165673029277,1,True,False,False,0.004369674898761681,0.02284009796114785,0,0,0.007196966250506776,1.3743,1.3789,1.3723,1.3753,15069872.4,2026-03-04 08:14:59.999000+00:00,20730438.91307,29457,8631587.2,11875933.24795,0.0008001455236864265,0.011996340194210203,0.017456802404159786,3.6687706572479377,0.15151515151513623,0.5454545454545577,0.3030303030303061,0.004798952955718709,67.5828365146385,0.002563733449491277,0.010663354356187954,0.011838290880418946,0.003086528195231031,0.0015120405259441139,0.024070287227714256,1.1385211076701016,0.006451391574614952,2.956716931635515,2.9758734164024743,1.0,0.6,0.0,0.8660254037844387,-0.4999999999999998,2,1.0,0.8047011639845487,True
ETHUSDT,trend_ema__directionlong_only_fast12_rsi_threshold58.0_slow89,trend_ema,2026-03-04 08:00:00+00:00,2026-03-04 08:45:00+00:00,long,0.013964782788109127,0.014764782788109127,target,3,0.36837504448821135,1,True,False,False,0.00330050880759038,0.030218751460680256,0,0,0.008586891865557772,2005.71,2024.14,2002.89,2009.2,200545.883,2026-03-04 08:14:59.999000+00:00,403428707.06194,246682,119206.614,239859464.01568,0.00173353435261031,0.017370786698540537,0.025195302126825386,4.050254515222934,0.16423529411764748,0.7030588235294143,0.13270588235293818,0.010576348795540513,68.41875222441057,5.081457392584522,0.01477448449495072,0.016574997755093614,0.004159738122104573,0.0020365375583473178,0.0339909825040716,1.1336838731297907,12.518945410529916,3.2370233609072017,3.9164586104453663,1.0,0.62,0.0,0.8660254037844387,-0.4999999999999998,2,1.0,0.8257951043307832,True
XRPUSDT,trend_ema__directionboth_fast12_rsi_threshold55.0_slow89,trend_ema,2026-03-04 08:00:00+00:00,2026-03-04 08:45:00+00:00,long,0.010913225475026222,0.011713225475026222,target,3,0.35165673029277,1,True,False,False,0.004369674898761681,0.02284009796114785,0,0,0.005463162914868305,1.3743,1.3789,1.3723,1.3753,15069872.4,2026-03-04 08:14:59.999000+00:00,20730438.91307,29457,8631587.2,11875933.24795,0.0008001455236864265,0.011996340194210203,0.017456802404159786,3.6687706572479377,0.15151515151513623,0.5454545454545577,0.3030303030303061,0.004798952955718709,67.5828365146385,0.002563733449491277,0.010663354356187954,0.011838290880418946,0.003086528195231031,0.0015120405259441139,0.024070287227714256,1.1385211076701016,0.006451391574614952,2.956716931635515,2.9758734164024743,1.0,0.6,0.0,0.8660254037844387,-0.4999999999999998,2,1.0,0.8053990365109287,True
XRPUSDT,trend_ema__directionboth_fast12_rsi_threshold52.0_slow89,trend_ema,2026-03-04 08:00:00+00:00,2026-03-04 08:45:00+00:00,long,0.010913225475026222,0.011713225475026222,target,3,0.35165673029277,1,True,False,False,0.004369674898761681,0.02284009796114785,0,0,0.008930769586145245,1.3743,1.3789,1.3723,1.3753,15069872.4,2026-03-04 08:14:59.999000+00:00,20730438.91307,29457,8631587.2,11875933.24795,0.0008001455236864265,0.011996340194210203,0.017456802404159786,3.6687706572479377,0.15151515151513623,0.5454545454545577,0.3030303030303061,0.004798952955718709,67.5828365146385,0.002563733449491277,0.010663354356187954,0.011838290880418946,0.003086528195231031,0.0015120405259441139,0.024070287227714256,1.1385211076701016,0.006451391574614952,2.956716931635515,2.9758734164024743,1.0,0.6,0.0,0.8660254037844387,-0.4999999999999998,2,1.0,0.8062979097062954,True
ETHUSDT,trend_ema__directionboth_fast12_rsi_threshold58.0_slow89,trend_ema,2026-03-04 08:00:00+00:00,2026-03-04 08:45:00+00:00,long,0.013964782788109127,0.014764782788109127,target,3,0.36837504448821135,1,True,False,False,0.00330050880759038,0.030218751460680256,0,0,0.003563140160033184,2005.71,2024.14,2002.89,2009.2,200545.883,2026-03-04 08:14:59.999000+00:00,403428707.06194,246682,119206.614,239859464.01568,0.00173353435261031,0.017370786698540537,0.025195302126825386,4.050254515222934,0.16423529411764748,0.7030588235294143,0.13270588235293818,0.010576348795540513,68.41875222441057,5.081457392584522,0.01477448449495072,0.016574997755093614,0.004159738122104573,0.0020365375583473178,0.0339909825040716,1.1336838731297907,12.518945410529916,3.2370233609072017,3.9164586104453663,1.0,0.62,0.0,0.8660254037844387,-0.4999999999999998,2,1.0,0.81062293605988,True
ETHUSDT,trend_ema__directionlong_only_fast12_rsi_threshold58.0_slow89,trend_ema,2026-03-04 08:00:00+00:00,2026-03-04 08:45:00+00:00,long,0.013964782788109127,0.014764782788109127,target,3,0.36837504448821135,1,True,False,False,0.00330050880759038,0.030218751460680256,0,0,0.008586891865557772,2005.71,2024.14,2002.89,2009.2,200545.883,2026-03-04 08:14:59.999000+00:00,403428707.06194,246682,119206.614,239859464.01568,0.00173353435261031,0.017370786698540537,0.025195302126825386,4.050254515222934,0.16423529411764748,0.7030588235294143,0.13270588235293818,0.010576348795540513,68.41875222441057,5.081457392584522,0.01477448449495072,0.016574997755093614,0.004159738122104573,0.0020365375583473178,0.0339909825040716,1.1336838731297907,12.518945410529916,3.2370233609072017,3.9164586104453663,1.0,0.62,0.0,0.8660254037844387,-0.4999999999999998,2,1.0,0.772009121655327,True
ETHUSDT,trend_ema__directionboth_fast12_rsi_threshold58.0_slow89,trend_ema,2026-03-04 08:00:00+00:00,2026-03-04 08:45:00+00:00,long,0.013964782788109127,0.014764782788109127,target,3,0.36837504448821135,1,True,False,False,0.00330050880759038,0.030218751460680256,0,0,0.003563140160033184,2005.71,2024.14,2002.89,2009.2,200545.883,2026-03-04 08:14:59.999000+00:00,403428707.06194,246682,119206.614,239859464.01568,0.00173353435261031,0.017370786698540537,0.025195302126825386,4.050254515222934,0.16423529411764748,0.7030588235294143,0.13270588235293818,0.010576348795540513,68.41875222441057,5.081457392584522,0.01477448449495072,0.016574997755093614,0.004159738122104573,0.0020365375583473178,0.0339909825040716,1.1336838731297907,12.518945410529916,3.2370233609072017,3.9164586104453663,1.0,0.62,0.0,0.8660254037844387,-0.4999999999999998,2,1.0,0.7524855543908627,True
XRPUSDT,trend_ema__directionboth_fast12_rsi_threshold52.0_slow89,trend_ema,2026-03-04 08:00:00+00:00,2026-03-04 08:45:00+00:00,long,0.010913225475026222,0.011713225475026222,target,3,0.35165673029277,1,True,False,False,0.004369674898761681,0.02284009796114785,0,0,0.008930769586145245,1.3743,1.3789,1.3723,1.3753,15069872.4,2026-03-04 08:14:59.999000+00:00,20730438.91307,29457,8631587.2,11875933.24795,0.0008001455236864265,0.011996340194210203,0.017456802404159786,3.6687706572479377,0.15151515151513623,0.5454545454545577,0.3030303030303061,0.004798952955718709,67.5828365146385,0.002563733449491277,0.010663354356187954,0.011838290880418946,0.003086528195231031,0.0015120405259441139,0.024070287227714256,1.1385211076701016,0.006451391574614952,2.956716931635515,2.9758734164024743,1.0,0.6,0.0,0.8660254037844387,-0.4999999999999998,2,1.0,0.7843836042725731,True
ETHUSDT,trend_ema__directionboth_fast12_rsi_threshold55.0_slow89,trend_ema,2026-03-04 08:00:00+00:00,2026-03-04 08:45:00+00:00,long,0.013964782788109127,0.014764782788109127,target,3,0.36837504448821135,1,True,False,False,0.00330050880759038,0.030218751460680256,0,0,0.011087244564187729,2005.71,2024.14,2002.89,2009.2,200545.883,2026-03-04 08:14:59.999000+00:00,403428707.06194,246682,119206.614,239859464.01568,0.00173353435261031,0.017370786698540537,0.025195302126825386,4.050254515222934,0.16423529411764748,0.7030588235294143,0.13270588235293818,0.010576348795540513,68.41875222441057,5.081457392584522,0.01477448449495072,0.016574997755093614,0.004159738122104573,0.0020365375583473178,0.0339909825040716,1.1336838731297907,12.518945410529916,3.2370233609072017,3.9164586104453663,1.0,0.62,0.0,0.8660254037844387,-0.4999999999999998,2,1.0,0.8264095818746905,True
XRPUSDT,trend_ema__directionboth_fast21_rsi_threshold55.0_slow89,trend_ema,2026-03-04 08:15:00+00:00,2026-03-04 08:45:00+00:00,long,0.010925485368671075,0.011725485368671075,target,2,0.19526289670072458,1,True,False,False,0.005093611730799132,0.022096376520036085,0,0,0.010664572921783716,1.3753,1.3753,1.3685,1.3695,8043872.0,2026-03-04 08:29:59.999000+00:00,11031304.72241,17596,3307615.7,4535676.21917,-0.00422617941752923,0.004170788616580387,0.017011345826536538,1.264311553987851,0.8529411764706026,0.0,0.14705882352939736,0.004965315808689243,59.76314483503623,0.002252307575711433,0.005856879072141049,0.007353175567784938,0.0029307217295033716,0.0017589814000236181,0.025424264736489836,0.6980121084112824,0.0064762921764281636,0.8269644229056522,1.5390876459977285,1.0,0.61,-0.004217261688358898,0.8660254037844387,-0.4999999999999998,2,1.0,0.7405762013912703,True
ETHUSDT,trend_ema__directionboth_fast21_rsi_threshold55.0_slow89,trend_ema,2026-03-04 08:15:00+00:00,2026-03-04 08:45:00+00:00,long,0.014774691233267386,0.015574691233267386,target,2,0.3026727188070112,1,True,False,False,0.005031785546721075,0.028429251439478956,0,0,0.013587597262817686,2009.2,2009.29,1999.39,2004.87,82144.465,2026-03-04 08:29:59.999000+00:00,164664035.12344,126294,38671.239,77521497.91504,-0.002157412142524895,0.010030838066613031,0.026274014676853225,2.472479364738841,0.437373737373759,0.009090909090900948,0.55353535353534,0.004937976028370849,65.13363594035056,4.931223002998737,0.011442209427136375,0.013884346410482265,0.004371759296059263,0.0025585279459330312,0.036955682265310846,0.8659227558235725,12.33187788120634,0.635162784834158,1.5596128832015912,1.0,0.55,-0.00215508660163255,0.8660254037844387,-0.4999999999999998,2,1.0,0.7968241974480261,True
HYPEUSDT,trend_ema__directionboth_fast12_rsi_threshold52.0_slow89,trend_ema,2026-03-04 08:30:00+00:00,2026-03-04 08:45:00+00:00,long,0.022184871552240457,0.022984871552240455,target,1,0.3025147823950053,1,True,False,False,0.0009359489702933405,0.02500110943802408,0,0,0.011913103956510894,31.803,32.063,31.778,32.017,107634.48,2026-03-04 08:44:59.999000+00:00,3441077.83881,16317,54627.6,1746096.98839,0.006737830846197901,0.01777264363208916,0.035478465896809606,2.797077401592352,0.750877192982454,0.16140350877192552,0.08771929824562037,0.008901521066933307,65.12573911975026,0.10282174721130188,0.017102744978162877,0.01866445024151444,0.005036253520549705,0.0032740274871640995,0.04999159043661069,0.9023324816406754,0.2919076496009487,-0.050855002408299335,0.9566554775411507,1.0,0.66,-0.005065257924176447,0.8660254037844387,-0.4999999999999998,2,1.0,0.8590135722291949,True
HYPEUSDT,trend_ema__directionboth_fast12_rsi_threshold58.0_slow89,trend_ema,2026-03-04 08:30:00+00:00,2026-03-04 08:45:00+00:00,long,0.022184871552240457,0.022984871552240455,target,1,0.3025147823950053,1,True,False,False,0.0009359489702933405,0.02500110943802408,0,1,0.012456644902742736,31.803,32.063,31.778,32.017,107634.48,2026-03-04 08:44:59.999000+00:00,3441077.83881,16317,54627.6,1746096.98839,0.006737830846197901,0.01777264363208916,0.035478465896809606,2.797077401592352,0.750877192982454,0.16140350877192552,0.08771929824562037,0.008901521066933307,65.12573911975026,0.10282174721130188,0.017102744978162877,0.01866445024151444,0.005036253520549705,0.0032740274871640995,0.04999159043661069,0.9023324816406754,0.2919076496009487,-0.050855002408299335,0.9566554775411507,1.0,0.66,-0.005065257924176447,0.8660254037844387,-0.4999999999999998,2,1.0,0.7570764116802344,True
HYPEUSDT,trend_ema__directionlong_only_fast12_rsi_threshold55.0_slow89,trend_ema,2026-03-04 08:30:00+00:00,2026-03-04 08:45:00+00:00,long,0.022184871552240457,0.022984871552240455,target,1,0.3025147823950053,1,True,False,False,0.0009359489702933405,0.02500110943802408,0,0,0.012184874429626815,31.803,32.063,31.778,32.017,107634.48,2026-03-04 08:44:59.999000+00:00,3441077.83881,16317,54627.6,1746096.98839,0.006737830846197901,0.01777264363208916,0.035478465896809606,2.797077401592352,0.750877192982454,0.16140350877192552,0.08771929824562037,0.008901521066933307,65.12573911975026,0.10282174721130188,0.017102744978162877,0.01866445024151444,0.005036253520549705,0.0032740274871640995,0.04999159043661069,0.9023324816406754,0.2919076496009487,-0.050855002408299335,0.9566554775411507,1.0,0.66,-0.005065257924176447,0.8660254037844387,-0.4999999999999998,2,1.0,0.8590135722291949,True
HYPEUSDT,trend_ema__directionboth_fast21_rsi_threshold55.0_slow89,trend_ema,2026-03-04 09:15:00+00:00,2026-03-04 12:30:00+00:00,long,-0.015316728390157278,-0.014516728390157278,stop,13,0.48334056537991643,0,False,True,False,0.01695649482833842,0.010044139562587194,0,0,0.011419139555854049,32.661,32.875,32.605,32.693,234695.96,2026-03-04 09:29:59.999000+00:00,7681707.85656,32869,120986.67,3961490.13414,0.0009486650546983643,0.027631806819044678,0.05346414795650787,4.047088416455667,0.11851851851850409,0.6740740740740743,0.20740740740742164,0.00825864864038183,74.16702826899582,0.15126572032544827,0.028275407444979417,0.0348061558288054,0.009506710861665324,0.005630115172932992,0.07308868563137519,0.9789520728899828,0.31283932440717355,0.9764497879496126,1.815903963771873,1.0,0.72,0.0,0.7071067811865476,-0.7071067811865475,2,1.0,0.7283206958701548,True
SOLUSDT,trend_ema__directionlong_only_fast9_rsi_threshold58.0_slow55,trend_ema,2026-03-05 09:30:00+00:00,2026-03-05 10:30:00+00:00,long,0.014315249632869382,0.015115249632869383,target,4,0.1870697615291995,1,True,False,False,0.0039833383082143415,0.015840613282528285,0,0,0.01541199728860169,91.29,91.88,91.11,91.21,415978.03,2026-03-05 09:44:59.999000+00:00,38032977.1682,31224,222273.65,20330860.4434,-0.0008767123849224486,0.00980562035066047,0.012466375800686748,2.8055863544516537,0.10389610389612067,0.7662337662337562,0.12987012987012317,0.008442056792018376,59.353488076459975,0.13044212415284862,0.006754666079215907,0.0066086502433046835,0.0025021519999608444,0.0008277043468900569,0.020726133109443604,0.775316688520795,0.5676004444434692,1.7523507629111847,1.8577378401666749,-1.0,0.24,-0.0008763281849053506,0.7071067811865476,-0.7071067811865475,3,1.0,0.7291826871242183,True
XRPUSDT,trend_ema__directionlong_only_fast12_rsi_threshold58.0_slow55,trend_ema,2026-03-05 10:30:00+00:00,2026-03-05 13:15:00+00:00,long,-0.008262785639057874,-0.007462785639057875,stop,11,0.3601929645207727,0,False,True,False,0.012233176830670867,0.008183263412002184,0,0,0.01077693051570657,1.4398,1.4473,1.4372,1.4426,12439592.5,2026-03-05 10:44:59.999000+00:00,17949945.88371,26861,6520691.6,9409534.89714,0.0019428260343697095,0.011854263353027434,0.017481740218755783,3.3398550818483854,0.27722772277229074,0.46534653465345815,0.2574257425742511,0.007001247747123247,68.00964822603864,0.0030241151042647236,0.01213983671266952,0.012609935496475185,0.0029238394838697612,0.0013263267113305943,0.025888473324198674,1.1472761881385878,0.0073740426910519005,2.807031387620898,2.2228164029987894,1.0,0.44,0.0,0.49999999999999994,-0.8660254037844387,3,1.0,0.8207653806255812,True
ETHUSDT,trend_ema__directionlong_only_fast21_rsi_threshold58.0_slow34,trend_ema,2026-03-05 10:45:00+00:00,2026-03-05 12:00:00+00:00,long,-0.009996362139340248,-0.009196362139340247,stop,5,0.3574838746540621,0,False,True,False,0.012132189096886473,0.00533451034780631,0,0,0.013732501142438559,2151.2,2163.0,2148.38,2155.08,68406.728,2026-03-05 10:59:59.999000+00:00,147513985.57352,116188,33270.663,71750553.03299,0.001802019863990435,0.014220762907984335,0.013063594923666119,3.980629154146989,0.2653898768809944,0.5417236662106794,0.19288645690832626,0.006783970896671999,67.8741937327031,4.695467191767033,0.01251057749768193,0.014548560544054052,0.003597395069786735,0.0017728292037639815,0.02857636861420192,1.0597910838004518,13.29287439579471,0.4285142015701203,1.2456823740406333,1.0,0.21,0.0,0.49999999999999994,-0.8660254037844387,3,1.0,0.8264251130567295,True
XRPUSDT,trend_ema__directionlong_only_fast21_rsi_threshold58.0_slow34,trend_ema,2026-03-05 10:45:00+00:00,2026-03-05 13:15:00+00:00,long,-0.008466831976297355,-0.007666831976297354,stop,10,0.41181016241080326,0,False,True,False,0.014082029809913223,0.0062961959518896635,0,1,0.008910591551327918,1.4425,1.4518,1.4424,1.447,10847061.6,2026-03-05 10:59:59.999000+00:00,15710955.19129,25075,6277191.8,9092263.4917,0.003045406561911584,0.013287614195234483,0.01651432855490424,3.7404623611452705,0.4787234042553335,0.5106382978723274,0.01063829787233917,0.006496199032481047,70.59050812054016,0.003475692096732725,0.013701439444244061,0.015000115918174604,0.003990986138046715,0.0018641048379899328,0.029925441106145565,1.1212172408897774,0.007518753927405341,1.9563360775690104,1.8448639425501396,1.0,0.45,0.0,0.49999999999999994,-0.8660254037844387,3,1.0,0.7365985230946832,True
ZECUSDT,trend_ema__directionboth_fast12_rsi_threshold58.0_slow89,trend_ema,2026-03-05 12:15:00+00:00,2026-03-05 16:15:00+00:00,short,0.019954056164572225,0.020754056164572224,target,16,0.2542542225878144,1,True,False,False,0.006820254794022651,0.027471580443791388,0,0,0.010532042908483603,233.91,233.91,232.07,232.99,25162.791,2026-03-05 12:29:59.999000+00:00,5863733.38495,26015,12350.067,2879099.27272,-0.003940891799876478,-0.012666764945132789,-0.009950755806513447,-2.2689580491847803,0.4999999999999923,0.0,0.5000000000000078,0.00789733464955579,37.28728887060928,-0.370247523995411,-0.01343282424192579,-0.017903281856347562,-0.0035738140538713603,-0.002818178897070145,0.032191986836037745,-0.8489903465847878,1.9342882906692849,1.9444459247007135,1.9304430053277075,-1.0,0.52,-0.029693486590038343,1.2246467991473532e-16,-1.0,3,1.0,0.876907118981795,True
ZECUSDT,trend_ema__directionboth_fast12_rsi_threshold52.0_slow89,trend_ema,2026-03-05 12:15:00+00:00,2026-03-05 16:15:00+00:00,short,0.019954056164572225,0.020754056164572224,target,16,0.2542542225878144,1,True,False,False,0.006820254794022651,0.027471580443791388,0,0,0.007371939428881877,233.91,233.91,232.07,232.99,25162.791,2026-03-05 12:29:59.999000+00:00,5863733.38495,26015,12350.067,2879099.27272,-0.003940891799876478,-0.012666764945132789,-0.009950755806513447,-2.2689580491847803,0.4999999999999923,0.0,0.5000000000000078,0.00789733464955579,37.28728887060928,-0.370247523995411,-0.01343282424192579,-0.017903281856347562,-0.0035738140538713603,-0.002818178897070145,0.032191986836037745,-0.8489903465847878,1.9342882906692849,1.9444459247007135,1.9304430053277075,-1.0,0.52,-0.029693486590038343,1.2246467991473532e-16,-1.0,3,1.0,0.8724956739232024,True
ZECUSDT,trend_ema__directionshort_only_fast12_rsi_threshold58.0_slow89,trend_ema,2026-03-05 12:15:00+00:00,2026-03-05 16:15:00+00:00,short,0.019954056164572225,0.020754056164572224,target,16,0.2542542225878144,1,True,False,False,0.006820254794022651,0.027471580443791388,0,0,0.00421183594928015,233.91,233.91,232.07,232.99,25162.791,2026-03-05 12:29:59.999000+00:00,5863733.38495,26015,12350.067,2879099.27272,-0.003940891799876478,-0.012666764945132789,-0.009950755806513447,-2.2689580491847803,0.4999999999999923,0.0,0.5000000000000078,0.00789733464955579,37.28728887060928,-0.370247523995411,-0.01343282424192579,-0.017903281856347562,-0.0035738140538713603,-0.002818178897070145,0.032191986836037745,-0.8489903465847878,1.9342882906692849,1.9444459247007135,1.9304430053277075,-1.0,0.52,-0.029693486590038343,1.2246467991473532e-16,-1.0,3,1.0,0.8587332405351423,True
ZECUSDT,trend_ema__directionshort_only_fast21_rsi_threshold58.0_slow89,trend_ema,2026-03-05 12:30:00+00:00,2026-03-05 16:15:00+00:00,short,0.019957279800868,0.020757279800867997,target,15,0.177147607634206,1,True,False,False,0.010752471239784714,0.02367329348329289,0,0,0.01369214638808533,233.0,234.22,232.28,233.89,12465.836,2026-03-05 12:44:59.999000+00:00,2909070.79179,18327,6344.383,1481199.65197,0.003855385173060694,0.0008126778179902578,-0.01042052684806696,0.14503668155288335,0.45876288659793163,0.1701030927835118,0.37113402061855655,0.008294497413313942,41.1426196182897,-0.35385302330815405,-0.00862525132538894,-0.013437940606050882,-0.003417916220873951,-0.003049922470485744,0.03333813473456534,-0.5693476709839033,1.934696269907193,-0.12920423770779182,0.9406038221764851,-1.0,0.54,-0.0259453606530069,1.2246467991473532e-16,-1.0,3,1.0,0.8327838615528802,True
ZECUSDT,trend_ema__directionboth_fast21_rsi_threshold55.0_slow89,trend_ema,2026-03-05 12:30:00+00:00,2026-03-05 16:15:00+00:00,short,0.019957279800868,0.020757279800867997,target,15,0.177147607634206,1,True,False,False,0.010752471239784714,0.02367329348329289,0,0,0.016852572231316632,233.0,234.22,232.28,233.89,12465.836,2026-03-05 12:44:59.999000+00:00,2909070.79179,18327,6344.383,1481199.65197,0.003855385173060694,0.0008126778179902578,-0.01042052684806696,0.14503668155288335,0.45876288659793163,0.1701030927835118,0.37113402061855655,0.008294497413313942,41.1426196182897,-0.35385302330815405,-0.00862525132538894,-0.013437940606050882,-0.003417916220873951,-0.003049922470485744,0.03333813473456534,-0.5693476709839033,1.934696269907193,-0.12920423770779182,0.9406038221764851,-1.0,0.54,-0.0259453606530069,1.2246467991473532e-16,-1.0,3,1.0,0.8352373423439421,True
ZECUSDT,trend_ema__directionshort_only_fast21_rsi_threshold55.0_slow89,trend_ema,2026-03-05 12:30:00+00:00,2026-03-05 16:15:00+00:00,short,0.019957279800868,0.020757279800867997,target,15,0.177147607634206,1,True,False,False,0.010752471239784714,0.02367329348329289,0,0,0.020012998074547938,233.0,234.22,232.28,233.89,12465.836,2026-03-05 12:44:59.999000+00:00,2909070.79179,18327,6344.383,1481199.65197,0.003855385173060694,0.0008126778179902578,-0.01042052684806696,0.14503668155288335,0.45876288659793163,0.1701030927835118,0.37113402061855655,0.008294497413313942,41.1426196182897,-0.35385302330815405,-0.00862525132538894,-0.013437940606050882,-0.003417916220873951,-0.003049922470485744,0.03333813473456534,-0.5693476709839033,1.934696269907193,-0.12920423770779182,0.9406038221764851,-1.0,0.54,-0.0259453606530069,1.2246467991473532e-16,-1.0,3,1.0,0.8369751143968269,True
ZECUSDT,trend_ema__directionshort_only_fast21_rsi_threshold52.0_slow89,trend_ema,2026-03-05 12:30:00+00:00,2026-03-05 16:15:00+00:00,short,0.019957279800868,0.020757279800867997,target,15,0.177147607634206,1,True,False,False,0.010752471239784714,0.02367329348329289,0,0,0.019984171846819238,233.0,234.22,232.28,233.89,12465.836,2026-03-05 12:44:59.999000+00:00,2909070.79179,18327,6344.383,1481199.65197,0.003855385173060694,0.0008126778179902578,-0.01042052684806696,0.14503668155288335,0.45876288659793163,0.1701030927835118,0.37113402061855655,0.008294497413313942,41.1426196182897,-0.35385302330815405,-0.00862525132538894,-0.013437940606050882,-0.003417916220873951,-0.003049922470485744,0.03333813473456534,-0.5693476709839033,1.934696269907193,-0.12920423770779182,0.9406038221764851,-1.0,0.54,-0.0259453606530069,1.2246467991473532e-16,-1.0,3,1.0,0.8369751143968269,True
BTCUSDT,trend_ema__directionshort_only_fast12_rsi_threshold58.0_slow89,trend_ema,2026-03-05 15:30:00+00:00,2026-03-06 03:30:00+00:00,short,0.001913404175697798,0.002713404175697798,horizon,48,0.30311402204000015,1,False,False,True,0.007252443579900437,0.01268486649341178,0,0,0.0021708373818295048,71254.0,71631.0,71136.2,71425.0,7555.929,2026-03-05 15:44:59.999000+00:00,539207748.2072,149535,4533.104,323509483.9146,0.0023955867640120185,-0.007568069618833371,-0.01925617619407313,-1.833813611268021,0.34559417946644905,0.4163298302344357,0.23807599029911522,0.006927546377318907,34.84429889799999,-155.498602449207,-0.012300561370693084,-0.014535520086071453,-0.004030471719404738,-0.0020944074021337356,0.03041984039998358,-1.0106551145403198,470.6373506774767,2.0237638402820184,2.414884997531932,-1.0,0.79,-0.02620420739771223,-0.7071067811865471,-0.7071067811865479,3,1.0,0.7473886502668436,True
BTCUSDT,trend_ema__directionshort_only_fast12_rsi_threshold55.0_slow89,trend_ema,2026-03-05 15:30:00+00:00,2026-03-06 03:30:00+00:00,short,0.001913404175697798,0.002713404175697798,horizon,48,0.30311402204000015,1,False,False,True,0.007252443579900437,0.01268486649341178,0,0,0.0010891534544486957,71254.0,71631.0,71136.2,71425.0,7555.929,2026-03-05 15:44:59.999000+00:00,539207748.2072,149535,4533.104,323509483.9146,0.0023955867640120185,-0.007568069618833371,-0.01925617619407313,-1.833813611268021,0.34559417946644905,0.4163298302344357,0.23807599029911522,0.006927546377318907,34.84429889799999,-155.498602449207,-0.012300561370693084,-0.014535520086071453,-0.004030471719404738,-0.0020944074021337356,0.03041984039998358,-1.0106551145403198,470.6373506774767,2.0237638402820184,2.414884997531932,-1.0,0.79,-0.02620420739771223,-0.7071067811865471,-0.7071067811865479,3,1.0,0.742525288412381,True
BTCUSDT,trend_ema__directionboth_fast12_rsi_threshold52.0_slow89,trend_ema,2026-03-05 15:30:00+00:00,2026-03-06 03:30:00+00:00,short,0.001913404175697798,0.002713404175697798,horizon,48,0.30311402204000015,1,False,False,True,0.007252443579900437,0.01268486649341178,0,0,0.0049031847540017175,71254.0,71631.0,71136.2,71425.0,7555.929,2026-03-05 15:44:59.999000+00:00,539207748.2072,149535,4533.104,323509483.9146,0.0023955867640120185,-0.007568069618833371,-0.01925617619407313,-1.833813611268021,0.34559417946644905,0.4163298302344357,0.23807599029911522,0.006927546377318907,34.84429889799999,-155.498602449207,-0.012300561370693084,-0.014535520086071453,-0.004030471719404738,-0.0020944074021337356,0.03041984039998358,-1.0106551145403198,470.6373506774767,2.0237638402820184,2.414884997531932,-1.0,0.79,-0.02620420739771223,-0.7071067811865471,-0.7071067811865479,3,1.0,0.763035172756013,True
SOLUSDT,trend_ema__directionboth_fast12_rsi_threshold58.0_slow89,trend_ema,2026-03-05 15:30:00+00:00,2026-03-06 03:30:00+00:00,short,0.007362095832793689,0.00816209583279369,horizon,48,0.24123085396744542,1,False,False,True,0.009023770456853273,0.01332908831203388,0,0,0.0017987671516675467,89.04,89.83,88.76,89.39,713417.72,2026-03-05 15:44:59.999000+00:00,63643404.1474,55913,406813.94,36286327.8518,0.004035427514181478,-0.004576156208392676,-0.024640769358834837,-0.7877667505878468,0.3271028037383145,0.4112149532710285,0.26168224299065695,0.011970019017787149,37.93845730162773,-0.26688915374671296,-0.014156035112886503,-0.016269397295158614,-0.004919492159944694,-0.002631615555482414,0.04319978414159076,-0.8725030780938137,0.8286057070917134,1.3862538601051788,1.7849181098210403,-1.0,0.76,-0.03445668610931085,-0.7071067811865471,-0.7071067811865479,3,1.0,0.7797874583069241,True
SOLUSDT,trend_ema__directionshort_only_fast12_rsi_threshold55.0_slow89,trend_ema,2026-03-05 15:30:00+00:00,2026-03-06 03:30:00+00:00,short,0.007362095832793689,0.00816209583279369,horizon,48,0.24123085396744542,1,False,False,True,0.009023770456853273,0.01332908831203388,0,0,0.003582031079521906,89.04,89.83,88.76,89.39,713417.72,2026-03-05 15:44:59.999000+00:00,63643404.1474,55913,406813.94,36286327.8518,0.004035427514181478,-0.004576156208392676,-0.024640769358834837,-0.7877667505878468,0.3271028037383145,0.4112149532710285,0.26168224299065695,0.011970019017787149,37.93845730162773,-0.26688915374671296,-0.014156035112886503,-0.016269397295158614,-0.004919492159944694,-0.002631615555482414,0.04319978414159076,-0.8725030780938137,0.8286057070917134,1.3862538601051788,1.7849181098210403,-1.0,0.76,-0.03445668610931085,-0.7071067811865471,-0.7071067811865479,3,1.0,0.7797874583069241,True
SOLUSDT,trend_ema__directionshort_only_fast21_rsi_threshold55.0_slow55,trend_ema,2026-03-05 15:30:00+00:00,2026-03-06 03:30:00+00:00,short,0.007362095832793689,0.00816209583279369,horizon,48,0.24123085396744542,1,False,False,True,0.009023770456853273,0.01332908831203388,0,0,0.005889139135566529,89.04,89.83,88.76,89.39,713417.72,2026-03-05 15:44:59.999000+00:00,63643404.1474,55913,406813.94,36286327.8518,0.004035427514181478,-0.004576156208392676,-0.024640769358834837,-0.7877667505878468,0.3271028037383145,0.4112149532710285,0.26168224299065695,0.011970019017787149,37.93845730162773,-0.26688915374671296,-0.014156035112886503,-0.016269397295158614,-0.004919492159944694,-0.002631615555482414,0.04319978414159076,-0.8725030780938137,0.8286057070917134,1.3862538601051788,1.7849181098210403,-1.0,0.76,-0.03445668610931085,-0.7071067811865471,-0.7071067811865479,3,1.0,0.7946248776129547,True
SOLUSDT,trend_ema__directionshort_only_fast21_rsi_threshold52.0_slow55,trend_ema,2026-03-05 15:30:00+00:00,2026-03-06 03:30:00+00:00,short,0.007362095832793689,0.00816209583279369,horizon,48,0.24123085396744542,1,False,False,True,0.009023770456853273,0.01332908831203388,0,0,0.0072321073766935156,89.04,89.83,88.76,89.39,713417.72,2026-03-05 15:44:59.999000+00:00,63643404.1474,55913,406813.94,36286327.8518,0.004035427514181478,-0.004576156208392676,-0.024640769358834837,-0.7877667505878468,0.3271028037383145,0.4112149532710285,0.26168224299065695,0.011970019017787149,37.93845730162773,-0.26688915374671296,-0.014156035112886503,-0.016269397295158614,-0.004919492159944694,-0.002631615555482414,0.04319978414159076,-0.8725030780938137,0.8286057070917134,1.3862538601051788,1.7849181098210403,-1.0,0.76,-0.03445668610931085,-0.7071067811865471,-0.7071067811865479,3,1.0,0.8056797396638161,True
BTCUSDT,trend_ema__directionshort_only_fast9_rsi_threshold55.0_slow89,trend_ema,2026-03-05 15:30:00+00:00,2026-03-06 03:30:00+00:00,short,0.001913404175697798,0.002713404175697798,horizon,48,0.30311402204000015,1,False,False,True,0.007252443579900437,0.01268486649341178,0,0,0.005849291705531071,71254.0,71631.0,71136.2,71425.0,7555.929,2026-03-05 15:44:59.999000+00:00,539207748.2072,149535,4533.104,323509483.9146,0.0023955867640120185,-0.007568069618833371,-0.01925617619407313,-1.833813611268021,0.34559417946644905,0.4163298302344357,0.23807599029911522,0.006927546377318907,34.84429889799999,-155.498602449207,-0.012300561370693084,-0.014535520086071453,-0.004030471719404738,-0.0020944074021337356,0.03041984039998358,-1.0106551145403198,470.6373506774767,2.0237638402820184,2.414884997531932,-1.0,0.79,-0.02620420739771223,-0.7071067811865471,-0.7071067811865479,3,1.0,0.7628634622870354,True
SOLUSDT,trend_ema__directionshort_only_fast21_rsi_threshold58.0_slow55,trend_ema,2026-03-05 15:30:00+00:00,2026-03-06 03:30:00+00:00,short,0.007362095832793689,0.00816209583279369,horizon,48,0.24123085396744542,1,False,False,True,0.009023770456853273,0.01332908831203388,0,0,0.008575075617820501,89.04,89.83,88.76,89.39,713417.72,2026-03-05 15:44:59.999000+00:00,63643404.1474,55913,406813.94,36286327.8518,0.004035427514181478,-0.004576156208392676,-0.024640769358834837,-0.7877667505878468,0.3271028037383145,0.4112149532710285,0.26168224299065695,0.011970019017787149,37.93845730162773,-0.26688915374671296,-0.014156035112886503,-0.016269397295158614,-0.004919492159944694,-0.002631615555482414,0.04319978414159076,-0.8725030780938137,0.8286057070917134,1.3862538601051788,1.7849181098210403,-1.0,0.76,-0.03445668610931085,-0.7071067811865471,-0.7071067811865479,3,1.0,0.8104758388451387,True
BTCUSDT,trend_ema__directionshort_only_fast12_rsi_threshold52.0_slow89,trend_ema,2026-03-05 15:30:00+00:00,2026-03-06 03:30:00+00:00,short,0.001913404175697798,0.002713404175697798,horizon,48,0.30311402204000015,1,False,False,True,0.007252443579900437,0.01268486649341178,0,0,0.003957077802472364,71254.0,71631.0,71136.2,71425.0,7555.929,2026-03-05 15:44:59.999000+00:00,539207748.2072,149535,4533.104,323509483.9146,0.0023955867640120185,-0.007568069618833371,-0.01925617619407313,-1.833813611268021,0.34559417946644905,0.4163298302344357,0.23807599029911522,0.006927546377318907,34.84429889799999,-155.498602449207,-0.012300561370693084,-0.014535520086071453,-0.004030471719404738,-0.0020944074021337356,0.03041984039998358,-1.0106551145403198,470.6373506774767,2.0237638402820184,2.414884997531932,-1.0,0.79,-0.02620420739771223,-0.7071067811865471,-0.7071067811865479,3,1.0,0.7542374725688372,True
SOLUSDT,trend_ema__directionboth_fast12_rsi_threshold52.0_slow89,trend_ema,2026-03-05 15:30:00+00:00,2026-03-06 03:30:00+00:00,short,0.007362095832793689,0.00816209583279369,horizon,48,0.24123085396744542,1,False,False,True,0.009023770456853273,0.01332908831203388,0,0,0.004735585107544217,89.04,89.83,88.76,89.39,713417.72,2026-03-05 15:44:59.999000+00:00,63643404.1474,55913,406813.94,36286327.8518,0.004035427514181478,-0.004576156208392676,-0.024640769358834837,-0.7877667505878468,0.3271028037383145,0.4112149532710285,0.26168224299065695,0.011970019017787149,37.93845730162773,-0.26688915374671296,-0.014156035112886503,-0.016269397295158614,-0.004919492159944694,-0.002631615555482414,0.04319978414159076,-0.8725030780938137,0.8286057070917134,1.3862538601051788,1.7849181098210403,-1.0,0.76,-0.03445668610931085,-0.7071067811865471,-0.7071067811865479,3,1.0,0.7947797765313048,True
BTCUSDT,trend_ema__directionboth_fast12_rsi_threshold55.0_slow89,trend_ema,2026-03-05 15:30:00+00:00,2026-03-06 03:30:00+00:00,short,0.001913404175697798,0.002713404175697798,horizon,48,0.30311402204000015,1,False,False,True,0.007252443579900437,0.01268486649341178,0,0,0.0030109708509430105,71254.0,71631.0,71136.2,71425.0,7555.929,2026-03-05 15:44:59.999000+00:00,539207748.2072,149535,4533.104,323509483.9146,0.0023955867640120185,-0.007568069618833371,-0.01925617619407313,-1.833813611268021,0.34559417946644905,0.4163298302344357,0.23807599029911522,0.006927546377318907,34.84429889799999,-155.498602449207,-0.012300561370693084,-0.014535520086071453,-0.004030471719404738,-0.0020944074021337356,0.03041984039998358,-1.0106551145403198,470.6373506774767,2.0237638402820184,2.414884997531932,-1.0,0.79,-0.02620420739771223,-0.7071067811865471,-0.7071067811865479,3,1.0,0.7473886502668436,True
XRPUSDT,trend_ema__directionshort_only_fast12_rsi_threshold58.0_slow89,trend_ema,2026-03-05 16:00:00+00:00,2026-03-06 04:00:00+00:00,short,0.009927315311986042,0.010727315311986042,horizon,48,0.33381319074045845,1,False,False,True,0.0049530028374312855,0.014541446753736252,0,0,0.004409395092511167,1.416,1.4162,1.3952,1.3994,26896524.5,2026-03-05 16:14:59.999000+00:00,37748172.67153,43312,11854106.2,16629459.02059,-0.01179242194186863,-0.015598728080998383,-0.026096410040131388,-3.023547888194245,0.7904761904761914,0.009523809523808517,0.2,0.015006431327711811,33.309340462977076,-0.003217701939803767,-0.016957398999370328,-0.01882622735879988,-0.0033394576101118956,-0.0020926558160204722,0.031712389217361255,-1.2518484371182599,0.010864236988593382,3.47875054510448,3.0742609484097834,-1.0,0.78,-0.0313559908631551,-0.8660254037844385,-0.5000000000000004,3,2.0,0.8854348780900149,True
SOLUSDT,trend_ema__directionshort_only_fast21_rsi_threshold55.0_slow89,trend_ema,2026-03-05 16:00:00+00:00,2026-03-06 04:00:00+00:00,short,0.013344216317574896,0.014144216317574896,horizon,48,0.36583520717924783,1,False,False,True,0.002941866023092429,0.019057860912276584,0,0,0.007968585725307096,89.56,89.58,87.85,88.18,1598369.62,2026-03-05 16:14:59.999000+00:00,141293154.3877,71026,662845.48,58541231.7234,-0.015528611800762402,-0.01753642061804555,-0.03826940852880452,-2.6815918041455196,0.7976878612716718,0.01156069364161617,0.190751445086712,0.019618961215695212,31.708239641037608,-0.29740224669789017,-0.024328259716274718,-0.02848092316299627,-0.005103535375820201,-0.003727631351540972,0.04872005899589828,-1.1625420745502084,0.8771651249923453,3.689929870708086,3.5734883183601127,-1.0,0.82,-0.04411924119241184,-0.8660254037844385,-0.5000000000000004,3,2.0,0.9194613562075209,True
XRPUSDT,trend_ema__directionshort_only_fast12_rsi_threshold52.0_slow89,trend_ema,2026-03-05 16:00:00+00:00,2026-03-06 04:00:00+00:00,short,0.009927315311986042,0.010727315311986042,horizon,48,0.33381319074045845,1,False,False,True,0.0049530028374312855,0.014541446753736252,0,0,-0.0010117545611030398,1.416,1.4162,1.3952,1.3994,26896524.5,2026-03-05 16:14:59.999000+00:00,37748172.67153,43312,11854106.2,16629459.02059,-0.01179242194186863,-0.015598728080998383,-0.026096410040131388,-3.023547888194245,0.7904761904761914,0.009523809523808517,0.2,0.015006431327711811,33.309340462977076,-0.003217701939803767,-0.016957398999370328,-0.01882622735879988,-0.0033394576101118956,-0.0020926558160204722,0.031712389217361255,-1.2518484371182599,0.010864236988593382,3.47875054510448,3.0742609484097834,-1.0,0.78,-0.0313559908631551,-0.8660254037844385,-0.5000000000000004,3,2.0,0.8599439881163766,True
XRPUSDT,trend_ema__directionboth_fast12_rsi_threshold55.0_slow89,trend_ema,2026-03-05 16:00:00+00:00,2026-03-06 04:00:00+00:00,short,0.009927315311986042,0.010727315311986042,horizon,48,0.33381319074045845,1,False,False,True,0.0049530028374312855,0.014541446753736252,0,0,0.0007952953234350295,1.416,1.4162,1.3952,1.3994,26896524.5,2026-03-05 16:14:59.999000+00:00,37748172.67153,43312,11854106.2,16629459.02059,-0.01179242194186863,-0.015598728080998383,-0.026096410040131388,-3.023547888194245,0.7904761904761914,0.009523809523808517,0.2,0.015006431327711811,33.309340462977076,-0.003217701939803767,-0.016957398999370328,-0.01882622735879988,-0.0033394576101118956,-0.0020926558160204722,0.031712389217361255,-1.2518484371182599,0.010864236988593382,3.47875054510448,3.0742609484097834,-1.0,0.78,-0.0313559908631551,-0.8660254037844385,-0.5000000000000004,3,2.0,0.879821194083588,True
XRPUSDT,trend_ema__directionboth_fast12_rsi_threshold52.0_slow89,trend_ema,2026-03-05 16:00:00+00:00,2026-03-06 04:00:00+00:00,short,0.009927315311986042,0.010727315311986042,horizon,48,0.33381319074045845,1,False,False,True,0.0049530028374312855,0.014541446753736252,0,0,0.002602345207973098,1.416,1.4162,1.3952,1.3994,26896524.5,2026-03-05 16:14:59.999000+00:00,37748172.67153,43312,11854106.2,16629459.02059,-0.01179242194186863,-0.015598728080998383,-0.026096410040131388,-3.023547888194245,0.7904761904761914,0.009523809523808517,0.2,0.015006431327711811,33.309340462977076,-0.003217701939803767,-0.016957398999370328,-0.01882622735879988,-0.0033394576101118956,-0.0020926558160204722,0.031712389217361255,-1.2518484371182599,0.010864236988593382,3.47875054510448,3.0742609484097834,-1.0,0.78,-0.0313559908631551,-0.8660254037844385,-0.5000000000000004,3,2.0,0.8838120152725928,True
XRPUSDT,trend_ema__directionboth_fast12_rsi_threshold58.0_slow89,trend_ema,2026-03-05 16:00:00+00:00,2026-03-06 04:00:00+00:00,short,0.009927315311986042,0.010727315311986042,horizon,48,0.33381319074045845,1,False,False,True,0.0049530028374312855,0.014541446753736252,0,0,0.0062164449770492364,1.416,1.4162,1.3952,1.3994,26896524.5,2026-03-05 16:14:59.999000+00:00,37748172.67153,43312,11854106.2,16629459.02059,-0.01179242194186863,-0.015598728080998383,-0.026096410040131388,-3.023547888194245,0.7904761904761914,0.009523809523808517,0.2,0.015006431327711811,33.309340462977076,-0.003217701939803767,-0.016957398999370328,-0.01882622735879988,-0.0033394576101118956,-0.0020926558160204722,0.031712389217361255,-1.2518484371182599,0.010864236988593382,3.47875054510448,3.0742609484097834,-1.0,0.78,-0.0313559908631551,-0.8660254037844385,-0.5000000000000004,3,2.0,0.8863413689706349,True
SOLUSDT,trend_ema__directionshort_only_fast21_rsi_threshold52.0_slow89,trend_ema,2026-03-05 16:00:00+00:00,2026-03-06 04:00:00+00:00,short,0.013344216317574896,0.014144216317574896,horizon,48,0.36583520717924783,1,False,False,True,0.002941866023092429,0.019057860912276584,0,0,0.00796030788127181,89.56,89.58,87.85,88.18,1598369.62,2026-03-05 16:14:59.999000+00:00,141293154.3877,71026,662845.48,58541231.7234,-0.015528611800762402,-0.01753642061804555,-0.03826940852880452,-2.6815918041455196,0.7976878612716718,0.01156069364161617,0.190751445086712,0.019618961215695212,31.708239641037608,-0.29740224669789017,-0.024328259716274718,-0.02848092316299627,-0.005103535375820201,-0.003727631351540972,0.04872005899589828,-1.1625420745502084,0.8771651249923453,3.689929870708086,3.5734883183601127,-1.0,0.82,-0.04411924119241184,-0.8660254037844385,-0.5000000000000004,3,2.0,0.9194613562075209,True
SOLUSDT,trend_ema__directionboth_fast21_rsi_threshold55.0_slow89,trend_ema,2026-03-05 16:00:00+00:00,2026-03-06 04:00:00+00:00,short,0.013344216317574896,0.014144216317574896,horizon,48,0.36583520717924783,1,False,False,True,0.002941866023092429,0.019057860912276584,0,0,0.00855851992974993,89.56,89.58,87.85,88.18,1598369.62,2026-03-05 16:14:59.999000+00:00,141293154.3877,71026,662845.48,58541231.7234,-0.015528611800762402,-0.01753642061804555,-0.03826940852880452,-2.6815918041455196,0.7976878612716718,0.01156069364161617,0.190751445086712,0.019618961215695212,31.708239641037608,-0.29740224669789017,-0.024328259716274718,-0.02848092316299627,-0.005103535375820201,-0.003727631351540972,0.04872005899589828,-1.1625420745502084,0.8771651249923453,3.689929870708086,3.5734883183601127,-1.0,0.82,-0.04411924119241184,-0.8660254037844385,-0.5000000000000004,3,2.0,0.9194613562075209,True
XRPUSDT,trend_ema__directionshort_only_fast12_rsi_threshold55.0_slow89,trend_ema,2026-03-05 16:00:00+00:00,2026-03-06 04:00:00+00:00,short,0.009927315311986042,0.010727315311986042,horizon,48,0.33381319074045845,1,False,False,True,0.0049530028374312855,0.014541446753736252,0,0,0.008023494861587304,1.416,1.4162,1.3952,1.3994,26896524.5,2026-03-05 16:14:59.999000+00:00,37748172.67153,43312,11854106.2,16629459.02059,-0.01179242194186863,-0.015598728080998383,-0.026096410040131388,-3.023547888194245,0.7904761904761914,0.009523809523808517,0.2,0.015006431327711811,33.309340462977076,-0.003217701939803767,-0.016957398999370328,-0.01882622735879988,-0.0033394576101118956,-0.0020926558160204722,0.031712389217361255,-1.2518484371182599,0.010864236988593382,3.47875054510448,3.0742609484097834,-1.0,0.78,-0.0313559908631551,-0.8660254037844385,-0.5000000000000004,3,2.0,0.8895081370155408,True
SOLUSDT,trend_ema__directionshort_only_fast21_rsi_threshold58.0_slow89,trend_ema,2026-03-05 16:00:00+00:00,2026-03-06 04:00:00+00:00,short,0.013344216317574896,0.014144216317574896,horizon,48,0.36583520717924783,1,False,False,True,0.002941866023092429,0.019057860912276584,0,0,0.009156731978228052,89.56,89.58,87.85,88.18,1598369.62,2026-03-05 16:14:59.999000+00:00,141293154.3877,71026,662845.48,58541231.7234,-0.015528611800762402,-0.01753642061804555,-0.03826940852880452,-2.6815918041455196,0.7976878612716718,0.01156069364161617,0.190751445086712,0.019618961215695212,31.708239641037608,-0.29740224669789017,-0.024328259716274718,-0.02848092316299627,-0.005103535375820201,-0.003727631351540972,0.04872005899589828,-1.1625420745502084,0.8771651249923453,3.689929870708086,3.5734883183601127,-1.0,0.82,-0.04411924119241184,-0.8660254037844385,-0.5000000000000004,3,2.0,0.9200901084299365,True
BTCUSDT,trend_ema__directionshort_only_fast21_rsi_threshold58.0_slow89,trend_ema,2026-03-05 16:15:00+00:00,2026-03-06 04:15:00+00:00,short,0.0009115148024176019,0.001711514802417602,horizon,48,0.36512700776720325,1,False,False,True,0.009268877844621671,0.008782820026088158,0,0,0.0016128373637137392,70973.5,71095.2,70771.5,70953.8,4747.909,2026-03-05 16:29:59.999000+00:00,336826794.6404,97363,2059.232,146115703.174,-0.0002790158930333904,-0.004223400336740226,-0.02540810914789202,-0.932187971484972,0.06085881989495603,0.37596540006178,0.563175780043264,0.004562123522630177,31.74364961163984,-170.18528992518952,-0.014836118594084157,-0.019213319474268874,-0.004108906576522298,-0.003302213921487107,0.036915592528762045,-0.9626081505887466,488.1041032938833,0.4294523973647953,1.309773817202333,-1.0,0.82,-0.026823664954498394,-0.8660254037844385,-0.5000000000000004,3,2.0,0.857431591894716,True
BTCUSDT,trend_ema__directionshort_only_fast21_rsi_threshold55.0_slow89,trend_ema,2026-03-05 16:15:00+00:00,2026-03-06 04:15:00+00:00,short,0.0009115148024176019,0.001711514802417602,horizon,48,0.36512700776720325,1,False,False,True,0.009268877844621671,0.008782820026088158,0,0,0.001713026301041759,70973.5,71095.2,70771.5,70953.8,4747.909,2026-03-05 16:29:59.999000+00:00,336826794.6404,97363,2059.232,146115703.174,-0.0002790158930333904,-0.004223400336740226,-0.02540810914789202,-0.932187971484972,0.06085881989495603,0.37596540006178,0.563175780043264,0.004562123522630177,31.74364961163984,-170.18528992518952,-0.014836118594084157,-0.019213319474268874,-0.004108906576522298,-0.003302213921487107,0.036915592528762045,-0.9626081505887466,488.1041032938833,0.4294523973647953,1.309773817202333,-1.0,0.82,-0.026823664954498394,-0.8660254037844385,-0.5000000000000004,3,2.0,0.857431591894716,True
BTCUSDT,trend_ema__directionboth_fast21_rsi_threshold55.0_slow89,trend_ema,2026-03-05 16:15:00+00:00,2026-03-06 04:15:00+00:00,short,0.0009115148024176019,0.001711514802417602,horizon,48,0.36512700776720325,1,False,False,True,0.009268877844621671,0.008782820026088158,0,0,0.004537329195586646,70973.5,71095.2,70771.5,70953.8,4747.909,2026-03-05 16:29:59.999000+00:00,336826794.6404,97363,2059.232,146115703.174,-0.0002790158930333904,-0.004223400336740226,-0.02540810914789202,-0.932187971484972,0.06085881989495603,0.37596540006178,0.563175780043264,0.004562123522630177,31.74364961163984,-170.18528992518952,-0.014836118594084157,-0.019213319474268874,-0.004108906576522298,-0.003302213921487107,0.036915592528762045,-0.9626081505887466,488.1041032938833,0.4294523973647953,1.309773817202333,-1.0,0.82,-0.026823664954498394,-0.8660254037844385,-0.5000000000000004,3,2.0,0.862472716550723,True
BTCUSDT,trend_ema__directionshort_only_fast21_rsi_threshold52.0_slow89,trend_ema,2026-03-05 16:15:00+00:00,2026-03-06 04:15:00+00:00,short,0.0009115148024176019,0.001711514802417602,horizon,48,0.36512700776720325,1,False,False,True,0.009268877844621671,0.008782820026088158,0,0,0.003125177748314203,70973.5,71095.2,70771.5,70953.8,4747.909,2026-03-05 16:29:59.999000+00:00,336826794.6404,97363,2059.232,146115703.174,-0.0002790158930333904,-0.004223400336740226,-0.02540810914789202,-0.932187971484972,0.06085881989495603,0.37596540006178,0.563175780043264,0.004562123522630177,31.74364961163984,-170.18528992518952,-0.014836118594084157,-0.019213319474268874,-0.004108906576522298,-0.003302213921487107,0.036915592528762045,-0.9626081505887466,488.1041032938833,0.4294523973647953,1.309773817202333,-1.0,0.82,-0.026823664954498394,-0.8660254037844385,-0.5000000000000004,3,2.0,0.8585315297474182,True
XRPUSDT,trend_ema__directionshort_only_fast21_rsi_threshold55.0_slow89,trend_ema,2026-03-05 16:30:00+00:00,2026-03-05 19:15:00+00:00,short,-0.01216362597336051,-0.011363625973360509,stop,11,0.1441383855419747,0,False,True,False,0.01253269675380871,0.005258501881871185,0,0,0.008404258951667052,1.4054,1.415,1.4044,1.4114,7348177.4,2026-03-05 16:44:59.999000+00:00,10366088.91921,21672,4065366.4,5734639.27923,0.004260159808632612,-0.0023353748981588354,-0.018879741043113685,-0.44193052811040245,0.5660377358490601,0.33962264150944027,0.09433962264149956,0.007510273487317517,42.793080722901266,-0.0025976901434831582,-0.006437050299614864,-0.009222251581859409,-0.0036074243311535747,-0.002352523446990884,0.03324962130623121,-0.5573452235231315,0.010642122709552455,-0.28546266502721457,0.8327757011364286,-1.0,0.8,-0.019929171585306493,-0.8660254037844385,-0.5000000000000004,3,2.0,0.812289869641765,True
HYPEUSDT,trend_ema__directionboth_fast12_rsi_threshold52.0_slow89,trend_ema,2026-03-07 11:00:00+00:00,2026-03-07 14:30:00+00:00,long,0.010830582271260897,0.011630582271260898,target,14,0.28227189272227093,1,True,False,False,0.00200613472335597,0.011703377375102936,0,0,0.0012131511779074143,30.704,30.862,30.647,30.855,49214.93,2026-03-07 11:14:59.999000+00:00,1512694.24994,7520,30442.39,936070.73756,0.004873303991667805,0.005948625469741545,0.015086493033380161,2.447766704792358,0.7023255813953484,0.03255813953487396,0.26511627906977764,0.00696807648679306,64.11359463611355,0.048779920264917474,0.007839415826914413,0.008203151346051771,0.0017426748008733117,0.0009720877368692982,0.02234160931243729,0.9898634996273584,0.1480161865789871,-0.30219258931539855,0.8654478573738495,1.0,0.01,0.0,0.258819045102521,-0.9659258262890682,5,1.0,0.863222450777628,True
HYPEUSDT,trend_ema__directionlong_only_fast12_rsi_threshold55.0_slow89,trend_ema,2026-03-07 11:00:00+00:00,2026-03-07 14:30:00+00:00,long,0.010830582271260897,0.011630582271260898,target,14,0.28227189272227093,1,True,False,False,0.00200613472335597,0.011703377375102936,0,1,-0.0036767157264067348,30.704,30.862,30.647,30.855,49214.93,2026-03-07 11:14:59.999000+00:00,1512694.24994,7520,30442.39,936070.73756,0.004873303991667805,0.005948625469741545,0.015086493033380161,2.447766704792358,0.7023255813953484,0.03255813953487396,0.26511627906977764,0.00696807648679306,64.11359463611355,0.048779920264917474,0.007839415826914413,0.008203151346051771,0.0017426748008733117,0.0009720877368692982,0.02234160931243729,0.9898634996273584,0.1480161865789871,-0.30219258931539855,0.8654478573738495,1.0,0.01,0.0,0.258819045102521,-0.9659258262890682,5,1.0,0.7801727595416758,True
HYPEUSDT,trend_ema__directionboth_fast12_rsi_threshold55.0_slow89,trend_ema,2026-03-07 11:00:00+00:00,2026-03-07 14:30:00+00:00,long,0.010830582271260897,0.011630582271260898,target,14,0.28227189272227093,1,True,False,False,0.00200613472335597,0.011703377375102936,0,0,-0.0012317822742496595,30.704,30.862,30.647,30.855,49214.93,2026-03-07 11:14:59.999000+00:00,1512694.24994,7520,30442.39,936070.73756,0.004873303991667805,0.005948625469741545,0.015086493033380161,2.447766704792358,0.7023255813953484,0.03255813953487396,0.26511627906977764,0.00696807648679306,64.11359463611355,0.048779920264917474,0.007839415826914413,0.008203151346051771,0.0017426748008733117,0.0009720877368692982,0.02234160931243729,0.9898634996273584,0.1480161865789871,-0.30219258931539855,0.8654478573738495,1.0,0.01,0.0,0.258819045102521,-0.9659258262890682,5,1.0,0.8527338875467496,True
HYPEUSDT,trend_ema__directionlong_only_fast21_rsi_threshold58.0_slow34,trend_ema,2026-03-07 11:15:00+00:00,2026-03-07 15:30:00+00:00,long,-0.00799465179780581,-0.00719465179780581,stop,17,0.4064230157059242,0,False,True,False,0.00864003441130253,0.007789197849458792,0,0,0.00365808463006449,30.855,31.064,30.813,31.039,226098.66,2026-03-07 11:29:59.999000+00:00,6999912.21249,21050,157225.84,4867876.70455,0.0059456665281801485,0.010591020602713688,0.021690422429683383,4.001144107078512,0.7330677290836659,0.09960159362549185,0.16733067729084217,0.00808660072811628,70.32115078529621,0.06125265265893717,0.012414210588291385,0.013530292064151373,0.002563323328427236,0.0014045468200001299,0.026578762927105083,1.2030850024462847,0.15537217325191668,4.125244386079224,3.561622133112822,1.0,0.08,0.0,0.258819045102521,-0.9659258262890682,5,1.0,0.9004148045697076,True
HYPEUSDT,trend_ema__directionboth_fast21_rsi_threshold55.0_slow89,trend_ema,2026-03-07 11:15:00+00:00,2026-03-07 15:30:00+00:00,long,-0.00799465179780581,-0.00719465179780581,stop,17,0.4064230157059242,0,False,True,False,0.00864003441130253,0.007789197849458792,0,1,0.0042204946753148925,30.855,31.064,30.813,31.039,226098.66,2026-03-07 11:29:59.999000+00:00,6999912.21249,21050,157225.84,4867876.70455,0.0059456665281801485,0.010591020602713688,0.021690422429683383,4.001144107078512,0.7330677290836659,0.09960159362549185,0.16733067729084217,0.00808660072811628,70.32115078529621,0.06125265265893717,0.012414210588291385,0.013530292064151373,0.002563323328427236,0.0014045468200001299,0.026578762927105083,1.2030850024462847,0.15537217325191668,4.125244386079224,3.561622133112822,1.0,0.08,0.0,0.258819045102521,-0.9659258262890682,5,1.0,0.8516244797964982,True
HYPEUSDT,trend_ema__directionboth_fast12_rsi_threshold52.0_slow89,trend_ema,2026-03-07 18:45:00+00:00,2026-03-07 19:30:00+00:00,short,0.0131254496849743,0.0139254496849743,target,3,0.24356774645900103,1,True,False,False,0.0006752251801962193,0.021251986577073598,0,0,0.006604638071472629,30.469,30.485,30.422,30.442,25966.33,2026-03-07 18:59:59.999000+00:00,790827.70229,5760,11550.89,351797.46422,-0.0008537186530666066,-0.012859604739540611,-0.018583237561715104,-2.9635438472196896,0.42857142857145275,0.2539682539682307,0.31746031746031655,0.0020695092306681176,37.82161267704995,-0.05010732259008433,-0.008112672345096945,-0.008638295223689217,-0.0025893994130280484,-0.0013699367712494137,0.023752142255585394,-0.847057991409127,0.16207147055836277,-0.749241791196433,0.37840175627712896,-1.0,0.72,-0.018633139909735585,-1.0,-1.8369701987210297e-16,5,2.0,0.8605915382328194,True
HYPEUSDT,trend_ema__directionshort_only_fast12_rsi_threshold52.0_slow89,trend_ema,2026-03-07 18:45:00+00:00,2026-03-07 19:30:00+00:00,short,0.0131254496849743,0.0139254496849743,target,3,0.24356774645900103,1,True,False,False,0.0006752251801962193,0.021251986577073598,0,0,0.004432248774051595,30.469,30.485,30.422,30.442,25966.33,2026-03-07 18:59:59.999000+00:00,790827.70229,5760,11550.89,351797.46422,-0.0008537186530666066,-0.012859604739540611,-0.018583237561715104,-2.9635438472196896,0.42857142857145275,0.2539682539682307,0.31746031746031655,0.0020695092306681176,37.82161267704995,-0.05010732259008433,-0.008112672345096945,-0.008638295223689217,-0.0025893994130280484,-0.0013699367712494137,0.023752142255585394,-0.847057991409127,0.16207147055836277,-0.749241791196433,0.37840175627712896,-1.0,0.72,-0.018633139909735585,-1.0,-1.8369701987210297e-16,5,2.0,0.8574606317419025,True
HYPEUSDT,trend_ema__directionshort_only_fast12_rsi_threshold55.0_slow89,trend_ema,2026-03-07 18:45:00+00:00,2026-03-07 19:30:00+00:00,short,0.0131254496849743,0.0139254496849743,target,3,0.24356774645900103,1,True,False,False,0.0006752251801962193,0.021251986577073598,0,0,0.0022598594766305618,30.469,30.485,30.422,30.442,25966.33,2026-03-07 18:59:59.999000+00:00,790827.70229,5760,11550.89,351797.46422,-0.0008537186530666066,-0.012859604739540611,-0.018583237561715104,-2.9635438472196896,0.42857142857145275,0.2539682539682307,0.31746031746031655,0.0020695092306681176,37.82161267704995,-0.05010732259008433,-0.008112672345096945,-0.008638295223689217,-0.0025893994130280484,-0.0013699367712494137,0.023752142255585394,-0.847057991409127,0.16207147055836277,-0.749241791196433,0.37840175627712896,-1.0,0.72,-0.018633139909735585,-1.0,-1.8369701987210297e-16,5,2.0,0.8540475428930151,True
HYPEUSDT,trend_ema__directionshort_only_fast21_rsi_threshold55.0_slow55,trend_ema,2026-03-07 19:00:00+00:00,2026-03-07 19:30:00+00:00,short,0.01251141682210206,0.01331141682210206,target,2,0.288385600272814,1,True,False,False,0.0015298569791216048,0.020416081825603755,0,0,0.012998999391161285,30.443,30.485,30.361,30.374,44075.92,2026-03-07 19:14:59.999000+00:00,1340239.90471,8647,17661.81,537098.16487,-0.0022362545493969173,-9.876380643738635e-05,-0.016975010983981048,-0.023026297841624407,0.5564516129032524,0.3387096774193424,0.10483870967740526,0.0040824389280305125,35.5807199863593,-0.05307186149434902,-0.009382011336543141,-0.010469081642825276,-0.002667100261141586,-0.0019052452705596856,0.025971468234431538,-0.886789453320226,0.1593520798041939,-0.39957429850254106,0.6601402948948524,-1.0,0.72,-0.020825274016763373,-0.9659258262890684,0.2588190451025203,5,2.0,0.8809326816060967,True
HYPEUSDT,trend_ema__directionshort_only_fast21_rsi_threshold58.0_slow55,trend_ema,2026-03-07 19:00:00+00:00,2026-03-07 19:30:00+00:00,short,0.01251141682210206,0.01331141682210206,target,2,0.288385600272814,1,True,False,False,0.0015298569791216048,0.020416081825603755,0,0,0.008777027368893662,30.443,30.485,30.361,30.374,44075.92,2026-03-07 19:14:59.999000+00:00,1340239.90471,8647,17661.81,537098.16487,-0.0022362545493969173,-9.876380643738635e-05,-0.016975010983981048,-0.023026297841624407,0.5564516129032524,0.3387096774193424,0.10483870967740526,0.0040824389280305125,35.5807199863593,-0.05307186149434902,-0.009382011336543141,-0.010469081642825276,-0.002667100261141586,-0.0019052452705596856,0.025971468234431538,-0.886789453320226,0.1593520798041939,-0.39957429850254106,0.6601402948948524,-1.0,0.72,-0.020825274016763373,-0.9659258262890684,0.2588190451025203,5,2.0,0.8754433740743036,True
HYPEUSDT,trend_ema__directionshort_only_fast21_rsi_threshold52.0_slow55,trend_ema,2026-03-07 19:00:00+00:00,2026-03-07 19:30:00+00:00,short,0.01251141682210206,0.01331141682210206,target,2,0.288385600272814,1,True,False,False,0.0015298569791216048,0.020416081825603755,0,0,0.010888013380027473,30.443,30.485,30.361,30.374,44075.92,2026-03-07 19:14:59.999000+00:00,1340239.90471,8647,17661.81,537098.16487,-0.0022362545493969173,-9.876380643738635e-05,-0.016975010983981048,-0.023026297841624407,0.5564516129032524,0.3387096774193424,0.10483870967740526,0.0040824389280305125,35.5807199863593,-0.05307186149434902,-0.009382011336543141,-0.010469081642825276,-0.002667100261141586,-0.0019052452705596856,0.025971468234431538,-0.886789453320226,0.1593520798041939,-0.39957429850254106,0.6601402948948524,-1.0,0.72,-0.020825274016763373,-0.9659258262890684,0.2588190451025203,5,2.0,0.8786349845571195,True
HYPEUSDT,trend_ema__directionboth_fast21_rsi_threshold55.0_slow89,trend_ema,2026-03-07 19:15:00+00:00,2026-03-07 19:30:00+00:00,short,0.012318228871211598,0.013118228871211599,target,1,0.3882637034135252,1,True,False,False,0.0012037478752554114,0.01815845583303767,0,0,0.012699073581983819,30.373,30.405,30.147,30.2,94228.2,2026-03-07 19:29:59.999000+00:00,2850991.54009,13373,31331.17,948395.28307,-0.005745054927254222,-0.009163187486845125,-0.02025701047883773,-2.0682237478589123,0.6705426356589148,0.12403100775193682,0.20542635658914835,0.008543046357615982,30.586814829323743,-0.06299192500768257,-0.013750260224514442,-0.01565212725953746,-0.003246122509941496,-0.002057234958932397,0.02997963396441461,-1.0791382545782293,0.16639835981818027,0.4673489670337295,1.3942175899585296,-1.0,0.77,-0.026434558349451964,-0.9659258262890684,0.2588190451025203,5,2.0,0.9082233020210948,True
HYPEUSDT,trend_ema__directionshort_only_fast21_rsi_threshold58.0_slow89,trend_ema,2026-03-07 19:15:00+00:00,2026-03-07 19:30:00+00:00,short,0.012318228871211598,0.013118228871211599,target,1,0.3882637034135252,1,True,False,False,0.0012037478752554114,0.01815845583303767,0,0,0.012779795663360089,30.373,30.405,30.147,30.2,94228.2,2026-03-07 19:29:59.999000+00:00,2850991.54009,13373,31331.17,948395.28307,-0.005745054927254222,-0.009163187486845125,-0.02025701047883773,-2.0682237478589123,0.6705426356589148,0.12403100775193682,0.20542635658914835,0.008543046357615982,30.586814829323743,-0.06299192500768257,-0.013750260224514442,-0.01565212725953746,-0.003246122509941496,-0.002057234958932397,0.02997963396441461,-1.0791382545782293,0.16639835981818027,0.4673489670337295,1.3942175899585296,-1.0,0.77,-0.026434558349451964,-0.9659258262890684,0.2588190451025203,5,2.0,0.9082233020210948,True
HYPEUSDT,trend_ema__directionshort_only_fast21_rsi_threshold55.0_slow89,trend_ema,2026-03-07 19:15:00+00:00,2026-03-07 19:30:00+00:00,short,0.012318228871211598,0.013118228871211599,target,1,0.3882637034135252,1,True,False,False,0.0012037478752554114,0.01815845583303767,0,0,0.012860517744736358,30.373,30.405,30.147,30.2,94228.2,2026-03-07 19:29:59.999000+00:00,2850991.54009,13373,31331.17,948395.28307,-0.005745054927254222,-0.009163187486845125,-0.02025701047883773,-2.0682237478589123,0.6705426356589148,0.12403100775193682,0.20542635658914835,0.008543046357615982,30.586814829323743,-0.06299192500768257,-0.013750260224514442,-0.01565212725953746,-0.003246122509941496,-0.002057234958932397,0.02997963396441461,-1.0791382545782293,0.16639835981818027,0.4673489670337295,1.3942175899585296,-1.0,0.77,-0.026434558349451964,-0.9659258262890684,0.2588190451025203,5,2.0,0.9081697895949133,True
HYPEUSDT,trend_ema__directionshort_only_fast21_rsi_threshold52.0_slow89,trend_ema,2026-03-07 19:15:00+00:00,2026-03-07 19:30:00+00:00,short,0.012318228871211598,0.013118228871211599,target,1,0.3882637034135252,1,True,False,False,0.0012037478752554114,0.01815845583303767,0,0,0.012939417965493343,30.373,30.405,30.147,30.2,94228.2,2026-03-07 19:29:59.999000+00:00,2850991.54009,13373,31331.17,948395.28307,-0.005745054927254222,-0.009163187486845125,-0.02025701047883773,-2.0682237478589123,0.6705426356589148,0.12403100775193682,0.20542635658914835,0.008543046357615982,30.586814829323743,-0.06299192500768257,-0.013750260224514442,-0.01565212725953746,-0.003246122509941496,-0.002057234958932397,0.02997963396441461,-1.0791382545782293,0.16639835981818027,0.4673489670337295,1.3942175899585296,-1.0,0.77,-0.026434558349451964,-0.9659258262890684,0.2588190451025203,5,2.0,0.9081697895949133,True
BTCUSDT,trend_ema__directionlong_only_fast9_rsi_threshold58.0_slow55,trend_ema,2026-03-08 09:00:00+00:00,2026-03-08 10:15:00+00:00,long,0.005724011929748044,0.006524011929748045,target,5,0.3938991513919365,1,True,False,False,0.0010136668295300524,0.009932817614659029,0,1,0.0002637990072863939,67491.0,67824.2,67432.7,67730.0,2722.932,2026-03-08 09:14:59.999000+00:00,184102264.3641,53035,1805.418,122084910.7259,0.0035364392514769245,0.007674434556435551,0.011583141089630855,3.5800512980744243,0.6104725415070242,0.24061302681991595,0.1489144316730598,0.005780304148826222,69.69495756959682,63.53387428201073,0.00682039157767043,0.006677822906041695,0.0015651848723192696,0.000521232178469555,0.014388449019951668,1.1516971231761381,191.53330764376994,1.654304316935618,2.2461916078711996,-1.0,0.88,0.0,0.7071067811865476,-0.7071067811865475,6,1.0,0.7171817554151824,True
BTCUSDT,trend_ema__directionlong_only_fast12_rsi_threshold58.0_slow89,trend_ema,2026-03-08 10:00:00+00:00,2026-03-08 10:15:00+00:00,long,0.005906102067799479,0.006706102067799479,target,1,0.36853992284312,1,True,False,False,0.00020169668636593519,0.007365558630728012,0,2,0.001747430875638855,67663.0,67852.0,67659.5,67843.7,1360.614,2026-03-08 10:14:59.999000+00:00,92221291.7965,30142,818.831,55498433.7192,0.0026685062910383763,0.0016773168639179865,0.011532303081960436,1.0782452123400041,0.9387012987012836,0.043116883116898236,0.01818181818181818,0.0028374042099708597,68.426996142156,63.47951527223461,0.006099541992447067,0.0072957826548602864,0.0016337997592423825,0.0013303274810996246,0.015909872831017625,0.9152630911371737,182.3128461998566,0.0294226882046375,1.0205631941714137,1.0,0.55,0.0,0.49999999999999994,-0.8660254037844387,6,1.0,0.703315447232039,True
BTCUSDT,trend_ema__directionboth_fast12_rsi_threshold55.0_slow89,trend_ema,2026-03-08 10:00:00+00:00,2026-03-08 10:15:00+00:00,long,0.005906102067799479,0.006706102067799479,target,1,0.36853992284312,1,True,False,False,0.00020169668636593519,0.007365558630728012,0,1,0.001171854259484808,67663.0,67852.0,67659.5,67843.7,1360.614,2026-03-08 10:14:59.999000+00:00,92221291.7965,30142,818.831,55498433.7192,0.0026685062910383763,0.0016773168639179865,0.011532303081960436,1.0782452123400041,0.9387012987012836,0.043116883116898236,0.01818181818181818,0.0028374042099708597,68.426996142156,63.47951527223461,0.006099541992447067,0.0072957826548602864,0.0016337997592423825,0.0013303274810996246,0.015909872831017625,0.9152630911371737,182.3128461998566,0.0294226882046375,1.0205631941714137,1.0,0.55,0.0,0.49999999999999994,-0.8660254037844387,6,1.0,0.7914814215928404,True
BTCUSDT,trend_ema__directionboth_fast21_rsi_threshold55.0_slow89,trend_ema,2026-03-08 10:45:00+00:00,2026-03-08 11:00:00+00:00,long,-0.005026938394525872,-0.004226938394525872,stop,1,0.2946078724715534,0,False,True,False,0.007922609113129205,0.0,0,0,0.002578129877531807,67946.2,67946.2,67833.4,67869.1,965.619,2026-03-08 10:59:59.999000+00:00,65543429.8154,23040,472.78,32091149.2468,-0.0011338938241081589,0.0030428261827004344,0.010885759264146715,1.8424414666424012,0.6835106382977773,0.0,0.3164893617022227,0.001662022923539621,64.73039362357767,54.31471046014693,0.004522830979484756,0.006677370324804986,0.001961371134151957,0.001500957154704663,0.019025667907541812,0.611229092768768,185.87701279194118,-0.3975434456273194,0.7230495978602468,1.0,0.63,-0.0022067298645087607,0.49999999999999994,-0.8660254037844387,6,1.0,0.7806823434893719,True
XRPUSDT,trend_ema__directionshort_only_fast21_rsi_threshold58.0_slow55,trend_ema,2026-03-08 13:15:00+00:00,2026-03-08 19:15:00+00:00,short,-0.0070554941944170725,-0.006255494194417072,stop,24,0.17656229553519295,0,False,True,False,0.009151000764655429,0.005577872753802642,0,0,0.006319645404371334,1.3445,1.3488,1.3402,1.3476,7900575.5,2026-03-08 13:29:59.999000+00:00,10623093.5911,21072,3958147.0,5323620.85757,0.002303035823478367,-0.005107149992752081,-0.01202301040043166,-1.5326984915834354,0.36046511627905836,0.13953488372094164,0.5,0.006381715642623881,41.17188522324035,-0.0019161852813967119,-0.005352196130029921,-0.005868776437657381,-0.0018551707366168957,-0.0009396349222516864,0.020047636217779618,-0.7581800193023982,0.005820012132325067,1.502057609790256,1.8105372264185915,-1.0,1.0,-0.015128261346196159,-0.2588190451025208,-0.9659258262890683,6,1.0,0.7140576512947912,True
ZECUSDT,trend_ema__directionlong_only_fast12_rsi_threshold58.0_slow55,trend_ema,2026-03-08 19:30:00+00:00,2026-03-08 22:00:00+00:00,long,-0.012116032791571162,-0.011316032791571161,stop,10,0.39135955256754046,0,False,True,False,0.021903241471866734,0.018502821255815156,0,4,-0.012385045625386896,199.94,202.49,199.42,201.49,30116.824,2026-03-08 19:44:59.999000+00:00,6057690.56855,27913,18668.332,3754123.54278,0.007772447079933618,0.02619754114197221,0.02619754114197221,6.6882393979151535,0.5048859934853421,0.325732899022799,0.1693811074918588,0.015236488163184384,69.56797762837702,0.3310108594789273,0.017827683090991076,0.019725187670912758,0.0036120048925496473,0.001240310502556241,0.025534342978983524,1.5486114374888893,1.6201081276819276,1.9611688851954554,2.1812672372173667,1.0,0.2,0.0,-0.9659258262890684,0.2588190451025203,6,2.0,0.7023701266972097,True
ZECUSDT,trend_ema__directionlong_only_fast9_rsi_threshold58.0_slow55,trend_ema,2026-03-08 19:30:00+00:00,2026-03-08 22:00:00+00:00,long,-0.012116032791571162,-0.011316032791571161,stop,10,0.39135955256754046,0,False,True,False,0.021903241471866734,0.018502821255815156,0,4,-0.013111954290606858,199.94,202.49,199.42,201.49,30116.824,2026-03-08 19:44:59.999000+00:00,6057690.56855,27913,18668.332,3754123.54278,0.007772447079933618,0.02619754114197221,0.02619754114197221,6.6882393979151535,0.5048859934853421,0.325732899022799,0.1693811074918588,0.015236488163184384,69.56797762837702,0.3310108594789273,0.017827683090991076,0.019725187670912758,0.0036120048925496473,0.001240310502556241,0.025534342978983524,1.5486114374888893,1.6201081276819276,1.9611688851954554,2.1812672372173667,1.0,0.2,0.0,-0.9659258262890684,0.2588190451025203,6,2.0,0.7023701266972097,True
HYPEUSDT,trend_ema__directionboth_fast9_rsi_threshold58.0_slow89,trend_ema,2026-03-08 19:45:00+00:00,2026-03-08 20:30:00+00:00,long,0.014052076556694158,0.014852076556694158,target,3,0.3169069545028526,1,True,False,False,0.00024791240175157367,0.021069250478302465,0,4,-0.0070923494821102705,30.628,30.764,30.625,30.764,63115.35,2026-03-08 19:59:59.999000+00:00,1937960.17177,10515,35472.08,1089178.41533,0.004463202339819329,0.018569478172529366,0.008061269809152706,4.761482164496631,0.9784172661870495,0.0,0.02158273381295056,0.004518268105577927,65.84534772514263,0.04495328361591219,0.012515172502966833,0.013703635238574952,0.0027674389109026976,0.0009931419784903195,0.026270240025852102,0.9869207671598713,0.17891283555574594,0.03052328397547121,1.0184252762129429,1.0,0.66,0.0,-0.9659258262890684,0.2588190451025203,6,2.0,0.7185689366267969,True
HYPEUSDT,trend_ema__directionboth_fast21_rsi_threshold55.0_slow89,trend_ema,2026-03-08 19:45:00+00:00,2026-03-08 20:30:00+00:00,long,0.014052076556694158,0.014852076556694158,target,3,0.3169069545028526,1,True,False,False,0.00024791240175157367,0.021069250478302465,0,0,0.0021216284322569928,30.628,30.764,30.625,30.764,63115.35,2026-03-08 19:59:59.999000+00:00,1937960.17177,10515,35472.08,1089178.41533,0.004463202339819329,0.018569478172529366,0.008061269809152706,4.761482164496631,0.9784172661870495,0.0,0.02158273381295056,0.004518268105577927,65.84534772514263,0.04495328361591219,0.012515172502966833,0.013703635238574952,0.0027674389109026976,0.0009931419784903195,0.026270240025852102,0.9869207671598713,0.17891283555574594,0.03052328397547121,1.0184252762129429,1.0,0.66,0.0,-0.9659258262890684,0.2588190451025203,6,2.0,0.8938484373717989,True
HYPEUSDT,trend_ema__directionboth_fast12_rsi_threshold55.0_slow89,trend_ema,2026-03-08 19:45:00+00:00,2026-03-08 20:30:00+00:00,long,0.014052076556694158,0.014852076556694158,target,3,0.3169069545028526,1,True,False,False,0.00024791240175157367,0.021069250478302465,0,3,-0.004834981280502355,30.628,30.764,30.625,30.764,63115.35,2026-03-08 19:59:59.999000+00:00,1937960.17177,10515,35472.08,1089178.41533,0.004463202339819329,0.018569478172529366,0.008061269809152706,4.761482164496631,0.9784172661870495,0.0,0.02158273381295056,0.004518268105577927,65.84534772514263,0.04495328361591219,0.012515172502966833,0.013703635238574952,0.0027674389109026976,0.0009931419784903195,0.026270240025852102,0.9869207671598713,0.17891283555574594,0.03052328397547121,1.0184252762129429,1.0,0.66,0.0,-0.9659258262890684,0.2588190451025203,6,2.0,0.7602004729801013,True
HYPEUSDT,trend_ema__directionlong_only_fast21_rsi_threshold58.0_slow34,trend_ema,2026-03-08 19:45:00+00:00,2026-03-08 20:30:00+00:00,long,0.014052076556694158,0.014852076556694158,target,3,0.3169069545028526,1,True,False,False,0.00024791240175157367,0.021069250478302465,0,1,-0.0002657238193769002,30.628,30.764,30.625,30.764,63115.35,2026-03-08 19:59:59.999000+00:00,1937960.17177,10515,35472.08,1089178.41533,0.004463202339819329,0.018569478172529366,0.008061269809152706,4.761482164496631,0.9784172661870495,0.0,0.02158273381295056,0.004518268105577927,65.84534772514263,0.04495328361591219,0.012515172502966833,0.013703635238574952,0.0027674389109026976,0.0009931419784903195,0.026270240025852102,0.9869207671598713,0.17891283555574594,0.03052328397547121,1.0184252762129429,1.0,0.66,0.0,-0.9659258262890684,0.2588190451025203,6,2.0,0.8412315584155421,True
HYPEUSDT,trend_ema__directionlong_only_fast12_rsi_threshold58.0_slow89,trend_ema,2026-03-08 19:45:00+00:00,2026-03-08 20:30:00+00:00,long,0.014052076556694158,0.014852076556694158,target,3,0.3169069545028526,1,True,False,False,0.00024791240175157367,0.021069250478302465,0,2,-0.00257761307889444,30.628,30.764,30.625,30.764,63115.35,2026-03-08 19:59:59.999000+00:00,1937960.17177,10515,35472.08,1089178.41533,0.004463202339819329,0.018569478172529366,0.008061269809152706,4.761482164496631,0.9784172661870495,0.0,0.02158273381295056,0.004518268105577927,65.84534772514263,0.04495328361591219,0.012515172502966833,0.013703635238574952,0.0027674389109026976,0.0009931419784903195,0.026270240025852102,0.9869207671598713,0.17891283555574594,0.03052328397547121,1.0184252762129429,1.0,0.66,0.0,-0.9659258262890684,0.2588190451025203,6,2.0,0.817005851778016,True
HYPEUSDT,trend_ema__directionlong_only_fast12_rsi_threshold55.0_slow89,trend_ema,2026-03-08 19:45:00+00:00,2026-03-08 20:30:00+00:00,long,0.014052076556694158,0.014852076556694158,target,3,0.3169069545028526,1,True,False,False,0.00024791240175157367,0.021069250478302465,0,0,0.006896332935524778,30.628,30.764,30.625,30.764,63115.35,2026-03-08 19:59:59.999000+00:00,1937960.17177,10515,35472.08,1089178.41533,0.004463202339819329,0.018569478172529366,0.008061269809152706,4.761482164496631,0.9784172661870495,0.0,0.02158273381295056,0.004518268105577927,65.84534772514263,0.04495328361591219,0.012515172502966833,0.013703635238574952,0.0027674389109026976,0.0009931419784903195,0.026270240025852102,0.9869207671598713,0.17891283555574594,0.03052328397547121,1.0184252762129429,1.0,0.66,0.0,-0.9659258262890684,0.2588190451025203,6,2.0,0.8956441616501247,True
HYPEUSDT,trend_ema__directionlong_only_fast12_rsi_threshold58.0_slow55,trend_ema,2026-03-08 19:45:00+00:00,2026-03-08 20:30:00+00:00,long,0.014052076556694158,0.014852076556694158,target,3,0.3169069545028526,1,True,False,False,0.00024791240175157367,0.021069250478302465,0,0,0.011671037438792563,30.628,30.764,30.625,30.764,63115.35,2026-03-08 19:59:59.999000+00:00,1937960.17177,10515,35472.08,1089178.41533,0.004463202339819329,0.018569478172529366,0.008061269809152706,4.761482164496631,0.9784172661870495,0.0,0.02158273381295056,0.004518268105577927,65.84534772514263,0.04495328361591219,0.012515172502966833,0.013703635238574952,0.0027674389109026976,0.0009931419784903195,0.026270240025852102,0.9869207671598713,0.17891283555574594,0.03052328397547121,1.0184252762129429,1.0,0.66,0.0,-0.9659258262890684,0.2588190451025203,6,2.0,0.8998590103089393,True
HYPEUSDT,trend_ema__directionlong_only_fast9_rsi_threshold58.0_slow89,trend_ema,2026-03-08 19:45:00+00:00,2026-03-08 20:30:00+00:00,long,0.014052076556694158,0.014852076556694158,target,3,0.3169069545028526,1,True,False,False,0.00024791240175157367,0.021069250478302465,0,0,0.004508980683890886,30.628,30.764,30.625,30.764,63115.35,2026-03-08 19:59:59.999000+00:00,1937960.17177,10515,35472.08,1089178.41533,0.004463202339819329,0.018569478172529366,0.008061269809152706,4.761482164496631,0.9784172661870495,0.0,0.02158273381295056,0.004518268105577927,65.84534772514263,0.04495328361591219,0.012515172502966833,0.013703635238574952,0.0027674389109026976,0.0009931419784903195,0.026270240025852102,0.9869207671598713,0.17891283555574594,0.03052328397547121,1.0184252762129429,1.0,0.66,0.0,-0.9659258262890684,0.2588190451025203,6,2.0,0.8931847697917701,True
HYPEUSDT,trend_ema__directionlong_only_fast9_rsi_threshold58.0_slow55,trend_ema,2026-03-08 19:45:00+00:00,2026-03-08 20:30:00+00:00,long,0.014052076556694158,0.014852076556694158,target,3,0.3169069545028526,1,True,False,False,0.00024791240175157367,0.021069250478302465,0,0,0.009283685187158672,30.628,30.764,30.625,30.764,63115.35,2026-03-08 19:59:59.999000+00:00,1937960.17177,10515,35472.08,1089178.41533,0.004463202339819329,0.018569478172529366,0.008061269809152706,4.761482164496631,0.9784172661870495,0.0,0.02158273381295056,0.004518268105577927,65.84534772514263,0.04495328361591219,0.012515172502966833,0.013703635238574952,0.0027674389109026976,0.0009931419784903195,0.026270240025852102,0.9869207671598713,0.17891283555574594,0.03052328397547121,1.0184252762129429,1.0,0.66,0.0,-0.9659258262890684,0.2588190451025203,6,2.0,0.9004384135864736,True
BTCUSDT,trend_ema__directionlong_only_fast21_rsi_threshold58.0_slow34,trend_ema,2026-03-09 04:15:00+00:00,2026-03-09 09:30:00+00:00,long,0.013224579991507994,0.014024579991507994,target,21,0.2829447622189889,1,True,False,False,0.004708423912165582,0.01923198264377098,0,1,0.0023218712241230817,67140.0,67593.0,67132.9,67537.2,2007.554,2026-03-09 04:29:59.999000+00:00,135302863.519,57818,1230.679,82942325.3727,0.005898565631749914,0.005200269134089912,0.020994058326235875,1.11759029612249,0.8632905890023735,0.12127798304716846,0.015431427950458012,0.006812541828799622,64.14723811094944,138.12423791954018,0.01113653448889219,0.011186992951178996,0.002672910719113464,0.0014767750669586466,0.029784199329111544,0.9738776855832363,382.6577156649772,-0.27679928366783596,0.7042805717516891,1.0,1.0,0.0,0.8660254037844386,0.5000000000000001,0,0.0,0.7887329326127721,True
SOLUSDT,trend_ema__directionshort_only_fast12_rsi_threshold58.0_slow89,trend_ema,2026-03-10 20:45:00+00:00,2026-03-11 08:45:00+00:00,short,0.007178446273500798,0.007978446273500799,horizon,48,0.1525936004233378,1,False,False,True,0.008278491280251868,0.01355225343478751,0,0,0.0007511632912432457,86.13,86.21,86.05,86.2,54775.86,2026-03-10 20:59:59.999000+00:00,4718428.4669,7586,28312.7,2438784.2288,0.0006962980436829024,0.0026717794832948425,-0.024749200882269017,0.7180525744523367,0.4375000000000555,0.06249999999994449,0.5,0.0018561484918793107,42.37031997883311,-0.10384120209038256,-0.004833007442228399,-0.006145862097903669,-0.0016286181700363445,-0.0015175608424098375,0.04761575320535984,-0.38862524255498265,0.5751919040981822,-1.4448525399137906,0.12321395765233244,-1.0,0.35,-0.026648599819331542,-0.8660254037844386,0.5000000000000001,1,2.0,0.7576229542766253,True
SOLUSDT,trend_ema__directionboth_fast12_rsi_threshold52.0_slow89,trend_ema,2026-03-10 20:45:00+00:00,2026-03-11 08:45:00+00:00,short,0.007178446273500798,0.007978446273500799,horizon,48,0.1525936004233378,1,False,False,True,0.008278491280251868,0.01355225343478751,0,0,0.002303504681738027,86.13,86.21,86.05,86.2,54775.86,2026-03-10 20:59:59.999000+00:00,4718428.4669,7586,28312.7,2438784.2288,0.0006962980436829024,0.0026717794832948425,-0.024749200882269017,0.7180525744523367,0.4375000000000555,0.06249999999994449,0.5,0.0018561484918793107,42.37031997883311,-0.10384120209038256,-0.004833007442228399,-0.006145862097903669,-0.0016286181700363445,-0.0015175608424098375,0.04761575320535984,-0.38862524255498265,0.5751919040981822,-1.4448525399137906,0.12321395765233244,-1.0,0.35,-0.026648599819331542,-0.8660254037844386,0.5000000000000001,1,2.0,0.756097612140036,True
SOLUSDT,trend_ema__directionboth_fast12_rsi_threshold58.0_slow89,trend_ema,2026-03-10 20:45:00+00:00,2026-03-11 08:45:00+00:00,short,0.007178446273500798,0.007978446273500799,horizon,48,0.1525936004233378,1,False,False,True,0.008278491280251868,0.01355225343478751,0,0,0.0038558460722328087,86.13,86.21,86.05,86.2,54775.86,2026-03-10 20:59:59.999000+00:00,4718428.4669,7586,28312.7,2438784.2288,0.0006962980436829024,0.0026717794832948425,-0.024749200882269017,0.7180525744523367,0.4375000000000555,0.06249999999994449,0.5,0.0018561484918793107,42.37031997883311,-0.10384120209038256,-0.004833007442228399,-0.006145862097903669,-0.0016286181700363445,-0.0015175608424098375,0.04761575320535984,-0.38862524255498265,0.5751919040981822,-1.4448525399137906,0.12321395765233244,-1.0,0.35,-0.026648599819331542,-0.8660254037844386,0.5000000000000001,1,2.0,0.757726769118737,True
XRPUSDT,trend_ema__directionboth_fast12_rsi_threshold52.0_slow89,trend_ema,2026-03-10 21:15:00+00:00,2026-03-11 09:15:00+00:00,short,0.007051177676651494,0.007851177676651494,horizon,48,0.24149175622054486,1,False,False,True,0.0032495865370795623,0.011599487670898447,0,0,0.0007264993993433388,1.3875,1.3892,1.3862,1.3874,2231550.8,2026-03-10 21:29:59.999000+00:00,3096781.6568,7629,1133783.7,1573417.48037,0.0,-0.0031663814595487443,-0.02287320496182499,-1.1468480351534918,0.03333333333333087,0.5666666666666987,0.3999999999999704,0.002162318004901176,37.92541218897276,-0.001123656025976058,-0.0059313107931295754,-0.007512412214781256,-0.0019329154922615999,-0.0013485063969359556,0.044051768190020574,-0.37789788354862763,0.00786638952988238,-1.0939432930955026,0.1917759823439188,-1.0,0.13,-0.02863544073373936,-0.7071067811865477,0.7071067811865474,1,2.0,0.8407680143876965,True
XRPUSDT,trend_ema__directionshort_only_fast12_rsi_threshold58.0_slow89,trend_ema,2026-03-10 21:15:00+00:00,2026-03-11 09:15:00+00:00,short,0.007051177676651494,0.007851177676651494,horizon,48,0.24149175622054486,1,False,False,True,0.0032495865370795623,0.011599487670898447,0,0,0.002356744731532811,1.3875,1.3892,1.3862,1.3874,2231550.8,2026-03-10 21:29:59.999000+00:00,3096781.6568,7629,1133783.7,1573417.48037,0.0,-0.0031663814595487443,-0.02287320496182499,-1.1468480351534918,0.03333333333333087,0.5666666666666987,0.3999999999999704,0.002162318004901176,37.92541218897276,-0.001123656025976058,-0.0059313107931295754,-0.007512412214781256,-0.0019329154922615999,-0.0013485063969359556,0.044051768190020574,-0.37789788354862763,0.00786638952988238,-1.0939432930955026,0.1917759823439188,-1.0,0.13,-0.02863544073373936,-0.7071067811865477,0.7071067811865474,1,2.0,0.8549057907827239,True
XRPUSDT,trend_ema__directionshort_only_fast12_rsi_threshold55.0_slow89,trend_ema,2026-03-10 21:15:00+00:00,2026-03-11 09:15:00+00:00,short,0.007051177676651494,0.007851177676651494,horizon,48,0.24149175622054486,1,False,False,True,0.0032495865370795623,0.011599487670898447,0,0,0.005543385047122688,1.3875,1.3892,1.3862,1.3874,2231550.8,2026-03-10 21:29:59.999000+00:00,3096781.6568,7629,1133783.7,1573417.48037,0.0,-0.0031663814595487443,-0.02287320496182499,-1.1468480351534918,0.03333333333333087,0.5666666666666987,0.3999999999999704,0.002162318004901176,37.92541218897276,-0.001123656025976058,-0.0059313107931295754,-0.007512412214781256,-0.0019329154922615999,-0.0013485063969359556,0.044051768190020574,-0.37789788354862763,0.00786638952988238,-1.0939432930955026,0.1917759823439188,-1.0,0.13,-0.02863544073373936,-0.7071067811865477,0.7071067811865474,1,2.0,0.8666246642234019,True
XRPUSDT,trend_ema__directionboth_fast12_rsi_threshold55.0_slow89,trend_ema,2026-03-10 21:15:00+00:00,2026-03-11 09:15:00+00:00,short,0.007051177676651494,0.007851177676651494,horizon,48,0.24149175622054486,1,False,False,True,0.0032495865370795623,0.011599487670898447,0,0,0.007136705204917629,1.3875,1.3892,1.3862,1.3874,2231550.8,2026-03-10 21:29:59.999000+00:00,3096781.6568,7629,1133783.7,1573417.48037,0.0,-0.0031663814595487443,-0.02287320496182499,-1.1468480351534918,0.03333333333333087,0.5666666666666987,0.3999999999999704,0.002162318004901176,37.92541218897276,-0.001123656025976058,-0.0059313107931295754,-0.007512412214781256,-0.0019329154922615999,-0.0013485063969359556,0.044051768190020574,-0.37789788354862763,0.00786638952988238,-1.0939432930955026,0.1917759823439188,-1.0,0.13,-0.02863544073373936,-0.7071067811865477,0.7071067811865474,1,2.0,0.8677826198091453,True
XRPUSDT,trend_ema__directionshort_only_fast12_rsi_threshold52.0_slow89,trend_ema,2026-03-10 21:15:00+00:00,2026-03-11 09:15:00+00:00,short,0.007051177676651494,0.007851177676651494,horizon,48,0.24149175622054486,1,False,False,True,0.0032495865370795623,0.011599487670898447,0,0,0.008502512517035515,1.3875,1.3892,1.3862,1.3874,2231550.8,2026-03-10 21:29:59.999000+00:00,3096781.6568,7629,1133783.7,1573417.48037,0.0,-0.0031663814595487443,-0.02287320496182499,-1.1468480351534918,0.03333333333333087,0.5666666666666987,0.3999999999999704,0.002162318004901176,37.92541218897276,-0.001123656025976058,-0.0059313107931295754,-0.007512412214781256,-0.0019329154922615999,-0.0013485063969359556,0.044051768190020574,-0.37789788354862763,0.00786638952988238,-1.0939432930955026,0.1917759823439188,-1.0,0.13,-0.02863544073373936,-0.7071067811865477,0.7071067811865474,1,2.0,0.8730068260726498,True
XRPUSDT,trend_ema__directionboth_fast12_rsi_threshold58.0_slow89,trend_ema,2026-03-10 21:15:00+00:00,2026-03-11 09:15:00+00:00,short,0.007051177676651494,0.007851177676651494,horizon,48,0.24149175622054486,1,False,False,True,0.0032495865370795623,0.011599487670898447,0,0,0.003950064889327749,1.3875,1.3892,1.3862,1.3874,2231550.8,2026-03-10 21:29:59.999000+00:00,3096781.6568,7629,1133783.7,1573417.48037,0.0,-0.0031663814595487443,-0.02287320496182499,-1.1468480351534918,0.03333333333333087,0.5666666666666987,0.3999999999999704,0.002162318004901176,37.92541218897276,-0.001123656025976058,-0.0059313107931295754,-0.007512412214781256,-0.0019329154922615999,-0.0013485063969359556,0.044051768190020574,-0.37789788354862763,0.00786638952988238,-1.0939432930955026,0.1917759823439188,-1.0,0.13,-0.02863544073373936,-0.7071067811865477,0.7071067811865474,1,2.0,0.8610233810637622,True
ETHUSDT,trend_ema__directionshort_only_fast12_rsi_threshold52.0_slow89,trend_ema,2026-03-10 21:30:00+00:00,2026-03-11 07:30:00+00:00,short,0.013408795017834164,0.014208795017834164,target,40,0.2618249233263617,1,True,False,False,0.0012832730475890227,0.015936248208643356,0,0,0.004221205587861021,2038.69,2040.02,2026.0,2029.28,54476.793,2026-03-10 21:44:59.999000+00:00,110757271.96052,80194,16864.009,34289367.243,-0.004626394385369149,-0.006586516344457746,-0.01725060914740968,-2.205729267916732,0.671184022824543,0.09486447931525885,0.23395149786019806,0.006908854371993999,36.908753833681914,-1.1858726026780202,-0.0074493547027268845,-0.00924588201901642,-0.0016244581622588683,-0.0011147541795314408,0.030582291670113376,-0.5798273255349088,11.75910805153125,-0.47229360521757346,0.6251249737842002,-1.0,0.26,-0.024178191540518146,-0.7071067811865477,0.7071067811865474,1,2.0,0.8953665705163582,True
ETHUSDT,trend_ema__directionshort_only_fast12_rsi_threshold55.0_slow89,trend_ema,2026-03-10 21:30:00+00:00,2026-03-11 07:30:00+00:00,short,0.013408795017834164,0.014208795017834164,target,40,0.2618249233263617,1,True,False,False,0.0012832730475890227,0.015936248208643356,0,0,0.0026487675164428353,2038.69,2040.02,2026.0,2029.28,54476.793,2026-03-10 21:44:59.999000+00:00,110757271.96052,80194,16864.009,34289367.243,-0.004626394385369149,-0.006586516344457746,-0.01725060914740968,-2.205729267916732,0.671184022824543,0.09486447931525885,0.23395149786019806,0.006908854371993999,36.908753833681914,-1.1858726026780202,-0.0074493547027268845,-0.00924588201901642,-0.0016244581622588683,-0.0011147541795314408,0.030582291670113376,-0.5798273255349088,11.75910805153125,-0.47229360521757346,0.6251249737842002,-1.0,0.26,-0.024178191540518146,-0.7071067811865477,0.7071067811865474,1,2.0,0.8933614142159969,True
ETHUSDT,trend_ema__directionboth_fast12_rsi_threshold55.0_slow89,trend_ema,2026-03-10 21:30:00+00:00,2026-03-11 07:30:00+00:00,short,0.013408795017834164,0.014208795017834164,target,40,0.2618249233263617,1,True,False,False,0.0012832730475890227,0.015936248208643356,0,0,0.005793643659279204,2038.69,2040.02,2026.0,2029.28,54476.793,2026-03-10 21:44:59.999000+00:00,110757271.96052,80194,16864.009,34289367.243,-0.004626394385369149,-0.006586516344457746,-0.01725060914740968,-2.205729267916732,0.671184022824543,0.09486447931525885,0.23395149786019806,0.006908854371993999,36.908753833681914,-1.1858726026780202,-0.0074493547027268845,-0.00924588201901642,-0.0016244581622588683,-0.0011147541795314408,0.030582291670113376,-0.5798273255349088,11.75910805153125,-0.47229360521757346,0.6251249737842002,-1.0,0.26,-0.024178191540518146,-0.7071067811865477,0.7071067811865474,1,2.0,0.897693386619219,True
BTCUSDT,trend_ema__directionboth_fast9_rsi_threshold58.0_slow89,trend_ema,2026-03-10 21:45:00+00:00,2026-03-11 04:45:00+00:00,short,-0.008625036438516653,-0.007825036438516652,stop,28,0.2879051704098123,0,False,True,False,0.008066856810180704,0.004289833459150182,0,0,0.0008812575377116875,69697.4,69788.1,69485.7,69712.8,1267.333,2026-03-10 21:59:59.999000+00:00,88262492.6104,44876,642.735,44769511.7026,0.0002194959778643069,-0.006863221220340084,-0.015857750728803424,-2.9018065964889486,0.05092592592595333,0.24900793650793895,0.7000661375661077,0.004337797362894744,35.604741479509386,-45.82420383210672,-0.00655657271196901,-0.00830102333148379,-0.0020263659289647684,-0.0012338456436715717,0.023421318556925967,-0.6099256790321402,359.1684538358893,-0.7916601053470083,0.40597499244642865,-1.0,0.1,-0.021076000825683727,-0.7071067811865477,0.7071067811865474,1,2.0,0.8688649561568093,True
SOLUSDT,trend_ema__directionshort_only_fast21_rsi_threshold58.0_slow89,trend_ema,2026-03-10 22:00:00+00:00,2026-03-11 04:30:00+00:00,short,-0.010484797591526525,-0.009684797591526524,stop,26,0.338357269424271,0,False,True,False,0.011008527300575471,0.00813980373964793,0,0,0.00540818746272759,85.66,85.81,85.05,85.27,370350.24,2026-03-10 22:14:59.999000+00:00,31595687.1082,26078,152803.21,13040070.367,-0.004680013221994467,-0.00782668559289089,-0.020200361823974992,-2.4823869120654476,0.5131578947368394,0.19736842105263774,0.2894736842105229,0.008912865017004869,33.08213652878645,-0.09510626294625324,-0.011249021149030992,-0.014826900444320373,-0.0030049926988058306,-0.002253937771138692,0.03686808619830177,-0.6741429376845955,0.5677704372588921,-0.026673519474577367,0.9825646311878151,-1.0,0.28,-0.03343912944910454,-0.5000000000000004,0.8660254037844384,1,2.0,0.8885896369905573,True
ETHUSDT,trend_ema__directionboth_fast21_rsi_threshold55.0_slow89,trend_ema,2026-03-10 22:15:00+00:00,2026-03-11 10:15:00+00:00,short,0.0009621779694590698,0.0017621779694590699,horizon,48,0.25483082065992646,1,False,False,True,0.008475753244270134,0.00886746034655485,0,0,0.008174475741401257,2024.15,2031.85,2019.6,2027.25,24114.328,2026-03-10 22:29:59.999000+00:00,48831759.75844,61954,14290.031,28946611.92594,0.0015303354914339218,-0.0056272498798218065,-0.009108716198240366,-1.8513854264144138,0.2530612244897885,0.3755102040816252,0.37142857142858626,0.006042668639782957,37.258458967003676,-1.4619898258951736,-0.006165706269994549,-0.009054292452254047,-0.0022732369836604427,-0.001764561278929655,0.02240698674573022,-0.5608834973179944,11.91045203688563,-0.8938199941981417,0.33055680754125777,-1.0,0.29,-0.020978514408240723,-0.5000000000000004,0.8660254037844384,1,2.0,0.8454866496984599,True
ETHUSDT,trend_ema__directionshort_only_fast21_rsi_threshold55.0_slow89,trend_ema,2026-03-10 22:15:00+00:00,2026-03-11 10:15:00+00:00,short,0.0009621779694590698,0.0017621779694590699,horizon,48,0.25483082065992646,1,False,False,True,0.008475753244270134,0.00886746034655485,0,0,0.009310646118685798,2024.15,2031.85,2019.6,2027.25,24114.328,2026-03-10 22:29:59.999000+00:00,48831759.75844,61954,14290.031,28946611.92594,0.0015303354914339218,-0.0056272498798218065,-0.009108716198240366,-1.8513854264144138,0.2530612244897885,0.3755102040816252,0.37142857142858626,0.006042668639782957,37.258458967003676,-1.4619898258951736,-0.006165706269994549,-0.009054292452254047,-0.0022732369836604427,-0.001764561278929655,0.02240698674573022,-0.5608834973179944,11.91045203688563,-0.8938199941981417,0.33055680754125777,-1.0,0.29,-0.020978514408240723,-0.5000000000000004,0.8660254037844384,1,2.0,0.8463749378761513,True
ETHUSDT,trend_ema__directionshort_only_fast21_rsi_threshold52.0_slow89,trend_ema,2026-03-10 22:15:00+00:00,2026-03-11 10:15:00+00:00,short,0.0009621779694590698,0.0017621779694590699,horizon,48,0.25483082065992646,1,False,False,True,0.008475753244270134,0.00886746034655485,0,0,0.01044681649597034,2024.15,2031.85,2019.6,2027.25,24114.328,2026-03-10 22:29:59.999000+00:00,48831759.75844,61954,14290.031,28946611.92594,0.0015303354914339218,-0.0056272498798218065,-0.009108716198240366,-1.8513854264144138,0.2530612244897885,0.3755102040816252,0.37142857142858626,0.006042668639782957,37.258458967003676,-1.4619898258951736,-0.006165706269994549,-0.009054292452254047,-0.0022732369836604427,-0.001764561278929655,0.02240698674573022,-0.5608834973179944,11.91045203688563,-0.8938199941981417,0.33055680754125777,-1.0,0.29,-0.020978514408240723,-0.5000000000000004,0.8660254037844384,1,2.0,0.8521740692923494,True
ETHUSDT,trend_ema__directionshort_only_fast21_rsi_threshold58.0_slow89,trend_ema,2026-03-10 22:15:00+00:00,2026-03-11 10:15:00+00:00,short,0.0009621779694590698,0.0017621779694590699,horizon,48,0.25483082065992646,1,False,False,True,0.008475753244270134,0.00886746034655485,0,0,0.009459967660648536,2024.15,2031.85,2019.6,2027.25,24114.328,2026-03-10 22:29:59.999000+00:00,48831759.75844,61954,14290.031,28946611.92594,0.0015303354914339218,-0.0056272498798218065,-0.009108716198240366,-1.8513854264144138,0.2530612244897885,0.3755102040816252,0.37142857142858626,0.006042668639782957,37.258458967003676,-1.4619898258951736,-0.006165706269994549,-0.009054292452254047,-0.0022732369836604427,-0.001764561278929655,0.02240698674573022,-0.5608834973179944,11.91045203688563,-0.8938199941981417,0.33055680754125777,-1.0,0.29,-0.020978514408240723,-0.5000000000000004,0.8660254037844384,1,2.0,0.8463749378761513,True
XRPUSDT,trend_ema__directionshort_only_fast21_rsi_threshold55.0_slow89,trend_ema,2026-03-10 22:45:00+00:00,2026-03-11 10:45:00+00:00,short,0.003242569380492454,0.004042569380492454,horizon,48,0.2462608223399981,1,False,False,True,0.006077479994361022,0.008813449800066188,0,0,0.006210072991721875,1.3836,1.3849,1.3817,1.3832,2389807.2,2026-03-10 22:59:59.999000+00:00,3306472.68436,6594,1162464.5,1608370.35899,-0.00021686485789986778,0.00028922632161124795,-0.006772848139365709,0.10824440836745323,0.12499999999998265,0.406250000000013,0.46875000000000433,0.00231347599768659,37.686958883000095,-0.00018378744326010433,-0.004876259400204939,-0.008285582099315902,-0.001543123767751231,-0.0018554869537986685,0.014063790800034365,-0.4677916330363706,0.007224628766014532,-1.1553075507382788,0.3122278738507241,-1.0,0.09,-0.011293781272337378,-0.5000000000000004,0.8660254037844384,1,2.0,0.8181126243723622,True
XRPUSDT,trend_ema__directionboth_fast21_rsi_threshold55.0_slow89,trend_ema,2026-03-10 22:45:00+00:00,2026-03-11 10:45:00+00:00,short,0.003242569380492454,0.004042569380492454,horizon,48,0.2462608223399981,1,False,False,True,0.006077479994361022,0.008813449800066188,0,0,0.007574750258789872,1.3836,1.3849,1.3817,1.3832,2389807.2,2026-03-10 22:59:59.999000+00:00,3306472.68436,6594,1162464.5,1608370.35899,-0.00021686485789986778,0.00028922632161124795,-0.006772848139365709,0.10824440836745323,0.12499999999998265,0.406250000000013,0.46875000000000433,0.00231347599768659,37.686958883000095,-0.00018378744326010433,-0.004876259400204939,-0.008285582099315902,-0.001543123767751231,-0.0018554869537986685,0.014063790800034365,-0.4677916330363706,0.007224628766014532,-1.1553075507382788,0.3122278738507241,-1.0,0.09,-0.011293781272337378,-0.5000000000000004,0.8660254037844384,1,2.0,0.8245771869311331,True
XRPUSDT,trend_ema__directionshort_only_fast21_rsi_threshold52.0_slow89,trend_ema,2026-03-10 22:45:00+00:00,2026-03-11 10:45:00+00:00,short,0.003242569380492454,0.004042569380492454,horizon,48,0.2462608223399981,1,False,False,True,0.006077479994361022,0.008813449800066188,0,0,0.006892411625255874,1.3836,1.3849,1.3817,1.3832,2389807.2,2026-03-10 22:59:59.999000+00:00,3306472.68436,6594,1162464.5,1608370.35899,-0.00021686485789986778,0.00028922632161124795,-0.006772848139365709,0.10824440836745323,0.12499999999998265,0.406250000000013,0.46875000000000433,0.00231347599768659,37.686958883000095,-0.00018378744326010433,-0.004876259400204939,-0.008285582099315902,-0.001543123767751231,-0.0018554869537986685,0.014063790800034365,-0.4677916330363706,0.007224628766014532,-1.1553075507382788,0.3122278738507241,-1.0,0.09,-0.011293781272337378,-0.5000000000000004,0.8660254037844384,1,2.0,0.8169618081430526,True
XRPUSDT,trend_ema__directionshort_only_fast21_rsi_threshold58.0_slow89,trend_ema,2026-03-10 22:45:00+00:00,2026-03-11 10:45:00+00:00,short,0.003242569380492454,0.004042569380492454,horizon,48,0.2462608223399981,1,False,False,True,0.006077479994361022,0.008813449800066188,0,0,0.008229061802720646,1.3836,1.3849,1.3817,1.3832,2389807.2,2026-03-10 22:59:59.999000+00:00,3306472.68436,6594,1162464.5,1608370.35899,-0.00021686485789986778,0.00028922632161124795,-0.006772848139365709,0.10824440836745323,0.12499999999998265,0.406250000000013,0.46875000000000433,0.00231347599768659,37.686958883000095,-0.00018378744326010433,-0.004876259400204939,-0.008285582099315902,-0.001543123767751231,-0.0018554869537986685,0.014063790800034365,-0.4677916330363706,0.007224628766014532,-1.1553075507382788,0.3122278738507241,-1.0,0.09,-0.011293781272337378,-0.5000000000000004,0.8660254037844384,1,2.0,0.8234203282233611,True
HYPEUSDT,trend_ema__directionlong_only_fast12_rsi_threshold55.0_slow89,trend_ema,2026-03-11 00:45:00+00:00,2026-03-11 05:00:00+00:00,long,0.014614073532752523,0.015414073532752523,target,17,0.2303548191318235,1,True,False,False,0.00454345187763218,0.018209508126801457,0,0,0.014108276254299992,34.364,34.49,34.265,34.396,95837.96,2026-03-11 00:59:59.999000+00:00,3295600.87303,13477,49998.08,1719478.1868,0.0009016739750814263,0.007148410383710519,0.009963413855368461,2.1299591485448914,0.14222222222223724,0.41777777777778047,0.4399999999999823,0.006541458309105751,61.517740956591176,0.07374169415061721,0.008292047042619629,0.00652407143425645,0.002424001396274189,0.0007232656464484233,0.027201056003616116,0.8347158836922999,0.21284265118337772,0.3576941633628547,1.2022891299529723,-1.0,0.09,0.0,0.0,1.0,2,0.0,0.7903957741672746,True
HYPEUSDT,trend_ema__directionlong_only_fast12_rsi_threshold58.0_slow89,trend_ema,2026-03-11 00:45:00+00:00,2026-03-11 05:00:00+00:00,long,0.014614073532752523,0.015414073532752523,target,17,0.2303548191318235,1,True,False,False,0.00454345187763218,0.018209508126801457,0,0,0.014052076556694156,34.364,34.49,34.265,34.396,95837.96,2026-03-11 00:59:59.999000+00:00,3295600.87303,13477,49998.08,1719478.1868,0.0009016739750814263,0.007148410383710519,0.009963413855368461,2.1299591485448914,0.14222222222223724,0.41777777777778047,0.4399999999999823,0.006541458309105751,61.517740956591176,0.07374169415061721,0.008292047042619629,0.00652407143425645,0.002424001396274189,0.0007232656464484233,0.027201056003616116,0.8347158836922999,0.21284265118337772,0.3576941633628547,1.2022891299529723,-1.0,0.09,0.0,0.0,1.0,2,0.0,0.7903957741672746,True
HYPEUSDT,trend_ema__directionlong_only_fast9_rsi_threshold58.0_slow55,trend_ema,2026-03-11 01:00:00+00:00,2026-03-11 05:00:00+00:00,long,0.01466724493225721,0.01546724493225721,target,16,0.2592955901298521,1,True,False,False,0.005498478946505538,0.017232652186801367,0,0,0.014164475951905831,34.397,34.485,34.397,34.444,50077.72,2026-03-11 01:14:59.999000+00:00,1725467.01175,15220,27419.29,944734.12198,0.0013945382852688403,0.006729128032444053,0.018992364543320588,2.0031346211284915,0.5340909090909504,0.46590909090904964,0.0,0.002554871675763586,62.964779506492604,0.07423390994091875,0.00875271904634855,0.007598407014501091,0.0026923440631516637,0.0010313905201488893,0.02943714727176633,0.8192826104553959,0.20399674752742208,-0.6214519858796815,0.6400982333063863,-1.0,0.11,0.0,0.25881904510252074,0.9659258262890683,2,0.0,0.8085569758123434,True
ZECUSDT,trend_ema__directionshort_only_fast12_rsi_threshold55.0_slow89,trend_ema,2026-03-11 01:00:00+00:00,2026-03-11 02:45:00+00:00,short,0.01752831622707668,0.018328316227076678,target,7,0.27282783880609146,1,True,False,False,0.0006954597088854588,0.024849182749162965,0,0,0.016073973990191955,220.04,220.16,218.8,218.85,15063.346,2026-03-11 01:14:59.999000+00:00,3303205.09618,17629,6113.936,1340595.54665,-0.005377337055145387,-0.00973088798830931,-0.022991595195146586,-2.525687504199513,0.8750000000000079,0.08823529411765137,0.0367647058823408,0.006214302033356113,36.35860805969543,-0.2635827673986666,-0.011962026035637088,-0.01570778042093311,-0.0035450695766413576,-0.0024683109957016613,0.029867585074680028,-0.9007423758207883,1.594875738760203,0.5952273007249497,1.2978456842388042,-1.0,0.15,-0.025340696535138485,0.25881904510252074,0.9659258262890683,2,0.0,0.9112360383623537,True
ZECUSDT,trend_ema__directionboth_fast12_rsi_threshold55.0_slow89,trend_ema,2026-03-11 01:00:00+00:00,2026-03-11 02:45:00+00:00,short,0.01752831622707668,0.018328316227076678,target,7,0.27282783880609146,1,True,False,False,0.0006954597088854588,0.024849182749162965,0,0,0.015831077632812822,220.04,220.16,218.8,218.85,15063.346,2026-03-11 01:14:59.999000+00:00,3303205.09618,17629,6113.936,1340595.54665,-0.005377337055145387,-0.00973088798830931,-0.022991595195146586,-2.525687504199513,0.8750000000000079,0.08823529411765137,0.0367647058823408,0.006214302033356113,36.35860805969543,-0.2635827673986666,-0.011962026035637088,-0.01570778042093311,-0.0035450695766413576,-0.0024683109957016613,0.029867585074680028,-0.9007423758207883,1.594875738760203,0.5952273007249497,1.2978456842388042,-1.0,0.15,-0.025340696535138485,0.25881904510252074,0.9659258262890683,2,0.0,0.9112360383623537,True
ZECUSDT,trend_ema__directionboth_fast12_rsi_threshold52.0_slow89,trend_ema,2026-03-11 01:00:00+00:00,2026-03-11 02:45:00+00:00,short,0.01752831622707668,0.018328316227076678,target,7,0.27282783880609146,1,True,False,False,0.0006954597088854588,0.024849182749162965,0,0,0.015588181275433691,220.04,220.16,218.8,218.85,15063.346,2026-03-11 01:14:59.999000+00:00,3303205.09618,17629,6113.936,1340595.54665,-0.005377337055145387,-0.00973088798830931,-0.022991595195146586,-2.525687504199513,0.8750000000000079,0.08823529411765137,0.0367647058823408,0.006214302033356113,36.35860805969543,-0.2635827673986666,-0.011962026035637088,-0.01570778042093311,-0.0035450695766413576,-0.0024683109957016613,0.029867585074680028,-0.9007423758207883,1.594875738760203,0.5952273007249497,1.2978456842388042,-1.0,0.15,-0.025340696535138485,0.25881904510252074,0.9659258262890683,2,0.0,0.9112360383623537,True
ZECUSDT,trend_ema__directionshort_only_fast12_rsi_threshold58.0_slow89,trend_ema,2026-03-11 01:00:00+00:00,2026-03-11 02:45:00+00:00,short,0.01752831622707668,0.018328316227076678,target,7,0.27282783880609146,1,True,False,False,0.0006954597088854588,0.024849182749162965,0,0,0.015345284918054558,220.04,220.16,218.8,218.85,15063.346,2026-03-11 01:14:59.999000+00:00,3303205.09618,17629,6113.936,1340595.54665,-0.005377337055145387,-0.00973088798830931,-0.022991595195146586,-2.525687504199513,0.8750000000000079,0.08823529411765137,0.0367647058823408,0.006214302033356113,36.35860805969543,-0.2635827673986666,-0.011962026035637088,-0.01570778042093311,-0.0035450695766413576,-0.0024683109957016613,0.029867585074680028,-0.9007423758207883,1.594875738760203,0.5952273007249497,1.2978456842388042,-1.0,0.15,-0.025340696535138485,0.25881904510252074,0.9659258262890683,2,0.0,0.9112360383623537,True
ZECUSDT,trend_ema__directionboth_fast12_rsi_threshold58.0_slow89,trend_ema,2026-03-11 01:00:00+00:00,2026-03-11 02:45:00+00:00,short,0.01752831622707668,0.018328316227076678,target,7,0.27282783880609146,1,True,False,False,0.0006954597088854588,0.024849182749162965,0,0,0.015102388560675426,220.04,220.16,218.8,218.85,15063.346,2026-03-11 01:14:59.999000+00:00,3303205.09618,17629,6113.936,1340595.54665,-0.005377337055145387,-0.00973088798830931,-0.022991595195146586,-2.525687504199513,0.8750000000000079,0.08823529411765137,0.0367647058823408,0.006214302033356113,36.35860805969543,-0.2635827673986666,-0.011962026035637088,-0.01570778042093311,-0.0035450695766413576,-0.0024683109957016613,0.029867585074680028,-0.9007423758207883,1.594875738760203,0.5952273007249497,1.2978456842388042,-1.0,0.15,-0.025340696535138485,0.25881904510252074,0.9659258262890683,2,0.0,0.910200765389748,True
ZECUSDT,trend_ema__directionshort_only_fast21_rsi_threshold58.0_slow89,trend_ema,2026-03-11 01:45:00+00:00,2026-03-11 02:45:00+00:00,short,0.016604043739186128,0.017404043739186126,target,4,0.20517267298606298,1,True,False,False,0.0030692363237893997,0.021424792138121176,0,0,0.01757254253728773,219.27,219.91,219.1,219.44,9503.372,2026-03-11 01:59:59.999000+00:00,2085531.14851,9003,4146.788,910163.86962,0.0008206063829538106,-0.0026850540627019006,-0.005951992854721615,-0.6998842607301394,0.20987654320986052,0.5802469135802438,0.2098765432098956,0.003691213999270882,39.74136635069685,-0.1750390733560796,-0.006706154140308329,-0.011447031110175358,-0.0025118356203344128,-0.0025790232548734693,0.027686830622825603,-0.5459122665751084,1.4750845473965624,-0.22844445273802008,0.8953663332008552,-1.0,0.15,-0.020094668214700406,0.25881904510252074,0.9659258262890683,2,0.0,0.8671214470401637,True
HYPEUSDT,trend_ema__directionlong_only_fast21_rsi_threshold58.0_slow34,trend_ema,2026-03-11 01:45:00+00:00,2026-03-11 05:00:00+00:00,long,0.013799968237625053,0.014599968237625053,target,13,0.2702632025585687,1,True,False,False,0.005787519409508306,0.01693700518119584,0,0,0.014216414671894792,34.407,34.554,34.382,34.543,56607.96,2026-03-11 01:59:59.999000+00:00,1952579.87882,8077,35429.33,1222085.39867,0.004003022111680939,0.004264646217473979,0.026073005011869262,1.1636956187965868,0.7906976744186017,0.06395348837210768,0.14534883720929057,0.004979301160872077,63.51316012792844,0.0595707393008234,0.009495096087367897,0.009674145454379038,0.0021231457968096112,0.001357842706830814,0.034009935898591526,0.7851978815666436,0.19889754166098658,-0.32003509152540577,0.840571265156127,1.0,0.2,0.0,0.25881904510252074,0.9659258262890683,2,0.0,0.8843913946933594,True
ZECUSDT,trend_ema__directionboth_fast21_rsi_threshold55.0_slow89,trend_ema,2026-03-11 01:45:00+00:00,2026-03-11 02:45:00+00:00,short,0.016604043739186128,0.017404043739186126,target,4,0.20517267298606298,1,True,False,False,0.0030692363237893997,0.021424792138121176,0,0,0.017814992893588545,219.27,219.91,219.1,219.44,9503.372,2026-03-11 01:59:59.999000+00:00,2085531.14851,9003,4146.788,910163.86962,0.0008206063829538106,-0.0026850540627019006,-0.005951992854721615,-0.6998842607301394,0.20987654320986052,0.5802469135802438,0.2098765432098956,0.003691213999270882,39.74136635069685,-0.1750390733560796,-0.006706154140308329,-0.011447031110175358,-0.0025118356203344128,-0.0025790232548734693,0.027686830622825603,-0.5459122665751084,1.4750845473965624,-0.22844445273802008,0.8953663332008552,-1.0,0.15,-0.020094668214700406,0.25881904510252074,0.9659258262890683,2,0.0,0.8671214470401637,True
ZECUSDT,trend_ema__directionshort_only_fast21_rsi_threshold52.0_slow89,trend_ema,2026-03-11 01:45:00+00:00,2026-03-11 02:45:00+00:00,short,0.016604043739186128,0.017404043739186126,target,4,0.20517267298606298,1,True,False,False,0.0030692363237893997,0.021424792138121176,0,0,0.017330092180986918,219.27,219.91,219.1,219.44,9503.372,2026-03-11 01:59:59.999000+00:00,2085531.14851,9003,4146.788,910163.86962,0.0008206063829538106,-0.0026850540627019006,-0.005951992854721615,-0.6998842607301394,0.20987654320986052,0.5802469135802438,0.2098765432098956,0.003691213999270882,39.74136635069685,-0.1750390733560796,-0.006706154140308329,-0.011447031110175358,-0.0025118356203344128,-0.0025790232548734693,0.027686830622825603,-0.5459122665751084,1.4750845473965624,-0.22844445273802008,0.8953663332008552,-1.0,0.15,-0.020094668214700406,0.25881904510252074,0.9659258262890683,2,0.0,0.8671214470401637,True
ZECUSDT,trend_ema__directionshort_only_fast21_rsi_threshold55.0_slow89,trend_ema,2026-03-11 01:45:00+00:00,2026-03-11 02:45:00+00:00,short,0.016604043739186128,0.017404043739186126,target,4,0.20517267298606298,1,True,False,False,0.0030692363237893997,0.021424792138121176,0,0,0.017244349706453686,219.27,219.91,219.1,219.44,9503.372,2026-03-11 01:59:59.999000+00:00,2085531.14851,9003,4146.788,910163.86962,0.0008206063829538106,-0.0026850540627019006,-0.005951992854721615,-0.6998842607301394,0.20987654320986052,0.5802469135802438,0.2098765432098956,0.003691213999270882,39.74136635069685,-0.1750390733560796,-0.006706154140308329,-0.011447031110175358,-0.0025118356203344128,-0.0025790232548734693,0.027686830622825603,-0.5459122665751084,1.4750845473965624,-0.22844445273802008,0.8953663332008552,-1.0,0.15,-0.020094668214700406,0.25881904510252074,0.9659258262890683,2,0.0,0.8671214470401637,True
XRPUSDT,trend_ema__directionboth_fast9_rsi_threshold58.0_slow89,trend_ema,2026-03-11 13:30:00+00:00,2026-03-11 13:30:00+00:00,long,0.009919319225262133,0.010719319225262133,target,0,0.4375310378639188,1,True,False,False,0.0002933457314354517,0.011104428399405078,0,0,0.002483619790322627,1.3948,1.4105,1.3946,1.3979,23593301.2,2026-03-11 13:44:59.999000+00:00,33113305.28316,45114,11488250.9,16123305.11629,0.002291772112433899,0.013539997996790799,0.015572371491595793,5.57608230801699,0.19496855345911168,0.7924528301886885,0.012578616352199853,0.011374204163387958,71.87655189319594,0.0026610809729557846,0.01118678635877039,0.011429534043646704,0.0033304637285558325,0.0013221289527456381,0.021496073938417466,1.2457705989996621,0.0066898896847922785,3.979373298741915,4.659927112043852,1.0,0.58,0.0,-0.2588190451025208,-0.9659258262890683,2,1.0,0.8312527633049438,True
XRPUSDT,trend_ema__directionlong_only_fast12_rsi_threshold58.0_slow55,trend_ema,2026-03-11 13:30:00+00:00,2026-03-11 13:30:00+00:00,long,0.009919319225262133,0.010719319225262133,target,0,0.4375310378639188,1,True,False,False,0.0002933457314354517,0.011104428399405078,0,1,-0.0011156368739044101,1.3948,1.4105,1.3946,1.3979,23593301.2,2026-03-11 13:44:59.999000+00:00,33113305.28316,45114,11488250.9,16123305.11629,0.002291772112433899,0.013539997996790799,0.015572371491595793,5.57608230801699,0.19496855345911168,0.7924528301886885,0.012578616352199853,0.011374204163387958,71.87655189319594,0.0026610809729557846,0.01118678635877039,0.011429534043646704,0.0033304637285558325,0.0013221289527456381,0.021496073938417466,1.2457705989996621,0.0066898896847922785,3.979373298741915,4.659927112043852,1.0,0.58,0.0,-0.2588190451025208,-0.9659258262890683,2,1.0,0.7386882174629384,True
XRPUSDT,trend_ema__directionlong_only_fast21_rsi_threshold58.0_slow34,trend_ema,2026-03-11 13:30:00+00:00,2026-03-11 13:30:00+00:00,long,0.009919319225262133,0.010719319225262133,target,0,0.4375310378639188,1,True,False,False,0.0002933457314354517,0.011104428399405078,0,0,0.00062131349916392,1.3948,1.4105,1.3946,1.3979,23593301.2,2026-03-11 13:44:59.999000+00:00,33113305.28316,45114,11488250.9,16123305.11629,0.002291772112433899,0.013539997996790799,0.015572371491595793,5.57608230801699,0.19496855345911168,0.7924528301886885,0.012578616352199853,0.011374204163387958,71.87655189319594,0.0026610809729557846,0.01118678635877039,0.011429534043646704,0.0033304637285558325,0.0013221289527456381,0.021496073938417466,1.2457705989996621,0.0066898896847922785,3.979373298741915,4.659927112043852,1.0,0.58,0.0,-0.2588190451025208,-0.9659258262890683,2,1.0,0.8273633019115061,True
ETHUSDT,trend_ema__directionlong_only_fast21_rsi_threshold58.0_slow34,trend_ema,2026-03-11 13:30:00+00:00,2026-03-11 13:30:00+00:00,long,0.011119322679916015,0.011919322679916015,target,0,0.4778828750908451,1,True,False,False,0.00014997750337455106,0.01768423373302125,0,4,-0.009556637606622372,2045.2,2081.68,2045.2,2062.0,360362.128,2026-03-11 13:44:59.999000+00:00,744917677.49997,414905,185402.251,383192370.98059,0.008190580413594956,0.0199206750006843,0.02059867635791456,6.385346558978503,0.46052631578947506,0.5394736842105249,0.0,0.01769156159068855,73.89414375454226,3.789109331542685,0.016248097050489047,0.016804996284122794,0.0033437392445303527,0.0011236846840469994,0.021687877690437583,1.656195432325283,11.662963417488193,4.847328874055957,7.609759730505556,1.0,0.69,0.0,-0.2588190451025208,-0.9659258262890683,2,1.0,0.7209819631951189,True
ETHUSDT,trend_ema__directionlong_only_fast9_rsi_threshold58.0_slow55,trend_ema,2026-03-11 13:30:00+00:00,2026-03-11 13:30:00+00:00,long,0.011119322679916015,0.011919322679916015,target,0,0.4778828750908451,1,True,False,False,0.00014997750337455106,0.01768423373302125,0,3,-0.007203650376775656,2045.2,2081.68,2045.2,2062.0,360362.128,2026-03-11 13:44:59.999000+00:00,744917677.49997,414905,185402.251,383192370.98059,0.008190580413594956,0.0199206750006843,0.02059867635791456,6.385346558978503,0.46052631578947506,0.5394736842105249,0.0,0.01769156159068855,73.89414375454226,3.789109331542685,0.016248097050489047,0.016804996284122794,0.0033437392445303527,0.0011236846840469994,0.021687877690437583,1.656195432325283,11.662963417488193,4.847328874055957,7.609759730505556,1.0,0.69,0.0,-0.2588190451025208,-0.9659258262890683,2,1.0,0.7439916328244112,True
XRPUSDT,trend_ema__directionboth_fast12_rsi_threshold55.0_slow89,trend_ema,2026-03-11 13:45:00+00:00,2026-03-11 13:45:00+00:00,long,-0.007977943574015723,-0.007177943574015723,stop,0,0.23106168806304084,0,False,True,False,0.009949623595951147,0.0012806277656147768,0,0,0.0043459260814813355,1.3978,1.3998,1.3841,1.3916,21063167.1,2026-03-11 13:59:59.999000+00:00,29294243.62853,37508,10282409.2,14295315.17897,-0.0045169461992958975,0.005331808870023906,0.01323756174155086,1.9813289569166075,0.39490445859872947,0.12738853503184866,0.47770700636942187,0.011281977579764174,61.55308440315204,0.002365632076054138,0.006071194663476588,0.006681404059385307,0.00291340844089949,0.0016255161841962629,0.022632460892772748,0.7260229836030102,0.007333468993021389,2.8135194145414517,3.706810398514823,1.0,0.62,-0.004506760140210342,-0.2588190451025208,-0.9659258262890683,2,1.0,0.7036027752564055,True
BTCUSDT,trend_ema__directionlong_only_fast12_rsi_threshold58.0_slow89,trend_ema,2026-03-11 14:15:00+00:00,2026-03-11 17:15:00+00:00,long,0.014165405593845005,0.014965405593845005,target,12,0.3664410385253623,1,True,False,False,0.008220280712237122,0.015533335475684064,0,0,0.006785504526292651,70185.1,70656.0,70132.0,70612.9,3921.672,2026-03-11 14:29:59.999000+00:00,276029118.8052,112765,2120.822,149268186.1089,0.0060768095636108636,0.00621217508992266,0.016464679397997065,2.000267337851717,0.8164122137404358,0.08225190839695767,0.10133587786260653,0.007420740402957534,68.32205192626812,134.10300255744164,0.011412445817972707,0.012123332560729052,0.002615638380930374,0.0017561363335998337,0.024561719458029742,1.1232630287306327,427.61652929803944,0.42209833695897575,1.4467153629698772,1.0,0.75,0.0,-0.4999999999999997,-0.8660254037844388,2,1.0,0.8826109933949016,True
BTCUSDT,trend_ema__directionboth_fast12_rsi_threshold52.0_slow89,trend_ema,2026-03-11 14:15:00+00:00,2026-03-11 17:15:00+00:00,long,0.014165405593845005,0.014965405593845005,target,12,0.3664410385253623,1,True,False,False,0.008220280712237122,0.015533335475684064,0,0,0.00909744436225916,70185.1,70656.0,70132.0,70612.9,3921.672,2026-03-11 14:29:59.999000+00:00,276029118.8052,112765,2120.822,149268186.1089,0.0060768095636108636,0.00621217508992266,0.016464679397997065,2.000267337851717,0.8164122137404358,0.08225190839695767,0.10133587786260653,0.007420740402957534,68.32205192626812,134.10300255744164,0.011412445817972707,0.012123332560729052,0.002615638380930374,0.0017561363335998337,0.024561719458029742,1.1232630287306327,427.61652929803944,0.42209833695897575,1.4467153629698772,1.0,0.75,0.0,-0.4999999999999997,-0.8660254037844388,2,1.0,0.8865830574102391,True
BTCUSDT,trend_ema__directionboth_fast12_rsi_threshold58.0_slow89,trend_ema,2026-03-11 14:15:00+00:00,2026-03-11 17:15:00+00:00,long,0.014165405593845005,0.014965405593845005,target,12,0.3664410385253623,1,True,False,False,0.008220280712237122,0.015533335475684064,0,0,0.004473564690326141,70185.1,70656.0,70132.0,70612.9,3921.672,2026-03-11 14:29:59.999000+00:00,276029118.8052,112765,2120.822,149268186.1089,0.0060768095636108636,0.00621217508992266,0.016464679397997065,2.000267337851717,0.8164122137404358,0.08225190839695767,0.10133587786260653,0.007420740402957534,68.32205192626812,134.10300255744164,0.011412445817972707,0.012123332560729052,0.002615638380930374,0.0017561363335998337,0.024561719458029742,1.1232630287306327,427.61652929803944,0.42209833695897575,1.4467153629698772,1.0,0.75,0.0,-0.4999999999999997,-0.8660254037844388,2,1.0,0.8817442426258737,True
BTCUSDT,trend_ema__directionboth_fast12_rsi_threshold55.0_slow89,trend_ema,2026-03-11 14:15:00+00:00,2026-03-11 17:15:00+00:00,long,0.014165405593845005,0.014965405593845005,target,12,0.3664410385253623,1,True,False,False,0.008220280712237122,0.015533335475684064,0,1,-0.00015031498160687843,70185.1,70656.0,70132.0,70612.9,3921.672,2026-03-11 14:29:59.999000+00:00,276029118.8052,112765,2120.822,149268186.1089,0.0060768095636108636,0.00621217508992266,0.016464679397997065,2.000267337851717,0.8164122137404358,0.08225190839695767,0.10133587786260653,0.007420740402957534,68.32205192626812,134.10300255744164,0.011412445817972707,0.012123332560729052,0.002615638380930374,0.0017561363335998337,0.024561719458029742,1.1232630287306327,427.61652929803944,0.42209833695897575,1.4467153629698772,1.0,0.75,0.0,-0.4999999999999997,-0.8660254037844388,2,1.0,0.8201937085473907,True
BTCUSDT,trend_ema__directionlong_only_fast12_rsi_threshold55.0_slow89,trend_ema,2026-03-11 14:15:00+00:00,2026-03-11 17:15:00+00:00,long,0.014165405593845005,0.014965405593845005,target,12,0.3664410385253623,1,True,False,False,0.008220280712237122,0.015533335475684064,0,0,0.0021616248543596312,70185.1,70656.0,70132.0,70612.9,3921.672,2026-03-11 14:29:59.999000+00:00,276029118.8052,112765,2120.822,149268186.1089,0.0060768095636108636,0.00621217508992266,0.016464679397997065,2.000267337851717,0.8164122137404358,0.08225190839695767,0.10133587786260653,0.007420740402957534,68.32205192626812,134.10300255744164,0.011412445817972707,0.012123332560729052,0.002615638380930374,0.0017561363335998337,0.024561719458029742,1.1232630287306327,427.61652929803944,0.42209833695897575,1.4467153629698772,1.0,0.75,0.0,-0.4999999999999997,-0.8660254037844388,2,1.0,0.8809344407618956,True
BTCUSDT,trend_ema__directionboth_fast21_rsi_threshold55.0_slow89,trend_ema,2026-03-11 14:30:00+00:00,2026-03-11 15:00:00+00:00,long,-0.009882314912117579,-0.009082314912117579,stop,2,0.4138483243051212,0,False,True,False,0.010206121437090638,0.0044547225913094835,0,0,0.01141441088200462,70612.9,70930.9,70395.1,70800.8,4530.61,2026-03-11 14:44:59.999000+00:00,320380949.7068,123126,2425.572,171573295.5087,0.00265745271610898,0.005527900301011302,0.016419186847861866,1.765168781760707,0.3506905561777022,0.24281448301603975,0.4064949608062581,0.007567711099309447,70.69241621525606,151.6482208847168,0.012699313063115027,0.01416684441449148,0.0032752495000396564,0.0020387373079251425,0.02853023513096815,1.0909807057756216,435.3439200624644,0.5921760790937924,1.598522237560664,1.0,0.76,0.0,-0.4999999999999997,-0.8660254037844388,2,1.0,0.8349779001515985,True
XRPUSDT,trend_ema__directionshort_only_fast12_rsi_threshold58.0_slow89,trend_ema,2026-03-12 00:15:00+00:00,2026-03-12 02:45:00+00:00,short,0.00817709772555329,0.008977097725553291,target,10,0.24165029903862603,1,True,False,False,0.0016685786795428018,0.009684436542279948,0,0,0.005527734358187877,1.3831,1.3852,1.3805,1.3825,3314737.8,2026-03-12 00:29:59.999000+00:00,4583643.07378,9292,1757825.7,2430921.08856,-0.00036159826826830186,-0.004546610509595841,-0.00389835896530419,-3.486928758041245,0.12765957446807305,0.4468085106383029,0.4255319148936241,0.0033996383363471437,37.9174850480687,-0.0010097507056177875,-0.004011002272712686,-0.00412027975720826,-0.0012493869498815258,-0.0005853792624362919,0.00828342417020735,-1.038144781723479,0.004946762817092339,-0.460933673832659,0.6904110209445845,-1.0,0.01,-0.007822592220467883,0.0,1.0,3,0.0,0.8199289386512494,True
XRPUSDT,trend_ema__directionshort_only_fast12_rsi_threshold55.0_slow89,trend_ema,2026-03-12 00:15:00+00:00,2026-03-12 02:45:00+00:00,short,0.00817709772555329,0.008977097725553291,target,10,0.24165029903862603,1,True,False,False,0.0016685786795428018,0.009684436542279948,0,0,0.005640326363078057,1.3831,1.3852,1.3805,1.3825,3314737.8,2026-03-12 00:29:59.999000+00:00,4583643.07378,9292,1757825.7,2430921.08856,-0.00036159826826830186,-0.004546610509595841,-0.00389835896530419,-3.486928758041245,0.12765957446807305,0.4468085106383029,0.4255319148936241,0.0033996383363471437,37.9174850480687,-0.0010097507056177875,-0.004011002272712686,-0.00412027975720826,-0.0012493869498815258,-0.0005853792624362919,0.00828342417020735,-1.038144781723479,0.004946762817092339,-0.460933673832659,0.6904110209445845,-1.0,0.01,-0.007822592220467883,0.0,1.0,3,0.0,0.8199289386512494,True
XRPUSDT,trend_ema__directionboth_fast12_rsi_threshold55.0_slow89,trend_ema,2026-03-12 00:15:00+00:00,2026-03-12 02:45:00+00:00,short,0.00817709772555329,0.008977097725553291,target,10,0.24165029903862603,1,True,False,False,0.0016685786795428018,0.009684436542279948,0,0,0.005752918367968238,1.3831,1.3852,1.3805,1.3825,3314737.8,2026-03-12 00:29:59.999000+00:00,4583643.07378,9292,1757825.7,2430921.08856,-0.00036159826826830186,-0.004546610509595841,-0.00389835896530419,-3.486928758041245,0.12765957446807305,0.4468085106383029,0.4255319148936241,0.0033996383363471437,37.9174850480687,-0.0010097507056177875,-0.004011002272712686,-0.00412027975720826,-0.0012493869498815258,-0.0005853792624362919,0.00828342417020735,-1.038144781723479,0.004946762817092339,-0.460933673832659,0.6904110209445845,-1.0,0.01,-0.007822592220467883,0.0,1.0,3,0.0,0.8199289386512494,True
XRPUSDT,trend_ema__directionboth_fast12_rsi_threshold52.0_slow89,trend_ema,2026-03-12 00:15:00+00:00,2026-03-12 02:45:00+00:00,short,0.00817709772555329,0.008977097725553291,target,10,0.24165029903862603,1,True,False,False,0.0016685786795428018,0.009684436542279948,0,0,0.005865510372858417,1.3831,1.3852,1.3805,1.3825,3314737.8,2026-03-12 00:29:59.999000+00:00,4583643.07378,9292,1757825.7,2430921.08856,-0.00036159826826830186,-0.004546610509595841,-0.00389835896530419,-3.486928758041245,0.12765957446807305,0.4468085106383029,0.4255319148936241,0.0033996383363471437,37.9174850480687,-0.0010097507056177875,-0.004011002272712686,-0.00412027975720826,-0.0012493869498815258,-0.0005853792624362919,0.00828342417020735,-1.038144781723479,0.004946762817092339,-0.460933673832659,0.6904110209445845,-1.0,0.01,-0.007822592220467883,0.0,1.0,3,0.0,0.819792677161755,True
XRPUSDT,trend_ema__directionboth_fast9_rsi_threshold58.0_slow89,trend_ema,2026-03-12 00:15:00+00:00,2026-03-12 02:45:00+00:00,short,0.00817709772555329,0.008977097725553291,target,10,0.24165029903862603,1,True,False,False,0.0016685786795428018,0.009684436542279948,0,0,0.005978102377748597,1.3831,1.3852,1.3805,1.3825,3314737.8,2026-03-12 00:29:59.999000+00:00,4583643.07378,9292,1757825.7,2430921.08856,-0.00036159826826830186,-0.004546610509595841,-0.00389835896530419,-3.486928758041245,0.12765957446807305,0.4468085106383029,0.4255319148936241,0.0033996383363471437,37.9174850480687,-0.0010097507056177875,-0.004011002272712686,-0.00412027975720826,-0.0012493869498815258,-0.0005853792624362919,0.00828342417020735,-1.038144781723479,0.004946762817092339,-0.460933673832659,0.6904110209445845,-1.0,0.01,-0.007822592220467883,0.0,1.0,3,0.0,0.819792677161755,True
XRPUSDT,trend_ema__directionshort_only_fast9_rsi_threshold55.0_slow89,trend_ema,2026-03-12 00:15:00+00:00,2026-03-12 02:45:00+00:00,short,0.00817709772555329,0.008977097725553291,target,10,0.24165029903862603,1,True,False,False,0.0016685786795428018,0.009684436542279948,0,0,0.006090694382638777,1.3831,1.3852,1.3805,1.3825,3314737.8,2026-03-12 00:29:59.999000+00:00,4583643.07378,9292,1757825.7,2430921.08856,-0.00036159826826830186,-0.004546610509595841,-0.00389835896530419,-3.486928758041245,0.12765957446807305,0.4468085106383029,0.4255319148936241,0.0033996383363471437,37.9174850480687,-0.0010097507056177875,-0.004011002272712686,-0.00412027975720826,-0.0012493869498815258,-0.0005853792624362919,0.00828342417020735,-1.038144781723479,0.004946762817092339,-0.460933673832659,0.6904110209445845,-1.0,0.01,-0.007822592220467883,0.0,1.0,3,0.0,0.819792677161755,True
XRPUSDT,trend_ema__directionboth_fast12_rsi_threshold58.0_slow89,trend_ema,2026-03-12 00:15:00+00:00,2026-03-12 02:45:00+00:00,short,0.00817709772555329,0.008977097725553291,target,10,0.24165029903862603,1,True,False,False,0.0016685786795428018,0.009684436542279948,0,0,0.0062032863875289565,1.3831,1.3852,1.3805,1.3825,3314737.8,2026-03-12 00:29:59.999000+00:00,4583643.07378,9292,1757825.7,2430921.08856,-0.00036159826826830186,-0.004546610509595841,-0.00389835896530419,-3.486928758041245,0.12765957446807305,0.4468085106383029,0.4255319148936241,0.0033996383363471437,37.9174850480687,-0.0010097507056177875,-0.004011002272712686,-0.00412027975720826,-0.0012493869498815258,-0.0005853792624362919,0.00828342417020735,-1.038144781723479,0.004946762817092339,-0.460933673832659,0.6904110209445845,-1.0,0.01,-0.007822592220467883,0.0,1.0,3,0.0,0.819792677161755,True
XRPUSDT,trend_ema__directionshort_only_fast12_rsi_threshold52.0_slow89,trend_ema,2026-03-12 00:15:00+00:00,2026-03-12 02:45:00+00:00,short,0.00817709772555329,0.008977097725553291,target,10,0.24165029903862603,1,True,False,False,0.0016685786795428018,0.009684436542279948,0,0,0.006696739222035039,1.3831,1.3852,1.3805,1.3825,3314737.8,2026-03-12 00:29:59.999000+00:00,4583643.07378,9292,1757825.7,2430921.08856,-0.00036159826826830186,-0.004546610509595841,-0.00389835896530419,-3.486928758041245,0.12765957446807305,0.4468085106383029,0.4255319148936241,0.0033996383363471437,37.9174850480687,-0.0010097507056177875,-0.004011002272712686,-0.00412027975720826,-0.0012493869498815258,-0.0005853792624362919,0.00828342417020735,-1.038144781723479,0.004946762817092339,-0.460933673832659,0.6904110209445845,-1.0,0.01,-0.007822592220467883,0.0,1.0,3,0.0,0.8181829853640007,True
XRPUSDT,trend_ema__directionshort_only_fast21_rsi_threshold52.0_slow55,trend_ema,2026-03-12 00:45:00+00:00,2026-03-12 02:30:00+00:00,short,0.008045074711527501,0.008845074711527501,target,7,0.20736352730741742,1,True,False,False,0.0008730399417499978,0.009032298963979989,0,0,0.007190192056541124,1.3833,1.3843,1.3822,1.3832,1413181.8,2026-03-12 00:59:59.999000+00:00,1954988.37206,5507,790129.2,1093111.58965,0.0,-0.0005059448628037116,-0.005479465764625596,-0.39202827214673946,0.047619047619042586,0.47619047619053156,0.4761904761904258,0.0015182186234817747,39.63182363462913,-0.0008313904984915315,-0.0028674529104209755,-0.0033343730303216964,-0.0010533095932031555,-0.0007431786436586929,0.009261494561417397,-0.7126786903916584,0.0046938924290234945,-1.1025728486485915,0.3323402167562473,-1.0,0.01,-0.0073202239127314606,0.0,1.0,3,0.0,0.7733762980525245,True
XRPUSDT,trend_ema__directionshort_only_fast21_rsi_threshold58.0_slow55,trend_ema,2026-03-12 00:45:00+00:00,2026-03-12 02:30:00+00:00,short,0.008045074711527501,0.008845074711527501,target,7,0.20736352730741742,1,True,False,False,0.0008730399417499978,0.009032298963979989,0,0,0.007670442589644629,1.3833,1.3843,1.3822,1.3832,1413181.8,2026-03-12 00:59:59.999000+00:00,1954988.37206,5507,790129.2,1093111.58965,0.0,-0.0005059448628037116,-0.005479465764625596,-0.39202827214673946,0.047619047619042586,0.47619047619053156,0.4761904761904258,0.0015182186234817747,39.63182363462913,-0.0008313904984915315,-0.0028674529104209755,-0.0033343730303216964,-0.0010533095932031555,-0.0007431786436586929,0.009261494561417397,-0.7126786903916584,0.0046938924290234945,-1.1025728486485915,0.3323402167562473,-1.0,0.01,-0.0073202239127314606,0.0,1.0,3,0.0,0.77967641351262,True
XRPUSDT,trend_ema__directionshort_only_fast21_rsi_threshold55.0_slow55,trend_ema,2026-03-12 00:45:00+00:00,2026-03-12 02:30:00+00:00,short,0.008045074711527501,0.008845074711527501,target,7,0.20736352730741742,1,True,False,False,0.0008730399417499978,0.009032298963979989,0,0,0.008150693122748133,1.3833,1.3843,1.3822,1.3832,1413181.8,2026-03-12 00:59:59.999000+00:00,1954988.37206,5507,790129.2,1093111.58965,0.0,-0.0005059448628037116,-0.005479465764625596,-0.39202827214673946,0.047619047619042586,0.47619047619053156,0.4761904761904258,0.0015182186234817747,39.63182363462913,-0.0008313904984915315,-0.0028674529104209755,-0.0033343730303216964,-0.0010533095932031555,-0.0007431786436586929,0.009261494561417397,-0.7126786903916584,0.0046938924290234945,-1.1025728486485915,0.3323402167562473,-1.0,0.01,-0.0073202239127314606,0.0,1.0,3,0.0,0.7777588816693523,True
XRPUSDT,trend_ema__directionshort_only_fast21_rsi_threshold55.0_slow89,trend_ema,2026-03-12 01:15:00+00:00,2026-03-12 05:15:00+00:00,short,0.008064561144001774,0.008864561144001774,target,16,0.32612961159392,1,True,False,False,0.0016736460414654307,0.009136825728792406,0,0,0.008137490821345555,1.3785,1.3798,1.3777,1.3789,1717268.4,2026-03-12 01:29:59.999000+00:00,2367942.23809,6845,995014.2,1372099.6777,0.0002901283838440313,-0.0026073745487944205,-0.007081977857639049,-1.760093331107517,0.19047619047617034,0.42857142857138325,0.38095238095244643,0.0015229530785408592,33.693519420304,-0.0010351046886143793,-0.004882330327906991,-0.005955290955269658,-0.0014064136333467037,-0.0009485812868733623,0.012240879868815979,-0.9336733626927598,0.0046881011250253495,-0.9636288784548965,0.42786286116674244,-1.0,0.06,-0.010406200660255438,0.25881904510252074,0.9659258262890683,3,0.0,0.8343295864029411,True
XRPUSDT,trend_ema__directionboth_fast21_rsi_threshold55.0_slow89,trend_ema,2026-03-12 01:15:00+00:00,2026-03-12 05:15:00+00:00,short,0.008064561144001774,0.008864561144001774,target,16,0.32612961159392,1,True,False,False,0.0016736460414654307,0.009136825728792406,0,0,0.008126237163190404,1.3785,1.3798,1.3777,1.3789,1717268.4,2026-03-12 01:29:59.999000+00:00,2367942.23809,6845,995014.2,1372099.6777,0.0002901283838440313,-0.0026073745487944205,-0.007081977857639049,-1.760093331107517,0.19047619047617034,0.42857142857138325,0.38095238095244643,0.0015229530785408592,33.693519420304,-0.0010351046886143793,-0.004882330327906991,-0.005955290955269658,-0.0014064136333467037,-0.0009485812868733623,0.012240879868815979,-0.9336733626927598,0.0046881011250253495,-0.9636288784548965,0.42786286116674244,-1.0,0.06,-0.010406200660255438,0.25881904510252074,0.9659258262890683,3,0.0,0.8343295864029411,True
XRPUSDT,trend_ema__directionshort_only_fast21_rsi_threshold58.0_slow89,trend_ema,2026-03-12 01:15:00+00:00,2026-03-12 05:15:00+00:00,short,0.008064561144001774,0.008864561144001774,target,16,0.32612961159392,1,True,False,False,0.0016736460414654307,0.009136825728792406,0,0,0.00811498350503525,1.3785,1.3798,1.3777,1.3789,1717268.4,2026-03-12 01:29:59.999000+00:00,2367942.23809,6845,995014.2,1372099.6777,0.0002901283838440313,-0.0026073745487944205,-0.007081977857639049,-1.760093331107517,0.19047619047617034,0.42857142857138325,0.38095238095244643,0.0015229530785408592,33.693519420304,-0.0010351046886143793,-0.004882330327906991,-0.005955290955269658,-0.0014064136333467037,-0.0009485812868733623,0.012240879868815979,-0.9336733626927598,0.0046881011250253495,-0.9636288784548965,0.42786286116674244,-1.0,0.06,-0.010406200660255438,0.25881904510252074,0.9659258262890683,3,0.0,0.8343295864029411,True
XRPUSDT,trend_ema__directionshort_only_fast21_rsi_threshold52.0_slow89,trend_ema,2026-03-12 01:15:00+00:00,2026-03-12 05:15:00+00:00,short,0.008064561144001774,0.008864561144001774,target,16,0.32612961159392,1,True,False,False,0.0016736460414654307,0.009136825728792406,0,0,0.008103729846880101,1.3785,1.3798,1.3777,1.3789,1717268.4,2026-03-12 01:29:59.999000+00:00,2367942.23809,6845,995014.2,1372099.6777,0.0002901283838440313,-0.0026073745487944205,-0.007081977857639049,-1.760093331107517,0.19047619047617034,0.42857142857138325,0.38095238095244643,0.0015229530785408592,33.693519420304,-0.0010351046886143793,-0.004882330327906991,-0.005955290955269658,-0.0014064136333467037,-0.0009485812868733623,0.012240879868815979,-0.9336733626927598,0.0046881011250253495,-0.9636288784548965,0.42786286116674244,-1.0,0.06,-0.010406200660255438,0.25881904510252074,0.9659258262890683,3,0.0,0.8343295864029411,True
BTCUSDT,trend_ema__directionshort_only_fast12_rsi_threshold55.0_slow89,trend_ema,2026-03-12 01:30:00+00:00,2026-03-12 02:45:00+00:00,short,0.007719899130388317,0.008519899130388317,target,5,0.2579624929962516,1,True,False,False,0.0015530245088712516,0.00959511489602128,0,0,-0.00017369102510195674,69860.7,69950.0,69749.8,69924.1,1153.226,2026-03-12 01:44:59.999000+00:00,80531039.674,33474,504.284,35221531.5637,0.0009085401244624456,-0.004489073110871661,-0.008303045895198492,-2.5176047174961296,0.3166833166833649,0.12937062937060217,0.5539460539460329,0.0028631044232245687,37.10187535018742,-58.56445151806335,-0.004353393362607903,-0.004781168115344702,-0.0017099861514976444,-0.0007967148907892518,0.01434363163279662,-0.7706784841875357,235.3433963254186,0.056158652773031656,1.0346658168458498,-1.0,0.25,-0.011838308239756401,0.25881904510252074,0.9659258262890683,3,0.0,0.7731480946112338,True
BTCUSDT,trend_ema__directionshort_only_fast12_rsi_threshold52.0_slow89,trend_ema,2026-03-12 01:30:00+00:00,2026-03-12 02:45:00+00:00,short,0.007719899130388317,0.008519899130388317,target,5,0.2579624929962516,1,True,False,False,0.0015530245088712516,0.00959511489602128,0,0,0.0030325343280722004,69860.7,69950.0,69749.8,69924.1,1153.226,2026-03-12 01:44:59.999000+00:00,80531039.674,33474,504.284,35221531.5637,0.0009085401244624456,-0.004489073110871661,-0.008303045895198492,-2.5176047174961296,0.3166833166833649,0.12937062937060217,0.5539460539460329,0.0028631044232245687,37.10187535018742,-58.56445151806335,-0.004353393362607903,-0.004781168115344702,-0.0017099861514976444,-0.0007967148907892518,0.01434363163279662,-0.7706784841875357,235.3433963254186,0.056158652773031656,1.0346658168458498,-1.0,0.25,-0.011838308239756401,0.25881904510252074,0.9659258262890683,3,0.0,0.7709788152549782,True
BTCUSDT,trend_ema__directionboth_fast12_rsi_threshold58.0_slow89,trend_ema,2026-03-12 01:30:00+00:00,2026-03-12 02:45:00+00:00,short,0.007719899130388317,0.008519899130388317,target,5,0.2579624929962516,1,True,False,False,0.0015530245088712516,0.00959511489602128,0,0,0.001451231165578036,69860.7,69950.0,69749.8,69924.1,1153.226,2026-03-12 01:44:59.999000+00:00,80531039.674,33474,504.284,35221531.5637,0.0009085401244624456,-0.004489073110871661,-0.008303045895198492,-2.5176047174961296,0.3166833166833649,0.12937062937060217,0.5539460539460329,0.0028631044232245687,37.10187535018742,-58.56445151806335,-0.004353393362607903,-0.004781168115344702,-0.0017099861514976444,-0.0007967148907892518,0.01434363163279662,-0.7706784841875357,235.3433963254186,0.056158652773031656,1.0346658168458498,-1.0,0.25,-0.011838308239756401,0.25881904510252074,0.9659258262890683,3,0.0,0.7762635815613473,True
BTCUSDT,trend_ema__directionshort_only_fast21_rsi_threshold55.0_slow55,trend_ema,2026-03-12 01:45:00+00:00,2026-03-12 02:30:00+00:00,short,0.00761549503358246,0.00841549503358246,target,3,0.3212002679031201,1,True,False,False,0.0006434879384660617,0.008660838598533229,0,0,0.006184700243379944,69924.2,69958.7,69706.1,69800.8,1514.145,2026-03-12 01:59:59.999000+00:00,105660298.0114,37789,825.298,57589371.1389,-0.0017648970513516559,-0.005373726029942099,-0.01283263317729179,-3.043903940013922,0.4885193982581094,0.13657957244656055,0.37490102929533003,0.0036188696977683815,33.939986604843995,-60.54966361695148,-0.005543963709312363,-0.00629896848007778,-0.0016340331593921453,-0.0010097388940643048,0.015253121699305846,-0.8819284183452328,236.57601087360237,0.619025788586417,1.3786618754610278,-1.0,0.22,-0.013580773807336688,0.25881904510252074,0.9659258262890683,3,0.0,0.8650094496373172,True
BTCUSDT,trend_ema__directionshort_only_fast21_rsi_threshold52.0_slow55,trend_ema,2026-03-12 01:45:00+00:00,2026-03-12 02:30:00+00:00,short,0.00761549503358246,0.00841549503358246,target,3,0.3212002679031201,1,True,False,False,0.0006434879384660617,0.008660838598533229,0,0,0.007755562996193522,69924.2,69958.7,69706.1,69800.8,1514.145,2026-03-12 01:59:59.999000+00:00,105660298.0114,37789,825.298,57589371.1389,-0.0017648970513516559,-0.005373726029942099,-0.01283263317729179,-3.043903940013922,0.4885193982581094,0.13657957244656055,0.37490102929533003,0.0036188696977683815,33.939986604843995,-60.54966361695148,-0.005543963709312363,-0.00629896848007778,-0.0016340331593921453,-0.0010097388940643048,0.015253121699305846,-0.8819284183452328,236.57601087360237,0.619025788586417,1.3786618754610278,-1.0,0.22,-0.013580773807336688,0.25881904510252074,0.9659258262890683,3,0.0,0.8676320036338496,True
BTCUSDT,trend_ema__directionshort_only_fast21_rsi_threshold58.0_slow55,trend_ema,2026-03-12 01:45:00+00:00,2026-03-12 02:30:00+00:00,short,0.00761549503358246,0.00841549503358246,target,3,0.3212002679031201,1,True,False,False,0.0006434879384660617,0.008660838598533229,0,0,0.004613837490566365,69924.2,69958.7,69706.1,69800.8,1514.145,2026-03-12 01:59:59.999000+00:00,105660298.0114,37789,825.298,57589371.1389,-0.0017648970513516559,-0.005373726029942099,-0.01283263317729179,-3.043903940013922,0.4885193982581094,0.13657957244656055,0.37490102929533003,0.0036188696977683815,33.939986604843995,-60.54966361695148,-0.005543963709312363,-0.00629896848007778,-0.0016340331593921453,-0.0010097388940643048,0.015253121699305846,-0.8819284183452328,236.57601087360237,0.619025788586417,1.3786618754610278,-1.0,0.22,-0.013580773807336688,0.25881904510252074,0.9659258262890683,3,0.0,0.8637799116622796,True
ETHUSDT,trend_ema__directionboth_fast9_rsi_threshold58.0_slow89,trend_ema,2026-03-12 02:15:00+00:00,2026-03-12 02:45:00+00:00,short,0.009361944376989085,0.010161944376989085,target,2,0.35330594932585485,1,True,False,False,0.0007374217560240908,0.010961613359226309,0,0,0.008046948447820921,2043.21,2044.41,2033.65,2038.46,65239.513,2026-03-12 02:29:59.999000+00:00,132928128.09446,80961,29842.422,60806555.41438,-0.00233237400181001,-0.004810677901832542,-0.014169710606768316,-2.251803784208809,0.44144981412639445,0.11152416356877755,0.447026022304828,0.005278494549807203,32.33470253370726,-1.9073137630044013,-0.007201597194600171,-0.007770464925332518,-0.0018743714785959265,-0.0010044126323618396,0.01965322010901793,-0.8661784256320969,8.479380999805175,2.464433802646049,2.531267687772395,-1.0,0.16,-0.01944316170245519,0.49999999999999994,0.8660254037844387,3,0.0,0.9016110984388399,True
BTCUSDT,trend_ema__directionshort_only_fast21_rsi_threshold52.0_slow89,trend_ema,2026-03-12 02:15:00+00:00,2026-03-12 05:15:00+00:00,short,0.007428848398853667,0.008228848398853668,target,12,0.4293722550174439,1,True,False,False,0.0007924763232966154,0.00835532036705551,0,0,0.007601262681886165,69743.1,69787.9,69460.8,69560.2,2748.603,2026-03-12 02:29:59.999000+00:00,191246841.126,60649,1177.45,81918279.0245,-0.0026273602118981657,-0.004309263249997157,-0.012692220673437466,-2.376966344021373,0.5591562213390817,0.13696117395288765,0.3038826047080307,0.0047024016607196545,28.531387249127803,-69.67952422708012,-0.007612059034749927,-0.009126763620898901,-0.001976558660635064,-0.001334486227684284,0.018021024677215603,-0.9926949533738862,236.49717264101332,2.536554657225645,2.5239156958349747,-1.0,0.29,-0.016980913430692968,0.49999999999999994,0.8660254037844387,3,0.0,0.9029429272049313,True
BTCUSDT,trend_ema__directionshort_only_fast21_rsi_threshold55.0_slow89,trend_ema,2026-03-12 02:15:00+00:00,2026-03-12 05:15:00+00:00,short,0.007428848398853667,0.008228848398853668,target,12,0.4293722550174439,1,True,False,False,0.0007924763232966154,0.00835532036705551,0,0,0.00763036775503963,69743.1,69787.9,69460.8,69560.2,2748.603,2026-03-12 02:29:59.999000+00:00,191246841.126,60649,1177.45,81918279.0245,-0.0026273602118981657,-0.004309263249997157,-0.012692220673437466,-2.376966344021373,0.5591562213390817,0.13696117395288765,0.3038826047080307,0.0047024016607196545,28.531387249127803,-69.67952422708012,-0.007612059034749927,-0.009126763620898901,-0.001976558660635064,-0.001334486227684284,0.018021024677215603,-0.9926949533738862,236.49717264101332,2.536554657225645,2.5239156958349747,-1.0,0.29,-0.016980913430692968,0.49999999999999994,0.8660254037844387,3,0.0,0.9029429272049313,True
BTCUSDT,trend_ema__directionboth_fast21_rsi_threshold55.0_slow89,trend_ema,2026-03-12 02:15:00+00:00,2026-03-12 05:15:00+00:00,short,0.007428848398853667,0.008228848398853668,target,12,0.4293722550174439,1,True,False,False,0.0007924763232966154,0.00835532036705551,0,0,0.007659472828193095,69743.1,69787.9,69460.8,69560.2,2748.603,2026-03-12 02:29:59.999000+00:00,191246841.126,60649,1177.45,81918279.0245,-0.0026273602118981657,-0.004309263249997157,-0.012692220673437466,-2.376966344021373,0.5591562213390817,0.13696117395288765,0.3038826047080307,0.0047024016607196545,28.531387249127803,-69.67952422708012,-0.007612059034749927,-0.009126763620898901,-0.001976558660635064,-0.001334486227684284,0.018021024677215603,-0.9926949533738862,236.49717264101332,2.536554657225645,2.5239156958349747,-1.0,0.29,-0.016980913430692968,0.49999999999999994,0.8660254037844387,3,0.0,0.9033231118145136,True
BTCUSDT,trend_ema__directionshort_only_fast21_rsi_threshold58.0_slow89,trend_ema,2026-03-12 02:15:00+00:00,2026-03-12 05:15:00+00:00,short,0.007428848398853667,0.008228848398853668,target,12,0.4293722550174439,1,True,False,False,0.0007924763232966154,0.00835532036705551,0,0,0.007716850243929747,69743.1,69787.9,69460.8,69560.2,2748.603,2026-03-12 02:29:59.999000+00:00,191246841.126,60649,1177.45,81918279.0245,-0.0026273602118981657,-0.004309263249997157,-0.012692220673437466,-2.376966344021373,0.5591562213390817,0.13696117395288765,0.3038826047080307,0.0047024016607196545,28.531387249127803,-69.67952422708012,-0.007612059034749927,-0.009126763620898901,-0.001976558660635064,-0.001334486227684284,0.018021024677215603,-0.9926949533738862,236.49717264101332,2.536554657225645,2.5239156958349747,-1.0,0.29,-0.016980913430692968,0.49999999999999994,0.8660254037844387,3,0.0,0.9033231118145136,True
ETHUSDT,trend_ema__directionshort_only_fast9_rsi_threshold55.0_slow89,trend_ema,2026-03-12 02:15:00+00:00,2026-03-12 02:45:00+00:00,short,0.009361944376989085,0.010161944376989085,target,2,0.35330594932585485,1,True,False,False,0.0007374217560240908,0.010961613359226309,0,0,0.008473118825326734,2043.21,2044.41,2033.65,2038.46,65239.513,2026-03-12 02:29:59.999000+00:00,132928128.09446,80961,29842.422,60806555.41438,-0.00233237400181001,-0.004810677901832542,-0.014169710606768316,-2.251803784208809,0.44144981412639445,0.11152416356877755,0.447026022304828,0.005278494549807203,32.33470253370726,-1.9073137630044013,-0.007201597194600171,-0.007770464925332518,-0.0018743714785959265,-0.0010044126323618396,0.01965322010901793,-0.8661784256320969,8.479380999805175,2.464433802646049,2.531267687772395,-1.0,0.16,-0.01944316170245519,0.49999999999999994,0.8660254037844387,3,0.0,0.9016110984388399,True
SOLUSDT,trend_ema__directionshort_only_fast21_rsi_threshold52.0_slow55,trend_ema,2026-03-12 02:30:00+00:00,2026-03-12 03:45:00+00:00,short,0.010280540009962017,0.011080540009962017,target,5,0.4249174494340639,1,True,False,False,0.0020166270012238834,0.012682883419332028,0,0,-0.001367147322784513,85.73,85.89,85.42,85.55,403449.17,2026-03-12 02:44:59.999000+00:00,34561011.257,21781,190613.55,16325740.1984,-0.002101822352462129,-0.006872879287762064,-0.016577206831289947,-2.963749573019601,0.38297872340427075,0.34042553191488717,0.2765957446808421,0.005493863237872576,28.754127528296806,-0.12759538815369675,-0.00990212181056685,-0.011096571388744567,-0.0026239497140466694,-0.0016022281153674767,0.02582213663205862,-0.9223035677546448,0.38635139037277677,3.36604859673804,2.636776657460008,-1.0,0.06,-0.024848968425852158,0.49999999999999994,0.8660254037844387,3,0.0,0.8128826704111853,True
ETHUSDT,trend_ema__directionboth_fast12_rsi_threshold55.0_slow89,trend_ema,2026-03-12 02:30:00+00:00,2026-03-12 03:45:00+00:00,short,0.009600859841754596,0.010400859841754597,target,5,0.43658414277871743,1,True,False,False,0.0005965070972963423,0.010781490411523155,0,0,0.006097603999883285,2038.45,2039.36,2024.4,2031.65,98410.272,2026-03-12 02:44:59.999000+00:00,199849432.53032,101174,41830.052,84950121.65534,-0.003346350027344172,-0.009269532496376746,-0.015395364173672682,-4.209991612233048,0.4545454545454573,0.06082887700533864,0.4846256684492041,0.007363473039155272,28.17079286106413,-2.3481900836383187,-0.009570292702009485,-0.01071127171967321,-0.0023341946044815876,-0.0012825526974932222,0.02174700562290226,-1.011424813186955,8.942282356961934,3.394430791740436,3.5249131403770906,-1.0,0.2,-0.022718964057569457,0.49999999999999994,0.8660254037844387,3,0.0,0.8618474192136764,True
ETHUSDT,trend_ema__directionboth_fast12_rsi_threshold52.0_slow89,trend_ema,2026-03-12 02:30:00+00:00,2026-03-12 03:45:00+00:00,short,0.009600859841754596,0.010400859841754597,target,5,0.43658414277871743,1,True,False,False,0.0005965070972963423,0.010781490411523155,0,0,0.007620778070315111,2038.45,2039.36,2024.4,2031.65,98410.272,2026-03-12 02:44:59.999000+00:00,199849432.53032,101174,41830.052,84950121.65534,-0.003346350027344172,-0.009269532496376746,-0.015395364173672682,-4.209991612233048,0.4545454545454573,0.06082887700533864,0.4846256684492041,0.007363473039155272,28.17079286106413,-2.3481900836383187,-0.009570292702009485,-0.01071127171967321,-0.0023341946044815876,-0.0012825526974932222,0.02174700562290226,-1.011424813186955,8.942282356961934,3.394430791740436,3.5249131403770906,-1.0,0.2,-0.022718964057569457,0.49999999999999994,0.8660254037844387,3,0.0,0.870540196068163,True
ETHUSDT,trend_ema__directionshort_only_fast21_rsi_threshold52.0_slow55,trend_ema,2026-03-12 02:30:00+00:00,2026-03-12 03:45:00+00:00,short,0.009600859841754596,0.010400859841754597,target,5,0.43658414277871743,1,True,False,False,0.0005965070972963423,0.010781490411523155,0,0,0.007239984552707154,2038.45,2039.36,2024.4,2031.65,98410.272,2026-03-12 02:44:59.999000+00:00,199849432.53032,101174,41830.052,84950121.65534,-0.003346350027344172,-0.009269532496376746,-0.015395364173672682,-4.209991612233048,0.4545454545454573,0.06082887700533864,0.4846256684492041,0.007363473039155272,28.17079286106413,-2.3481900836383187,-0.009570292702009485,-0.01071127171967321,-0.0023341946044815876,-0.0012825526974932222,0.02174700562290226,-1.011424813186955,8.942282356961934,3.394430791740436,3.5249131403770906,-1.0,0.2,-0.022718964057569457,0.49999999999999994,0.8660254037844387,3,0.0,0.86910079569285,True
ETHUSDT,trend_ema__directionshort_only_fast12_rsi_threshold55.0_slow89,trend_ema,2026-03-12 02:30:00+00:00,2026-03-12 03:45:00+00:00,short,0.009600859841754596,0.010400859841754597,target,5,0.43658414277871743,1,True,False,False,0.0005965070972963423,0.010781490411523155,0,0,0.006859191035099198,2038.45,2039.36,2024.4,2031.65,98410.272,2026-03-12 02:44:59.999000+00:00,199849432.53032,101174,41830.052,84950121.65534,-0.003346350027344172,-0.009269532496376746,-0.015395364173672682,-4.209991612233048,0.4545454545454573,0.06082887700533864,0.4846256684492041,0.007363473039155272,28.17079286106413,-2.3481900836383187,-0.009570292702009485,-0.01071127171967321,-0.0023341946044815876,-0.0012825526974932222,0.02174700562290226,-1.011424813186955,8.942282356961934,3.394430791740436,3.5249131403770906,-1.0,0.2,-0.022718964057569457,0.49999999999999994,0.8660254037844387,3,0.0,0.8646033853056593,True
ETHUSDT,trend_ema__directionshort_only_fast21_rsi_threshold58.0_slow55,trend_ema,2026-03-12 02:30:00+00:00,2026-03-12 03:45:00+00:00,short,0.009600859841754596,0.010400859841754597,target,5,0.43658414277871743,1,True,False,False,0.0005965070972963423,0.010781490411523155,0,0,0.006478397517491241,2038.45,2039.36,2024.4,2031.65,98410.272,2026-03-12 02:44:59.999000+00:00,199849432.53032,101174,41830.052,84950121.65534,-0.003346350027344172,-0.009269532496376746,-0.015395364173672682,-4.209991612233048,0.4545454545454573,0.06082887700533864,0.4846256684492041,0.007363473039155272,28.17079286106413,-2.3481900836383187,-0.009570292702009485,-0.01071127171967321,-0.0023341946044815876,-0.0012825526974932222,0.02174700562290226,-1.011424813186955,8.942282356961934,3.394430791740436,3.5249131403770906,-1.0,0.2,-0.022718964057569457,0.49999999999999994,0.8660254037844387,3,0.0,0.8618474192136764,True
ETHUSDT,trend_ema__directionshort_only_fast12_rsi_threshold58.0_slow89,trend_ema,2026-03-12 02:30:00+00:00,2026-03-12 03:45:00+00:00,short,0.009600859841754596,0.010400859841754597,target,5,0.43658414277871743,1,True,False,False,0.0005965070972963423,0.010781490411523155,0,0,0.006961472187112837,2038.45,2039.36,2024.4,2031.65,98410.272,2026-03-12 02:44:59.999000+00:00,199849432.53032,101174,41830.052,84950121.65534,-0.003346350027344172,-0.009269532496376746,-0.015395364173672682,-4.209991612233048,0.4545454545454573,0.06082887700533864,0.4846256684492041,0.007363473039155272,28.17079286106413,-2.3481900836383187,-0.009570292702009485,-0.01071127171967321,-0.0023341946044815876,-0.0012825526974932222,0.02174700562290226,-1.011424813186955,8.942282356961934,3.394430791740436,3.5249131403770906,-1.0,0.2,-0.022718964057569457,0.49999999999999994,0.8660254037844387,3,0.0,0.8646033853056593,True
ETHUSDT,trend_ema__directionshort_only_fast21_rsi_threshold55.0_slow55,trend_ema,2026-03-12 02:30:00+00:00,2026-03-12 03:45:00+00:00,short,0.009600859841754596,0.010400859841754597,target,5,0.43658414277871743,1,True,False,False,0.0005965070972963423,0.010781490411523155,0,0,0.008689208561571942,2038.45,2039.36,2024.4,2031.65,98410.272,2026-03-12 02:44:59.999000+00:00,199849432.53032,101174,41830.052,84950121.65534,-0.003346350027344172,-0.009269532496376746,-0.015395364173672682,-4.209991612233048,0.4545454545454573,0.06082887700533864,0.4846256684492041,0.007363473039155272,28.17079286106413,-2.3481900836383187,-0.009570292702009485,-0.01071127171967321,-0.0023341946044815876,-0.0012825526974932222,0.02174700562290226,-1.011424813186955,8.942282356961934,3.394430791740436,3.5249131403770906,-1.0,0.2,-0.022718964057569457,0.49999999999999994,0.8660254037844387,3,0.0,0.8715711309455489,True
ETHUSDT,trend_ema__directionboth_fast12_rsi_threshold58.0_slow89,trend_ema,2026-03-12 02:30:00+00:00,2026-03-12 03:45:00+00:00,short,0.009600859841754596,0.010400859841754597,target,5,0.43658414277871743,1,True,False,False,0.0005965070972963423,0.010781490411523155,0,0,0.009553076748801495,2038.45,2039.36,2024.4,2031.65,98410.272,2026-03-12 02:44:59.999000+00:00,199849432.53032,101174,41830.052,84950121.65534,-0.003346350027344172,-0.009269532496376746,-0.015395364173672682,-4.209991612233048,0.4545454545454573,0.06082887700533864,0.4846256684492041,0.007363473039155272,28.17079286106413,-2.3481900836383187,-0.009570292702009485,-0.01071127171967321,-0.0023341946044815876,-0.0012825526974932222,0.02174700562290226,-1.011424813186955,8.942282356961934,3.394430791740436,3.5249131403770906,-1.0,0.2,-0.022718964057569457,0.49999999999999994,0.8660254037844387,3,0.0,0.8721940570860622,True
SOLUSDT,trend_ema__directionshort_only_fast21_rsi_threshold55.0_slow55,trend_ema,2026-03-12 02:30:00+00:00,2026-03-12 03:45:00+00:00,short,0.010280540009962017,0.011080540009962017,target,5,0.4249174494340639,1,True,False,False,0.0020166270012238834,0.012682883419332028,0,0,0.0009581610275900914,85.73,85.89,85.42,85.55,403449.17,2026-03-12 02:44:59.999000+00:00,34561011.257,21781,190613.55,16325740.1984,-0.002101822352462129,-0.006872879287762064,-0.016577206831289947,-2.963749573019601,0.38297872340427075,0.34042553191488717,0.2765957446808421,0.005493863237872576,28.754127528296806,-0.12759538815369675,-0.00990212181056685,-0.011096571388744567,-0.0026239497140466694,-0.0016022281153674767,0.02582213663205862,-0.9223035677546448,0.38635139037277677,3.36604859673804,2.636776657460008,-1.0,0.06,-0.024848968425852158,0.49999999999999994,0.8660254037844387,3,0.0,0.8544804750434115,True
ETHUSDT,trend_ema__directionshort_only_fast12_rsi_threshold52.0_slow89,trend_ema,2026-03-12 02:30:00+00:00,2026-03-12 03:45:00+00:00,short,0.009600859841754596,0.010400859841754597,target,5,0.43658414277871743,1,True,False,False,0.0005965070972963423,0.010781490411523155,0,0,0.007825340374342389,2038.45,2039.36,2024.4,2031.65,98410.272,2026-03-12 02:44:59.999000+00:00,199849432.53032,101174,41830.052,84950121.65534,-0.003346350027344172,-0.009269532496376746,-0.015395364173672682,-4.209991612233048,0.4545454545454573,0.06082887700533864,0.4846256684492041,0.007363473039155272,28.17079286106413,-2.3481900836383187,-0.009570292702009485,-0.01071127171967321,-0.0023341946044815876,-0.0012825526974932222,0.02174700562290226,-1.011424813186955,8.942282356961934,3.394430791740436,3.5249131403770906,-1.0,0.2,-0.022718964057569457,0.49999999999999994,0.8660254037844387,3,0.0,0.8721698390248775,True
SOLUSDT,trend_ema__directionshort_only_fast21_rsi_threshold55.0_slow89,trend_ema,2026-03-12 03:00:00+00:00,2026-03-12 07:30:00+00:00,short,-0.007775988604630832,-0.006975988604630831,stop,18,0.5071195990292339,0,False,True,False,0.007433238546975438,0.005841010048617985,0,0,0.003283469377964696,85.14,85.31,85.09,85.16,227664.19,2026-03-12 03:14:59.999000+00:00,19396950.1483,18038,116368.14,9915734.4952,0.00011743291658135466,-0.00993172853810955,-0.0217210467761437,-4.524205727994445,0.09090909090907329,0.6818181818182112,0.22727272727271552,0.002583372475340522,24.64402004853831,-0.15445198230833712,-0.01188166742934291,-0.014513275457425959,-0.0036358931250054516,-0.0022864209559811943,0.02741115265171666,-0.9934269154880454,0.3833335968010173,0.7888502064230167,1.4118209607078163,-1.0,0.05,-0.02238548961083686,0.7071067811865476,0.7071067811865476,3,0.0,0.8430918652047635,True
ETHUSDT,trend_ema__directionshort_only_fast21_rsi_threshold55.0_slow89,trend_ema,2026-03-12 03:00:00+00:00,2026-03-12 07:30:00+00:00,short,-0.007578573483280851,-0.006778573483280851,stop,18,0.49088192826675253,0,False,True,False,0.008270915652668038,0.0034631076805154586,0,0,0.009576968295278047,2023.48,2027.0,2022.6,2024.41,44811.182,2026-03-12 03:14:59.999000+00:00,90744468.28044,48523,25824.363,52294774.54127,0.0004594986604691868,-0.009248694734368222,-0.017825661768932997,-4.889087156279107,0.21136363636364647,0.5886363636363329,0.20000000000002066,0.0021734727649043873,25.455903586662373,-3.1296736752563463,-0.01075019763117852,-0.013207049789204154,-0.003393514159424127,-0.002081537768203745,0.023485939236960636,-1.02562547322622,8.80405978738045,0.6606268450230268,1.4765939133227834,-1.0,0.01,-0.020865275325868793,0.7071067811865476,0.7071067811865476,3,0.0,0.8099912107804619,True
HYPEUSDT,trend_ema__directionlong_only_fast9_rsi_threshold58.0_slow55,trend_ema,2026-03-12 05:15:00+00:00,2026-03-12 05:45:00+00:00,long,0.018550565766226684,0.019350565766226683,target,2,0.2230400436194303,1,True,False,False,0.003025155581978588,0.025069441643237524,0,0,0.01419120383998788,36.514,36.648,36.409,36.582,125050.16,2026-03-12 05:29:59.999000+00:00,4566342.48537,19606,60870.31,2223469.68243,0.001860567462415386,0.015842952155050556,-0.0074621114798817815,3.008815012083923,0.28451882845186866,0.27615062761506826,0.4393305439330631,0.006533267727297696,61.152002180971515,0.03708819125728621,0.010447301928089563,0.01276951707225082,0.0017136580560921377,0.0007027117500491009,0.03660235694175267,0.5008191394267164,0.2795498018237971,0.025869039376321772,1.0156337770551267,1.0,0.62,-0.00818783212232943,0.9659258262890683,0.25881904510252074,3,0.0,0.8056019026196642,True
HYPEUSDT,trend_ema__directionlong_only_fast21_rsi_threshold58.0_slow34,trend_ema,2026-03-12 05:30:00+00:00,2026-03-12 05:45:00+00:00,long,0.01830146217008707,0.01910146217008707,target,1,0.39214937531468136,1,True,False,False,0.000860602963571349,0.023164003940767904,0,0,0.014641052760941135,36.582,37.183,36.556,37.057,458569.42,2026-03-12 05:44:59.999000+00:00,16921070.46428,44540,266800.41,9845671.37454,0.012900951615749744,0.02885499945206994,0.015446422465074867,4.851845653852366,0.7575757575757569,0.20095693779903856,0.04146730462520455,0.016919880184580575,69.60746876573407,0.08483098916724711,0.020928480556381163,0.0244269105322732,0.004406503039120269,0.001816271410771897,0.041438817971870164,1.033453006284482,0.30436767312209745,3.3735795233973436,3.4351664162208917,1.0,0.81,0.0,0.9659258262890683,0.25881904510252074,3,0.0,0.9147648795595066,True
ETHUSDT,trend_ema__directionboth_fast12_rsi_threshold52.0_slow89,trend_ema,2026-03-12 10:00:00+00:00,2026-03-12 13:30:00+00:00,long,0.0100593476916592,0.0108593476916592,target,14,0.2652901085706152,1,True,False,False,0.0023058125643893855,0.012561176400397401,0,0,0.0012716886494635947,2054.58,2059.25,2051.49,2054.38,48315.324,2026-03-12 10:14:59.999000+00:00,99281853.75614,56278,24858.843,51091510.0751,-9.248104753545426e-05,0.006063968351601073,0.012948668670971115,2.306044049338465,0.025773195876264494,0.6018041237113326,0.37242268041240284,0.0037772953397133043,63.26450542853076,2.9432349098142874,0.0061158823956252465,0.0062169308614474705,0.0024765688520584916,0.0009734567093016011,0.021712322151045498,0.7685548078339093,8.842619679185999,0.2653423332375193,1.173949064328941,1.0,0.63,-0.0028685282169014226,0.49999999999999994,-0.8660254037844387,3,1.0,0.7659074931077422,True
SOLUSDT,trend_ema__directionlong_only_fast12_rsi_threshold58.0_slow55,trend_ema,2026-03-12 10:15:00+00:00,2026-03-12 12:15:00+00:00,long,0.01119601529129023,0.01199601529129023,target,8,0.30779462918003503,1,True,False,False,0.0006144299583724518,0.015293066625304025,0,3,-0.0021754573646424677,86.11,86.65,86.07,86.61,221599.61,2026-03-12 10:29:59.999000+00:00,19154360.6915,18344,128930.19,11144470.339,0.005789733634879573,0.011729999195257112,0.01664861784788592,3.680132802336907,0.8620689655172228,0.06896551724138861,0.06896551724138861,0.0066966862948852615,65.38973145900175,0.13192303377765646,0.009289947680824834,0.008890439128381729,0.0020457309570105497,0.0009128096392705398,0.021018541142112847,1.0845036389644418,0.4251632486411038,0.30674776883952387,1.1582609015078948,-1.0,0.6,0.0,0.49999999999999994,-0.8660254037844387,3,1.0,0.7931153577613668,True
ETHUSDT,trend_ema__directionboth_fast21_rsi_threshold55.0_slow89,trend_ema,2026-03-12 10:30:00+00:00,2026-03-12 14:15:00+00:00,long,0.010001134003370759,0.010801134003370759,target,15,0.443352755731471,1,True,False,False,0.005596967263941378,0.015948472198603215,0,0,0.003311993011528698,2061.38,2074.0,2060.8,2070.04,87287.875,2026-03-12 10:44:59.999000+00:00,180472011.55657,115627,44146.743,91278215.91641,0.00419712046368026,0.004721181169666375,0.020291046296322994,1.7422012944156382,0.6560606060606041,0.3000000000000069,0.04393939393938903,0.006376688373171445,72.16763778657355,3.5805027922798356,0.011522172737280945,0.012836647485852785,0.0027912619923282644,0.0018323370777006964,0.025255836861855886,1.1005159480779179,9.21404451929812,1.6355711965370991,2.097836337608189,1.0,0.67,0.0,0.49999999999999994,-0.8660254037844387,3,1.0,0.8599056728130177,True
