strategy_id,family,trade_count,expectancy,profit_factor,max_drawdown,positive_symbol_count,non_negative_symbol_count,pine_script,strict_survived,ml_candidate_survived,survived,survival_tier
trend_ema__directionlong_only_fast34_rsi_threshold60.0_slow55,trend_ema,405.0,0.0006438842898291506,1.0588440698056534,0.19236460908143527,3,3,"//@version=5
strategy(""trend_ema__directionlong_only_fast34_rsi_threshold60.0_slow55"", overlay=true, process_orders_on_close=true)
fast = ta.ema(close, 34)
slow = ta.ema(close, 55)
r = ta.rsi(close, 14)
longCondition = ta.crossover(fast, slow) and r > 60.0
shortCondition = ta.crossunder(fast, slow) and r < 40.0
if longCondition and ""long_only"" != ""short_only""
    strategy.entry(""Long"", strategy.long)
if shortCondition and ""long_only"" != ""long_only""
    strategy.entry(""Short"", strategy.short)
if ta.crossunder(fast, slow)
    strategy.close(""Long"")
if ta.crossover(fast, slow)
    strategy.close(""Short"")",True,True,True,strict
trend_ema__directionboth_fast34_rsi_threshold60.0_slow55,trend_ema,821.0,0.00039574206740983057,0.9990294711090926,0.31225303389691605,2,2,"//@version=5
strategy(""trend_ema__directionboth_fast34_rsi_threshold60.0_slow55"", overlay=true, process_orders_on_close=true)
fast = ta.ema(close, 34)
slow = ta.ema(close, 55)
r = ta.rsi(close, 14)
longCondition = ta.crossover(fast, slow) and r > 60.0
shortCondition = ta.crossunder(fast, slow) and r < 40.0
if longCondition and ""both"" != ""short_only""
    strategy.entry(""Long"", strategy.long)
if shortCondition and ""both"" != ""long_only""
    strategy.entry(""Short"", strategy.short)
if ta.crossunder(fast, slow)
    strategy.close(""Long"")
if ta.crossover(fast, slow)
    strategy.close(""Short"")",False,True,True,ml_candidate
trend_ema__directionlong_only_fast34_rsi_threshold60.0_slow89,trend_ema,335.0,0.00039001908546481325,1.006527550322684,0.16702174936401903,2,2,"//@version=5
strategy(""trend_ema__directionlong_only_fast34_rsi_threshold60.0_slow89"", overlay=true, process_orders_on_close=true)
fast = ta.ema(close, 34)
slow = ta.ema(close, 89)
r = ta.rsi(close, 14)
longCondition = ta.crossover(fast, slow) and r > 60.0
shortCondition = ta.crossunder(fast, slow) and r < 40.0
if longCondition and ""long_only"" != ""short_only""
    strategy.entry(""Long"", strategy.long)
if shortCondition and ""long_only"" != ""long_only""
    strategy.entry(""Short"", strategy.short)
if ta.crossunder(fast, slow)
    strategy.close(""Long"")
if ta.crossover(fast, slow)
    strategy.close(""Short"")",False,True,True,ml_candidate
trend_ema__directionlong_only_fast21_rsi_threshold60.0_slow34,trend_ema,511.0,0.00027084729232849784,0.9808528403536354,0.2328464145482516,4,4,"//@version=5
strategy(""trend_ema__directionlong_only_fast21_rsi_threshold60.0_slow34"", overlay=true, process_orders_on_close=true)
fast = ta.ema(close, 21)
slow = ta.ema(close, 34)
r = ta.rsi(close, 14)
longCondition = ta.crossover(fast, slow) and r > 60.0
shortCondition = ta.crossunder(fast, slow) and r < 40.0
if longCondition and ""long_only"" != ""short_only""
    strategy.entry(""Long"", strategy.long)
if shortCondition and ""long_only"" != ""long_only""
    strategy.entry(""Short"", strategy.short)
if ta.crossunder(fast, slow)
    strategy.close(""Long"")
if ta.crossover(fast, slow)
    strategy.close(""Short"")",False,True,True,ml_candidate
trend_ema__directionlong_only_fast34_rsi_threshold58.0_slow55,trend_ema,481.0,0.0002657886197554889,0.9713283836281921,0.19895139437912102,2,2,"//@version=5
strategy(""trend_ema__directionlong_only_fast34_rsi_threshold58.0_slow55"", overlay=true, process_orders_on_close=true)
fast = ta.ema(close, 34)
slow = ta.ema(close, 55)
r = ta.rsi(close, 14)
longCondition = ta.crossover(fast, slow) and r > 58.0
shortCondition = ta.crossunder(fast, slow) and r < 42.0
if longCondition and ""long_only"" != ""short_only""
    strategy.entry(""Long"", strategy.long)
if shortCondition and ""long_only"" != ""long_only""
    strategy.entry(""Short"", strategy.short)
if ta.crossunder(fast, slow)
    strategy.close(""Long"")
if ta.crossover(fast, slow)
    strategy.close(""Short"")",False,True,True,ml_candidate
trend_ema__directionshort_only_fast21_rsi_threshold60.0_slow89,trend_ema,387.0,0.0002426456223857495,1.0427105902883687,0.3226618879759363,5,5,"//@version=5
strategy(""trend_ema__directionshort_only_fast21_rsi_threshold60.0_slow89"", overlay=true, process_orders_on_close=true)
fast = ta.ema(close, 21)
slow = ta.ema(close, 89)
r = ta.rsi(close, 14)
longCondition = ta.crossover(fast, slow) and r > 60.0
shortCondition = ta.crossunder(fast, slow) and r < 40.0
if longCondition and ""short_only"" != ""short_only""
    strategy.entry(""Long"", strategy.long)
if shortCondition and ""short_only"" != ""long_only""
    strategy.entry(""Short"", strategy.short)
if ta.crossunder(fast, slow)
    strategy.close(""Long"")
if ta.crossover(fast, slow)
    strategy.close(""Short"")",False,True,True,ml_candidate
trend_ema__directionlong_only_fast12_rsi_threshold60.0_slow34,trend_ema,527.0,0.00018177194856270067,0.9577170472087891,0.26941434487614124,3,3,"//@version=5
strategy(""trend_ema__directionlong_only_fast12_rsi_threshold60.0_slow34"", overlay=true, process_orders_on_close=true)
fast = ta.ema(close, 12)
slow = ta.ema(close, 34)
r = ta.rsi(close, 14)
longCondition = ta.crossover(fast, slow) and r > 60.0
shortCondition = ta.crossunder(fast, slow) and r < 40.0
if longCondition and ""long_only"" != ""short_only""
    strategy.entry(""Long"", strategy.long)
if shortCondition and ""long_only"" != ""long_only""
    strategy.entry(""Short"", strategy.short)
if ta.crossunder(fast, slow)
    strategy.close(""Long"")
if ta.crossover(fast, slow)
    strategy.close(""Short"")",False,True,True,ml_candidate
trend_ema__directionlong_only_fast34_rsi_threshold58.0_slow89,trend_ema,380.0,0.00015096482868492522,0.9794769711357145,0.1862119753399366,2,2,"//@version=5
strategy(""trend_ema__directionlong_only_fast34_rsi_threshold58.0_slow89"", overlay=true, process_orders_on_close=true)
fast = ta.ema(close, 34)
slow = ta.ema(close, 89)
r = ta.rsi(close, 14)
longCondition = ta.crossover(fast, slow) and r > 58.0
shortCondition = ta.crossunder(fast, slow) and r < 42.0
if longCondition and ""long_only"" != ""short_only""
    strategy.entry(""Long"", strategy.long)
if shortCondition and ""long_only"" != ""long_only""
    strategy.entry(""Short"", strategy.short)
if ta.crossunder(fast, slow)
    strategy.close(""Long"")
if ta.crossover(fast, slow)
    strategy.close(""Short"")",False,True,True,ml_candidate
trend_ema__directionlong_only_fast9_rsi_threshold60.0_slow55,trend_ema,555.0,7.795292911525961e-05,0.942989180215809,0.2714438144408101,4,4,"//@version=5
strategy(""trend_ema__directionlong_only_fast9_rsi_threshold60.0_slow55"", overlay=true, process_orders_on_close=true)
fast = ta.ema(close, 9)
slow = ta.ema(close, 55)
r = ta.rsi(close, 14)
longCondition = ta.crossover(fast, slow) and r > 60.0
shortCondition = ta.crossunder(fast, slow) and r < 40.0
if longCondition and ""long_only"" != ""short_only""
    strategy.entry(""Long"", strategy.long)
if shortCondition and ""long_only"" != ""long_only""
    strategy.entry(""Short"", strategy.short)
if ta.crossunder(fast, slow)
    strategy.close(""Long"")
if ta.crossover(fast, slow)
    strategy.close(""Short"")",False,True,True,ml_candidate
trend_ema__directionboth_fast21_rsi_threshold60.0_slow89,trend_ema,790.0,6.026460595995556e-05,0.976163392675301,0.3825861854196798,3,3,"//@version=5
strategy(""trend_ema__directionboth_fast21_rsi_threshold60.0_slow89"", overlay=true, process_orders_on_close=true)
fast = ta.ema(close, 21)
slow = ta.ema(close, 89)
r = ta.rsi(close, 14)
longCondition = ta.crossover(fast, slow) and r > 60.0
shortCondition = ta.crossunder(fast, slow) and r < 40.0
if longCondition and ""both"" != ""short_only""
    strategy.entry(""Long"", strategy.long)
if shortCondition and ""both"" != ""long_only""
    strategy.entry(""Short"", strategy.short)
if ta.crossunder(fast, slow)
    strategy.close(""Long"")
if ta.crossover(fast, slow)
    strategy.close(""Short"")",False,True,True,ml_candidate
trend_ema__directionlong_only_fast34_rsi_threshold58.0_slow144,trend_ema,296.0,5.208837710130048e-05,0.9626628278585194,0.19198554766936649,2,2,"//@version=5
strategy(""trend_ema__directionlong_only_fast34_rsi_threshold58.0_slow144"", overlay=true, process_orders_on_close=true)
fast = ta.ema(close, 34)
slow = ta.ema(close, 144)
r = ta.rsi(close, 14)
longCondition = ta.crossover(fast, slow) and r > 58.0
shortCondition = ta.crossunder(fast, slow) and r < 42.0
if longCondition and ""long_only"" != ""short_only""
    strategy.entry(""Long"", strategy.long)
if shortCondition and ""long_only"" != ""long_only""
    strategy.entry(""Short"", strategy.short)
if ta.crossunder(fast, slow)
    strategy.close(""Long"")
if ta.crossover(fast, slow)
    strategy.close(""Short"")",False,True,True,ml_candidate
trend_ema__directionlong_only_fast9_rsi_threshold58.0_slow55,trend_ema,731.0,-1.2721286764591066e-06,0.9470872603324222,0.2768064219186489,4,4,"//@version=5
strategy(""trend_ema__directionlong_only_fast9_rsi_threshold58.0_slow55"", overlay=true, process_orders_on_close=true)
fast = ta.ema(close, 9)
slow = ta.ema(close, 55)
r = ta.rsi(close, 14)
longCondition = ta.crossover(fast, slow) and r > 58.0
shortCondition = ta.crossunder(fast, slow) and r < 42.0
if longCondition and ""long_only"" != ""short_only""
    strategy.entry(""Long"", strategy.long)
if shortCondition and ""long_only"" != ""long_only""
    strategy.entry(""Short"", strategy.short)
if ta.crossunder(fast, slow)
    strategy.close(""Long"")
if ta.crossover(fast, slow)
    strategy.close(""Short"")",False,True,True,ml_candidate
trend_ema__directionshort_only_fast34_rsi_threshold60.0_slow55,trend_ema,416.0,-2.941888558098346e-05,0.97577336254583,0.20244286112618082,4,4,"//@version=5
strategy(""trend_ema__directionshort_only_fast34_rsi_threshold60.0_slow55"", overlay=true, process_orders_on_close=true)
fast = ta.ema(close, 34)
slow = ta.ema(close, 55)
r = ta.rsi(close, 14)
longCondition = ta.crossover(fast, slow) and r > 60.0
shortCondition = ta.crossunder(fast, slow) and r < 40.0
if longCondition and ""short_only"" != ""short_only""
    strategy.entry(""Long"", strategy.long)
if shortCondition and ""short_only"" != ""long_only""
    strategy.entry(""Short"", strategy.short)
if ta.crossunder(fast, slow)
    strategy.close(""Long"")
if ta.crossover(fast, slow)
    strategy.close(""Short"")",False,True,True,ml_candidate
trend_ema__directionlong_only_fast34_rsi_threshold55.0_slow144,trend_ema,351.0,-7.598083760090266e-05,0.9295676598505277,0.20893800544049979,3,3,"//@version=5
strategy(""trend_ema__directionlong_only_fast34_rsi_threshold55.0_slow144"", overlay=true, process_orders_on_close=true)
fast = ta.ema(close, 34)
slow = ta.ema(close, 144)
r = ta.rsi(close, 14)
longCondition = ta.crossover(fast, slow) and r > 55.0
shortCondition = ta.crossunder(fast, slow) and r < 45.0
if longCondition and ""long_only"" != ""short_only""
    strategy.entry(""Long"", strategy.long)
if shortCondition and ""long_only"" != ""long_only""
    strategy.entry(""Short"", strategy.short)
if ta.crossunder(fast, slow)
    strategy.close(""Long"")
if ta.crossover(fast, slow)
    strategy.close(""Short"")",False,True,True,ml_candidate
trend_ema__directionlong_only_fast34_rsi_threshold60.0_slow144,trend_ema,258.0,-7.83181395655429e-05,0.9577441621197282,0.16493057127757504,2,2,"//@version=5
strategy(""trend_ema__directionlong_only_fast34_rsi_threshold60.0_slow144"", overlay=true, process_orders_on_close=true)
fast = ta.ema(close, 34)
slow = ta.ema(close, 144)
r = ta.rsi(close, 14)
longCondition = ta.crossover(fast, slow) and r > 60.0
shortCondition = ta.crossunder(fast, slow) and r < 40.0
if longCondition and ""long_only"" != ""short_only""
    strategy.entry(""Long"", strategy.long)
if shortCondition and ""long_only"" != ""long_only""
    strategy.entry(""Short"", strategy.short)
if ta.crossunder(fast, slow)
    strategy.close(""Long"")
if ta.crossover(fast, slow)
    strategy.close(""Short"")",False,True,True,ml_candidate
trend_ema__directionboth_fast34_rsi_threshold58.0_slow55,trend_ema,972.0,-9.597473513514338e-05,0.9355999459053934,0.3254444563149067,2,2,"//@version=5
strategy(""trend_ema__directionboth_fast34_rsi_threshold58.0_slow55"", overlay=true, process_orders_on_close=true)
fast = ta.ema(close, 34)
slow = ta.ema(close, 55)
r = ta.rsi(close, 14)
longCondition = ta.crossover(fast, slow) and r > 58.0
shortCondition = ta.crossunder(fast, slow) and r < 42.0
if longCondition and ""both"" != ""short_only""
    strategy.entry(""Long"", strategy.long)
if shortCondition and ""both"" != ""long_only""
    strategy.entry(""Short"", strategy.short)
if ta.crossunder(fast, slow)
    strategy.close(""Long"")
if ta.crossover(fast, slow)
    strategy.close(""Short"")",False,True,True,ml_candidate
trend_ema__directionlong_only_fast34_rsi_threshold52.0_slow144,trend_ema,384.0,-0.00011233840430864128,0.922445307147778,0.2657500707347289,3,3,"//@version=5
strategy(""trend_ema__directionlong_only_fast34_rsi_threshold52.0_slow144"", overlay=true, process_orders_on_close=true)
fast = ta.ema(close, 34)
slow = ta.ema(close, 144)
r = ta.rsi(close, 14)
longCondition = ta.crossover(fast, slow) and r > 52.0
shortCondition = ta.crossunder(fast, slow) and r < 48.0
if longCondition and ""long_only"" != ""short_only""
    strategy.entry(""Long"", strategy.long)
if shortCondition and ""long_only"" != ""long_only""
    strategy.entry(""Short"", strategy.short)
if ta.crossunder(fast, slow)
    strategy.close(""Long"")
if ta.crossover(fast, slow)
    strategy.close(""Short"")",False,True,True,ml_candidate
trend_ema__directionlong_only_fast34_rsi_threshold52.0_slow89,trend_ema,492.0,-0.00018650331441131548,0.9280633410130703,0.25567397150249993,2,2,"//@version=5
strategy(""trend_ema__directionlong_only_fast34_rsi_threshold52.0_slow89"", overlay=true, process_orders_on_close=true)
fast = ta.ema(close, 34)
slow = ta.ema(close, 89)
r = ta.rsi(close, 14)
longCondition = ta.crossover(fast, slow) and r > 52.0
shortCondition = ta.crossunder(fast, slow) and r < 48.0
if longCondition and ""long_only"" != ""short_only""
    strategy.entry(""Long"", strategy.long)
if shortCondition and ""long_only"" != ""long_only""
    strategy.entry(""Short"", strategy.short)
if ta.crossunder(fast, slow)
    strategy.close(""Long"")
if ta.crossover(fast, slow)
    strategy.close(""Short"")",False,True,True,ml_candidate
trend_ema__directionlong_only_fast21_rsi_threshold60.0_slow89,trend_ema,404.0,-0.00018777084689166771,0.9441966669964788,0.18650894260535922,2,2,"//@version=5
strategy(""trend_ema__directionlong_only_fast21_rsi_threshold60.0_slow89"", overlay=true, process_orders_on_close=true)
fast = ta.ema(close, 21)
slow = ta.ema(close, 89)
r = ta.rsi(close, 14)
longCondition = ta.crossover(fast, slow) and r > 60.0
shortCondition = ta.crossunder(fast, slow) and r < 40.0
if longCondition and ""long_only"" != ""short_only""
    strategy.entry(""Long"", strategy.long)
if shortCondition and ""long_only"" != ""long_only""
    strategy.entry(""Short"", strategy.short)
if ta.crossunder(fast, slow)
    strategy.close(""Long"")
if ta.crossover(fast, slow)
    strategy.close(""Short"")",False,True,True,ml_candidate
trend_ema__directionlong_only_fast9_rsi_threshold60.0_slow89,trend_ema,491.0,-0.0002026498518141855,0.9589633116960565,0.2670888613118083,3,3,"//@version=5
strategy(""trend_ema__directionlong_only_fast9_rsi_threshold60.0_slow89"", overlay=true, process_orders_on_close=true)
fast = ta.ema(close, 9)
slow = ta.ema(close, 89)
r = ta.rsi(close, 14)
longCondition = ta.crossover(fast, slow) and r > 60.0
shortCondition = ta.crossunder(fast, slow) and r < 40.0
if longCondition and ""long_only"" != ""short_only""
    strategy.entry(""Long"", strategy.long)
if shortCondition and ""long_only"" != ""long_only""
    strategy.entry(""Short"", strategy.short)
if ta.crossunder(fast, slow)
    strategy.close(""Long"")
if ta.crossover(fast, slow)
    strategy.close(""Short"")",False,True,True,ml_candidate
trend_ema__directionshort_only_fast12_rsi_threshold60.0_slow89,trend_ema,462.0,-0.00021335243095435314,1.0805244458793402,0.38595019415151965,6,6,"//@version=5
strategy(""trend_ema__directionshort_only_fast12_rsi_threshold60.0_slow89"", overlay=true, process_orders_on_close=true)
fast = ta.ema(close, 12)
slow = ta.ema(close, 89)
r = ta.rsi(close, 14)
longCondition = ta.crossover(fast, slow) and r > 60.0
shortCondition = ta.crossunder(fast, slow) and r < 40.0
if longCondition and ""short_only"" != ""short_only""
    strategy.entry(""Long"", strategy.long)
if shortCondition and ""short_only"" != ""long_only""
    strategy.entry(""Short"", strategy.short)
if ta.crossunder(fast, slow)
    strategy.close(""Long"")
if ta.crossover(fast, slow)
    strategy.close(""Short"")",False,True,True,ml_candidate
trend_ema__directionlong_only_fast9_rsi_threshold58.0_slow89,trend_ema,607.0,-0.00022110630078567517,0.9455577111035567,0.2580596836068805,3,3,"//@version=5
strategy(""trend_ema__directionlong_only_fast9_rsi_threshold58.0_slow89"", overlay=true, process_orders_on_close=true)
fast = ta.ema(close, 9)
slow = ta.ema(close, 89)
r = ta.rsi(close, 14)
longCondition = ta.crossover(fast, slow) and r > 58.0
shortCondition = ta.crossunder(fast, slow) and r < 42.0
if longCondition and ""long_only"" != ""short_only""
    strategy.entry(""Long"", strategy.long)
if shortCondition and ""long_only"" != ""long_only""
    strategy.entry(""Short"", strategy.short)
if ta.crossunder(fast, slow)
    strategy.close(""Long"")
if ta.crossover(fast, slow)
    strategy.close(""Short"")",False,True,True,ml_candidate
trend_ema__directionlong_only_fast21_rsi_threshold58.0_slow34,trend_ema,652.0,-0.00027480396098529666,0.9238255569764376,0.2533054654342888,4,4,"//@version=5
strategy(""trend_ema__directionlong_only_fast21_rsi_threshold58.0_slow34"", overlay=true, process_orders_on_close=true)
fast = ta.ema(close, 21)
slow = ta.ema(close, 34)
r = ta.rsi(close, 14)
longCondition = ta.crossover(fast, slow) and r > 58.0
shortCondition = ta.crossunder(fast, slow) and r < 42.0
if longCondition and ""long_only"" != ""short_only""
    strategy.entry(""Long"", strategy.long)
if shortCondition and ""long_only"" != ""long_only""
    strategy.entry(""Short"", strategy.short)
if ta.crossunder(fast, slow)
    strategy.close(""Long"")
if ta.crossover(fast, slow)
    strategy.close(""Short"")",False,True,True,ml_candidate
trend_ema__directionlong_only_fast12_rsi_threshold60.0_slow89,trend_ema,472.0,-0.00032178689365846506,0.9487738713711231,0.25473811256663126,4,4,"//@version=5
strategy(""trend_ema__directionlong_only_fast12_rsi_threshold60.0_slow89"", overlay=true, process_orders_on_close=true)
fast = ta.ema(close, 12)
slow = ta.ema(close, 89)
r = ta.rsi(close, 14)
longCondition = ta.crossover(fast, slow) and r > 60.0
shortCondition = ta.crossunder(fast, slow) and r < 40.0
if longCondition and ""long_only"" != ""short_only""
    strategy.entry(""Long"", strategy.long)
if shortCondition and ""long_only"" != ""long_only""
    strategy.entry(""Short"", strategy.short)
if ta.crossunder(fast, slow)
    strategy.close(""Long"")
if ta.crossover(fast, slow)
    strategy.close(""Short"")",False,True,True,ml_candidate
trend_ema__directionboth_fast34_rsi_threshold58.0_slow144,trend_ema,601.0,-0.0004035190658320605,0.923250082839951,0.3396621741898791,3,3,"//@version=5
strategy(""trend_ema__directionboth_fast34_rsi_threshold58.0_slow144"", overlay=true, process_orders_on_close=true)
fast = ta.ema(close, 34)
slow = ta.ema(close, 144)
r = ta.rsi(close, 14)
longCondition = ta.crossover(fast, slow) and r > 58.0
shortCondition = ta.crossunder(fast, slow) and r < 42.0
if longCondition and ""both"" != ""short_only""
    strategy.entry(""Long"", strategy.long)
if shortCondition and ""both"" != ""long_only""
    strategy.entry(""Short"", strategy.short)
if ta.crossunder(fast, slow)
    strategy.close(""Long"")
if ta.crossover(fast, slow)
    strategy.close(""Short"")",False,True,True,ml_candidate
trend_ema__directionshort_only_fast21_rsi_threshold60.0_slow144,trend_ema,337.0,-0.0005195119674312847,0.9392047223408195,0.3041233490792853,2,2,"//@version=5
strategy(""trend_ema__directionshort_only_fast21_rsi_threshold60.0_slow144"", overlay=true, process_orders_on_close=true)
fast = ta.ema(close, 21)
slow = ta.ema(close, 144)
r = ta.rsi(close, 14)
longCondition = ta.crossover(fast, slow) and r > 60.0
shortCondition = ta.crossunder(fast, slow) and r < 40.0
if longCondition and ""short_only"" != ""short_only""
    strategy.entry(""Long"", strategy.long)
if shortCondition and ""short_only"" != ""long_only""
    strategy.entry(""Short"", strategy.short)
if ta.crossunder(fast, slow)
    strategy.close(""Long"")
if ta.crossover(fast, slow)
    strategy.close(""Short"")",False,True,True,ml_candidate
trend_ema__directionshort_only_fast34_rsi_threshold58.0_slow55,trend_ema,495.0,-0.0006335599801631151,0.9379350063586067,0.3211600105611432,3,3,"//@version=5
strategy(""trend_ema__directionshort_only_fast34_rsi_threshold58.0_slow55"", overlay=true, process_orders_on_close=true)
fast = ta.ema(close, 34)
slow = ta.ema(close, 55)
r = ta.rsi(close, 14)
longCondition = ta.crossover(fast, slow) and r > 58.0
shortCondition = ta.crossunder(fast, slow) and r < 42.0
if longCondition and ""short_only"" != ""short_only""
    strategy.entry(""Long"", strategy.long)
if shortCondition and ""short_only"" != ""long_only""
    strategy.entry(""Short"", strategy.short)
if ta.crossunder(fast, slow)
    strategy.close(""Long"")
if ta.crossover(fast, slow)
    strategy.close(""Short"")",False,True,True,ml_candidate
trend_ema__directionshort_only_fast21_rsi_threshold58.0_slow144,trend_ema,383.0,-0.0006983081144058705,0.9297584233223082,0.3558842813431412,2,2,"//@version=5
strategy(""trend_ema__directionshort_only_fast21_rsi_threshold58.0_slow144"", overlay=true, process_orders_on_close=true)
fast = ta.ema(close, 21)
slow = ta.ema(close, 144)
r = ta.rsi(close, 14)
longCondition = ta.crossover(fast, slow) and r > 58.0
shortCondition = ta.crossunder(fast, slow) and r < 42.0
if longCondition and ""short_only"" != ""short_only""
    strategy.entry(""Long"", strategy.long)
if shortCondition and ""short_only"" != ""long_only""
    strategy.entry(""Short"", strategy.short)
if ta.crossunder(fast, slow)
    strategy.close(""Long"")
if ta.crossover(fast, slow)
    strategy.close(""Short"")",False,True,True,ml_candidate
trend_ema__directionlong_only_fast12_rsi_threshold58.0_slow55,trend_ema,661.0,-0.0007214741067544084,0.9311576981794769,0.33453299617738996,3,3,"//@version=5
strategy(""trend_ema__directionlong_only_fast12_rsi_threshold58.0_slow55"", overlay=true, process_orders_on_close=true)
fast = ta.ema(close, 12)
slow = ta.ema(close, 55)
r = ta.rsi(close, 14)
longCondition = ta.crossover(fast, slow) and r > 58.0
shortCondition = ta.crossunder(fast, slow) and r < 42.0
if longCondition and ""long_only"" != ""short_only""
    strategy.entry(""Long"", strategy.long)
if shortCondition and ""long_only"" != ""long_only""
    strategy.entry(""Short"", strategy.short)
if ta.crossunder(fast, slow)
    strategy.close(""Long"")
if ta.crossover(fast, slow)
    strategy.close(""Short"")",False,True,True,ml_candidate
trend_ema__directionshort_only_fast34_rsi_threshold58.0_slow144,trend_ema,306.0,-0.0007461002661446537,0.9249648265743783,0.3009557518740168,4,4,"//@version=5
strategy(""trend_ema__directionshort_only_fast34_rsi_threshold58.0_slow144"", overlay=true, process_orders_on_close=true)
fast = ta.ema(close, 34)
slow = ta.ema(close, 144)
r = ta.rsi(close, 14)
longCondition = ta.crossover(fast, slow) and r > 58.0
shortCondition = ta.crossunder(fast, slow) and r < 42.0
if longCondition and ""short_only"" != ""short_only""
    strategy.entry(""Long"", strategy.long)
if shortCondition and ""short_only"" != ""long_only""
    strategy.entry(""Short"", strategy.short)
if ta.crossunder(fast, slow)
    strategy.close(""Long"")
if ta.crossover(fast, slow)
    strategy.close(""Short"")",False,True,True,ml_candidate
trend_ema__directionlong_only_fast34_rsi_threshold50.0_slow144,trend_ema,389.0,-0.00017563182971823356,0.9119179967650146,0.2657500707347289,3,3,"//@version=5
strategy(""trend_ema__directionlong_only_fast34_rsi_threshold50.0_slow144"", overlay=true, process_orders_on_close=true)
fast = ta.ema(close, 34)
slow = ta.ema(close, 144)
r = ta.rsi(close, 14)
longCondition = ta.crossover(fast, slow) and r > 50.0
shortCondition = ta.crossunder(fast, slow) and r < 50.0
if longCondition and ""long_only"" != ""short_only""
    strategy.entry(""Long"", strategy.long)
if shortCondition and ""long_only"" != ""long_only""
    strategy.entry(""Short"", strategy.short)
if ta.crossunder(fast, slow)
    strategy.close(""Long"")
if ta.crossover(fast, slow)
    strategy.close(""Short"")",False,False,False,rejected
trend_ema__directionlong_only_fast34_rsi_threshold55.0_slow89,trend_ema,445.0,-0.00018610857977674255,0.9151609030405691,0.25567397150250004,2,2,"//@version=5
strategy(""trend_ema__directionlong_only_fast34_rsi_threshold55.0_slow89"", overlay=true, process_orders_on_close=true)
fast = ta.ema(close, 34)
slow = ta.ema(close, 89)
r = ta.rsi(close, 14)
longCondition = ta.crossover(fast, slow) and r > 55.0
shortCondition = ta.crossunder(fast, slow) and r < 45.0
if longCondition and ""long_only"" != ""short_only""
    strategy.entry(""Long"", strategy.long)
if shortCondition and ""long_only"" != ""long_only""
    strategy.entry(""Short"", strategy.short)
if ta.crossunder(fast, slow)
    strategy.close(""Long"")
if ta.crossover(fast, slow)
    strategy.close(""Short"")",False,False,False,rejected
breakout__atr_filter1.2_directionlong_only_window30,breakout,1134.0,-0.00020176079806811593,0.9096055858357913,0.4436216860195048,3,3,"//@version=5
strategy(""breakout__atr_filter1.2_directionlong_only_window30"", overlay=true, process_orders_on_close=true)
breakoutHigh = ta.highest(high, 30)[1]
breakoutLow = ta.lowest(low, 30)[1]
atr14 = ta.atr(14)
rangeRatio = (high - low) / atr14
trendFast = ta.ema(close, 20)
trendSlow = ta.ema(close, 55)
volMean = ta.sma(volume, 30)
longCondition = close > breakoutHigh and rangeRatio > 1.2 and trendFast > trendSlow and volume > volMean
shortCondition = close < breakoutLow and rangeRatio > 1.2 and trendFast < trendSlow and volume > volMean
if longCondition and ""long_only"" != ""short_only""
    strategy.entry(""Long"", strategy.long)
if shortCondition and ""long_only"" != ""long_only""
    strategy.entry(""Short"", strategy.short)",False,False,False,rejected
trend_ema__directionboth_fast9_rsi_threshold60.0_slow55,trend_ema,1061.0,-0.0002336169504568447,0.8985752546953156,0.3645403736244268,3,3,"//@version=5
strategy(""trend_ema__directionboth_fast9_rsi_threshold60.0_slow55"", overlay=true, process_orders_on_close=true)
fast = ta.ema(close, 9)
slow = ta.ema(close, 55)
r = ta.rsi(close, 14)
longCondition = ta.crossover(fast, slow) and r > 60.0
shortCondition = ta.crossunder(fast, slow) and r < 40.0
if longCondition and ""both"" != ""short_only""
    strategy.entry(""Long"", strategy.long)
if shortCondition and ""both"" != ""long_only""
    strategy.entry(""Short"", strategy.short)
if ta.crossunder(fast, slow)
    strategy.close(""Long"")
if ta.crossover(fast, slow)
    strategy.close(""Short"")",False,False,False,rejected
trend_ema__directionboth_fast12_rsi_threshold60.0_slow89,trend_ema,926.0,-0.00023611746422591472,0.9909441872478884,0.48372213188309965,3,3,"//@version=5
strategy(""trend_ema__directionboth_fast12_rsi_threshold60.0_slow89"", overlay=true, process_orders_on_close=true)
fast = ta.ema(close, 12)
slow = ta.ema(close, 89)
r = ta.rsi(close, 14)
longCondition = ta.crossover(fast, slow) and r > 60.0
shortCondition = ta.crossunder(fast, slow) and r < 40.0
if longCondition and ""both"" != ""short_only""
    strategy.entry(""Long"", strategy.long)
if shortCondition and ""both"" != ""long_only""
    strategy.entry(""Short"", strategy.short)
if ta.crossunder(fast, slow)
    strategy.close(""Long"")
if ta.crossover(fast, slow)
    strategy.close(""Short"")",False,False,False,rejected
trend_ema__directionlong_only_fast34_rsi_threshold50.0_slow89,trend_ema,501.0,-0.0002951156030913033,0.9091374438062203,0.26028858280617384,2,2,"//@version=5
strategy(""trend_ema__directionlong_only_fast34_rsi_threshold50.0_slow89"", overlay=true, process_orders_on_close=true)
fast = ta.ema(close, 34)
slow = ta.ema(close, 89)
r = ta.rsi(close, 14)
longCondition = ta.crossover(fast, slow) and r > 50.0
shortCondition = ta.crossunder(fast, slow) and r < 50.0
if longCondition and ""long_only"" != ""short_only""
    strategy.entry(""Long"", strategy.long)
if shortCondition and ""long_only"" != ""long_only""
    strategy.entry(""Short"", strategy.short)
if ta.crossunder(fast, slow)
    strategy.close(""Long"")
if ta.crossover(fast, slow)
    strategy.close(""Short"")",False,False,False,rejected
trend_ema__directionlong_only_fast12_rsi_threshold58.0_slow34,trend_ema,736.0,-0.0003300955439931505,0.8907454521028537,0.3009883602981511,4,4,"//@version=5
strategy(""trend_ema__directionlong_only_fast12_rsi_threshold58.0_slow34"", overlay=true, process_orders_on_close=true)
fast = ta.ema(close, 12)
slow = ta.ema(close, 34)
r = ta.rsi(close, 14)
longCondition = ta.crossover(fast, slow) and r > 58.0
shortCondition = ta.crossunder(fast, slow) and r < 42.0
if longCondition and ""long_only"" != ""short_only""
    strategy.entry(""Long"", strategy.long)
if shortCondition and ""long_only"" != ""long_only""
    strategy.entry(""Short"", strategy.short)
if ta.crossunder(fast, slow)
    strategy.close(""Long"")
if ta.crossover(fast, slow)
    strategy.close(""Short"")",False,False,False,rejected
breakout__atr_filter1.0_directionlong_only_window30,breakout,1196.0,-0.0003444623602266967,0.8988708581593234,0.44741092388068693,3,3,"//@version=5
strategy(""breakout__atr_filter1.0_directionlong_only_window30"", overlay=true, process_orders_on_close=true)
breakoutHigh = ta.highest(high, 30)[1]
breakoutLow = ta.lowest(low, 30)[1]
atr14 = ta.atr(14)
rangeRatio = (high - low) / atr14
trendFast = ta.ema(close, 20)
trendSlow = ta.ema(close, 55)
volMean = ta.sma(volume, 30)
longCondition = close > breakoutHigh and rangeRatio > 1.0 and trendFast > trendSlow and volume > volMean
shortCondition = close < breakoutLow and rangeRatio > 1.0 and trendFast < trendSlow and volume > volMean
if longCondition and ""long_only"" != ""short_only""
    strategy.entry(""Long"", strategy.long)
if shortCondition and ""long_only"" != ""long_only""
    strategy.entry(""Short"", strategy.short)",False,False,False,rejected
trend_ema__directionboth_fast34_rsi_threshold60.0_slow144,trend_ema,540.0,-0.0003996969057824564,0.9187299002970701,0.32632978488580455,3,3,"//@version=5
strategy(""trend_ema__directionboth_fast34_rsi_threshold60.0_slow144"", overlay=true, process_orders_on_close=true)
fast = ta.ema(close, 34)
slow = ta.ema(close, 144)
r = ta.rsi(close, 14)
longCondition = ta.crossover(fast, slow) and r > 60.0
shortCondition = ta.crossunder(fast, slow) and r < 40.0
if longCondition and ""both"" != ""short_only""
    strategy.entry(""Long"", strategy.long)
if shortCondition and ""both"" != ""long_only""
    strategy.entry(""Short"", strategy.short)
if ta.crossunder(fast, slow)
    strategy.close(""Long"")
if ta.crossover(fast, slow)
    strategy.close(""Short"")",False,False,False,rejected
trend_ema__directionboth_fast12_rsi_threshold60.0_slow34,trend_ema,1038.0,-0.00042468726154350445,0.8806441143107653,0.34529882345781604,2,2,"//@version=5
strategy(""trend_ema__directionboth_fast12_rsi_threshold60.0_slow34"", overlay=true, process_orders_on_close=true)
fast = ta.ema(close, 12)
slow = ta.ema(close, 34)
r = ta.rsi(close, 14)
longCondition = ta.crossover(fast, slow) and r > 60.0
shortCondition = ta.crossunder(fast, slow) and r < 40.0
if longCondition and ""both"" != ""short_only""
    strategy.entry(""Long"", strategy.long)
if shortCondition and ""both"" != ""long_only""
    strategy.entry(""Short"", strategy.short)
if ta.crossunder(fast, slow)
    strategy.close(""Long"")
if ta.crossover(fast, slow)
    strategy.close(""Short"")",False,False,False,rejected
breakout__atr_filter1.2_directionlong_only_window20,breakout,1247.0,-0.00043094089687370133,0.876200107249339,0.5435630495239521,2,2,"//@version=5
strategy(""breakout__atr_filter1.2_directionlong_only_window20"", overlay=true, process_orders_on_close=true)
breakoutHigh = ta.highest(high, 20)[1]
breakoutLow = ta.lowest(low, 20)[1]
atr14 = ta.atr(14)
rangeRatio = (high - low) / atr14
trendFast = ta.ema(close, 20)
trendSlow = ta.ema(close, 55)
volMean = ta.sma(volume, 30)
longCondition = close > breakoutHigh and rangeRatio > 1.2 and trendFast > trendSlow and volume > volMean
shortCondition = close < breakoutLow and rangeRatio > 1.2 and trendFast < trendSlow and volume > volMean
if longCondition and ""long_only"" != ""short_only""
    strategy.entry(""Long"", strategy.long)
if shortCondition and ""long_only"" != ""long_only""
    strategy.entry(""Short"", strategy.short)",False,False,False,rejected
breakout__atr_filter0.8_directionlong_only_window30,breakout,1234.0,-0.0004345247166998513,0.8902638039439321,0.46725773289859274,3,3,"//@version=5
strategy(""breakout__atr_filter0.8_directionlong_only_window30"", overlay=true, process_orders_on_close=true)
breakoutHigh = ta.highest(high, 30)[1]
breakoutLow = ta.lowest(low, 30)[1]
atr14 = ta.atr(14)
rangeRatio = (high - low) / atr14
trendFast = ta.ema(close, 20)
trendSlow = ta.ema(close, 55)
volMean = ta.sma(volume, 30)
longCondition = close > breakoutHigh and rangeRatio > 0.8 and trendFast > trendSlow and volume > volMean
shortCondition = close < breakoutLow and rangeRatio > 0.8 and trendFast < trendSlow and volume > volMean
if longCondition and ""long_only"" != ""short_only""
    strategy.entry(""Long"", strategy.long)
if shortCondition and ""long_only"" != ""long_only""
    strategy.entry(""Short"", strategy.short)",False,False,False,rejected
trend_ema__directionlong_only_fast21_rsi_threshold55.0_slow34,trend_ema,905.0,-0.00046006101088333796,0.8916440056514753,0.34923644047916325,3,3,"//@version=5
strategy(""trend_ema__directionlong_only_fast21_rsi_threshold55.0_slow34"", overlay=true, process_orders_on_close=true)
fast = ta.ema(close, 21)
slow = ta.ema(close, 34)
r = ta.rsi(close, 14)
longCondition = ta.crossover(fast, slow) and r > 55.0
shortCondition = ta.crossunder(fast, slow) and r < 45.0
if longCondition and ""long_only"" != ""short_only""
    strategy.entry(""Long"", strategy.long)
if shortCondition and ""long_only"" != ""long_only""
    strategy.entry(""Short"", strategy.short)
if ta.crossunder(fast, slow)
    strategy.close(""Long"")
if ta.crossover(fast, slow)
    strategy.close(""Short"")",False,False,False,rejected
trend_ema__directionshort_only_fast21_rsi_threshold55.0_slow89,trend_ema,571.0,-0.0004981592905577222,1.0154862523046926,0.5273662611389114,4,4,"//@version=5
strategy(""trend_ema__directionshort_only_fast21_rsi_threshold55.0_slow89"", overlay=true, process_orders_on_close=true)
fast = ta.ema(close, 21)
slow = ta.ema(close, 89)
r = ta.rsi(close, 14)
longCondition = ta.crossover(fast, slow) and r > 55.0
shortCondition = ta.crossunder(fast, slow) and r < 45.0
if longCondition and ""short_only"" != ""short_only""
    strategy.entry(""Long"", strategy.long)
if shortCondition and ""short_only"" != ""long_only""
    strategy.entry(""Short"", strategy.short)
if ta.crossunder(fast, slow)
    strategy.close(""Long"")
if ta.crossover(fast, slow)
    strategy.close(""Short"")",False,False,False,rejected
trend_ema__directionshort_only_fast21_rsi_threshold50.0_slow89,trend_ema,635.0,-0.0005062834154604041,1.0001803334959343,0.5307559567012128,4,4,"//@version=5
strategy(""trend_ema__directionshort_only_fast21_rsi_threshold50.0_slow89"", overlay=true, process_orders_on_close=true)
fast = ta.ema(close, 21)
slow = ta.ema(close, 89)
r = ta.rsi(close, 14)
longCondition = ta.crossover(fast, slow) and r > 50.0
shortCondition = ta.crossunder(fast, slow) and r < 50.0
if longCondition and ""short_only"" != ""short_only""
    strategy.entry(""Long"", strategy.long)
if shortCondition and ""short_only"" != ""long_only""
    strategy.entry(""Short"", strategy.short)
if ta.crossunder(fast, slow)
    strategy.close(""Long"")
if ta.crossover(fast, slow)
    strategy.close(""Short"")",False,False,False,rejected
trend_ema__directionshort_only_fast21_rsi_threshold52.0_slow89,trend_ema,628.0,-0.0005170798804021268,0.997357688774858,0.5287547521897786,4,4,"//@version=5
strategy(""trend_ema__directionshort_only_fast21_rsi_threshold52.0_slow89"", overlay=true, process_orders_on_close=true)
fast = ta.ema(close, 21)
slow = ta.ema(close, 89)
r = ta.rsi(close, 14)
longCondition = ta.crossover(fast, slow) and r > 52.0
shortCondition = ta.crossunder(fast, slow) and r < 48.0
if longCondition and ""short_only"" != ""short_only""
    strategy.entry(""Long"", strategy.long)
if shortCondition and ""short_only"" != ""long_only""
    strategy.entry(""Short"", strategy.short)
if ta.crossunder(fast, slow)
    strategy.close(""Long"")
if ta.crossover(fast, slow)
    strategy.close(""Short"")",False,False,False,rejected
trend_ema__directionlong_only_fast21_rsi_threshold60.0_slow55,trend_ema,444.0,-0.0005391904353325417,0.8811207084897055,0.21386689102391687,3,3,"//@version=5
strategy(""trend_ema__directionlong_only_fast21_rsi_threshold60.0_slow55"", overlay=true, process_orders_on_close=true)
fast = ta.ema(close, 21)
slow = ta.ema(close, 55)
r = ta.rsi(close, 14)
longCondition = ta.crossover(fast, slow) and r > 60.0
shortCondition = ta.crossunder(fast, slow) and r < 40.0
if longCondition and ""long_only"" != ""short_only""
    strategy.entry(""Long"", strategy.long)
if shortCondition and ""long_only"" != ""long_only""
    strategy.entry(""Short"", strategy.short)
if ta.crossunder(fast, slow)
    strategy.close(""Long"")
if ta.crossover(fast, slow)
    strategy.close(""Short"")",False,False,False,rejected
breakout__atr_filter1.0_directionlong_only_window20,breakout,1332.0,-0.0005588464810300387,0.8610165735572635,0.5391666175284483,2,2,"//@version=5
strategy(""breakout__atr_filter1.0_directionlong_only_window20"", overlay=true, process_orders_on_close=true)
breakoutHigh = ta.highest(high, 20)[1]
breakoutLow = ta.lowest(low, 20)[1]
atr14 = ta.atr(14)
rangeRatio = (high - low) / atr14
trendFast = ta.ema(close, 20)
trendSlow = ta.ema(close, 55)
volMean = ta.sma(volume, 30)
longCondition = close > breakoutHigh and rangeRatio > 1.0 and trendFast > trendSlow and volume > volMean
shortCondition = close < breakoutLow and rangeRatio > 1.0 and trendFast < trendSlow and volume > volMean
if longCondition and ""long_only"" != ""short_only""
    strategy.entry(""Long"", strategy.long)
if shortCondition and ""long_only"" != ""long_only""
    strategy.entry(""Short"", strategy.short)",False,False,False,rejected
breakout__atr_filter1.0_directionlong_only_window55,breakout,994.0,-0.000571399031598285,0.8970001619047859,0.3992976885274301,1,1,"//@version=5
strategy(""breakout__atr_filter1.0_directionlong_only_window55"", overlay=true, process_orders_on_close=true)
breakoutHigh = ta.highest(high, 55)[1]
breakoutLow = ta.lowest(low, 55)[1]
atr14 = ta.atr(14)
rangeRatio = (high - low) / atr14
trendFast = ta.ema(close, 20)
trendSlow = ta.ema(close, 55)
volMean = ta.sma(volume, 30)
longCondition = close > breakoutHigh and rangeRatio > 1.0 and trendFast > trendSlow and volume > volMean
shortCondition = close < breakoutLow and rangeRatio > 1.0 and trendFast < trendSlow and volume > volMean
if longCondition and ""long_only"" != ""short_only""
    strategy.entry(""Long"", strategy.long)
if shortCondition and ""long_only"" != ""long_only""
    strategy.entry(""Short"", strategy.short)",False,False,False,rejected
trend_ema__directionlong_only_fast12_rsi_threshold60.0_slow55,trend_ema,508.0,-0.0005785587593040968,0.88946795854469,0.27195247942496237,4,4,"//@version=5
strategy(""trend_ema__directionlong_only_fast12_rsi_threshold60.0_slow55"", overlay=true, process_orders_on_close=true)
fast = ta.ema(close, 12)
slow = ta.ema(close, 55)
r = ta.rsi(close, 14)
longCondition = ta.crossover(fast, slow) and r > 60.0
shortCondition = ta.crossunder(fast, slow) and r < 40.0
if longCondition and ""long_only"" != ""short_only""
    strategy.entry(""Long"", strategy.long)
if shortCondition and ""long_only"" != ""long_only""
    strategy.entry(""Short"", strategy.short)
if ta.crossunder(fast, slow)
    strategy.close(""Long"")
if ta.crossover(fast, slow)
    strategy.close(""Short"")",False,False,False,rejected
trend_ema__directionboth_fast21_rsi_threshold60.0_slow34,trend_ema,1022.0,-0.0005838330653605846,0.8698710039750386,0.33737688038222347,3,3,"//@version=5
strategy(""trend_ema__directionboth_fast21_rsi_threshold60.0_slow34"", overlay=true, process_orders_on_close=true)
fast = ta.ema(close, 21)
slow = ta.ema(close, 34)
r = ta.rsi(close, 14)
longCondition = ta.crossover(fast, slow) and r > 60.0
shortCondition = ta.crossunder(fast, slow) and r < 40.0
if longCondition and ""both"" != ""short_only""
    strategy.entry(""Long"", strategy.long)
if shortCondition and ""both"" != ""long_only""
    strategy.entry(""Short"", strategy.short)
if ta.crossunder(fast, slow)
    strategy.close(""Long"")
if ta.crossover(fast, slow)
    strategy.close(""Short"")",False,False,False,rejected
trend_ema__directionshort_only_fast12_rsi_threshold55.0_slow89,trend_ema,704.0,-0.0005847610227506044,1.0110250700837695,0.5727185800303269,5,5,"//@version=5
strategy(""trend_ema__directionshort_only_fast12_rsi_threshold55.0_slow89"", overlay=true, process_orders_on_close=true)
fast = ta.ema(close, 12)
slow = ta.ema(close, 89)
r = ta.rsi(close, 14)
longCondition = ta.crossover(fast, slow) and r > 55.0
shortCondition = ta.crossunder(fast, slow) and r < 45.0
if longCondition and ""short_only"" != ""short_only""
    strategy.entry(""Long"", strategy.long)
if shortCondition and ""short_only"" != ""long_only""
    strategy.entry(""Short"", strategy.short)
if ta.crossunder(fast, slow)
    strategy.close(""Long"")
if ta.crossover(fast, slow)
    strategy.close(""Short"")",False,False,False,rejected
trend_ema__directionshort_only_fast12_rsi_threshold50.0_slow89,trend_ema,839.0,-0.0005960181442197802,0.9858236231399058,0.5686236255784471,4,4,"//@version=5
strategy(""trend_ema__directionshort_only_fast12_rsi_threshold50.0_slow89"", overlay=true, process_orders_on_close=true)
fast = ta.ema(close, 12)
slow = ta.ema(close, 89)
r = ta.rsi(close, 14)
longCondition = ta.crossover(fast, slow) and r > 50.0
shortCondition = ta.crossunder(fast, slow) and r < 50.0
if longCondition and ""short_only"" != ""short_only""
    strategy.entry(""Long"", strategy.long)
if shortCondition and ""short_only"" != ""long_only""
    strategy.entry(""Short"", strategy.short)
if ta.crossunder(fast, slow)
    strategy.close(""Long"")
if ta.crossover(fast, slow)
    strategy.close(""Short"")",False,False,False,rejected
trend_ema__directionlong_only_fast34_rsi_threshold55.0_slow55,trend_ema,580.0,-0.0005981615097196209,0.8718523590110593,0.38268798636887336,2,2,"//@version=5
strategy(""trend_ema__directionlong_only_fast34_rsi_threshold55.0_slow55"", overlay=true, process_orders_on_close=true)
fast = ta.ema(close, 34)
slow = ta.ema(close, 55)
r = ta.rsi(close, 14)
longCondition = ta.crossover(fast, slow) and r > 55.0
shortCondition = ta.crossunder(fast, slow) and r < 45.0
if longCondition and ""long_only"" != ""short_only""
    strategy.entry(""Long"", strategy.long)
if shortCondition and ""long_only"" != ""long_only""
    strategy.entry(""Short"", strategy.short)
if ta.crossunder(fast, slow)
    strategy.close(""Long"")
if ta.crossover(fast, slow)
    strategy.close(""Short"")",False,False,False,rejected
trend_ema__directionboth_fast12_rsi_threshold60.0_slow55,trend_ema,1009.0,-0.0006029966789976627,0.8935417358091171,0.5275541278938678,3,3,"//@version=5
strategy(""trend_ema__directionboth_fast12_rsi_threshold60.0_slow55"", overlay=true, process_orders_on_close=true)
fast = ta.ema(close, 12)
slow = ta.ema(close, 55)
r = ta.rsi(close, 14)
longCondition = ta.crossover(fast, slow) and r > 60.0
shortCondition = ta.crossunder(fast, slow) and r < 40.0
if longCondition and ""both"" != ""short_only""
    strategy.entry(""Long"", strategy.long)
if shortCondition and ""both"" != ""long_only""
    strategy.entry(""Short"", strategy.short)
if ta.crossunder(fast, slow)
    strategy.close(""Long"")
if ta.crossover(fast, slow)
    strategy.close(""Short"")",False,False,False,rejected
trend_ema__directionshort_only_fast9_rsi_threshold60.0_slow34,trend_ema,482.0,-0.0006126718608496235,0.9163176123305877,0.3341479981770792,5,5,"//@version=5
strategy(""trend_ema__directionshort_only_fast9_rsi_threshold60.0_slow34"", overlay=true, process_orders_on_close=true)
fast = ta.ema(close, 9)
slow = ta.ema(close, 34)
r = ta.rsi(close, 14)
longCondition = ta.crossover(fast, slow) and r > 60.0
shortCondition = ta.crossunder(fast, slow) and r < 40.0
if longCondition and ""short_only"" != ""short_only""
    strategy.entry(""Long"", strategy.long)
if shortCondition and ""short_only"" != ""long_only""
    strategy.entry(""Short"", strategy.short)
if ta.crossunder(fast, slow)
    strategy.close(""Long"")
if ta.crossover(fast, slow)
    strategy.close(""Short"")",False,False,False,rejected
trend_ema__directionlong_only_fast12_rsi_threshold60.0_slow144,trend_ema,406.0,-0.0006194600215096926,0.892096696752458,0.20393976035417594,2,2,"//@version=5
strategy(""trend_ema__directionlong_only_fast12_rsi_threshold60.0_slow144"", overlay=true, process_orders_on_close=true)
fast = ta.ema(close, 12)
slow = ta.ema(close, 144)
r = ta.rsi(close, 14)
longCondition = ta.crossover(fast, slow) and r > 60.0
shortCondition = ta.crossunder(fast, slow) and r < 40.0
if longCondition and ""long_only"" != ""short_only""
    strategy.entry(""Long"", strategy.long)
if shortCondition and ""long_only"" != ""long_only""
    strategy.entry(""Short"", strategy.short)
if ta.crossunder(fast, slow)
    strategy.close(""Long"")
if ta.crossover(fast, slow)
    strategy.close(""Short"")",False,False,False,rejected
trend_ema__directionboth_fast21_rsi_threshold58.0_slow89,trend_ema,935.0,-0.0006378282699254162,0.9195586089301367,0.6049039530482374,2,2,"//@version=5
strategy(""trend_ema__directionboth_fast21_rsi_threshold58.0_slow89"", overlay=true, process_orders_on_close=true)
fast = ta.ema(close, 21)
slow = ta.ema(close, 89)
r = ta.rsi(close, 14)
longCondition = ta.crossover(fast, slow) and r > 58.0
shortCondition = ta.crossunder(fast, slow) and r < 42.0
if longCondition and ""both"" != ""short_only""
    strategy.entry(""Long"", strategy.long)
if shortCondition and ""both"" != ""long_only""
    strategy.entry(""Short"", strategy.short)
if ta.crossunder(fast, slow)
    strategy.close(""Long"")
if ta.crossover(fast, slow)
    strategy.close(""Short"")",False,False,False,rejected
breakout__atr_filter0.8_directionlong_only_window20,breakout,1381.0,-0.0006405916872193531,0.8540785164475062,0.5493302325455782,2,2,"//@version=5
strategy(""breakout__atr_filter0.8_directionlong_only_window20"", overlay=true, process_orders_on_close=true)
breakoutHigh = ta.highest(high, 20)[1]
breakoutLow = ta.lowest(low, 20)[1]
atr14 = ta.atr(14)
rangeRatio = (high - low) / atr14
trendFast = ta.ema(close, 20)
trendSlow = ta.ema(close, 55)
volMean = ta.sma(volume, 30)
longCondition = close > breakoutHigh and rangeRatio > 0.8 and trendFast > trendSlow and volume > volMean
shortCondition = close < breakoutLow and rangeRatio > 0.8 and trendFast < trendSlow and volume > volMean
if longCondition and ""long_only"" != ""short_only""
    strategy.entry(""Long"", strategy.long)
if shortCondition and ""long_only"" != ""long_only""
    strategy.entry(""Short"", strategy.short)",False,False,False,rejected
trend_ema__directionlong_only_fast9_rsi_threshold55.0_slow55,trend_ema,1019.0,-0.0006449229085485586,0.859300409465491,0.31617946588992263,2,2,"//@version=5
strategy(""trend_ema__directionlong_only_fast9_rsi_threshold55.0_slow55"", overlay=true, process_orders_on_close=true)
fast = ta.ema(close, 9)
slow = ta.ema(close, 55)
r = ta.rsi(close, 14)
longCondition = ta.crossover(fast, slow) and r > 55.0
shortCondition = ta.crossunder(fast, slow) and r < 45.0
if longCondition and ""long_only"" != ""short_only""
    strategy.entry(""Long"", strategy.long)
if shortCondition and ""long_only"" != ""long_only""
    strategy.entry(""Short"", strategy.short)
if ta.crossunder(fast, slow)
    strategy.close(""Long"")
if ta.crossover(fast, slow)
    strategy.close(""Short"")",False,False,False,rejected
trend_ema__directionlong_only_fast12_rsi_threshold55.0_slow55,trend_ema,912.0,-0.0006596711993135454,0.8891756103690818,0.3373832888189626,2,2,"//@version=5
strategy(""trend_ema__directionlong_only_fast12_rsi_threshold55.0_slow55"", overlay=true, process_orders_on_close=true)
fast = ta.ema(close, 12)
slow = ta.ema(close, 55)
r = ta.rsi(close, 14)
longCondition = ta.crossover(fast, slow) and r > 55.0
shortCondition = ta.crossunder(fast, slow) and r < 45.0
if longCondition and ""long_only"" != ""short_only""
    strategy.entry(""Long"", strategy.long)
if shortCondition and ""long_only"" != ""long_only""
    strategy.entry(""Short"", strategy.short)
if ta.crossunder(fast, slow)
    strategy.close(""Long"")
if ta.crossover(fast, slow)
    strategy.close(""Short"")",False,False,False,rejected
breakout__atr_filter1.2_directionlong_only_window55,breakout,951.0,-0.0006631100177785117,0.8718952406424831,0.39936431766245684,2,2,"//@version=5
strategy(""breakout__atr_filter1.2_directionlong_only_window55"", overlay=true, process_orders_on_close=true)
breakoutHigh = ta.highest(high, 55)[1]
breakoutLow = ta.lowest(low, 55)[1]
atr14 = ta.atr(14)
rangeRatio = (high - low) / atr14
trendFast = ta.ema(close, 20)
trendSlow = ta.ema(close, 55)
volMean = ta.sma(volume, 30)
longCondition = close > breakoutHigh and rangeRatio > 1.2 and trendFast > trendSlow and volume > volMean
shortCondition = close < breakoutLow and rangeRatio > 1.2 and trendFast < trendSlow and volume > volMean
if longCondition and ""long_only"" != ""short_only""
    strategy.entry(""Long"", strategy.long)
if shortCondition and ""long_only"" != ""long_only""
    strategy.entry(""Short"", strategy.short)",False,False,False,rejected
trend_ema__directionlong_only_fast12_rsi_threshold58.0_slow89,trend_ema,580.0,-0.0006724597225159631,0.9110926421782548,0.3385787710532142,3,3,"//@version=5
strategy(""trend_ema__directionlong_only_fast12_rsi_threshold58.0_slow89"", overlay=true, process_orders_on_close=true)
fast = ta.ema(close, 12)
slow = ta.ema(close, 89)
r = ta.rsi(close, 14)
longCondition = ta.crossover(fast, slow) and r > 58.0
shortCondition = ta.crossunder(fast, slow) and r < 42.0
if longCondition and ""long_only"" != ""short_only""
    strategy.entry(""Long"", strategy.long)
if shortCondition and ""long_only"" != ""long_only""
    strategy.entry(""Short"", strategy.short)
if ta.crossunder(fast, slow)
    strategy.close(""Long"")
if ta.crossover(fast, slow)
    strategy.close(""Short"")",False,False,False,rejected
trend_ema__directionshort_only_fast34_rsi_threshold60.0_slow144,trend_ema,282.0,-0.0006791159892699577,0.9053562331709772,0.2721127196209079,1,1,"//@version=5
strategy(""trend_ema__directionshort_only_fast34_rsi_threshold60.0_slow144"", overlay=true, process_orders_on_close=true)
fast = ta.ema(close, 34)
slow = ta.ema(close, 144)
r = ta.rsi(close, 14)
longCondition = ta.crossover(fast, slow) and r > 60.0
shortCondition = ta.crossunder(fast, slow) and r < 40.0
if longCondition and ""short_only"" != ""short_only""
    strategy.entry(""Long"", strategy.long)
if shortCondition and ""short_only"" != ""long_only""
    strategy.entry(""Short"", strategy.short)
if ta.crossunder(fast, slow)
    strategy.close(""Long"")
if ta.crossover(fast, slow)
    strategy.close(""Short"")",False,False,False,rejected
trend_ema__directionshort_only_fast21_rsi_threshold58.0_slow89,trend_ema,467.0,-0.000682858607431716,0.9847981617334531,0.49431612122874635,3,3,"//@version=5
strategy(""trend_ema__directionshort_only_fast21_rsi_threshold58.0_slow89"", overlay=true, process_orders_on_close=true)
fast = ta.ema(close, 21)
slow = ta.ema(close, 89)
r = ta.rsi(close, 14)
longCondition = ta.crossover(fast, slow) and r > 58.0
shortCondition = ta.crossunder(fast, slow) and r < 42.0
if longCondition and ""short_only"" != ""short_only""
    strategy.entry(""Long"", strategy.long)
if shortCondition and ""short_only"" != ""long_only""
    strategy.entry(""Short"", strategy.short)
if ta.crossunder(fast, slow)
    strategy.close(""Long"")
if ta.crossover(fast, slow)
    strategy.close(""Short"")",False,False,False,rejected
trend_ema__directionlong_only_fast21_rsi_threshold58.0_slow55,trend_ema,567.0,-0.0006962377983646871,0.8748031991658398,0.2968981432299821,3,3,"//@version=5
strategy(""trend_ema__directionlong_only_fast21_rsi_threshold58.0_slow55"", overlay=true, process_orders_on_close=true)
fast = ta.ema(close, 21)
slow = ta.ema(close, 55)
r = ta.rsi(close, 14)
longCondition = ta.crossover(fast, slow) and r > 58.0
shortCondition = ta.crossunder(fast, slow) and r < 42.0
if longCondition and ""long_only"" != ""short_only""
    strategy.entry(""Long"", strategy.long)
if shortCondition and ""long_only"" != ""long_only""
    strategy.entry(""Short"", strategy.short)
if ta.crossunder(fast, slow)
    strategy.close(""Long"")
if ta.crossover(fast, slow)
    strategy.close(""Short"")",False,False,False,rejected
trend_ema__directionshort_only_fast12_rsi_threshold52.0_slow89,trend_ema,798.0,-0.0007090496474597844,0.9851334779282231,0.5916252016728654,4,4,"//@version=5
strategy(""trend_ema__directionshort_only_fast12_rsi_threshold52.0_slow89"", overlay=true, process_orders_on_close=true)
fast = ta.ema(close, 12)
slow = ta.ema(close, 89)
r = ta.rsi(close, 14)
longCondition = ta.crossover(fast, slow) and r > 52.0
shortCondition = ta.crossunder(fast, slow) and r < 48.0
if longCondition and ""short_only"" != ""short_only""
    strategy.entry(""Long"", strategy.long)
if shortCondition and ""short_only"" != ""long_only""
    strategy.entry(""Short"", strategy.short)
if ta.crossunder(fast, slow)
    strategy.close(""Long"")
if ta.crossover(fast, slow)
    strategy.close(""Short"")",False,False,False,rejected
trend_ema__directionlong_only_fast21_rsi_threshold58.0_slow89,trend_ema,474.0,-0.0007116125861380201,0.8833841707199738,0.24867329786516912,2,2,"//@version=5
strategy(""trend_ema__directionlong_only_fast21_rsi_threshold58.0_slow89"", overlay=true, process_orders_on_close=true)
fast = ta.ema(close, 21)
slow = ta.ema(close, 89)
r = ta.rsi(close, 14)
longCondition = ta.crossover(fast, slow) and r > 58.0
shortCondition = ta.crossunder(fast, slow) and r < 42.0
if longCondition and ""long_only"" != ""short_only""
    strategy.entry(""Long"", strategy.long)
if shortCondition and ""long_only"" != ""long_only""
    strategy.entry(""Short"", strategy.short)
if ta.crossunder(fast, slow)
    strategy.close(""Long"")
if ta.crossover(fast, slow)
    strategy.close(""Short"")",False,False,False,rejected
trend_ema__directionshort_only_fast12_rsi_threshold60.0_slow55,trend_ema,518.0,-0.0007145695515834655,0.9258298708238597,0.500380344013551,3,3,"//@version=5
strategy(""trend_ema__directionshort_only_fast12_rsi_threshold60.0_slow55"", overlay=true, process_orders_on_close=true)
fast = ta.ema(close, 12)
slow = ta.ema(close, 55)
r = ta.rsi(close, 14)
longCondition = ta.crossover(fast, slow) and r > 60.0
shortCondition = ta.crossunder(fast, slow) and r < 40.0
if longCondition and ""short_only"" != ""short_only""
    strategy.entry(""Long"", strategy.long)
if shortCondition and ""short_only"" != ""long_only""
    strategy.entry(""Short"", strategy.short)
if ta.crossunder(fast, slow)
    strategy.close(""Long"")
if ta.crossover(fast, slow)
    strategy.close(""Short"")",False,False,False,rejected
trend_ema__directionboth_fast9_rsi_threshold60.0_slow89,trend_ema,970.0,-0.0007198168264333372,0.9392133982098981,0.5966418048957853,3,3,"//@version=5
strategy(""trend_ema__directionboth_fast9_rsi_threshold60.0_slow89"", overlay=true, process_orders_on_close=true)
fast = ta.ema(close, 9)
slow = ta.ema(close, 89)
r = ta.rsi(close, 14)
longCondition = ta.crossover(fast, slow) and r > 60.0
shortCondition = ta.crossunder(fast, slow) and r < 40.0
if longCondition and ""both"" != ""short_only""
    strategy.entry(""Long"", strategy.long)
if shortCondition and ""both"" != ""long_only""
    strategy.entry(""Short"", strategy.short)
if ta.crossunder(fast, slow)
    strategy.close(""Long"")
if ta.crossover(fast, slow)
    strategy.close(""Short"")",False,False,False,rejected
breakout__atr_filter0.8_directionlong_only_window55,breakout,1020.0,-0.0007301352996145811,0.8833955240214004,0.4408016651388805,2,2,"//@version=5
strategy(""breakout__atr_filter0.8_directionlong_only_window55"", overlay=true, process_orders_on_close=true)
breakoutHigh = ta.highest(high, 55)[1]
breakoutLow = ta.lowest(low, 55)[1]
atr14 = ta.atr(14)
rangeRatio = (high - low) / atr14
trendFast = ta.ema(close, 20)
trendSlow = ta.ema(close, 55)
volMean = ta.sma(volume, 30)
longCondition = close > breakoutHigh and rangeRatio > 0.8 and trendFast > trendSlow and volume > volMean
shortCondition = close < breakoutLow and rangeRatio > 0.8 and trendFast < trendSlow and volume > volMean
if longCondition and ""long_only"" != ""short_only""
    strategy.entry(""Long"", strategy.long)
if shortCondition and ""long_only"" != ""long_only""
    strategy.entry(""Short"", strategy.short)",False,False,False,rejected
trend_ema__directionboth_fast12_rsi_threshold58.0_slow89,trend_ema,1120.0,-0.0007311551763725796,0.9341692907584216,0.655284305354076,2,2,"//@version=5
strategy(""trend_ema__directionboth_fast12_rsi_threshold58.0_slow89"", overlay=true, process_orders_on_close=true)
fast = ta.ema(close, 12)
slow = ta.ema(close, 89)
r = ta.rsi(close, 14)
longCondition = ta.crossover(fast, slow) and r > 58.0
shortCondition = ta.crossunder(fast, slow) and r < 42.0
if longCondition and ""both"" != ""short_only""
    strategy.entry(""Long"", strategy.long)
if shortCondition and ""both"" != ""long_only""
    strategy.entry(""Short"", strategy.short)
if ta.crossunder(fast, slow)
    strategy.close(""Long"")
if ta.crossover(fast, slow)
    strategy.close(""Short"")",False,False,False,rejected
trend_ema__directionboth_fast34_rsi_threshold55.0_slow55,trend_ema,1164.0,-0.0007337346727915254,0.8772716608407051,0.6338952395690214,2,2,"//@version=5
strategy(""trend_ema__directionboth_fast34_rsi_threshold55.0_slow55"", overlay=true, process_orders_on_close=true)
fast = ta.ema(close, 34)
slow = ta.ema(close, 55)
r = ta.rsi(close, 14)
longCondition = ta.crossover(fast, slow) and r > 55.0
shortCondition = ta.crossunder(fast, slow) and r < 45.0
if longCondition and ""both"" != ""short_only""
    strategy.entry(""Long"", strategy.long)
if shortCondition and ""both"" != ""long_only""
    strategy.entry(""Short"", strategy.short)
if ta.crossunder(fast, slow)
    strategy.close(""Long"")
if ta.crossover(fast, slow)
    strategy.close(""Short"")",False,False,False,rejected
trend_pullback__fast34_pullback_rsi45.0_slow55,trend_pullback,988.0,-0.0007347431837544269,0.7960984398739339,0.3069730916102831,2,2,"//@version=5
strategy(""trend_pullback__fast34_pullback_rsi45.0_slow55"", overlay=true, process_orders_on_close=true)
fast = ta.ema(close, 34)
slow = ta.ema(close, 55)
r = ta.rsi(close, 14)
uptrend = fast > slow
downtrend = fast < slow
longResume = close > fast and close[1] <= fast[1]
shortResume = close < fast and close[1] >= fast[1]
longCondition = uptrend and r[1] < 45.0 and longResume
shortCondition = downtrend and r[1] > 55.0 and shortResume
if longCondition
    strategy.entry(""Long"", strategy.long)
if shortCondition
    strategy.entry(""Short"", strategy.short)",False,False,False,rejected
trend_ema__directionboth_fast12_rsi_threshold55.0_slow89,trend_ema,1344.0,-0.0007374485585668769,0.914745967993664,0.6398183025738207,2,2,"//@version=5
strategy(""trend_ema__directionboth_fast12_rsi_threshold55.0_slow89"", overlay=true, process_orders_on_close=true)
fast = ta.ema(close, 12)
slow = ta.ema(close, 89)
r = ta.rsi(close, 14)
longCondition = ta.crossover(fast, slow) and r > 55.0
shortCondition = ta.crossunder(fast, slow) and r < 45.0
if longCondition and ""both"" != ""short_only""
    strategy.entry(""Long"", strategy.long)
if shortCondition and ""both"" != ""long_only""
    strategy.entry(""Short"", strategy.short)
if ta.crossunder(fast, slow)
    strategy.close(""Long"")
if ta.crossover(fast, slow)
    strategy.close(""Short"")",False,False,False,rejected
trend_ema__directionlong_only_fast34_rsi_threshold52.0_slow55,trend_ema,648.0,-0.000739877312369859,0.8590377833554852,0.3826879863688736,2,2,"//@version=5
strategy(""trend_ema__directionlong_only_fast34_rsi_threshold52.0_slow55"", overlay=true, process_orders_on_close=true)
fast = ta.ema(close, 34)
slow = ta.ema(close, 55)
r = ta.rsi(close, 14)
longCondition = ta.crossover(fast, slow) and r > 52.0
shortCondition = ta.crossunder(fast, slow) and r < 48.0
if longCondition and ""long_only"" != ""short_only""
    strategy.entry(""Long"", strategy.long)
if shortCondition and ""long_only"" != ""long_only""
    strategy.entry(""Short"", strategy.short)
if ta.crossunder(fast, slow)
    strategy.close(""Long"")
if ta.crossover(fast, slow)
    strategy.close(""Short"")",False,False,False,rejected
trend_ema__directionboth_fast21_rsi_threshold55.0_slow89,trend_ema,1106.0,-0.0007445231381737277,0.9144661525271446,0.6482658659779494,2,2,"//@version=5
strategy(""trend_ema__directionboth_fast21_rsi_threshold55.0_slow89"", overlay=true, process_orders_on_close=true)
fast = ta.ema(close, 21)
slow = ta.ema(close, 89)
r = ta.rsi(close, 14)
longCondition = ta.crossover(fast, slow) and r > 55.0
shortCondition = ta.crossunder(fast, slow) and r < 45.0
if longCondition and ""both"" != ""short_only""
    strategy.entry(""Long"", strategy.long)
if shortCondition and ""both"" != ""long_only""
    strategy.entry(""Short"", strategy.short)
if ta.crossunder(fast, slow)
    strategy.close(""Long"")
if ta.crossover(fast, slow)
    strategy.close(""Short"")",False,False,False,rejected
trend_ema__directionboth_fast9_rsi_threshold58.0_slow55,trend_ema,1371.0,-0.0007537857227777661,0.8690177907359639,0.5863258936488283,1,1,"//@version=5
strategy(""trend_ema__directionboth_fast9_rsi_threshold58.0_slow55"", overlay=true, process_orders_on_close=true)
fast = ta.ema(close, 9)
slow = ta.ema(close, 55)
r = ta.rsi(close, 14)
longCondition = ta.crossover(fast, slow) and r > 58.0
shortCondition = ta.crossunder(fast, slow) and r < 42.0
if longCondition and ""both"" != ""short_only""
    strategy.entry(""Long"", strategy.long)
if shortCondition and ""both"" != ""long_only""
    strategy.entry(""Short"", strategy.short)
if ta.crossunder(fast, slow)
    strategy.close(""Long"")
if ta.crossover(fast, slow)
    strategy.close(""Short"")",False,False,False,rejected
trend_ema__directionboth_fast12_rsi_threshold60.0_slow144,trend_ema,781.0,-0.000754113997628638,0.9077240585135048,0.45920167018572733,2,2,"//@version=5
strategy(""trend_ema__directionboth_fast12_rsi_threshold60.0_slow144"", overlay=true, process_orders_on_close=true)
fast = ta.ema(close, 12)
slow = ta.ema(close, 144)
r = ta.rsi(close, 14)
longCondition = ta.crossover(fast, slow) and r > 60.0
shortCondition = ta.crossunder(fast, slow) and r < 40.0
if longCondition and ""both"" != ""short_only""
    strategy.entry(""Long"", strategy.long)
if shortCondition and ""both"" != ""long_only""
    strategy.entry(""Short"", strategy.short)
if ta.crossunder(fast, slow)
    strategy.close(""Long"")
if ta.crossover(fast, slow)
    strategy.close(""Short"")",False,False,False,rejected
trend_ema__directionshort_only_fast9_rsi_threshold50.0_slow89,trend_ema,960.0,-0.000762811741136155,0.949092110632844,0.5508267875126093,2,2,"//@version=5
strategy(""trend_ema__directionshort_only_fast9_rsi_threshold50.0_slow89"", overlay=true, process_orders_on_close=true)
fast = ta.ema(close, 9)
slow = ta.ema(close, 89)
r = ta.rsi(close, 14)
longCondition = ta.crossover(fast, slow) and r > 50.0
shortCondition = ta.crossunder(fast, slow) and r < 50.0
if longCondition and ""short_only"" != ""short_only""
    strategy.entry(""Long"", strategy.long)
if shortCondition and ""short_only"" != ""long_only""
    strategy.entry(""Short"", strategy.short)
if ta.crossunder(fast, slow)
    strategy.close(""Long"")
if ta.crossover(fast, slow)
    strategy.close(""Short"")",False,False,False,rejected
trend_ema__directionshort_only_fast9_rsi_threshold52.0_slow89,trend_ema,910.0,-0.0007684239656671214,0.9526206077864299,0.5382852927762933,2,2,"//@version=5
strategy(""trend_ema__directionshort_only_fast9_rsi_threshold52.0_slow89"", overlay=true, process_orders_on_close=true)
fast = ta.ema(close, 9)
slow = ta.ema(close, 89)
r = ta.rsi(close, 14)
longCondition = ta.crossover(fast, slow) and r > 52.0
shortCondition = ta.crossunder(fast, slow) and r < 48.0
if longCondition and ""short_only"" != ""short_only""
    strategy.entry(""Long"", strategy.long)
if shortCondition and ""short_only"" != ""long_only""
    strategy.entry(""Short"", strategy.short)
if ta.crossunder(fast, slow)
    strategy.close(""Long"")
if ta.crossover(fast, slow)
    strategy.close(""Short"")",False,False,False,rejected
trend_ema__directionshort_only_fast9_rsi_threshold55.0_slow89,trend_ema,790.0,-0.0007756933866116902,0.9473262979622958,0.49565742752833797,3,3,"//@version=5
strategy(""trend_ema__directionshort_only_fast9_rsi_threshold55.0_slow89"", overlay=true, process_orders_on_close=true)
fast = ta.ema(close, 9)
slow = ta.ema(close, 89)
r = ta.rsi(close, 14)
longCondition = ta.crossover(fast, slow) and r > 55.0
shortCondition = ta.crossunder(fast, slow) and r < 45.0
if longCondition and ""short_only"" != ""short_only""
    strategy.entry(""Long"", strategy.long)
if shortCondition and ""short_only"" != ""long_only""
    strategy.entry(""Short"", strategy.short)
if ta.crossunder(fast, slow)
    strategy.close(""Long"")
if ta.crossover(fast, slow)
    strategy.close(""Short"")",False,False,False,rejected
trend_ema__directionlong_only_fast21_rsi_threshold50.0_slow34,trend_ema,1084.0,-0.0007773139995776155,0.849672851162858,0.3786746700958322,3,3,"//@version=5
strategy(""trend_ema__directionlong_only_fast21_rsi_threshold50.0_slow34"", overlay=true, process_orders_on_close=true)
fast = ta.ema(close, 21)
slow = ta.ema(close, 34)
r = ta.rsi(close, 14)
longCondition = ta.crossover(fast, slow) and r > 50.0
shortCondition = ta.crossunder(fast, slow) and r < 50.0
if longCondition and ""long_only"" != ""short_only""
    strategy.entry(""Long"", strategy.long)
if shortCondition and ""long_only"" != ""long_only""
    strategy.entry(""Short"", strategy.short)
if ta.crossunder(fast, slow)
    strategy.close(""Long"")
if ta.crossover(fast, slow)
    strategy.close(""Short"")",False,False,False,rejected
trend_ema__directionshort_only_fast9_rsi_threshold50.0_slow34,trend_ema,1662.0,-0.000785736792763816,0.8907786277245704,0.6542475377773578,3,3,"//@version=5
strategy(""trend_ema__directionshort_only_fast9_rsi_threshold50.0_slow34"", overlay=true, process_orders_on_close=true)
fast = ta.ema(close, 9)
slow = ta.ema(close, 34)
r = ta.rsi(close, 14)
longCondition = ta.crossover(fast, slow) and r > 50.0
shortCondition = ta.crossunder(fast, slow) and r < 50.0
if longCondition and ""short_only"" != ""short_only""
    strategy.entry(""Long"", strategy.long)
if shortCondition and ""short_only"" != ""long_only""
    strategy.entry(""Short"", strategy.short)
if ta.crossunder(fast, slow)
    strategy.close(""Long"")
if ta.crossover(fast, slow)
    strategy.close(""Short"")",False,False,False,rejected
trend_ema__directionlong_only_fast21_rsi_threshold52.0_slow34,trend_ema,1061.0,-0.0007868896673922967,0.8463166000501403,0.37880552728177996,3,3,"//@version=5
strategy(""trend_ema__directionlong_only_fast21_rsi_threshold52.0_slow34"", overlay=true, process_orders_on_close=true)
fast = ta.ema(close, 21)
slow = ta.ema(close, 34)
r = ta.rsi(close, 14)
longCondition = ta.crossover(fast, slow) and r > 52.0
shortCondition = ta.crossunder(fast, slow) and r < 48.0
if longCondition and ""long_only"" != ""short_only""
    strategy.entry(""Long"", strategy.long)
if shortCondition and ""long_only"" != ""long_only""
    strategy.entry(""Short"", strategy.short)
if ta.crossunder(fast, slow)
    strategy.close(""Long"")
if ta.crossover(fast, slow)
    strategy.close(""Short"")",False,False,False,rejected
trend_ema__directionboth_fast9_rsi_threshold58.0_slow89,trend_ema,1186.0,-0.0008028157710025545,0.9165590205769432,0.6494384260246181,3,3,"//@version=5
strategy(""trend_ema__directionboth_fast9_rsi_threshold58.0_slow89"", overlay=true, process_orders_on_close=true)
fast = ta.ema(close, 9)
slow = ta.ema(close, 89)
r = ta.rsi(close, 14)
longCondition = ta.crossover(fast, slow) and r > 58.0
shortCondition = ta.crossunder(fast, slow) and r < 42.0
if longCondition and ""both"" != ""short_only""
    strategy.entry(""Long"", strategy.long)
if shortCondition and ""both"" != ""long_only""
    strategy.entry(""Short"", strategy.short)
if ta.crossunder(fast, slow)
    strategy.close(""Long"")
if ta.crossover(fast, slow)
    strategy.close(""Short"")",False,False,False,rejected
trend_ema__directionshort_only_fast9_rsi_threshold60.0_slow55,trend_ema,527.0,-0.0008032626431754916,0.9082767783807044,0.4812118208151168,2,2,"//@version=5
strategy(""trend_ema__directionshort_only_fast9_rsi_threshold60.0_slow55"", overlay=true, process_orders_on_close=true)
fast = ta.ema(close, 9)
slow = ta.ema(close, 55)
r = ta.rsi(close, 14)
longCondition = ta.crossover(fast, slow) and r > 60.0
shortCondition = ta.crossunder(fast, slow) and r < 40.0
if longCondition and ""short_only"" != ""short_only""
    strategy.entry(""Long"", strategy.long)
if shortCondition and ""short_only"" != ""long_only""
    strategy.entry(""Short"", strategy.short)
if ta.crossunder(fast, slow)
    strategy.close(""Long"")
if ta.crossover(fast, slow)
    strategy.close(""Short"")",False,False,False,rejected
trend_ema__directionlong_only_fast34_rsi_threshold50.0_slow55,trend_ema,673.0,-0.0008111297296294186,0.8461314956484884,0.3826879863688738,2,2,"//@version=5
strategy(""trend_ema__directionlong_only_fast34_rsi_threshold50.0_slow55"", overlay=true, process_orders_on_close=true)
fast = ta.ema(close, 34)
slow = ta.ema(close, 55)
r = ta.rsi(close, 14)
longCondition = ta.crossover(fast, slow) and r > 50.0
shortCondition = ta.crossunder(fast, slow) and r < 50.0
if longCondition and ""long_only"" != ""short_only""
    strategy.entry(""Long"", strategy.long)
if shortCondition and ""long_only"" != ""long_only""
    strategy.entry(""Short"", strategy.short)
if ta.crossunder(fast, slow)
    strategy.close(""Long"")
if ta.crossover(fast, slow)
    strategy.close(""Short"")",False,False,False,rejected
trend_ema__directionshort_only_fast9_rsi_threshold52.0_slow34,trend_ema,1567.0,-0.0008185556488486896,0.8881979116256902,0.6546440136996337,3,3,"//@version=5
strategy(""trend_ema__directionshort_only_fast9_rsi_threshold52.0_slow34"", overlay=true, process_orders_on_close=true)
fast = ta.ema(close, 9)
slow = ta.ema(close, 34)
r = ta.rsi(close, 14)
longCondition = ta.crossover(fast, slow) and r > 52.0
shortCondition = ta.crossunder(fast, slow) and r < 48.0
if longCondition and ""short_only"" != ""short_only""
    strategy.entry(""Long"", strategy.long)
if shortCondition and ""short_only"" != ""long_only""
    strategy.entry(""Short"", strategy.short)
if ta.crossunder(fast, slow)
    strategy.close(""Long"")
if ta.crossover(fast, slow)
    strategy.close(""Short"")",False,False,False,rejected
trend_pullback__fast34_pullback_rsi45.0_slow89,trend_pullback,1017.0,-0.0008263132303664214,0.775843107294824,0.3073429046337258,2,2,"//@version=5
strategy(""trend_pullback__fast34_pullback_rsi45.0_slow89"", overlay=true, process_orders_on_close=true)
fast = ta.ema(close, 34)
slow = ta.ema(close, 89)
r = ta.rsi(close, 14)
uptrend = fast > slow
downtrend = fast < slow
longResume = close > fast and close[1] <= fast[1]
shortResume = close < fast and close[1] >= fast[1]
longCondition = uptrend and r[1] < 45.0 and longResume
shortCondition = downtrend and r[1] > 55.0 and shortResume
if longCondition
    strategy.entry(""Long"", strategy.long)
if shortCondition
    strategy.entry(""Short"", strategy.short)",False,False,False,rejected
trend_ema__directionlong_only_fast12_rsi_threshold55.0_slow89,trend_ema,721.0,-0.0008335542096237205,0.8705716214674928,0.37996635894969055,3,3,"//@version=5
strategy(""trend_ema__directionlong_only_fast12_rsi_threshold55.0_slow89"", overlay=true, process_orders_on_close=true)
fast = ta.ema(close, 12)
slow = ta.ema(close, 89)
r = ta.rsi(close, 14)
longCondition = ta.crossover(fast, slow) and r > 55.0
shortCondition = ta.crossunder(fast, slow) and r < 45.0
if longCondition and ""long_only"" != ""short_only""
    strategy.entry(""Long"", strategy.long)
if shortCondition and ""long_only"" != ""long_only""
    strategy.entry(""Short"", strategy.short)
if ta.crossunder(fast, slow)
    strategy.close(""Long"")
if ta.crossover(fast, slow)
    strategy.close(""Short"")",False,False,False,rejected
trend_ema__directionboth_fast9_rsi_threshold50.0_slow34,trend_ema,2528.0,-0.0008340912811438855,0.844079192654045,0.496119690338922,1,1,"//@version=5
strategy(""trend_ema__directionboth_fast9_rsi_threshold50.0_slow34"", overlay=true, process_orders_on_close=true)
fast = ta.ema(close, 9)
slow = ta.ema(close, 34)
r = ta.rsi(close, 14)
longCondition = ta.crossover(fast, slow) and r > 50.0
shortCondition = ta.crossunder(fast, slow) and r < 50.0
if longCondition and ""both"" != ""short_only""
    strategy.entry(""Long"", strategy.long)
if shortCondition and ""both"" != ""long_only""
    strategy.entry(""Short"", strategy.short)
if ta.crossunder(fast, slow)
    strategy.close(""Long"")
if ta.crossover(fast, slow)
    strategy.close(""Short"")",False,False,False,rejected
trend_ema__directionboth_fast21_rsi_threshold52.0_slow89,trend_ema,1171.0,-0.0008348820107155693,0.9009495928426452,0.6390888580913723,2,2,"//@version=5
strategy(""trend_ema__directionboth_fast21_rsi_threshold52.0_slow89"", overlay=true, process_orders_on_close=true)
fast = ta.ema(close, 21)
slow = ta.ema(close, 89)
r = ta.rsi(close, 14)
longCondition = ta.crossover(fast, slow) and r > 52.0
shortCondition = ta.crossunder(fast, slow) and r < 48.0
if longCondition and ""both"" != ""short_only""
    strategy.entry(""Long"", strategy.long)
if shortCondition and ""both"" != ""long_only""
    strategy.entry(""Short"", strategy.short)
if ta.crossunder(fast, slow)
    strategy.close(""Long"")
if ta.crossover(fast, slow)
    strategy.close(""Short"")",False,False,False,rejected
trend_ema__directionboth_fast34_rsi_threshold52.0_slow55,trend_ema,1248.0,-0.0008412177323484992,0.8685777872105884,0.6198341784062211,2,2,"//@version=5
strategy(""trend_ema__directionboth_fast34_rsi_threshold52.0_slow55"", overlay=true, process_orders_on_close=true)
fast = ta.ema(close, 34)
slow = ta.ema(close, 55)
r = ta.rsi(close, 14)
longCondition = ta.crossover(fast, slow) and r > 52.0
shortCondition = ta.crossunder(fast, slow) and r < 48.0
if longCondition and ""both"" != ""short_only""
    strategy.entry(""Long"", strategy.long)
if shortCondition and ""both"" != ""long_only""
    strategy.entry(""Short"", strategy.short)
if ta.crossunder(fast, slow)
    strategy.close(""Long"")
if ta.crossover(fast, slow)
    strategy.close(""Short"")",False,False,False,rejected
trend_ema__directionboth_fast34_rsi_threshold55.0_slow144,trend_ema,699.0,-0.0008418698844580904,0.8753433466347079,0.37374975574463987,1,1,"//@version=5
strategy(""trend_ema__directionboth_fast34_rsi_threshold55.0_slow144"", overlay=true, process_orders_on_close=true)
fast = ta.ema(close, 34)
slow = ta.ema(close, 144)
r = ta.rsi(close, 14)
longCondition = ta.crossover(fast, slow) and r > 55.0
shortCondition = ta.crossunder(fast, slow) and r < 45.0
if longCondition and ""both"" != ""short_only""
    strategy.entry(""Long"", strategy.long)
if shortCondition and ""both"" != ""long_only""
    strategy.entry(""Short"", strategy.short)
if ta.crossunder(fast, slow)
    strategy.close(""Long"")
if ta.crossover(fast, slow)
    strategy.close(""Short"")",False,False,False,rejected
trend_ema__directionboth_fast9_rsi_threshold60.0_slow34,trend_ema,958.0,-0.0008437172120918406,0.8413582037126018,0.3326366825503616,2,2,"//@version=5
strategy(""trend_ema__directionboth_fast9_rsi_threshold60.0_slow34"", overlay=true, process_orders_on_close=true)
fast = ta.ema(close, 9)
slow = ta.ema(close, 34)
r = ta.rsi(close, 14)
longCondition = ta.crossover(fast, slow) and r > 60.0
shortCondition = ta.crossunder(fast, slow) and r < 40.0
if longCondition and ""both"" != ""short_only""
    strategy.entry(""Long"", strategy.long)
if shortCondition and ""both"" != ""long_only""
    strategy.entry(""Short"", strategy.short)
if ta.crossunder(fast, slow)
    strategy.close(""Long"")
if ta.crossover(fast, slow)
    strategy.close(""Short"")",False,False,False,rejected
trend_ema__directionboth_fast21_rsi_threshold50.0_slow89,trend_ema,1176.0,-0.0008572551891395831,0.8976007552125044,0.6406215144073153,2,2,"//@version=5
strategy(""trend_ema__directionboth_fast21_rsi_threshold50.0_slow89"", overlay=true, process_orders_on_close=true)
fast = ta.ema(close, 21)
slow = ta.ema(close, 89)
r = ta.rsi(close, 14)
longCondition = ta.crossover(fast, slow) and r > 50.0
shortCondition = ta.crossunder(fast, slow) and r < 50.0
if longCondition and ""both"" != ""short_only""
    strategy.entry(""Long"", strategy.long)
if shortCondition and ""both"" != ""long_only""
    strategy.entry(""Short"", strategy.short)
if ta.crossunder(fast, slow)
    strategy.close(""Long"")
if ta.crossover(fast, slow)
    strategy.close(""Short"")",False,False,False,rejected
trend_ema__directionlong_only_fast9_rsi_threshold55.0_slow89,trend_ema,794.0,-0.000868035979364357,0.8466542912013393,0.3901751784148354,2,2,"//@version=5
strategy(""trend_ema__directionlong_only_fast9_rsi_threshold55.0_slow89"", overlay=true, process_orders_on_close=true)
fast = ta.ema(close, 9)
slow = ta.ema(close, 89)
r = ta.rsi(close, 14)
longCondition = ta.crossover(fast, slow) and r > 55.0
shortCondition = ta.crossunder(fast, slow) and r < 45.0
if longCondition and ""long_only"" != ""short_only""
    strategy.entry(""Long"", strategy.long)
if shortCondition and ""long_only"" != ""long_only""
    strategy.entry(""Short"", strategy.short)
if ta.crossunder(fast, slow)
    strategy.close(""Long"")
if ta.crossover(fast, slow)
    strategy.close(""Short"")",False,False,False,rejected
trend_ema__directionlong_only_fast9_rsi_threshold60.0_slow144,trend_ema,427.0,-0.0008726164203095568,0.8630354440162036,0.2275745255975128,3,3,"//@version=5
strategy(""trend_ema__directionlong_only_fast9_rsi_threshold60.0_slow144"", overlay=true, process_orders_on_close=true)
fast = ta.ema(close, 9)
slow = ta.ema(close, 144)
r = ta.rsi(close, 14)
longCondition = ta.crossover(fast, slow) and r > 60.0
shortCondition = ta.crossunder(fast, slow) and r < 40.0
if longCondition and ""long_only"" != ""short_only""
    strategy.entry(""Long"", strategy.long)
if shortCondition and ""long_only"" != ""long_only""
    strategy.entry(""Short"", strategy.short)
if ta.crossunder(fast, slow)
    strategy.close(""Long"")
if ta.crossover(fast, slow)
    strategy.close(""Short"")",False,False,False,rejected
trend_ema__directionshort_only_fast34_rsi_threshold55.0_slow55,trend_ema,608.0,-0.0008726994693656669,0.9223283252809845,0.49990850521450025,4,4,"//@version=5
strategy(""trend_ema__directionshort_only_fast34_rsi_threshold55.0_slow55"", overlay=true, process_orders_on_close=true)
fast = ta.ema(close, 34)
slow = ta.ema(close, 55)
r = ta.rsi(close, 14)
longCondition = ta.crossover(fast, slow) and r > 55.0
shortCondition = ta.crossunder(fast, slow) and r < 45.0
if longCondition and ""short_only"" != ""short_only""
    strategy.entry(""Long"", strategy.long)
if shortCondition and ""short_only"" != ""long_only""
    strategy.entry(""Short"", strategy.short)
if ta.crossunder(fast, slow)
    strategy.close(""Long"")
if ta.crossover(fast, slow)
    strategy.close(""Short"")",False,False,False,rejected
trend_ema__directionboth_fast12_rsi_threshold50.0_slow89,trend_ema,1451.0,-0.0008784559042581949,0.8935418091689533,0.6412108427884774,2,2,"//@version=5
strategy(""trend_ema__directionboth_fast12_rsi_threshold50.0_slow89"", overlay=true, process_orders_on_close=true)
fast = ta.ema(close, 12)
slow = ta.ema(close, 89)
r = ta.rsi(close, 14)
longCondition = ta.crossover(fast, slow) and r > 50.0
shortCondition = ta.crossunder(fast, slow) and r < 50.0
if longCondition and ""both"" != ""short_only""
    strategy.entry(""Long"", strategy.long)
if shortCondition and ""both"" != ""long_only""
    strategy.entry(""Short"", strategy.short)
if ta.crossunder(fast, slow)
    strategy.close(""Long"")
if ta.crossover(fast, slow)
    strategy.close(""Short"")",False,False,False,rejected
trend_ema__directionboth_fast34_rsi_threshold60.0_slow89,trend_ema,672.0,-0.0008886821911488233,0.8693417848491978,0.4079710884285809,2,2,"//@version=5
strategy(""trend_ema__directionboth_fast34_rsi_threshold60.0_slow89"", overlay=true, process_orders_on_close=true)
fast = ta.ema(close, 34)
slow = ta.ema(close, 89)
r = ta.rsi(close, 14)
longCondition = ta.crossover(fast, slow) and r > 60.0
shortCondition = ta.crossunder(fast, slow) and r < 40.0
if longCondition and ""both"" != ""short_only""
    strategy.entry(""Long"", strategy.long)
if shortCondition and ""both"" != ""long_only""
    strategy.entry(""Short"", strategy.short)
if ta.crossunder(fast, slow)
    strategy.close(""Long"")
if ta.crossover(fast, slow)
    strategy.close(""Short"")",False,False,False,rejected
trend_ema__directionboth_fast21_rsi_threshold58.0_slow144,trend_ema,763.0,-0.0008928746001030424,0.8627383898035712,0.41920607214803174,2,2,"//@version=5
strategy(""trend_ema__directionboth_fast21_rsi_threshold58.0_slow144"", overlay=true, process_orders_on_close=true)
fast = ta.ema(close, 21)
slow = ta.ema(close, 144)
r = ta.rsi(close, 14)
longCondition = ta.crossover(fast, slow) and r > 58.0
shortCondition = ta.crossunder(fast, slow) and r < 42.0
if longCondition and ""both"" != ""short_only""
    strategy.entry(""Long"", strategy.long)
if shortCondition and ""both"" != ""long_only""
    strategy.entry(""Short"", strategy.short)
if ta.crossunder(fast, slow)
    strategy.close(""Long"")
if ta.crossover(fast, slow)
    strategy.close(""Short"")",False,False,False,rejected
trend_ema__directionshort_only_fast12_rsi_threshold58.0_slow89,trend_ema,559.0,-0.0008972058337920916,0.9958539767829445,0.5412975171723982,5,5,"//@version=5
strategy(""trend_ema__directionshort_only_fast12_rsi_threshold58.0_slow89"", overlay=true, process_orders_on_close=true)
fast = ta.ema(close, 12)
slow = ta.ema(close, 89)
r = ta.rsi(close, 14)
longCondition = ta.crossover(fast, slow) and r > 58.0
shortCondition = ta.crossunder(fast, slow) and r < 42.0
if longCondition and ""short_only"" != ""short_only""
    strategy.entry(""Long"", strategy.long)
if shortCondition and ""short_only"" != ""long_only""
    strategy.entry(""Short"", strategy.short)
if ta.crossunder(fast, slow)
    strategy.close(""Long"")
if ta.crossover(fast, slow)
    strategy.close(""Short"")",False,False,False,rejected
trend_ema__directionlong_only_fast12_rsi_threshold52.0_slow55,trend_ema,1092.0,-0.0009028465069652555,0.8518381769195116,0.3918414475265356,2,2,"//@version=5
strategy(""trend_ema__directionlong_only_fast12_rsi_threshold52.0_slow55"", overlay=true, process_orders_on_close=true)
fast = ta.ema(close, 12)
slow = ta.ema(close, 55)
r = ta.rsi(close, 14)
longCondition = ta.crossover(fast, slow) and r > 52.0
shortCondition = ta.crossunder(fast, slow) and r < 48.0
if longCondition and ""long_only"" != ""short_only""
    strategy.entry(""Long"", strategy.long)
if shortCondition and ""long_only"" != ""long_only""
    strategy.entry(""Short"", strategy.short)
if ta.crossunder(fast, slow)
    strategy.close(""Long"")
if ta.crossover(fast, slow)
    strategy.close(""Short"")",False,False,False,rejected
trend_ema__directionshort_only_fast12_rsi_threshold60.0_slow144,trend_ema,379.0,-0.0009071273010967549,0.9713687339898971,0.4142166396024496,3,3,"//@version=5
strategy(""trend_ema__directionshort_only_fast12_rsi_threshold60.0_slow144"", overlay=true, process_orders_on_close=true)
fast = ta.ema(close, 12)
slow = ta.ema(close, 144)
r = ta.rsi(close, 14)
longCondition = ta.crossover(fast, slow) and r > 60.0
shortCondition = ta.crossunder(fast, slow) and r < 40.0
if longCondition and ""short_only"" != ""short_only""
    strategy.entry(""Long"", strategy.long)
if shortCondition and ""short_only"" != ""long_only""
    strategy.entry(""Short"", strategy.short)
if ta.crossunder(fast, slow)
    strategy.close(""Long"")
if ta.crossover(fast, slow)
    strategy.close(""Short"")",False,False,False,rejected
trend_ema__directionboth_fast9_rsi_threshold52.0_slow34,trend_ema,2473.0,-0.0009074434443751624,0.8345328717458318,0.494056188577943,1,1,"//@version=5
strategy(""trend_ema__directionboth_fast9_rsi_threshold52.0_slow34"", overlay=true, process_orders_on_close=true)
fast = ta.ema(close, 9)
slow = ta.ema(close, 34)
r = ta.rsi(close, 14)
longCondition = ta.crossover(fast, slow) and r > 52.0
shortCondition = ta.crossunder(fast, slow) and r < 48.0
if longCondition and ""both"" != ""short_only""
    strategy.entry(""Long"", strategy.long)
if shortCondition and ""both"" != ""long_only""
    strategy.entry(""Short"", strategy.short)
if ta.crossunder(fast, slow)
    strategy.close(""Long"")
if ta.crossover(fast, slow)
    strategy.close(""Short"")",False,False,False,rejected
trend_ema__directionboth_fast9_rsi_threshold52.0_slow55,trend_ema,2019.0,-0.0009158855339749734,0.8548823616145632,0.6872502927696458,1,1,"//@version=5
strategy(""trend_ema__directionboth_fast9_rsi_threshold52.0_slow55"", overlay=true, process_orders_on_close=true)
fast = ta.ema(close, 9)
slow = ta.ema(close, 55)
r = ta.rsi(close, 14)
longCondition = ta.crossover(fast, slow) and r > 52.0
shortCondition = ta.crossunder(fast, slow) and r < 48.0
if longCondition and ""both"" != ""short_only""
    strategy.entry(""Long"", strategy.long)
if shortCondition and ""both"" != ""long_only""
    strategy.entry(""Short"", strategy.short)
if ta.crossunder(fast, slow)
    strategy.close(""Long"")
if ta.crossover(fast, slow)
    strategy.close(""Short"")",False,False,False,rejected
trend_ema__directionboth_fast21_rsi_threshold60.0_slow144,trend_ema,666.0,-0.0009241033866765492,0.8645948747174123,0.3894164031161039,1,1,"//@version=5
strategy(""trend_ema__directionboth_fast21_rsi_threshold60.0_slow144"", overlay=true, process_orders_on_close=true)
fast = ta.ema(close, 21)
slow = ta.ema(close, 144)
r = ta.rsi(close, 14)
longCondition = ta.crossover(fast, slow) and r > 60.0
shortCondition = ta.crossunder(fast, slow) and r < 40.0
if longCondition and ""both"" != ""short_only""
    strategy.entry(""Long"", strategy.long)
if shortCondition and ""both"" != ""long_only""
    strategy.entry(""Short"", strategy.short)
if ta.crossunder(fast, slow)
    strategy.close(""Long"")
if ta.crossover(fast, slow)
    strategy.close(""Short"")",False,False,False,rejected
trend_ema__directionboth_fast12_rsi_threshold58.0_slow34,trend_ema,1433.0,-0.0009335871315222369,0.8427685219283942,0.5013878876109915,1,1,"//@version=5
strategy(""trend_ema__directionboth_fast12_rsi_threshold58.0_slow34"", overlay=true, process_orders_on_close=true)
fast = ta.ema(close, 12)
slow = ta.ema(close, 34)
r = ta.rsi(close, 14)
longCondition = ta.crossover(fast, slow) and r > 58.0
shortCondition = ta.crossunder(fast, slow) and r < 42.0
if longCondition and ""both"" != ""short_only""
    strategy.entry(""Long"", strategy.long)
if shortCondition and ""both"" != ""long_only""
    strategy.entry(""Short"", strategy.short)
if ta.crossunder(fast, slow)
    strategy.close(""Long"")
if ta.crossover(fast, slow)
    strategy.close(""Short"")",False,False,False,rejected
trend_ema__directionshort_only_fast9_rsi_threshold52.0_slow55,trend_ema,1213.0,-0.0009339939409394831,0.8856421969005115,0.7122504064264885,1,1,"//@version=5
strategy(""trend_ema__directionshort_only_fast9_rsi_threshold52.0_slow55"", overlay=true, process_orders_on_close=true)
fast = ta.ema(close, 9)
slow = ta.ema(close, 55)
r = ta.rsi(close, 14)
longCondition = ta.crossover(fast, slow) and r > 52.0
shortCondition = ta.crossunder(fast, slow) and r < 48.0
if longCondition and ""short_only"" != ""short_only""
    strategy.entry(""Long"", strategy.long)
if shortCondition and ""short_only"" != ""long_only""
    strategy.entry(""Short"", strategy.short)
if ta.crossunder(fast, slow)
    strategy.close(""Long"")
if ta.crossover(fast, slow)
    strategy.close(""Short"")",False,False,False,rejected
trend_ema__directionlong_only_fast21_rsi_threshold52.0_slow144,trend_ema,482.0,-0.0009437151670001554,0.8266124701770469,0.29088177477097377,2,2,"//@version=5
strategy(""trend_ema__directionlong_only_fast21_rsi_threshold52.0_slow144"", overlay=true, process_orders_on_close=true)
fast = ta.ema(close, 21)
slow = ta.ema(close, 144)
r = ta.rsi(close, 14)
longCondition = ta.crossover(fast, slow) and r > 52.0
shortCondition = ta.crossunder(fast, slow) and r < 48.0
if longCondition and ""long_only"" != ""short_only""
    strategy.entry(""Long"", strategy.long)
if shortCondition and ""long_only"" != ""long_only""
    strategy.entry(""Short"", strategy.short)
if ta.crossunder(fast, slow)
    strategy.close(""Long"")
if ta.crossover(fast, slow)
    strategy.close(""Short"")",False,False,False,rejected
trend_ema__directionboth_fast12_rsi_threshold52.0_slow89,trend_ema,1433.0,-0.0009592931226135371,0.8874775935339996,0.6751383990383233,2,2,"//@version=5
strategy(""trend_ema__directionboth_fast12_rsi_threshold52.0_slow89"", overlay=true, process_orders_on_close=true)
fast = ta.ema(close, 12)
slow = ta.ema(close, 89)
r = ta.rsi(close, 14)
longCondition = ta.crossover(fast, slow) and r > 52.0
shortCondition = ta.crossunder(fast, slow) and r < 48.0
if longCondition and ""both"" != ""short_only""
    strategy.entry(""Long"", strategy.long)
if shortCondition and ""both"" != ""long_only""
    strategy.entry(""Short"", strategy.short)
if ta.crossunder(fast, slow)
    strategy.close(""Long"")
if ta.crossover(fast, slow)
    strategy.close(""Short"")",False,False,False,rejected
trend_ema__directionshort_only_fast9_rsi_threshold50.0_slow55,trend_ema,1285.0,-0.0009611408222390112,0.8803158737157593,0.7190724552148413,1,1,"//@version=5
strategy(""trend_ema__directionshort_only_fast9_rsi_threshold50.0_slow55"", overlay=true, process_orders_on_close=true)
fast = ta.ema(close, 9)
slow = ta.ema(close, 55)
r = ta.rsi(close, 14)
longCondition = ta.crossover(fast, slow) and r > 50.0
shortCondition = ta.crossunder(fast, slow) and r < 50.0
if longCondition and ""short_only"" != ""short_only""
    strategy.entry(""Long"", strategy.long)
if shortCondition and ""short_only"" != ""long_only""
    strategy.entry(""Short"", strategy.short)
if ta.crossunder(fast, slow)
    strategy.close(""Long"")
if ta.crossover(fast, slow)
    strategy.close(""Short"")",False,False,False,rejected
trend_ema__directionlong_only_fast21_rsi_threshold58.0_slow144,trend_ema,382.0,-0.0009661921679752269,0.8361919599956769,0.30341439603596065,2,2,"//@version=5
strategy(""trend_ema__directionlong_only_fast21_rsi_threshold58.0_slow144"", overlay=true, process_orders_on_close=true)
fast = ta.ema(close, 21)
slow = ta.ema(close, 144)
r = ta.rsi(close, 14)
longCondition = ta.crossover(fast, slow) and r > 58.0
shortCondition = ta.crossunder(fast, slow) and r < 42.0
if longCondition and ""long_only"" != ""short_only""
    strategy.entry(""Long"", strategy.long)
if shortCondition and ""long_only"" != ""long_only""
    strategy.entry(""Short"", strategy.short)
if ta.crossunder(fast, slow)
    strategy.close(""Long"")
if ta.crossover(fast, slow)
    strategy.close(""Short"")",False,False,False,rejected
trend_ema__directionboth_fast34_rsi_threshold50.0_slow55,trend_ema,1262.0,-0.0009677665678261634,0.8539288439877297,0.6340450605327924,2,2,"//@version=5
strategy(""trend_ema__directionboth_fast34_rsi_threshold50.0_slow55"", overlay=true, process_orders_on_close=true)
fast = ta.ema(close, 34)
slow = ta.ema(close, 55)
r = ta.rsi(close, 14)
longCondition = ta.crossover(fast, slow) and r > 50.0
shortCondition = ta.crossunder(fast, slow) and r < 50.0
if longCondition and ""both"" != ""short_only""
    strategy.entry(""Long"", strategy.long)
if shortCondition and ""both"" != ""long_only""
    strategy.entry(""Short"", strategy.short)
if ta.crossunder(fast, slow)
    strategy.close(""Long"")
if ta.crossover(fast, slow)
    strategy.close(""Short"")",False,False,False,rejected
trend_ema__directionboth_fast34_rsi_threshold50.0_slow144,trend_ema,751.0,-0.0009727817338380684,0.8533022018961891,0.35798502450490566,2,2,"//@version=5
strategy(""trend_ema__directionboth_fast34_rsi_threshold50.0_slow144"", overlay=true, process_orders_on_close=true)
fast = ta.ema(close, 34)
slow = ta.ema(close, 144)
r = ta.rsi(close, 14)
longCondition = ta.crossover(fast, slow) and r > 50.0
shortCondition = ta.crossunder(fast, slow) and r < 50.0
if longCondition and ""both"" != ""short_only""
    strategy.entry(""Long"", strategy.long)
if shortCondition and ""both"" != ""long_only""
    strategy.entry(""Short"", strategy.short)
if ta.crossunder(fast, slow)
    strategy.close(""Long"")
if ta.crossover(fast, slow)
    strategy.close(""Short"")",False,False,False,rejected
trend_ema__directionboth_fast9_rsi_threshold55.0_slow55,trend_ema,1810.0,-0.0009768103784915446,0.8536737975381274,0.7284050180025587,1,1,"//@version=5
strategy(""trend_ema__directionboth_fast9_rsi_threshold55.0_slow55"", overlay=true, process_orders_on_close=true)
fast = ta.ema(close, 9)
slow = ta.ema(close, 55)
r = ta.rsi(close, 14)
longCondition = ta.crossover(fast, slow) and r > 55.0
shortCondition = ta.crossunder(fast, slow) and r < 45.0
if longCondition and ""both"" != ""short_only""
    strategy.entry(""Long"", strategy.long)
if shortCondition and ""both"" != ""long_only""
    strategy.entry(""Short"", strategy.short)
if ta.crossunder(fast, slow)
    strategy.close(""Long"")
if ta.crossover(fast, slow)
    strategy.close(""Short"")",False,False,False,rejected
trend_ema__directionlong_only_fast9_rsi_threshold58.0_slow34,trend_ema,730.0,-0.0009780712930842709,0.8279933089921645,0.34124398327027816,3,3,"//@version=5
strategy(""trend_ema__directionlong_only_fast9_rsi_threshold58.0_slow34"", overlay=true, process_orders_on_close=true)
fast = ta.ema(close, 9)
slow = ta.ema(close, 34)
r = ta.rsi(close, 14)
longCondition = ta.crossover(fast, slow) and r > 58.0
shortCondition = ta.crossunder(fast, slow) and r < 42.0
if longCondition and ""long_only"" != ""short_only""
    strategy.entry(""Long"", strategy.long)
if shortCondition and ""long_only"" != ""long_only""
    strategy.entry(""Short"", strategy.short)
if ta.crossunder(fast, slow)
    strategy.close(""Long"")
if ta.crossover(fast, slow)
    strategy.close(""Short"")",False,False,False,rejected
trend_ema__directionboth_fast9_rsi_threshold58.0_slow34,trend_ema,1430.0,-0.0009821765536960204,0.8330046995580245,0.4168587469437245,1,1,"//@version=5
strategy(""trend_ema__directionboth_fast9_rsi_threshold58.0_slow34"", overlay=true, process_orders_on_close=true)
fast = ta.ema(close, 9)
slow = ta.ema(close, 34)
r = ta.rsi(close, 14)
longCondition = ta.crossover(fast, slow) and r > 58.0
shortCondition = ta.crossunder(fast, slow) and r < 42.0
if longCondition and ""both"" != ""short_only""
    strategy.entry(""Long"", strategy.long)
if shortCondition and ""both"" != ""long_only""
    strategy.entry(""Short"", strategy.short)
if ta.crossunder(fast, slow)
    strategy.close(""Long"")
if ta.crossover(fast, slow)
    strategy.close(""Short"")",False,False,False,rejected
trend_ema__directionlong_only_fast12_rsi_threshold50.0_slow55,trend_ema,1138.0,-0.000985819157808361,0.842122526623138,0.4253542703323161,2,2,"//@version=5
strategy(""trend_ema__directionlong_only_fast12_rsi_threshold50.0_slow55"", overlay=true, process_orders_on_close=true)
fast = ta.ema(close, 12)
slow = ta.ema(close, 55)
r = ta.rsi(close, 14)
longCondition = ta.crossover(fast, slow) and r > 50.0
shortCondition = ta.crossunder(fast, slow) and r < 50.0
if longCondition and ""long_only"" != ""short_only""
    strategy.entry(""Long"", strategy.long)
if shortCondition and ""long_only"" != ""long_only""
    strategy.entry(""Short"", strategy.short)
if ta.crossunder(fast, slow)
    strategy.close(""Long"")
if ta.crossover(fast, slow)
    strategy.close(""Short"")",False,False,False,rejected
trend_ema__directionlong_only_fast9_rsi_threshold52.0_slow55,trend_ema,1219.0,-0.000987047147058858,0.8128584828319285,0.3816344353059049,1,1,"//@version=5
strategy(""trend_ema__directionlong_only_fast9_rsi_threshold52.0_slow55"", overlay=true, process_orders_on_close=true)
fast = ta.ema(close, 9)
slow = ta.ema(close, 55)
r = ta.rsi(close, 14)
longCondition = ta.crossover(fast, slow) and r > 52.0
shortCondition = ta.crossunder(fast, slow) and r < 48.0
if longCondition and ""long_only"" != ""short_only""
    strategy.entry(""Long"", strategy.long)
if shortCondition and ""long_only"" != ""long_only""
    strategy.entry(""Short"", strategy.short)
if ta.crossunder(fast, slow)
    strategy.close(""Long"")
if ta.crossover(fast, slow)
    strategy.close(""Short"")",False,False,False,rejected
trend_ema__directionboth_fast12_rsi_threshold52.0_slow55,trend_ema,1881.0,-0.000991488516451236,0.8666332005108424,0.7613775392786903,1,1,"//@version=5
strategy(""trend_ema__directionboth_fast12_rsi_threshold52.0_slow55"", overlay=true, process_orders_on_close=true)
fast = ta.ema(close, 12)
slow = ta.ema(close, 55)
r = ta.rsi(close, 14)
longCondition = ta.crossover(fast, slow) and r > 52.0
shortCondition = ta.crossunder(fast, slow) and r < 48.0
if longCondition and ""both"" != ""short_only""
    strategy.entry(""Long"", strategy.long)
if shortCondition and ""both"" != ""long_only""
    strategy.entry(""Short"", strategy.short)
if ta.crossunder(fast, slow)
    strategy.close(""Long"")
if ta.crossover(fast, slow)
    strategy.close(""Short"")",False,False,False,rejected
trend_ema__directionboth_fast34_rsi_threshold52.0_slow144,trend_ema,743.0,-0.0009924357035961616,0.8500935105987877,0.35798502450490566,2,2,"//@version=5
strategy(""trend_ema__directionboth_fast34_rsi_threshold52.0_slow144"", overlay=true, process_orders_on_close=true)
fast = ta.ema(close, 34)
slow = ta.ema(close, 144)
r = ta.rsi(close, 14)
longCondition = ta.crossover(fast, slow) and r > 52.0
shortCondition = ta.crossunder(fast, slow) and r < 48.0
if longCondition and ""both"" != ""short_only""
    strategy.entry(""Long"", strategy.long)
if shortCondition and ""both"" != ""long_only""
    strategy.entry(""Short"", strategy.short)
if ta.crossunder(fast, slow)
    strategy.close(""Long"")
if ta.crossover(fast, slow)
    strategy.close(""Short"")",False,False,False,rejected
trend_ema__directionboth_fast9_rsi_threshold50.0_slow55,trend_ema,2057.0,-0.0009956293978039066,0.8456521835947975,0.6956536097591521,1,1,"//@version=5
strategy(""trend_ema__directionboth_fast9_rsi_threshold50.0_slow55"", overlay=true, process_orders_on_close=true)
fast = ta.ema(close, 9)
slow = ta.ema(close, 55)
r = ta.rsi(close, 14)
longCondition = ta.crossover(fast, slow) and r > 50.0
shortCondition = ta.crossunder(fast, slow) and r < 50.0
if longCondition and ""both"" != ""short_only""
    strategy.entry(""Long"", strategy.long)
if shortCondition and ""both"" != ""long_only""
    strategy.entry(""Short"", strategy.short)
if ta.crossunder(fast, slow)
    strategy.close(""Long"")
if ta.crossover(fast, slow)
    strategy.close(""Short"")",False,False,False,rejected
trend_ema__directionlong_only_fast12_rsi_threshold55.0_slow34,trend_ema,1115.0,-0.00099703473655123,0.7935653070911814,0.3767367123933818,2,2,"//@version=5
strategy(""trend_ema__directionlong_only_fast12_rsi_threshold55.0_slow34"", overlay=true, process_orders_on_close=true)
fast = ta.ema(close, 12)
slow = ta.ema(close, 34)
r = ta.rsi(close, 14)
longCondition = ta.crossover(fast, slow) and r > 55.0
shortCondition = ta.crossunder(fast, slow) and r < 45.0
if longCondition and ""long_only"" != ""short_only""
    strategy.entry(""Long"", strategy.long)
if shortCondition and ""long_only"" != ""long_only""
    strategy.entry(""Short"", strategy.short)
if ta.crossunder(fast, slow)
    strategy.close(""Long"")
if ta.crossover(fast, slow)
    strategy.close(""Short"")",False,False,False,rejected
trend_ema__directionboth_fast12_rsi_threshold55.0_slow34,trend_ema,2009.0,-0.0009989346879007246,0.8404190666167799,0.675157333982431,0,0,"//@version=5
strategy(""trend_ema__directionboth_fast12_rsi_threshold55.0_slow34"", overlay=true, process_orders_on_close=true)
fast = ta.ema(close, 12)
slow = ta.ema(close, 34)
r = ta.rsi(close, 14)
longCondition = ta.crossover(fast, slow) and r > 55.0
shortCondition = ta.crossunder(fast, slow) and r < 45.0
if longCondition and ""both"" != ""short_only""
    strategy.entry(""Long"", strategy.long)
if shortCondition and ""both"" != ""long_only""
    strategy.entry(""Short"", strategy.short)
if ta.crossunder(fast, slow)
    strategy.close(""Long"")
if ta.crossover(fast, slow)
    strategy.close(""Short"")",False,False,False,rejected
trend_ema__directionboth_fast21_rsi_threshold50.0_slow144,trend_ema,916.0,-0.0010005801601538685,0.8552588434071922,0.3977943854110556,1,1,"//@version=5
strategy(""trend_ema__directionboth_fast21_rsi_threshold50.0_slow144"", overlay=true, process_orders_on_close=true)
fast = ta.ema(close, 21)
slow = ta.ema(close, 144)
r = ta.rsi(close, 14)
longCondition = ta.crossover(fast, slow) and r > 50.0
shortCondition = ta.crossunder(fast, slow) and r < 50.0
if longCondition and ""both"" != ""short_only""
    strategy.entry(""Long"", strategy.long)
if shortCondition and ""both"" != ""long_only""
    strategy.entry(""Short"", strategy.short)
if ta.crossunder(fast, slow)
    strategy.close(""Long"")
if ta.crossover(fast, slow)
    strategy.close(""Short"")",False,False,False,rejected
trend_ema__directionlong_only_fast21_rsi_threshold52.0_slow89,trend_ema,618.0,-0.0010035216616808484,0.8617515617857037,0.3466768531336605,3,3,"//@version=5
strategy(""trend_ema__directionlong_only_fast21_rsi_threshold52.0_slow89"", overlay=true, process_orders_on_close=true)
fast = ta.ema(close, 21)
slow = ta.ema(close, 89)
r = ta.rsi(close, 14)
longCondition = ta.crossover(fast, slow) and r > 52.0
shortCondition = ta.crossunder(fast, slow) and r < 48.0
if longCondition and ""long_only"" != ""short_only""
    strategy.entry(""Long"", strategy.long)
if shortCondition and ""long_only"" != ""long_only""
    strategy.entry(""Short"", strategy.short)
if ta.crossunder(fast, slow)
    strategy.close(""Long"")
if ta.crossover(fast, slow)
    strategy.close(""Short"")",False,False,False,rejected
trend_ema__directionlong_only_fast9_rsi_threshold50.0_slow55,trend_ema,1289.0,-0.0010041403390427205,0.8107342516562223,0.38729208856777164,1,1,"//@version=5
strategy(""trend_ema__directionlong_only_fast9_rsi_threshold50.0_slow55"", overlay=true, process_orders_on_close=true)
fast = ta.ema(close, 9)
slow = ta.ema(close, 55)
r = ta.rsi(close, 14)
longCondition = ta.crossover(fast, slow) and r > 50.0
shortCondition = ta.crossunder(fast, slow) and r < 50.0
if longCondition and ""long_only"" != ""short_only""
    strategy.entry(""Long"", strategy.long)
if shortCondition and ""long_only"" != ""long_only""
    strategy.entry(""Short"", strategy.short)
if ta.crossunder(fast, slow)
    strategy.close(""Long"")
if ta.crossover(fast, slow)
    strategy.close(""Short"")",False,False,False,rejected
trend_ema__directionboth_fast9_rsi_threshold55.0_slow89,trend_ema,1457.0,-0.0010094387865976068,0.8614593108586752,0.6460167784060943,1,1,"//@version=5
strategy(""trend_ema__directionboth_fast9_rsi_threshold55.0_slow89"", overlay=true, process_orders_on_close=true)
fast = ta.ema(close, 9)
slow = ta.ema(close, 89)
r = ta.rsi(close, 14)
longCondition = ta.crossover(fast, slow) and r > 55.0
shortCondition = ta.crossunder(fast, slow) and r < 45.0
if longCondition and ""both"" != ""short_only""
    strategy.entry(""Long"", strategy.long)
if shortCondition and ""both"" != ""long_only""
    strategy.entry(""Short"", strategy.short)
if ta.crossunder(fast, slow)
    strategy.close(""Long"")
if ta.crossover(fast, slow)
    strategy.close(""Short"")",False,False,False,rejected
trend_ema__directionshort_only_fast12_rsi_threshold60.0_slow34,trend_ema,535.0,-0.001010423514330827,0.8797777406252495,0.4147427926598931,2,2,"//@version=5
strategy(""trend_ema__directionshort_only_fast12_rsi_threshold60.0_slow34"", overlay=true, process_orders_on_close=true)
fast = ta.ema(close, 12)
slow = ta.ema(close, 34)
r = ta.rsi(close, 14)
longCondition = ta.crossover(fast, slow) and r > 60.0
shortCondition = ta.crossunder(fast, slow) and r < 40.0
if longCondition and ""short_only"" != ""short_only""
    strategy.entry(""Long"", strategy.long)
if shortCondition and ""short_only"" != ""long_only""
    strategy.entry(""Short"", strategy.short)
if ta.crossunder(fast, slow)
    strategy.close(""Long"")
if ta.crossover(fast, slow)
    strategy.close(""Short"")",False,False,False,rejected
trend_ema__directionboth_fast12_rsi_threshold52.0_slow34,trend_ema,2308.0,-0.0010142809458331178,0.8451894401073825,0.6334007429029764,1,1,"//@version=5
strategy(""trend_ema__directionboth_fast12_rsi_threshold52.0_slow34"", overlay=true, process_orders_on_close=true)
fast = ta.ema(close, 12)
slow = ta.ema(close, 34)
r = ta.rsi(close, 14)
longCondition = ta.crossover(fast, slow) and r > 52.0
shortCondition = ta.crossunder(fast, slow) and r < 48.0
if longCondition and ""both"" != ""short_only""
    strategy.entry(""Long"", strategy.long)
if shortCondition and ""both"" != ""long_only""
    strategy.entry(""Short"", strategy.short)
if ta.crossunder(fast, slow)
    strategy.close(""Long"")
if ta.crossover(fast, slow)
    strategy.close(""Short"")",False,False,False,rejected
trend_ema__directionlong_only_fast21_rsi_threshold50.0_slow144,trend_ema,489.0,-0.0010148605556510068,0.8171794429253058,0.29088177477097377,2,2,"//@version=5
strategy(""trend_ema__directionlong_only_fast21_rsi_threshold50.0_slow144"", overlay=true, process_orders_on_close=true)
fast = ta.ema(close, 21)
slow = ta.ema(close, 144)
r = ta.rsi(close, 14)
longCondition = ta.crossover(fast, slow) and r > 50.0
shortCondition = ta.crossunder(fast, slow) and r < 50.0
if longCondition and ""long_only"" != ""short_only""
    strategy.entry(""Long"", strategy.long)
if shortCondition and ""long_only"" != ""long_only""
    strategy.entry(""Short"", strategy.short)
if ta.crossunder(fast, slow)
    strategy.close(""Long"")
if ta.crossover(fast, slow)
    strategy.close(""Short"")",False,False,False,rejected
trend_ema__directionboth_fast9_rsi_threshold60.0_slow144,trend_ema,829.0,-0.0010184328993797492,0.8562101026816624,0.4051286092819676,1,1,"//@version=5
strategy(""trend_ema__directionboth_fast9_rsi_threshold60.0_slow144"", overlay=true, process_orders_on_close=true)
fast = ta.ema(close, 9)
slow = ta.ema(close, 144)
r = ta.rsi(close, 14)
longCondition = ta.crossover(fast, slow) and r > 60.0
shortCondition = ta.crossunder(fast, slow) and r < 40.0
if longCondition and ""both"" != ""short_only""
    strategy.entry(""Long"", strategy.long)
if shortCondition and ""both"" != ""long_only""
    strategy.entry(""Short"", strategy.short)
if ta.crossunder(fast, slow)
    strategy.close(""Long"")
if ta.crossover(fast, slow)
    strategy.close(""Short"")",False,False,False,rejected
trend_ema__directionboth_fast21_rsi_threshold52.0_slow144,trend_ema,910.0,-0.001020734299211341,0.8565105053173108,0.4200711322080567,1,1,"//@version=5
strategy(""trend_ema__directionboth_fast21_rsi_threshold52.0_slow144"", overlay=true, process_orders_on_close=true)
fast = ta.ema(close, 21)
slow = ta.ema(close, 144)
r = ta.rsi(close, 14)
longCondition = ta.crossover(fast, slow) and r > 52.0
shortCondition = ta.crossunder(fast, slow) and r < 48.0
if longCondition and ""both"" != ""short_only""
    strategy.entry(""Long"", strategy.long)
if shortCondition and ""both"" != ""long_only""
    strategy.entry(""Short"", strategy.short)
if ta.crossunder(fast, slow)
    strategy.close(""Long"")
if ta.crossover(fast, slow)
    strategy.close(""Short"")",False,False,False,rejected
trend_ema__directionboth_fast12_rsi_threshold50.0_slow34,trend_ema,2339.0,-0.0010237151942244676,0.8419387587763101,0.6296841684990384,1,1,"//@version=5
strategy(""trend_ema__directionboth_fast12_rsi_threshold50.0_slow34"", overlay=true, process_orders_on_close=true)
fast = ta.ema(close, 12)
slow = ta.ema(close, 34)
r = ta.rsi(close, 14)
longCondition = ta.crossover(fast, slow) and r > 50.0
shortCondition = ta.crossunder(fast, slow) and r < 50.0
if longCondition and ""both"" != ""short_only""
    strategy.entry(""Long"", strategy.long)
if shortCondition and ""both"" != ""long_only""
    strategy.entry(""Short"", strategy.short)
if ta.crossunder(fast, slow)
    strategy.close(""Long"")
if ta.crossover(fast, slow)
    strategy.close(""Short"")",False,False,False,rejected
trend_ema__directionlong_only_fast9_rsi_threshold58.0_slow144,trend_ema,490.0,-0.0010293142278929432,0.8476880367214145,0.25785411624508203,3,3,"//@version=5
strategy(""trend_ema__directionlong_only_fast9_rsi_threshold58.0_slow144"", overlay=true, process_orders_on_close=true)
fast = ta.ema(close, 9)
slow = ta.ema(close, 144)
r = ta.rsi(close, 14)
longCondition = ta.crossover(fast, slow) and r > 58.0
shortCondition = ta.crossunder(fast, slow) and r < 42.0
if longCondition and ""long_only"" != ""short_only""
    strategy.entry(""Long"", strategy.long)
if shortCondition and ""long_only"" != ""long_only""
    strategy.entry(""Short"", strategy.short)
if ta.crossunder(fast, slow)
    strategy.close(""Long"")
if ta.crossover(fast, slow)
    strategy.close(""Short"")",False,False,False,rejected
trend_ema__directionboth_fast12_rsi_threshold50.0_slow55,trend_ema,1900.0,-0.001031128709489622,0.861860782836019,0.7586148807181226,1,1,"//@version=5
strategy(""trend_ema__directionboth_fast12_rsi_threshold50.0_slow55"", overlay=true, process_orders_on_close=true)
fast = ta.ema(close, 12)
slow = ta.ema(close, 55)
r = ta.rsi(close, 14)
longCondition = ta.crossover(fast, slow) and r > 50.0
shortCondition = ta.crossunder(fast, slow) and r < 50.0
if longCondition and ""both"" != ""short_only""
    strategy.entry(""Long"", strategy.long)
if shortCondition and ""both"" != ""long_only""
    strategy.entry(""Short"", strategy.short)
if ta.crossunder(fast, slow)
    strategy.close(""Long"")
if ta.crossover(fast, slow)
    strategy.close(""Short"")",False,False,False,rejected
trend_ema__directionlong_only_fast9_rsi_threshold60.0_slow34,trend_ema,499.0,-0.0010352735219794971,0.8593982681194344,0.32624789526987463,3,3,"//@version=5
strategy(""trend_ema__directionlong_only_fast9_rsi_threshold60.0_slow34"", overlay=true, process_orders_on_close=true)
fast = ta.ema(close, 9)
slow = ta.ema(close, 34)
r = ta.rsi(close, 14)
longCondition = ta.crossover(fast, slow) and r > 60.0
shortCondition = ta.crossunder(fast, slow) and r < 40.0
if longCondition and ""long_only"" != ""short_only""
    strategy.entry(""Long"", strategy.long)
if shortCondition and ""long_only"" != ""long_only""
    strategy.entry(""Short"", strategy.short)
if ta.crossunder(fast, slow)
    strategy.close(""Long"")
if ta.crossover(fast, slow)
    strategy.close(""Short"")",False,False,False,rejected
trend_ema__directionshort_only_fast34_rsi_threshold52.0_slow55,trend_ema,665.0,-0.0010386688011809555,0.9247504976529057,0.5458228965115902,4,4,"//@version=5
strategy(""trend_ema__directionshort_only_fast34_rsi_threshold52.0_slow55"", overlay=true, process_orders_on_close=true)
fast = ta.ema(close, 34)
slow = ta.ema(close, 55)
r = ta.rsi(close, 14)
longCondition = ta.crossover(fast, slow) and r > 52.0
shortCondition = ta.crossunder(fast, slow) and r < 48.0
if longCondition and ""short_only"" != ""short_only""
    strategy.entry(""Long"", strategy.long)
if shortCondition and ""short_only"" != ""long_only""
    strategy.entry(""Short"", strategy.short)
if ta.crossunder(fast, slow)
    strategy.close(""Long"")
if ta.crossover(fast, slow)
    strategy.close(""Short"")",False,False,False,rejected
trend_ema__directionlong_only_fast21_rsi_threshold55.0_slow89,trend_ema,560.0,-0.0010421938880179513,0.8623490514559524,0.3484487178214195,2,2,"//@version=5
strategy(""trend_ema__directionlong_only_fast21_rsi_threshold55.0_slow89"", overlay=true, process_orders_on_close=true)
fast = ta.ema(close, 21)
slow = ta.ema(close, 89)
r = ta.rsi(close, 14)
longCondition = ta.crossover(fast, slow) and r > 55.0
shortCondition = ta.crossunder(fast, slow) and r < 45.0
if longCondition and ""long_only"" != ""short_only""
    strategy.entry(""Long"", strategy.long)
if shortCondition and ""long_only"" != ""long_only""
    strategy.entry(""Short"", strategy.short)
if ta.crossunder(fast, slow)
    strategy.close(""Long"")
if ta.crossover(fast, slow)
    strategy.close(""Short"")",False,False,False,rejected
trend_ema__directionshort_only_fast9_rsi_threshold55.0_slow34,trend_ema,1211.0,-0.0010450257878537566,0.8657755462536949,0.6427318849384613,2,2,"//@version=5
strategy(""trend_ema__directionshort_only_fast9_rsi_threshold55.0_slow34"", overlay=true, process_orders_on_close=true)
fast = ta.ema(close, 9)
slow = ta.ema(close, 34)
r = ta.rsi(close, 14)
longCondition = ta.crossover(fast, slow) and r > 55.0
shortCondition = ta.crossunder(fast, slow) and r < 45.0
if longCondition and ""short_only"" != ""short_only""
    strategy.entry(""Long"", strategy.long)
if shortCondition and ""short_only"" != ""long_only""
    strategy.entry(""Short"", strategy.short)
if ta.crossunder(fast, slow)
    strategy.close(""Long"")
if ta.crossover(fast, slow)
    strategy.close(""Short"")",False,False,False,rejected
trend_ema__directionboth_fast21_rsi_threshold52.0_slow34,trend_ema,1894.0,-0.001048960984148151,0.8483854498306154,0.49562241677781516,1,1,"//@version=5
strategy(""trend_ema__directionboth_fast21_rsi_threshold52.0_slow34"", overlay=true, process_orders_on_close=true)
fast = ta.ema(close, 21)
slow = ta.ema(close, 34)
r = ta.rsi(close, 14)
longCondition = ta.crossover(fast, slow) and r > 52.0
shortCondition = ta.crossunder(fast, slow) and r < 48.0
if longCondition and ""both"" != ""short_only""
    strategy.entry(""Long"", strategy.long)
if shortCondition and ""both"" != ""long_only""
    strategy.entry(""Short"", strategy.short)
if ta.crossunder(fast, slow)
    strategy.close(""Long"")
if ta.crossover(fast, slow)
    strategy.close(""Short"")",False,False,False,rejected
trend_ema__directionshort_only_fast12_rsi_threshold52.0_slow34,trend_ema,1401.0,-0.0010518059129797106,0.8947103268000676,0.7256064286562991,2,2,"//@version=5
strategy(""trend_ema__directionshort_only_fast12_rsi_threshold52.0_slow34"", overlay=true, process_orders_on_close=true)
fast = ta.ema(close, 12)
slow = ta.ema(close, 34)
r = ta.rsi(close, 14)
longCondition = ta.crossover(fast, slow) and r > 52.0
shortCondition = ta.crossunder(fast, slow) and r < 48.0
if longCondition and ""short_only"" != ""short_only""
    strategy.entry(""Long"", strategy.long)
if shortCondition and ""short_only"" != ""long_only""
    strategy.entry(""Short"", strategy.short)
if ta.crossunder(fast, slow)
    strategy.close(""Long"")
if ta.crossover(fast, slow)
    strategy.close(""Short"")",False,False,False,rejected
trend_ema__directionboth_fast21_rsi_threshold50.0_slow34,trend_ema,1908.0,-0.0010663123975978885,0.8443113297132842,0.5123428804933303,1,1,"//@version=5
strategy(""trend_ema__directionboth_fast21_rsi_threshold50.0_slow34"", overlay=true, process_orders_on_close=true)
fast = ta.ema(close, 21)
slow = ta.ema(close, 34)
r = ta.rsi(close, 14)
longCondition = ta.crossover(fast, slow) and r > 50.0
shortCondition = ta.crossunder(fast, slow) and r < 50.0
if longCondition and ""both"" != ""short_only""
    strategy.entry(""Long"", strategy.long)
if shortCondition and ""both"" != ""long_only""
    strategy.entry(""Short"", strategy.short)
if ta.crossunder(fast, slow)
    strategy.close(""Long"")
if ta.crossover(fast, slow)
    strategy.close(""Short"")",False,False,False,rejected
trend_ema__directionlong_only_fast21_rsi_threshold50.0_slow89,trend_ema,628.0,-0.0010691472596409237,0.8535609519317517,0.3466768531336608,2,2,"//@version=5
strategy(""trend_ema__directionlong_only_fast21_rsi_threshold50.0_slow89"", overlay=true, process_orders_on_close=true)
fast = ta.ema(close, 21)
slow = ta.ema(close, 89)
r = ta.rsi(close, 14)
longCondition = ta.crossover(fast, slow) and r > 50.0
shortCondition = ta.crossunder(fast, slow) and r < 50.0
if longCondition and ""long_only"" != ""short_only""
    strategy.entry(""Long"", strategy.long)
if shortCondition and ""long_only"" != ""long_only""
    strategy.entry(""Short"", strategy.short)
if ta.crossunder(fast, slow)
    strategy.close(""Long"")
if ta.crossover(fast, slow)
    strategy.close(""Short"")",False,False,False,rejected
trend_ema__directionboth_fast21_rsi_threshold55.0_slow34,trend_ema,1721.0,-0.001069493579012216,0.8496305526572396,0.5244408891842083,1,1,"//@version=5
strategy(""trend_ema__directionboth_fast21_rsi_threshold55.0_slow34"", overlay=true, process_orders_on_close=true)
fast = ta.ema(close, 21)
slow = ta.ema(close, 34)
r = ta.rsi(close, 14)
longCondition = ta.crossover(fast, slow) and r > 55.0
shortCondition = ta.crossunder(fast, slow) and r < 45.0
if longCondition and ""both"" != ""short_only""
    strategy.entry(""Long"", strategy.long)
if shortCondition and ""both"" != ""long_only""
    strategy.entry(""Short"", strategy.short)
if ta.crossunder(fast, slow)
    strategy.close(""Long"")
if ta.crossover(fast, slow)
    strategy.close(""Short"")",False,False,False,rejected
trend_ema__directionshort_only_fast9_rsi_threshold60.0_slow89,trend_ema,499.0,-0.0010846683748279655,1.009266159607824,0.5212395786348265,3,3,"//@version=5
strategy(""trend_ema__directionshort_only_fast9_rsi_threshold60.0_slow89"", overlay=true, process_orders_on_close=true)
fast = ta.ema(close, 9)
slow = ta.ema(close, 89)
r = ta.rsi(close, 14)
longCondition = ta.crossover(fast, slow) and r > 60.0
shortCondition = ta.crossunder(fast, slow) and r < 40.0
if longCondition and ""short_only"" != ""short_only""
    strategy.entry(""Long"", strategy.long)
if shortCondition and ""short_only"" != ""long_only""
    strategy.entry(""Short"", strategy.short)
if ta.crossunder(fast, slow)
    strategy.close(""Long"")
if ta.crossover(fast, slow)
    strategy.close(""Short"")",False,False,False,rejected
trend_ema__directionshort_only_fast34_rsi_threshold50.0_slow55,trend_ema,674.0,-0.001088915125572782,0.9143658464659593,0.5547047455650311,4,4,"//@version=5
strategy(""trend_ema__directionshort_only_fast34_rsi_threshold50.0_slow55"", overlay=true, process_orders_on_close=true)
fast = ta.ema(close, 34)
slow = ta.ema(close, 55)
r = ta.rsi(close, 14)
longCondition = ta.crossover(fast, slow) and r > 50.0
shortCondition = ta.crossunder(fast, slow) and r < 50.0
if longCondition and ""short_only"" != ""short_only""
    strategy.entry(""Long"", strategy.long)
if shortCondition and ""short_only"" != ""long_only""
    strategy.entry(""Short"", strategy.short)
if ta.crossunder(fast, slow)
    strategy.close(""Long"")
if ta.crossover(fast, slow)
    strategy.close(""Short"")",False,False,False,rejected
trend_ema__directionlong_only_fast12_rsi_threshold58.0_slow144,trend_ema,461.0,-0.001095182571943523,0.8537536496864935,0.23318941801239312,1,1,"//@version=5
strategy(""trend_ema__directionlong_only_fast12_rsi_threshold58.0_slow144"", overlay=true, process_orders_on_close=true)
fast = ta.ema(close, 12)
slow = ta.ema(close, 144)
r = ta.rsi(close, 14)
longCondition = ta.crossover(fast, slow) and r > 58.0
shortCondition = ta.crossunder(fast, slow) and r < 42.0
if longCondition and ""long_only"" != ""short_only""
    strategy.entry(""Long"", strategy.long)
if shortCondition and ""long_only"" != ""long_only""
    strategy.entry(""Short"", strategy.short)
if ta.crossunder(fast, slow)
    strategy.close(""Long"")
if ta.crossover(fast, slow)
    strategy.close(""Short"")",False,False,False,rejected
trend_ema__directionboth_fast9_rsi_threshold55.0_slow34,trend_ema,2103.0,-0.0010966478247029705,0.8105487354260148,0.5296378689831804,0,0,"//@version=5
strategy(""trend_ema__directionboth_fast9_rsi_threshold55.0_slow34"", overlay=true, process_orders_on_close=true)
fast = ta.ema(close, 9)
slow = ta.ema(close, 34)
r = ta.rsi(close, 14)
longCondition = ta.crossover(fast, slow) and r > 55.0
shortCondition = ta.crossunder(fast, slow) and r < 45.0
if longCondition and ""both"" != ""short_only""
    strategy.entry(""Long"", strategy.long)
if shortCondition and ""both"" != ""long_only""
    strategy.entry(""Short"", strategy.short)
if ta.crossunder(fast, slow)
    strategy.close(""Long"")
if ta.crossover(fast, slow)
    strategy.close(""Short"")",False,False,False,rejected
trend_ema__directionboth_fast21_rsi_threshold55.0_slow144,trend_ema,867.0,-0.0010974401593094839,0.8383970623231984,0.39376359364044,2,2,"//@version=5
strategy(""trend_ema__directionboth_fast21_rsi_threshold55.0_slow144"", overlay=true, process_orders_on_close=true)
fast = ta.ema(close, 21)
slow = ta.ema(close, 144)
r = ta.rsi(close, 14)
longCondition = ta.crossover(fast, slow) and r > 55.0
shortCondition = ta.crossunder(fast, slow) and r < 45.0
if longCondition and ""both"" != ""short_only""
    strategy.entry(""Long"", strategy.long)
if shortCondition and ""both"" != ""long_only""
    strategy.entry(""Short"", strategy.short)
if ta.crossunder(fast, slow)
    strategy.close(""Long"")
if ta.crossover(fast, slow)
    strategy.close(""Short"")",False,False,False,rejected
trend_ema__directionboth_fast9_rsi_threshold55.0_slow144,trend_ema,1126.0,-0.0011061081525429665,0.8698465879386662,0.5674319493315552,1,1,"//@version=5
strategy(""trend_ema__directionboth_fast9_rsi_threshold55.0_slow144"", overlay=true, process_orders_on_close=true)
fast = ta.ema(close, 9)
slow = ta.ema(close, 144)
r = ta.rsi(close, 14)
longCondition = ta.crossover(fast, slow) and r > 55.0
shortCondition = ta.crossunder(fast, slow) and r < 45.0
if longCondition and ""both"" != ""short_only""
    strategy.entry(""Long"", strategy.long)
if shortCondition and ""both"" != ""long_only""
    strategy.entry(""Short"", strategy.short)
if ta.crossunder(fast, slow)
    strategy.close(""Long"")
if ta.crossover(fast, slow)
    strategy.close(""Short"")",False,False,False,rejected
trend_ema__directionshort_only_fast21_rsi_threshold55.0_slow144,trend_ema,438.0,-0.0011072132596746526,0.9034209817494068,0.4031219149772961,2,2,"//@version=5
strategy(""trend_ema__directionshort_only_fast21_rsi_threshold55.0_slow144"", overlay=true, process_orders_on_close=true)
fast = ta.ema(close, 21)
slow = ta.ema(close, 144)
r = ta.rsi(close, 14)
longCondition = ta.crossover(fast, slow) and r > 55.0
shortCondition = ta.crossunder(fast, slow) and r < 45.0
if longCondition and ""short_only"" != ""short_only""
    strategy.entry(""Long"", strategy.long)
if shortCondition and ""short_only"" != ""long_only""
    strategy.entry(""Short"", strategy.short)
if ta.crossunder(fast, slow)
    strategy.close(""Long"")
if ta.crossover(fast, slow)
    strategy.close(""Short"")",False,False,False,rejected
trend_ema__directionshort_only_fast12_rsi_threshold55.0_slow34,trend_ema,1120.0,-0.0011079082524405855,0.8938416372834961,0.731379902080767,2,2,"//@version=5
strategy(""trend_ema__directionshort_only_fast12_rsi_threshold55.0_slow34"", overlay=true, process_orders_on_close=true)
fast = ta.ema(close, 12)
slow = ta.ema(close, 34)
r = ta.rsi(close, 14)
longCondition = ta.crossover(fast, slow) and r > 55.0
shortCondition = ta.crossunder(fast, slow) and r < 45.0
if longCondition and ""short_only"" != ""short_only""
    strategy.entry(""Long"", strategy.long)
if shortCondition and ""short_only"" != ""long_only""
    strategy.entry(""Short"", strategy.short)
if ta.crossunder(fast, slow)
    strategy.close(""Long"")
if ta.crossover(fast, slow)
    strategy.close(""Short"")",False,False,False,rejected
trend_ema__directionboth_fast21_rsi_threshold58.0_slow55,trend_ema,1121.0,-0.001110941988462301,0.8803243988074336,0.6712284375904656,3,3,"//@version=5
strategy(""trend_ema__directionboth_fast21_rsi_threshold58.0_slow55"", overlay=true, process_orders_on_close=true)
fast = ta.ema(close, 21)
slow = ta.ema(close, 55)
r = ta.rsi(close, 14)
longCondition = ta.crossover(fast, slow) and r > 58.0
shortCondition = ta.crossunder(fast, slow) and r < 42.0
if longCondition and ""both"" != ""short_only""
    strategy.entry(""Long"", strategy.long)
if shortCondition and ""both"" != ""long_only""
    strategy.entry(""Short"", strategy.short)
if ta.crossunder(fast, slow)
    strategy.close(""Long"")
if ta.crossover(fast, slow)
    strategy.close(""Short"")",False,False,False,rejected
trend_ema__directionshort_only_fast12_rsi_threshold50.0_slow34,trend_ema,1457.0,-0.0011111616749196682,0.8888490812048331,0.7465705405964617,1,1,"//@version=5
strategy(""trend_ema__directionshort_only_fast12_rsi_threshold50.0_slow34"", overlay=true, process_orders_on_close=true)
fast = ta.ema(close, 12)
slow = ta.ema(close, 34)
r = ta.rsi(close, 14)
longCondition = ta.crossover(fast, slow) and r > 50.0
shortCondition = ta.crossunder(fast, slow) and r < 50.0
if longCondition and ""short_only"" != ""short_only""
    strategy.entry(""Long"", strategy.long)
if shortCondition and ""short_only"" != ""long_only""
    strategy.entry(""Short"", strategy.short)
if ta.crossunder(fast, slow)
    strategy.close(""Long"")
if ta.crossover(fast, slow)
    strategy.close(""Short"")",False,False,False,rejected
trend_ema__directionshort_only_fast9_rsi_threshold60.0_slow144,trend_ema,415.0,-0.0011145466069658952,0.8771281212039646,0.28147611486481106,1,1,"//@version=5
strategy(""trend_ema__directionshort_only_fast9_rsi_threshold60.0_slow144"", overlay=true, process_orders_on_close=true)
fast = ta.ema(close, 9)
slow = ta.ema(close, 144)
r = ta.rsi(close, 14)
longCondition = ta.crossover(fast, slow) and r > 60.0
shortCondition = ta.crossunder(fast, slow) and r < 40.0
if longCondition and ""short_only"" != ""short_only""
    strategy.entry(""Long"", strategy.long)
if shortCondition and ""short_only"" != ""long_only""
    strategy.entry(""Short"", strategy.short)
if ta.crossunder(fast, slow)
    strategy.close(""Long"")
if ta.crossover(fast, slow)
    strategy.close(""Short"")",False,False,False,rejected
trend_ema__directionboth_fast12_rsi_threshold55.0_slow144,trend_ema,1038.0,-0.0011150979679357363,0.8838649115096558,0.6141589439638007,1,1,"//@version=5
strategy(""trend_ema__directionboth_fast12_rsi_threshold55.0_slow144"", overlay=true, process_orders_on_close=true)
fast = ta.ema(close, 12)
slow = ta.ema(close, 144)
r = ta.rsi(close, 14)
longCondition = ta.crossover(fast, slow) and r > 55.0
shortCondition = ta.crossunder(fast, slow) and r < 45.0
if longCondition and ""both"" != ""short_only""
    strategy.entry(""Long"", strategy.long)
if shortCondition and ""both"" != ""long_only""
    strategy.entry(""Short"", strategy.short)
if ta.crossunder(fast, slow)
    strategy.close(""Long"")
if ta.crossover(fast, slow)
    strategy.close(""Short"")",False,False,False,rejected
trend_ema__directionshort_only_fast12_rsi_threshold55.0_slow144,trend_ema,534.0,-0.001115900127776719,0.9513211556301074,0.5131856125649289,4,4,"//@version=5
strategy(""trend_ema__directionshort_only_fast12_rsi_threshold55.0_slow144"", overlay=true, process_orders_on_close=true)
fast = ta.ema(close, 12)
slow = ta.ema(close, 144)
r = ta.rsi(close, 14)
longCondition = ta.crossover(fast, slow) and r > 55.0
shortCondition = ta.crossunder(fast, slow) and r < 45.0
if longCondition and ""short_only"" != ""short_only""
    strategy.entry(""Long"", strategy.long)
if shortCondition and ""short_only"" != ""long_only""
    strategy.entry(""Short"", strategy.short)
if ta.crossunder(fast, slow)
    strategy.close(""Long"")
if ta.crossover(fast, slow)
    strategy.close(""Short"")",False,False,False,rejected
trend_ema__directionshort_only_fast9_rsi_threshold55.0_slow55,trend_ema,1002.0,-0.0011221600074576416,0.8723629891625467,0.6723108075096522,1,1,"//@version=5
strategy(""trend_ema__directionshort_only_fast9_rsi_threshold55.0_slow55"", overlay=true, process_orders_on_close=true)
fast = ta.ema(close, 9)
slow = ta.ema(close, 55)
r = ta.rsi(close, 14)
longCondition = ta.crossover(fast, slow) and r > 55.0
shortCondition = ta.crossunder(fast, slow) and r < 45.0
if longCondition and ""short_only"" != ""short_only""
    strategy.entry(""Long"", strategy.long)
if shortCondition and ""short_only"" != ""long_only""
    strategy.entry(""Short"", strategy.short)
if ta.crossunder(fast, slow)
    strategy.close(""Long"")
if ta.crossover(fast, slow)
    strategy.close(""Short"")",False,False,False,rejected
trend_ema__directionboth_fast9_rsi_threshold52.0_slow89,trend_ema,1578.0,-0.001129408399224159,0.863289630711461,0.7386194056285768,2,2,"//@version=5
strategy(""trend_ema__directionboth_fast9_rsi_threshold52.0_slow89"", overlay=true, process_orders_on_close=true)
fast = ta.ema(close, 9)
slow = ta.ema(close, 89)
r = ta.rsi(close, 14)
longCondition = ta.crossover(fast, slow) and r > 52.0
shortCondition = ta.crossunder(fast, slow) and r < 48.0
if longCondition and ""both"" != ""short_only""
    strategy.entry(""Long"", strategy.long)
if shortCondition and ""both"" != ""long_only""
    strategy.entry(""Short"", strategy.short)
if ta.crossunder(fast, slow)
    strategy.close(""Long"")
if ta.crossover(fast, slow)
    strategy.close(""Short"")",False,False,False,rejected
trend_ema__directionboth_fast34_rsi_threshold55.0_slow89,trend_ema,894.0,-0.0011306209469024425,0.8545827213084272,0.5283553936453024,1,1,"//@version=5
strategy(""trend_ema__directionboth_fast34_rsi_threshold55.0_slow89"", overlay=true, process_orders_on_close=true)
fast = ta.ema(close, 34)
slow = ta.ema(close, 89)
r = ta.rsi(close, 14)
longCondition = ta.crossover(fast, slow) and r > 55.0
shortCondition = ta.crossunder(fast, slow) and r < 45.0
if longCondition and ""both"" != ""short_only""
    strategy.entry(""Long"", strategy.long)
if shortCondition and ""both"" != ""long_only""
    strategy.entry(""Short"", strategy.short)
if ta.crossunder(fast, slow)
    strategy.close(""Long"")
if ta.crossover(fast, slow)
    strategy.close(""Short"")",False,False,False,rejected
trend_ema__directionboth_fast34_rsi_threshold58.0_slow89,trend_ema,761.0,-0.0011388149776665674,0.8406155148653991,0.43390496472456763,1,1,"//@version=5
strategy(""trend_ema__directionboth_fast34_rsi_threshold58.0_slow89"", overlay=true, process_orders_on_close=true)
fast = ta.ema(close, 34)
slow = ta.ema(close, 89)
r = ta.rsi(close, 14)
longCondition = ta.crossover(fast, slow) and r > 58.0
shortCondition = ta.crossunder(fast, slow) and r < 42.0
if longCondition and ""both"" != ""short_only""
    strategy.entry(""Long"", strategy.long)
if shortCondition and ""both"" != ""long_only""
    strategy.entry(""Short"", strategy.short)
if ta.crossunder(fast, slow)
    strategy.close(""Long"")
if ta.crossover(fast, slow)
    strategy.close(""Short"")",False,False,False,rejected
trend_ema__directionshort_only_fast9_rsi_threshold50.0_slow144,trend_ema,699.0,-0.0011404072009036322,0.8932154410867827,0.47323562933107843,3,3,"//@version=5
strategy(""trend_ema__directionshort_only_fast9_rsi_threshold50.0_slow144"", overlay=true, process_orders_on_close=true)
fast = ta.ema(close, 9)
slow = ta.ema(close, 144)
r = ta.rsi(close, 14)
longCondition = ta.crossover(fast, slow) and r > 50.0
shortCondition = ta.crossunder(fast, slow) and r < 50.0
if longCondition and ""short_only"" != ""short_only""
    strategy.entry(""Long"", strategy.long)
if shortCondition and ""short_only"" != ""long_only""
    strategy.entry(""Short"", strategy.short)
if ta.crossunder(fast, slow)
    strategy.close(""Long"")
if ta.crossover(fast, slow)
    strategy.close(""Short"")",False,False,False,rejected
trend_ema__directionlong_only_fast21_rsi_threshold55.0_slow55,trend_ema,727.0,-0.0011405604591463807,0.8351581230670224,0.4539932239488995,2,2,"//@version=5
strategy(""trend_ema__directionlong_only_fast21_rsi_threshold55.0_slow55"", overlay=true, process_orders_on_close=true)
fast = ta.ema(close, 21)
slow = ta.ema(close, 55)
r = ta.rsi(close, 14)
longCondition = ta.crossover(fast, slow) and r > 55.0
shortCondition = ta.crossunder(fast, slow) and r < 45.0
if longCondition and ""long_only"" != ""short_only""
    strategy.entry(""Long"", strategy.long)
if shortCondition and ""long_only"" != ""long_only""
    strategy.entry(""Short"", strategy.short)
if ta.crossunder(fast, slow)
    strategy.close(""Long"")
if ta.crossover(fast, slow)
    strategy.close(""Short"")",False,False,False,rejected
trend_ema__directionlong_only_fast12_rsi_threshold50.0_slow89,trend_ema,834.0,-0.001141426799769179,0.8292947808978588,0.4488956050018085,2,2,"//@version=5
strategy(""trend_ema__directionlong_only_fast12_rsi_threshold50.0_slow89"", overlay=true, process_orders_on_close=true)
fast = ta.ema(close, 12)
slow = ta.ema(close, 89)
r = ta.rsi(close, 14)
longCondition = ta.crossover(fast, slow) and r > 50.0
shortCondition = ta.crossunder(fast, slow) and r < 50.0
if longCondition and ""long_only"" != ""short_only""
    strategy.entry(""Long"", strategy.long)
if shortCondition and ""long_only"" != ""long_only""
    strategy.entry(""Short"", strategy.short)
if ta.crossunder(fast, slow)
    strategy.close(""Long"")
if ta.crossover(fast, slow)
    strategy.close(""Short"")",False,False,False,rejected
trend_ema__directionboth_fast21_rsi_threshold60.0_slow55,trend_ema,901.0,-0.0011515240945204968,0.868689328162811,0.6025070918717592,2,2,"//@version=5
strategy(""trend_ema__directionboth_fast21_rsi_threshold60.0_slow55"", overlay=true, process_orders_on_close=true)
fast = ta.ema(close, 21)
slow = ta.ema(close, 55)
r = ta.rsi(close, 14)
longCondition = ta.crossover(fast, slow) and r > 60.0
shortCondition = ta.crossunder(fast, slow) and r < 40.0
if longCondition and ""both"" != ""short_only""
    strategy.entry(""Long"", strategy.long)
if shortCondition and ""both"" != ""long_only""
    strategy.entry(""Short"", strategy.short)
if ta.crossunder(fast, slow)
    strategy.close(""Long"")
if ta.crossover(fast, slow)
    strategy.close(""Short"")",False,False,False,rejected
trend_ema__directionboth_fast21_rsi_threshold58.0_slow34,trend_ema,1315.0,-0.001154525889791094,0.8274104193910692,0.4887465823730739,1,1,"//@version=5
strategy(""trend_ema__directionboth_fast21_rsi_threshold58.0_slow34"", overlay=true, process_orders_on_close=true)
fast = ta.ema(close, 21)
slow = ta.ema(close, 34)
r = ta.rsi(close, 14)
longCondition = ta.crossover(fast, slow) and r > 58.0
shortCondition = ta.crossunder(fast, slow) and r < 42.0
if longCondition and ""both"" != ""short_only""
    strategy.entry(""Long"", strategy.long)
if shortCondition and ""both"" != ""long_only""
    strategy.entry(""Short"", strategy.short)
if ta.crossunder(fast, slow)
    strategy.close(""Long"")
if ta.crossover(fast, slow)
    strategy.close(""Short"")",False,False,False,rejected
trend_ema__directionshort_only_fast12_rsi_threshold50.0_slow55,trend_ema,1131.0,-0.0011585720062261772,0.8822330060487585,0.7350734746532098,1,1,"//@version=5
strategy(""trend_ema__directionshort_only_fast12_rsi_threshold50.0_slow55"", overlay=true, process_orders_on_close=true)
fast = ta.ema(close, 12)
slow = ta.ema(close, 55)
r = ta.rsi(close, 14)
longCondition = ta.crossover(fast, slow) and r > 50.0
shortCondition = ta.crossunder(fast, slow) and r < 50.0
if longCondition and ""short_only"" != ""short_only""
    strategy.entry(""Long"", strategy.long)
if shortCondition and ""short_only"" != ""long_only""
    strategy.entry(""Short"", strategy.short)
if ta.crossunder(fast, slow)
    strategy.close(""Long"")
if ta.crossover(fast, slow)
    strategy.close(""Short"")",False,False,False,rejected
trend_pullback__fast34_pullback_rsi48.0_slow55,trend_pullback,3044.0,-0.0011637888605903024,0.6976624747021467,0.5897828467168895,0,0,"//@version=5
strategy(""trend_pullback__fast34_pullback_rsi48.0_slow55"", overlay=true, process_orders_on_close=true)
fast = ta.ema(close, 34)
slow = ta.ema(close, 55)
r = ta.rsi(close, 14)
uptrend = fast > slow
downtrend = fast < slow
longResume = close > fast and close[1] <= fast[1]
shortResume = close < fast and close[1] >= fast[1]
longCondition = uptrend and r[1] < 48.0 and longResume
shortCondition = downtrend and r[1] > 52.0 and shortResume
if longCondition
    strategy.entry(""Long"", strategy.long)
if shortCondition
    strategy.entry(""Short"", strategy.short)",False,False,False,rejected
trend_ema__directionboth_fast21_rsi_threshold50.0_slow55,trend_ema,1549.0,-0.0011639235899906788,0.8793898170001848,0.7745546927185651,1,1,"//@version=5
strategy(""trend_ema__directionboth_fast21_rsi_threshold50.0_slow55"", overlay=true, process_orders_on_close=true)
fast = ta.ema(close, 21)
slow = ta.ema(close, 55)
r = ta.rsi(close, 14)
longCondition = ta.crossover(fast, slow) and r > 50.0
shortCondition = ta.crossunder(fast, slow) and r < 50.0
if longCondition and ""both"" != ""short_only""
    strategy.entry(""Long"", strategy.long)
if shortCondition and ""both"" != ""long_only""
    strategy.entry(""Short"", strategy.short)
if ta.crossunder(fast, slow)
    strategy.close(""Long"")
if ta.crossover(fast, slow)
    strategy.close(""Short"")",False,False,False,rejected
trend_ema__directionlong_only_fast9_rsi_threshold50.0_slow34,trend_ema,1665.0,-0.0011678581247004007,0.7716543077361182,0.47998009992238344,2,2,"//@version=5
strategy(""trend_ema__directionlong_only_fast9_rsi_threshold50.0_slow34"", overlay=true, process_orders_on_close=true)
fast = ta.ema(close, 9)
slow = ta.ema(close, 34)
r = ta.rsi(close, 14)
longCondition = ta.crossover(fast, slow) and r > 50.0
shortCondition = ta.crossunder(fast, slow) and r < 50.0
if longCondition and ""long_only"" != ""short_only""
    strategy.entry(""Long"", strategy.long)
if shortCondition and ""long_only"" != ""long_only""
    strategy.entry(""Short"", strategy.short)
if ta.crossunder(fast, slow)
    strategy.close(""Long"")
if ta.crossover(fast, slow)
    strategy.close(""Short"")",False,False,False,rejected
trend_ema__directionboth_fast9_rsi_threshold50.0_slow89,trend_ema,1602.0,-0.0011726633811791462,0.8532639525740768,0.728792323424501,2,2,"//@version=5
strategy(""trend_ema__directionboth_fast9_rsi_threshold50.0_slow89"", overlay=true, process_orders_on_close=true)
fast = ta.ema(close, 9)
slow = ta.ema(close, 89)
r = ta.rsi(close, 14)
longCondition = ta.crossover(fast, slow) and r > 50.0
shortCondition = ta.crossunder(fast, slow) and r < 50.0
if longCondition and ""both"" != ""short_only""
    strategy.entry(""Long"", strategy.long)
if shortCondition and ""both"" != ""long_only""
    strategy.entry(""Short"", strategy.short)
if ta.crossunder(fast, slow)
    strategy.close(""Long"")
if ta.crossover(fast, slow)
    strategy.close(""Short"")",False,False,False,rejected
trend_ema__directionshort_only_fast12_rsi_threshold52.0_slow55,trend_ema,1082.0,-0.0011729094929843976,0.875499169468116,0.7276715682536972,1,1,"//@version=5
strategy(""trend_ema__directionshort_only_fast12_rsi_threshold52.0_slow55"", overlay=true, process_orders_on_close=true)
fast = ta.ema(close, 12)
slow = ta.ema(close, 55)
r = ta.rsi(close, 14)
longCondition = ta.crossover(fast, slow) and r > 52.0
shortCondition = ta.crossunder(fast, slow) and r < 48.0
if longCondition and ""short_only"" != ""short_only""
    strategy.entry(""Long"", strategy.long)
if shortCondition and ""short_only"" != ""long_only""
    strategy.entry(""Short"", strategy.short)
if ta.crossunder(fast, slow)
    strategy.close(""Long"")
if ta.crossover(fast, slow)
    strategy.close(""Short"")",False,False,False,rejected
trend_ema__directionlong_only_fast12_rsi_threshold52.0_slow34,trend_ema,1397.0,-0.0011744616302695199,0.7746519274819392,0.4602930650483019,2,2,"//@version=5
strategy(""trend_ema__directionlong_only_fast12_rsi_threshold52.0_slow34"", overlay=true, process_orders_on_close=true)
fast = ta.ema(close, 12)
slow = ta.ema(close, 34)
r = ta.rsi(close, 14)
longCondition = ta.crossover(fast, slow) and r > 52.0
shortCondition = ta.crossunder(fast, slow) and r < 48.0
if longCondition and ""long_only"" != ""short_only""
    strategy.entry(""Long"", strategy.long)
if shortCondition and ""long_only"" != ""long_only""
    strategy.entry(""Short"", strategy.short)
if ta.crossunder(fast, slow)
    strategy.close(""Long"")
if ta.crossover(fast, slow)
    strategy.close(""Short"")",False,False,False,rejected
trend_ema__directionboth_fast12_rsi_threshold55.0_slow55,trend_ema,1695.0,-0.0011747849491492812,0.851086051080103,0.7542516959112302,1,1,"//@version=5
strategy(""trend_ema__directionboth_fast12_rsi_threshold55.0_slow55"", overlay=true, process_orders_on_close=true)
fast = ta.ema(close, 12)
slow = ta.ema(close, 55)
r = ta.rsi(close, 14)
longCondition = ta.crossover(fast, slow) and r > 55.0
shortCondition = ta.crossunder(fast, slow) and r < 45.0
if longCondition and ""both"" != ""short_only""
    strategy.entry(""Long"", strategy.long)
if shortCondition and ""both"" != ""long_only""
    strategy.entry(""Short"", strategy.short)
if ta.crossunder(fast, slow)
    strategy.close(""Long"")
if ta.crossover(fast, slow)
    strategy.close(""Short"")",False,False,False,rejected
trend_ema__directionboth_fast9_rsi_threshold52.0_slow144,trend_ema,1199.0,-0.0011813426852181725,0.8612678230798225,0.5939365394068783,1,1,"//@version=5
strategy(""trend_ema__directionboth_fast9_rsi_threshold52.0_slow144"", overlay=true, process_orders_on_close=true)
fast = ta.ema(close, 9)
slow = ta.ema(close, 144)
r = ta.rsi(close, 14)
longCondition = ta.crossover(fast, slow) and r > 52.0
shortCondition = ta.crossunder(fast, slow) and r < 48.0
if longCondition and ""both"" != ""short_only""
    strategy.entry(""Long"", strategy.long)
if shortCondition and ""both"" != ""long_only""
    strategy.entry(""Short"", strategy.short)
if ta.crossunder(fast, slow)
    strategy.close(""Long"")
if ta.crossover(fast, slow)
    strategy.close(""Short"")",False,False,False,rejected
trend_ema__directionshort_only_fast21_rsi_threshold50.0_slow144,trend_ema,489.0,-0.0011830410632096247,0.9006885277816126,0.4406215265832495,3,3,"//@version=5
strategy(""trend_ema__directionshort_only_fast21_rsi_threshold50.0_slow144"", overlay=true, process_orders_on_close=true)
fast = ta.ema(close, 21)
slow = ta.ema(close, 144)
r = ta.rsi(close, 14)
longCondition = ta.crossover(fast, slow) and r > 50.0
shortCondition = ta.crossunder(fast, slow) and r < 50.0
if longCondition and ""short_only"" != ""short_only""
    strategy.entry(""Long"", strategy.long)
if shortCondition and ""short_only"" != ""long_only""
    strategy.entry(""Short"", strategy.short)
if ta.crossunder(fast, slow)
    strategy.close(""Long"")
if ta.crossover(fast, slow)
    strategy.close(""Short"")",False,False,False,rejected
trend_ema__directionlong_only_fast21_rsi_threshold55.0_slow144,trend_ema,450.0,-0.0011880521457534193,0.7946363336444171,0.3092257193681368,2,2,"//@version=5
strategy(""trend_ema__directionlong_only_fast21_rsi_threshold55.0_slow144"", overlay=true, process_orders_on_close=true)
fast = ta.ema(close, 21)
slow = ta.ema(close, 144)
r = ta.rsi(close, 14)
longCondition = ta.crossover(fast, slow) and r > 55.0
shortCondition = ta.crossunder(fast, slow) and r < 45.0
if longCondition and ""long_only"" != ""short_only""
    strategy.entry(""Long"", strategy.long)
if shortCondition and ""long_only"" != ""long_only""
    strategy.entry(""Short"", strategy.short)
if ta.crossunder(fast, slow)
    strategy.close(""Long"")
if ta.crossover(fast, slow)
    strategy.close(""Short"")",False,False,False,rejected
trend_ema__directionshort_only_fast21_rsi_threshold52.0_slow144,trend_ema,477.0,-0.0011896324933320845,0.9036067920186578,0.438523677840134,3,3,"//@version=5
strategy(""trend_ema__directionshort_only_fast21_rsi_threshold52.0_slow144"", overlay=true, process_orders_on_close=true)
fast = ta.ema(close, 21)
slow = ta.ema(close, 144)
r = ta.rsi(close, 14)
longCondition = ta.crossover(fast, slow) and r > 52.0
shortCondition = ta.crossunder(fast, slow) and r < 48.0
if longCondition and ""short_only"" != ""short_only""
    strategy.entry(""Long"", strategy.long)
if shortCondition and ""short_only"" != ""long_only""
    strategy.entry(""Short"", strategy.short)
if ta.crossunder(fast, slow)
    strategy.close(""Long"")
if ta.crossover(fast, slow)
    strategy.close(""Short"")",False,False,False,rejected
trend_ema__directionlong_only_fast12_rsi_threshold52.0_slow89,trend_ema,811.0,-0.0011943965899822349,0.8254846682887634,0.442007744893403,2,2,"//@version=5
strategy(""trend_ema__directionlong_only_fast12_rsi_threshold52.0_slow89"", overlay=true, process_orders_on_close=true)
fast = ta.ema(close, 12)
slow = ta.ema(close, 89)
r = ta.rsi(close, 14)
longCondition = ta.crossover(fast, slow) and r > 52.0
shortCondition = ta.crossunder(fast, slow) and r < 48.0
if longCondition and ""long_only"" != ""short_only""
    strategy.entry(""Long"", strategy.long)
if shortCondition and ""long_only"" != ""long_only""
    strategy.entry(""Short"", strategy.short)
if ta.crossunder(fast, slow)
    strategy.close(""Long"")
if ta.crossover(fast, slow)
    strategy.close(""Short"")",False,False,False,rejected
mean_reversion__bb_window20_rsi_threshold35.0_z_score2.0,mean_reversion,3065.0,-0.0011997610048643504,0.7857353324221816,0.524611537397822,1,1,"//@version=5
strategy(""mean_reversion__bb_window20_rsi_threshold35.0_z_score2.0"", overlay=true, process_orders_on_close=true)
basis = ta.sma(close, 20)
dev = ta.stdev(close, 20) * 2.0
upper = basis + dev
lower = basis - dev
r = ta.rsi(close, 14)
trendSpread = math.abs(ta.ema(close, 20) - ta.ema(close, 50)) / close
longCondition = close < lower and r < 35.0 and trendSpread < 0.02
shortCondition = close > upper and r > 65.0 and trendSpread < 0.02
if longCondition
    strategy.entry(""Long"", strategy.long)
if shortCondition
    strategy.entry(""Short"", strategy.short)",False,False,False,rejected
trend_ema__directionboth_fast12_rsi_threshold58.0_slow144,trend_ema,903.0,-0.0012001304693403396,0.8812516055518955,0.5640548903294966,2,2,"//@version=5
strategy(""trend_ema__directionboth_fast12_rsi_threshold58.0_slow144"", overlay=true, process_orders_on_close=true)
fast = ta.ema(close, 12)
slow = ta.ema(close, 144)
r = ta.rsi(close, 14)
longCondition = ta.crossover(fast, slow) and r > 58.0
shortCondition = ta.crossunder(fast, slow) and r < 42.0
if longCondition and ""both"" != ""short_only""
    strategy.entry(""Long"", strategy.long)
if shortCondition and ""both"" != ""long_only""
    strategy.entry(""Short"", strategy.short)
if ta.crossunder(fast, slow)
    strategy.close(""Long"")
if ta.crossover(fast, slow)
    strategy.close(""Short"")",False,False,False,rejected
trend_ema__directionlong_only_fast9_rsi_threshold52.0_slow34,trend_ema,1580.0,-0.0012028714729693428,0.7656653926369016,0.42694140126695723,1,1,"//@version=5
strategy(""trend_ema__directionlong_only_fast9_rsi_threshold52.0_slow34"", overlay=true, process_orders_on_close=true)
fast = ta.ema(close, 9)
slow = ta.ema(close, 34)
r = ta.rsi(close, 14)
longCondition = ta.crossover(fast, slow) and r > 52.0
shortCondition = ta.crossunder(fast, slow) and r < 48.0
if longCondition and ""long_only"" != ""short_only""
    strategy.entry(""Long"", strategy.long)
if shortCondition and ""long_only"" != ""long_only""
    strategy.entry(""Short"", strategy.short)
if ta.crossunder(fast, slow)
    strategy.close(""Long"")
if ta.crossover(fast, slow)
    strategy.close(""Short"")",False,False,False,rejected
trend_ema__directionshort_only_fast9_rsi_threshold52.0_slow144,trend_ema,670.0,-0.0012047543664959494,0.8966670011859103,0.4732356293310783,3,3,"//@version=5
strategy(""trend_ema__directionshort_only_fast9_rsi_threshold52.0_slow144"", overlay=true, process_orders_on_close=true)
fast = ta.ema(close, 9)
slow = ta.ema(close, 144)
r = ta.rsi(close, 14)
longCondition = ta.crossover(fast, slow) and r > 52.0
shortCondition = ta.crossunder(fast, slow) and r < 48.0
if longCondition and ""short_only"" != ""short_only""
    strategy.entry(""Long"", strategy.long)
if shortCondition and ""short_only"" != ""long_only""
    strategy.entry(""Short"", strategy.short)
if ta.crossunder(fast, slow)
    strategy.close(""Long"")
if ta.crossover(fast, slow)
    strategy.close(""Short"")",False,False,False,rejected
trend_ema__directionboth_fast34_rsi_threshold52.0_slow89,trend_ema,964.0,-0.0012128180348307913,0.8489710544203779,0.550125284351118,1,1,"//@version=5
strategy(""trend_ema__directionboth_fast34_rsi_threshold52.0_slow89"", overlay=true, process_orders_on_close=true)
fast = ta.ema(close, 34)
slow = ta.ema(close, 89)
r = ta.rsi(close, 14)
longCondition = ta.crossover(fast, slow) and r > 52.0
shortCondition = ta.crossunder(fast, slow) and r < 48.0
if longCondition and ""both"" != ""short_only""
    strategy.entry(""Long"", strategy.long)
if shortCondition and ""both"" != ""long_only""
    strategy.entry(""Short"", strategy.short)
if ta.crossunder(fast, slow)
    strategy.close(""Long"")
if ta.crossover(fast, slow)
    strategy.close(""Short"")",False,False,False,rejected
trend_ema__directionlong_only_fast12_rsi_threshold50.0_slow34,trend_ema,1459.0,-0.0012129864800292738,0.7683709583038806,0.4559128735541291,1,1,"//@version=5
strategy(""trend_ema__directionlong_only_fast12_rsi_threshold50.0_slow34"", overlay=true, process_orders_on_close=true)
fast = ta.ema(close, 12)
slow = ta.ema(close, 34)
r = ta.rsi(close, 14)
longCondition = ta.crossover(fast, slow) and r > 50.0
shortCondition = ta.crossunder(fast, slow) and r < 50.0
if longCondition and ""long_only"" != ""short_only""
    strategy.entry(""Long"", strategy.long)
if shortCondition and ""long_only"" != ""long_only""
    strategy.entry(""Short"", strategy.short)
if ta.crossunder(fast, slow)
    strategy.close(""Long"")
if ta.crossover(fast, slow)
    strategy.close(""Short"")",False,False,False,rejected
trend_ema__directionboth_fast9_rsi_threshold58.0_slow144,trend_ema,973.0,-0.0012176474530930684,0.8593753255367433,0.5105875134369124,2,2,"//@version=5
strategy(""trend_ema__directionboth_fast9_rsi_threshold58.0_slow144"", overlay=true, process_orders_on_close=true)
fast = ta.ema(close, 9)
slow = ta.ema(close, 144)
r = ta.rsi(close, 14)
longCondition = ta.crossover(fast, slow) and r > 58.0
shortCondition = ta.crossunder(fast, slow) and r < 42.0
if longCondition and ""both"" != ""short_only""
    strategy.entry(""Long"", strategy.long)
if shortCondition and ""both"" != ""long_only""
    strategy.entry(""Short"", strategy.short)
if ta.crossunder(fast, slow)
    strategy.close(""Long"")
if ta.crossover(fast, slow)
    strategy.close(""Short"")",False,False,False,rejected
trend_ema__directionshort_only_fast21_rsi_threshold50.0_slow55,trend_ema,854.0,-0.0012210454939666296,0.9629364956891089,0.7421592703696166,4,4,"//@version=5
strategy(""trend_ema__directionshort_only_fast21_rsi_threshold50.0_slow55"", overlay=true, process_orders_on_close=true)
fast = ta.ema(close, 21)
slow = ta.ema(close, 55)
r = ta.rsi(close, 14)
longCondition = ta.crossover(fast, slow) and r > 50.0
shortCondition = ta.crossunder(fast, slow) and r < 50.0
if longCondition and ""short_only"" != ""short_only""
    strategy.entry(""Long"", strategy.long)
if shortCondition and ""short_only"" != ""long_only""
    strategy.entry(""Short"", strategy.short)
if ta.crossunder(fast, slow)
    strategy.close(""Long"")
if ta.crossover(fast, slow)
    strategy.close(""Short"")",False,False,False,rejected
trend_pullback__fast34_pullback_rsi48.0_slow89,trend_pullback,3093.0,-0.0012216033094489985,0.6822766952051823,0.5792432743568987,0,0,"//@version=5
strategy(""trend_pullback__fast34_pullback_rsi48.0_slow89"", overlay=true, process_orders_on_close=true)
fast = ta.ema(close, 34)
slow = ta.ema(close, 89)
r = ta.rsi(close, 14)
uptrend = fast > slow
downtrend = fast < slow
longResume = close > fast and close[1] <= fast[1]
shortResume = close < fast and close[1] >= fast[1]
longCondition = uptrend and r[1] < 48.0 and longResume
shortCondition = downtrend and r[1] > 52.0 and shortResume
if longCondition
    strategy.entry(""Long"", strategy.long)
if shortCondition
    strategy.entry(""Short"", strategy.short)",False,False,False,rejected
trend_ema__directionlong_only_fast9_rsi_threshold52.0_slow89,trend_ema,919.0,-0.001224581088957938,0.8139390391533176,0.4751288747666754,2,2,"//@version=5
strategy(""trend_ema__directionlong_only_fast9_rsi_threshold52.0_slow89"", overlay=true, process_orders_on_close=true)
fast = ta.ema(close, 9)
slow = ta.ema(close, 89)
r = ta.rsi(close, 14)
longCondition = ta.crossover(fast, slow) and r > 52.0
shortCondition = ta.crossunder(fast, slow) and r < 48.0
if longCondition and ""long_only"" != ""short_only""
    strategy.entry(""Long"", strategy.long)
if shortCondition and ""long_only"" != ""long_only""
    strategy.entry(""Short"", strategy.short)
if ta.crossunder(fast, slow)
    strategy.close(""Long"")
if ta.crossover(fast, slow)
    strategy.close(""Short"")",False,False,False,rejected
trend_pullback__fast21_pullback_rsi48.0_slow55,trend_pullback,1972.0,-0.0012314054623891212,0.6695567369211133,0.45073464023421406,0,0,"//@version=5
strategy(""trend_pullback__fast21_pullback_rsi48.0_slow55"", overlay=true, process_orders_on_close=true)
fast = ta.ema(close, 21)
slow = ta.ema(close, 55)
r = ta.rsi(close, 14)
uptrend = fast > slow
downtrend = fast < slow
longResume = close > fast and close[1] <= fast[1]
shortResume = close < fast and close[1] >= fast[1]
longCondition = uptrend and r[1] < 48.0 and longResume
shortCondition = downtrend and r[1] > 52.0 and shortResume
if longCondition
    strategy.entry(""Long"", strategy.long)
if shortCondition
    strategy.entry(""Short"", strategy.short)",False,False,False,rejected
trend_ema__directionshort_only_fast9_rsi_threshold58.0_slow89,trend_ema,623.0,-0.0012374124371617684,0.9474998546442216,0.5889746242124245,1,1,"//@version=5
strategy(""trend_ema__directionshort_only_fast9_rsi_threshold58.0_slow89"", overlay=true, process_orders_on_close=true)
fast = ta.ema(close, 9)
slow = ta.ema(close, 89)
r = ta.rsi(close, 14)
longCondition = ta.crossover(fast, slow) and r > 58.0
shortCondition = ta.crossunder(fast, slow) and r < 42.0
if longCondition and ""short_only"" != ""short_only""
    strategy.entry(""Long"", strategy.long)
if shortCondition and ""short_only"" != ""long_only""
    strategy.entry(""Short"", strategy.short)
if ta.crossunder(fast, slow)
    strategy.close(""Long"")
if ta.crossover(fast, slow)
    strategy.close(""Short"")",False,False,False,rejected
trend_ema__directionboth_fast21_rsi_threshold55.0_slow55,trend_ema,1419.0,-0.0012403268812476182,0.875546813481201,0.7837994893197209,3,3,"//@version=5
strategy(""trend_ema__directionboth_fast21_rsi_threshold55.0_slow55"", overlay=true, process_orders_on_close=true)
fast = ta.ema(close, 21)
slow = ta.ema(close, 55)
r = ta.rsi(close, 14)
longCondition = ta.crossover(fast, slow) and r > 55.0
shortCondition = ta.crossunder(fast, slow) and r < 45.0
if longCondition and ""both"" != ""short_only""
    strategy.entry(""Long"", strategy.long)
if shortCondition and ""both"" != ""long_only""
    strategy.entry(""Short"", strategy.short)
if ta.crossunder(fast, slow)
    strategy.close(""Long"")
if ta.crossover(fast, slow)
    strategy.close(""Short"")",False,False,False,rejected
trend_ema__directionboth_fast12_rsi_threshold52.0_slow144,trend_ema,1093.0,-0.00124747823220729,0.8627512053086814,0.6418554690374842,1,1,"//@version=5
strategy(""trend_ema__directionboth_fast12_rsi_threshold52.0_slow144"", overlay=true, process_orders_on_close=true)
fast = ta.ema(close, 12)
slow = ta.ema(close, 144)
r = ta.rsi(close, 14)
longCondition = ta.crossover(fast, slow) and r > 52.0
shortCondition = ta.crossunder(fast, slow) and r < 48.0
if longCondition and ""both"" != ""short_only""
    strategy.entry(""Long"", strategy.long)
if shortCondition and ""both"" != ""long_only""
    strategy.entry(""Short"", strategy.short)
if ta.crossunder(fast, slow)
    strategy.close(""Long"")
if ta.crossover(fast, slow)
    strategy.close(""Short"")",False,False,False,rejected
trend_ema__directionlong_only_fast9_rsi_threshold50.0_slow89,trend_ema,960.0,-0.0012501756748615747,0.8106435188951912,0.5247283360281272,2,2,"//@version=5
strategy(""trend_ema__directionlong_only_fast9_rsi_threshold50.0_slow89"", overlay=true, process_orders_on_close=true)
fast = ta.ema(close, 9)
slow = ta.ema(close, 89)
r = ta.rsi(close, 14)
longCondition = ta.crossover(fast, slow) and r > 50.0
shortCondition = ta.crossunder(fast, slow) and r < 50.0
if longCondition and ""long_only"" != ""short_only""
    strategy.entry(""Long"", strategy.long)
if shortCondition and ""long_only"" != ""long_only""
    strategy.entry(""Short"", strategy.short)
if ta.crossunder(fast, slow)
    strategy.close(""Long"")
if ta.crossover(fast, slow)
    strategy.close(""Short"")",False,False,False,rejected
trend_ema__directionlong_only_fast9_rsi_threshold55.0_slow144,trend_ema,597.0,-0.0012602630020913273,0.8257155933303657,0.32595838960671997,2,2,"//@version=5
strategy(""trend_ema__directionlong_only_fast9_rsi_threshold55.0_slow144"", overlay=true, process_orders_on_close=true)
fast = ta.ema(close, 9)
slow = ta.ema(close, 144)
r = ta.rsi(close, 14)
longCondition = ta.crossover(fast, slow) and r > 55.0
shortCondition = ta.crossunder(fast, slow) and r < 45.0
if longCondition and ""long_only"" != ""short_only""
    strategy.entry(""Long"", strategy.long)
if shortCondition and ""long_only"" != ""long_only""
    strategy.entry(""Short"", strategy.short)
if ta.crossunder(fast, slow)
    strategy.close(""Long"")
if ta.crossover(fast, slow)
    strategy.close(""Short"")",False,False,False,rejected
trend_ema__directionshort_only_fast12_rsi_threshold58.0_slow144,trend_ema,457.0,-0.001266215038891875,0.9540892811904509,0.47432683576030754,3,3,"//@version=5
strategy(""trend_ema__directionshort_only_fast12_rsi_threshold58.0_slow144"", overlay=true, process_orders_on_close=true)
fast = ta.ema(close, 12)
slow = ta.ema(close, 144)
r = ta.rsi(close, 14)
longCondition = ta.crossover(fast, slow) and r > 58.0
shortCondition = ta.crossunder(fast, slow) and r < 42.0
if longCondition and ""short_only"" != ""short_only""
    strategy.entry(""Long"", strategy.long)
if shortCondition and ""short_only"" != ""long_only""
    strategy.entry(""Short"", strategy.short)
if ta.crossunder(fast, slow)
    strategy.close(""Long"")
if ta.crossover(fast, slow)
    strategy.close(""Short"")",False,False,False,rejected
trend_ema__directionshort_only_fast12_rsi_threshold52.0_slow144,trend_ema,597.0,-0.0012724766639619104,0.9325674403274753,0.5603145778975553,4,4,"//@version=5
strategy(""trend_ema__directionshort_only_fast12_rsi_threshold52.0_slow144"", overlay=true, process_orders_on_close=true)
fast = ta.ema(close, 12)
slow = ta.ema(close, 144)
r = ta.rsi(close, 14)
longCondition = ta.crossover(fast, slow) and r > 52.0
shortCondition = ta.crossunder(fast, slow) and r < 48.0
if longCondition and ""short_only"" != ""short_only""
    strategy.entry(""Long"", strategy.long)
if shortCondition and ""short_only"" != ""long_only""
    strategy.entry(""Short"", strategy.short)
if ta.crossunder(fast, slow)
    strategy.close(""Long"")
if ta.crossover(fast, slow)
    strategy.close(""Short"")",False,False,False,rejected
trend_ema__directionboth_fast21_rsi_threshold52.0_slow55,trend_ema,1528.0,-0.0012767339383964924,0.8660702990690998,0.7879435418648453,2,2,"//@version=5
strategy(""trend_ema__directionboth_fast21_rsi_threshold52.0_slow55"", overlay=true, process_orders_on_close=true)
fast = ta.ema(close, 21)
slow = ta.ema(close, 55)
r = ta.rsi(close, 14)
longCondition = ta.crossover(fast, slow) and r > 52.0
shortCondition = ta.crossunder(fast, slow) and r < 48.0
if longCondition and ""both"" != ""short_only""
    strategy.entry(""Long"", strategy.long)
if shortCondition and ""both"" != ""long_only""
    strategy.entry(""Short"", strategy.short)
if ta.crossunder(fast, slow)
    strategy.close(""Long"")
if ta.crossover(fast, slow)
    strategy.close(""Short"")",False,False,False,rejected
trend_ema__directionshort_only_fast9_rsi_threshold58.0_slow34,trend_ema,770.0,-0.0012779360523235295,0.8612946975051782,0.47479250135450135,3,3,"//@version=5
strategy(""trend_ema__directionshort_only_fast9_rsi_threshold58.0_slow34"", overlay=true, process_orders_on_close=true)
fast = ta.ema(close, 9)
slow = ta.ema(close, 34)
r = ta.rsi(close, 14)
longCondition = ta.crossover(fast, slow) and r > 58.0
shortCondition = ta.crossunder(fast, slow) and r < 42.0
if longCondition and ""short_only"" != ""short_only""
    strategy.entry(""Long"", strategy.long)
if shortCondition and ""short_only"" != ""long_only""
    strategy.entry(""Short"", strategy.short)
if ta.crossunder(fast, slow)
    strategy.close(""Long"")
if ta.crossover(fast, slow)
    strategy.close(""Short"")",False,False,False,rejected
trend_ema__directionlong_only_fast21_rsi_threshold52.0_slow55,trend_ema,824.0,-0.0012784146047390109,0.8141288722313371,0.4879857402846193,2,2,"//@version=5
strategy(""trend_ema__directionlong_only_fast21_rsi_threshold52.0_slow55"", overlay=true, process_orders_on_close=true)
fast = ta.ema(close, 21)
slow = ta.ema(close, 55)
r = ta.rsi(close, 14)
longCondition = ta.crossover(fast, slow) and r > 52.0
shortCondition = ta.crossunder(fast, slow) and r < 48.0
if longCondition and ""long_only"" != ""short_only""
    strategy.entry(""Long"", strategy.long)
if shortCondition and ""long_only"" != ""long_only""
    strategy.entry(""Short"", strategy.short)
if ta.crossunder(fast, slow)
    strategy.close(""Long"")
if ta.crossover(fast, slow)
    strategy.close(""Short"")",False,False,False,rejected
trend_ema__directionlong_only_fast12_rsi_threshold52.0_slow144,trend_ema,598.0,-0.0012794630628425886,0.8214341853535918,0.2917574650221767,1,1,"//@version=5
strategy(""trend_ema__directionlong_only_fast12_rsi_threshold52.0_slow144"", overlay=true, process_orders_on_close=true)
fast = ta.ema(close, 12)
slow = ta.ema(close, 144)
r = ta.rsi(close, 14)
longCondition = ta.crossover(fast, slow) and r > 52.0
shortCondition = ta.crossunder(fast, slow) and r < 48.0
if longCondition and ""long_only"" != ""short_only""
    strategy.entry(""Long"", strategy.long)
if shortCondition and ""long_only"" != ""long_only""
    strategy.entry(""Short"", strategy.short)
if ta.crossunder(fast, slow)
    strategy.close(""Long"")
if ta.crossover(fast, slow)
    strategy.close(""Short"")",False,False,False,rejected
breakout__atr_filter1.2_directionboth_window30,breakout,2377.0,-0.001280254129428784,0.8064601913833728,0.6391152315690789,0,0,"//@version=5
strategy(""breakout__atr_filter1.2_directionboth_window30"", overlay=true, process_orders_on_close=true)
breakoutHigh = ta.highest(high, 30)[1]
breakoutLow = ta.lowest(low, 30)[1]
atr14 = ta.atr(14)
rangeRatio = (high - low) / atr14
trendFast = ta.ema(close, 20)
trendSlow = ta.ema(close, 55)
volMean = ta.sma(volume, 30)
longCondition = close > breakoutHigh and rangeRatio > 1.2 and trendFast > trendSlow and volume > volMean
shortCondition = close < breakoutLow and rangeRatio > 1.2 and trendFast < trendSlow and volume > volMean
if longCondition and ""both"" != ""short_only""
    strategy.entry(""Long"", strategy.long)
if shortCondition and ""both"" != ""long_only""
    strategy.entry(""Short"", strategy.short)",False,False,False,rejected
breakout__atr_filter1.2_directionboth_window20,breakout,2636.0,-0.001280564419913954,0.7864669553169965,0.668290918575932,0,0,"//@version=5
strategy(""breakout__atr_filter1.2_directionboth_window20"", overlay=true, process_orders_on_close=true)
breakoutHigh = ta.highest(high, 20)[1]
breakoutLow = ta.lowest(low, 20)[1]
atr14 = ta.atr(14)
rangeRatio = (high - low) / atr14
trendFast = ta.ema(close, 20)
trendSlow = ta.ema(close, 55)
volMean = ta.sma(volume, 30)
longCondition = close > breakoutHigh and rangeRatio > 1.2 and trendFast > trendSlow and volume > volMean
shortCondition = close < breakoutLow and rangeRatio > 1.2 and trendFast < trendSlow and volume > volMean
if longCondition and ""both"" != ""short_only""
    strategy.entry(""Long"", strategy.long)
if shortCondition and ""both"" != ""long_only""
    strategy.entry(""Short"", strategy.short)",False,False,False,rejected
trend_ema__directionlong_only_fast21_rsi_threshold50.0_slow55,trend_ema,852.0,-0.001282428018835596,0.8117918268716988,0.4913575975550911,2,2,"//@version=5
strategy(""trend_ema__directionlong_only_fast21_rsi_threshold50.0_slow55"", overlay=true, process_orders_on_close=true)
fast = ta.ema(close, 21)
slow = ta.ema(close, 55)
r = ta.rsi(close, 14)
longCondition = ta.crossover(fast, slow) and r > 50.0
shortCondition = ta.crossunder(fast, slow) and r < 50.0
if longCondition and ""long_only"" != ""short_only""
    strategy.entry(""Long"", strategy.long)
if shortCondition and ""long_only"" != ""long_only""
    strategy.entry(""Short"", strategy.short)
if ta.crossunder(fast, slow)
    strategy.close(""Long"")
if ta.crossover(fast, slow)
    strategy.close(""Short"")",False,False,False,rejected
trend_ema__directionboth_fast9_rsi_threshold50.0_slow144,trend_ema,1208.0,-0.0012854664194487087,0.8449726227767419,0.5939365394068783,0,0,"//@version=5
strategy(""trend_ema__directionboth_fast9_rsi_threshold50.0_slow144"", overlay=true, process_orders_on_close=true)
fast = ta.ema(close, 9)
slow = ta.ema(close, 144)
r = ta.rsi(close, 14)
longCondition = ta.crossover(fast, slow) and r > 50.0
shortCondition = ta.crossunder(fast, slow) and r < 50.0
if longCondition and ""both"" != ""short_only""
    strategy.entry(""Long"", strategy.long)
if shortCondition and ""both"" != ""long_only""
    strategy.entry(""Short"", strategy.short)
if ta.crossunder(fast, slow)
    strategy.close(""Long"")
if ta.crossover(fast, slow)
    strategy.close(""Short"")",False,False,False,rejected
trend_ema__directionboth_fast34_rsi_threshold50.0_slow89,trend_ema,969.0,-0.0012872520378486184,0.8356428026804834,0.550125284351118,1,1,"//@version=5
strategy(""trend_ema__directionboth_fast34_rsi_threshold50.0_slow89"", overlay=true, process_orders_on_close=true)
fast = ta.ema(close, 34)
slow = ta.ema(close, 89)
r = ta.rsi(close, 14)
longCondition = ta.crossover(fast, slow) and r > 50.0
shortCondition = ta.crossunder(fast, slow) and r < 50.0
if longCondition and ""both"" != ""short_only""
    strategy.entry(""Long"", strategy.long)
if shortCondition and ""both"" != ""long_only""
    strategy.entry(""Short"", strategy.short)
if ta.crossunder(fast, slow)
    strategy.close(""Long"")
if ta.crossover(fast, slow)
    strategy.close(""Short"")",False,False,False,rejected
trend_pullback__fast21_pullback_rsi48.0_slow89,trend_pullback,2261.0,-0.0012901974500614858,0.6514336901884308,0.4876366826052908,0,0,"//@version=5
strategy(""trend_pullback__fast21_pullback_rsi48.0_slow89"", overlay=true, process_orders_on_close=true)
fast = ta.ema(close, 21)
slow = ta.ema(close, 89)
r = ta.rsi(close, 14)
uptrend = fast > slow
downtrend = fast < slow
longResume = close > fast and close[1] <= fast[1]
shortResume = close < fast and close[1] >= fast[1]
longCondition = uptrend and r[1] < 48.0 and longResume
shortCondition = downtrend and r[1] > 52.0 and shortResume
if longCondition
    strategy.entry(""Long"", strategy.long)
if shortCondition
    strategy.entry(""Short"", strategy.short)",False,False,False,rejected
breakout__atr_filter1.0_directionboth_window20,breakout,2837.0,-0.0012910828168767106,0.7926579311210927,0.6919201340228065,0,0,"//@version=5
strategy(""breakout__atr_filter1.0_directionboth_window20"", overlay=true, process_orders_on_close=true)
breakoutHigh = ta.highest(high, 20)[1]
breakoutLow = ta.lowest(low, 20)[1]
atr14 = ta.atr(14)
rangeRatio = (high - low) / atr14
trendFast = ta.ema(close, 20)
trendSlow = ta.ema(close, 55)
volMean = ta.sma(volume, 30)
longCondition = close > breakoutHigh and rangeRatio > 1.0 and trendFast > trendSlow and volume > volMean
shortCondition = close < breakoutLow and rangeRatio > 1.0 and trendFast < trendSlow and volume > volMean
if longCondition and ""both"" != ""short_only""
    strategy.entry(""Long"", strategy.long)
if shortCondition and ""both"" != ""long_only""
    strategy.entry(""Short"", strategy.short)",False,False,False,rejected
trend_ema__directionlong_only_fast21_rsi_threshold60.0_slow144,trend_ema,329.0,-0.0012953303590560717,0.8165164060615142,0.287813502211536,2,2,"//@version=5
strategy(""trend_ema__directionlong_only_fast21_rsi_threshold60.0_slow144"", overlay=true, process_orders_on_close=true)
fast = ta.ema(close, 21)
slow = ta.ema(close, 144)
r = ta.rsi(close, 14)
longCondition = ta.crossover(fast, slow) and r > 60.0
shortCondition = ta.crossunder(fast, slow) and r < 40.0
if longCondition and ""long_only"" != ""short_only""
    strategy.entry(""Long"", strategy.long)
if shortCondition and ""long_only"" != ""long_only""
    strategy.entry(""Short"", strategy.short)
if ta.crossunder(fast, slow)
    strategy.close(""Long"")
if ta.crossover(fast, slow)
    strategy.close(""Short"")",False,False,False,rejected
breakout__atr_filter1.0_directionboth_window30,breakout,2536.0,-0.0012969486471445346,0.8145321708060616,0.6752610413600655,0,0,"//@version=5
strategy(""breakout__atr_filter1.0_directionboth_window30"", overlay=true, process_orders_on_close=true)
breakoutHigh = ta.highest(high, 30)[1]
breakoutLow = ta.lowest(low, 30)[1]
atr14 = ta.atr(14)
rangeRatio = (high - low) / atr14
trendFast = ta.ema(close, 20)
trendSlow = ta.ema(close, 55)
volMean = ta.sma(volume, 30)
longCondition = close > breakoutHigh and rangeRatio > 1.0 and trendFast > trendSlow and volume > volMean
shortCondition = close < breakoutLow and rangeRatio > 1.0 and trendFast < trendSlow and volume > volMean
if longCondition and ""both"" != ""short_only""
    strategy.entry(""Long"", strategy.long)
if shortCondition and ""both"" != ""long_only""
    strategy.entry(""Short"", strategy.short)",False,False,False,rejected
trend_ema__directionlong_only_fast9_rsi_threshold55.0_slow34,trend_ema,1193.0,-0.0013040414843339364,0.7575216249273293,0.38617802213478203,2,2,"//@version=5
strategy(""trend_ema__directionlong_only_fast9_rsi_threshold55.0_slow34"", overlay=true, process_orders_on_close=true)
fast = ta.ema(close, 9)
slow = ta.ema(close, 34)
r = ta.rsi(close, 14)
longCondition = ta.crossover(fast, slow) and r > 55.0
shortCondition = ta.crossunder(fast, slow) and r < 45.0
if longCondition and ""long_only"" != ""short_only""
    strategy.entry(""Long"", strategy.long)
if shortCondition and ""long_only"" != ""long_only""
    strategy.entry(""Short"", strategy.short)
if ta.crossunder(fast, slow)
    strategy.close(""Long"")
if ta.crossover(fast, slow)
    strategy.close(""Short"")",False,False,False,rejected
mean_reversion__bb_window30_rsi_threshold35.0_z_score2.0,mean_reversion,3328.0,-0.0013119428672979884,0.7864316825126118,0.6145876399702693,0,0,"//@version=5
strategy(""mean_reversion__bb_window30_rsi_threshold35.0_z_score2.0"", overlay=true, process_orders_on_close=true)
basis = ta.sma(close, 30)
dev = ta.stdev(close, 30) * 2.0
upper = basis + dev
lower = basis - dev
r = ta.rsi(close, 14)
trendSpread = math.abs(ta.ema(close, 20) - ta.ema(close, 50)) / close
longCondition = close < lower and r < 35.0 and trendSpread < 0.02
shortCondition = close > upper and r > 65.0 and trendSpread < 0.02
if longCondition
    strategy.entry(""Long"", strategy.long)
if shortCondition
    strategy.entry(""Short"", strategy.short)",False,False,False,rejected
trend_ema__directionshort_only_fast12_rsi_threshold50.0_slow144,trend_ema,618.0,-0.0013201694186732887,0.9189643084885376,0.5603145778975551,4,4,"//@version=5
strategy(""trend_ema__directionshort_only_fast12_rsi_threshold50.0_slow144"", overlay=true, process_orders_on_close=true)
fast = ta.ema(close, 12)
slow = ta.ema(close, 144)
r = ta.rsi(close, 14)
longCondition = ta.crossover(fast, slow) and r > 50.0
shortCondition = ta.crossunder(fast, slow) and r < 50.0
if longCondition and ""short_only"" != ""short_only""
    strategy.entry(""Long"", strategy.long)
if shortCondition and ""short_only"" != ""long_only""
    strategy.entry(""Short"", strategy.short)
if ta.crossunder(fast, slow)
    strategy.close(""Long"")
if ta.crossover(fast, slow)
    strategy.close(""Short"")",False,False,False,rejected
trend_ema__directionshort_only_fast34_rsi_threshold55.0_slow144,trend_ema,352.0,-0.00132146626388226,0.8988683122816129,0.36788958456293264,2,2,"//@version=5
strategy(""trend_ema__directionshort_only_fast34_rsi_threshold55.0_slow144"", overlay=true, process_orders_on_close=true)
fast = ta.ema(close, 34)
slow = ta.ema(close, 144)
r = ta.rsi(close, 14)
longCondition = ta.crossover(fast, slow) and r > 55.0
shortCondition = ta.crossunder(fast, slow) and r < 45.0
if longCondition and ""short_only"" != ""short_only""
    strategy.entry(""Long"", strategy.long)
if shortCondition and ""short_only"" != ""long_only""
    strategy.entry(""Short"", strategy.short)
if ta.crossunder(fast, slow)
    strategy.close(""Long"")
if ta.crossover(fast, slow)
    strategy.close(""Short"")",False,False,False,rejected
breakout__atr_filter0.8_directionboth_window20,breakout,2941.0,-0.0013267725769889837,0.7883621366207143,0.7075168171056754,0,0,"//@version=5
strategy(""breakout__atr_filter0.8_directionboth_window20"", overlay=true, process_orders_on_close=true)
breakoutHigh = ta.highest(high, 20)[1]
breakoutLow = ta.lowest(low, 20)[1]
atr14 = ta.atr(14)
rangeRatio = (high - low) / atr14
trendFast = ta.ema(close, 20)
trendSlow = ta.ema(close, 55)
volMean = ta.sma(volume, 30)
longCondition = close > breakoutHigh and rangeRatio > 0.8 and trendFast > trendSlow and volume > volMean
shortCondition = close < breakoutLow and rangeRatio > 0.8 and trendFast < trendSlow and volume > volMean
if longCondition and ""both"" != ""short_only""
    strategy.entry(""Long"", strategy.long)
if shortCondition and ""both"" != ""long_only""
    strategy.entry(""Short"", strategy.short)",False,False,False,rejected
trend_ema__directionlong_only_fast12_rsi_threshold55.0_slow144,trend_ema,549.0,-0.00133063943777625,0.8370836764344195,0.3163295337082831,1,1,"//@version=5
strategy(""trend_ema__directionlong_only_fast12_rsi_threshold55.0_slow144"", overlay=true, process_orders_on_close=true)
fast = ta.ema(close, 12)
slow = ta.ema(close, 144)
r = ta.rsi(close, 14)
longCondition = ta.crossover(fast, slow) and r > 55.0
shortCondition = ta.crossunder(fast, slow) and r < 45.0
if longCondition and ""long_only"" != ""short_only""
    strategy.entry(""Long"", strategy.long)
if shortCondition and ""long_only"" != ""long_only""
    strategy.entry(""Short"", strategy.short)
if ta.crossunder(fast, slow)
    strategy.close(""Long"")
if ta.crossover(fast, slow)
    strategy.close(""Short"")",False,False,False,rejected
trend_ema__directionboth_fast12_rsi_threshold50.0_slow144,trend_ema,1102.0,-0.0013324317176885013,0.8593298543407359,0.6593894919340921,1,1,"//@version=5
strategy(""trend_ema__directionboth_fast12_rsi_threshold50.0_slow144"", overlay=true, process_orders_on_close=true)
fast = ta.ema(close, 12)
slow = ta.ema(close, 144)
r = ta.rsi(close, 14)
longCondition = ta.crossover(fast, slow) and r > 50.0
shortCondition = ta.crossunder(fast, slow) and r < 50.0
if longCondition and ""both"" != ""short_only""
    strategy.entry(""Long"", strategy.long)
if shortCondition and ""both"" != ""long_only""
    strategy.entry(""Short"", strategy.short)
if ta.crossunder(fast, slow)
    strategy.close(""Long"")
if ta.crossover(fast, slow)
    strategy.close(""Short"")",False,False,False,rejected
trend_ema__directionshort_only_fast21_rsi_threshold52.0_slow55,trend_ema,836.0,-0.0013579299472043782,0.9500635068326241,0.7523741036232419,4,4,"//@version=5
strategy(""trend_ema__directionshort_only_fast21_rsi_threshold52.0_slow55"", overlay=true, process_orders_on_close=true)
fast = ta.ema(close, 21)
slow = ta.ema(close, 55)
r = ta.rsi(close, 14)
longCondition = ta.crossover(fast, slow) and r > 52.0
shortCondition = ta.crossunder(fast, slow) and r < 48.0
if longCondition and ""short_only"" != ""short_only""
    strategy.entry(""Long"", strategy.long)
if shortCondition and ""short_only"" != ""long_only""
    strategy.entry(""Short"", strategy.short)
if ta.crossunder(fast, slow)
    strategy.close(""Long"")
if ta.crossover(fast, slow)
    strategy.close(""Short"")",False,False,False,rejected
breakout__atr_filter0.8_directionboth_window30,breakout,2622.0,-0.0013599065898953471,0.8045394431187366,0.6895718753127146,0,0,"//@version=5
strategy(""breakout__atr_filter0.8_directionboth_window30"", overlay=true, process_orders_on_close=true)
breakoutHigh = ta.highest(high, 30)[1]
breakoutLow = ta.lowest(low, 30)[1]
atr14 = ta.atr(14)
rangeRatio = (high - low) / atr14
trendFast = ta.ema(close, 20)
trendSlow = ta.ema(close, 55)
volMean = ta.sma(volume, 30)
longCondition = close > breakoutHigh and rangeRatio > 0.8 and trendFast > trendSlow and volume > volMean
shortCondition = close < breakoutLow and rangeRatio > 0.8 and trendFast < trendSlow and volume > volMean
if longCondition and ""both"" != ""short_only""
    strategy.entry(""Long"", strategy.long)
if shortCondition and ""both"" != ""long_only""
    strategy.entry(""Short"", strategy.short)",False,False,False,rejected
trend_ema__directionboth_fast12_rsi_threshold58.0_slow55,trend_ema,1309.0,-0.0013716416645198624,0.8446090343983634,0.7528661692968783,2,2,"//@version=5
strategy(""trend_ema__directionboth_fast12_rsi_threshold58.0_slow55"", overlay=true, process_orders_on_close=true)
fast = ta.ema(close, 12)
slow = ta.ema(close, 55)
r = ta.rsi(close, 14)
longCondition = ta.crossover(fast, slow) and r > 58.0
shortCondition = ta.crossunder(fast, slow) and r < 42.0
if longCondition and ""both"" != ""short_only""
    strategy.entry(""Long"", strategy.long)
if shortCondition and ""both"" != ""long_only""
    strategy.entry(""Short"", strategy.short)
if ta.crossunder(fast, slow)
    strategy.close(""Long"")
if ta.crossover(fast, slow)
    strategy.close(""Short"")",False,False,False,rejected
trend_ema__directionlong_only_fast9_rsi_threshold52.0_slow144,trend_ema,666.0,-0.001372794786386725,0.8072594001941245,0.350945141897155,2,2,"//@version=5
strategy(""trend_ema__directionlong_only_fast9_rsi_threshold52.0_slow144"", overlay=true, process_orders_on_close=true)
fast = ta.ema(close, 9)
slow = ta.ema(close, 144)
r = ta.rsi(close, 14)
longCondition = ta.crossover(fast, slow) and r > 52.0
shortCondition = ta.crossunder(fast, slow) and r < 48.0
if longCondition and ""long_only"" != ""short_only""
    strategy.entry(""Long"", strategy.long)
if shortCondition and ""long_only"" != ""long_only""
    strategy.entry(""Short"", strategy.short)
if ta.crossunder(fast, slow)
    strategy.close(""Long"")
if ta.crossover(fast, slow)
    strategy.close(""Short"")",False,False,False,rejected
trend_ema__directionshort_only_fast9_rsi_threshold55.0_slow144,trend_ema,599.0,-0.0013803303975764049,0.8905593560294665,0.4585389320859866,3,3,"//@version=5
strategy(""trend_ema__directionshort_only_fast9_rsi_threshold55.0_slow144"", overlay=true, process_orders_on_close=true)
fast = ta.ema(close, 9)
slow = ta.ema(close, 144)
r = ta.rsi(close, 14)
longCondition = ta.crossover(fast, slow) and r > 55.0
shortCondition = ta.crossunder(fast, slow) and r < 45.0
if longCondition and ""short_only"" != ""short_only""
    strategy.entry(""Long"", strategy.long)
if shortCondition and ""short_only"" != ""long_only""
    strategy.entry(""Short"", strategy.short)
if ta.crossunder(fast, slow)
    strategy.close(""Long"")
if ta.crossover(fast, slow)
    strategy.close(""Short"")",False,False,False,rejected
breakout__atr_filter1.0_directionboth_window55,breakout,2102.0,-0.001404748839192738,0.8392932431179938,0.7935381454964863,0,0,"//@version=5
strategy(""breakout__atr_filter1.0_directionboth_window55"", overlay=true, process_orders_on_close=true)
breakoutHigh = ta.highest(high, 55)[1]
breakoutLow = ta.lowest(low, 55)[1]
atr14 = ta.atr(14)
rangeRatio = (high - low) / atr14
trendFast = ta.ema(close, 20)
trendSlow = ta.ema(close, 55)
volMean = ta.sma(volume, 30)
longCondition = close > breakoutHigh and rangeRatio > 1.0 and trendFast > trendSlow and volume > volMean
shortCondition = close < breakoutLow and rangeRatio > 1.0 and trendFast < trendSlow and volume > volMean
if longCondition and ""both"" != ""short_only""
    strategy.entry(""Long"", strategy.long)
if shortCondition and ""both"" != ""long_only""
    strategy.entry(""Short"", strategy.short)",False,False,False,rejected
trend_ema__directionlong_only_fast12_rsi_threshold50.0_slow144,trend_ema,616.0,-0.0014054445679440718,0.8071286044479042,0.30794859087311344,1,1,"//@version=5
strategy(""trend_ema__directionlong_only_fast12_rsi_threshold50.0_slow144"", overlay=true, process_orders_on_close=true)
fast = ta.ema(close, 12)
slow = ta.ema(close, 144)
r = ta.rsi(close, 14)
longCondition = ta.crossover(fast, slow) and r > 50.0
shortCondition = ta.crossunder(fast, slow) and r < 50.0
if longCondition and ""long_only"" != ""short_only""
    strategy.entry(""Long"", strategy.long)
if shortCondition and ""long_only"" != ""long_only""
    strategy.entry(""Short"", strategy.short)
if ta.crossunder(fast, slow)
    strategy.close(""Long"")
if ta.crossover(fast, slow)
    strategy.close(""Short"")",False,False,False,rejected
trend_ema__directionlong_only_fast9_rsi_threshold50.0_slow144,trend_ema,698.0,-0.0014165671416742054,0.7985762492896485,0.350945141897155,2,2,"//@version=5
strategy(""trend_ema__directionlong_only_fast9_rsi_threshold50.0_slow144"", overlay=true, process_orders_on_close=true)
fast = ta.ema(close, 9)
slow = ta.ema(close, 144)
r = ta.rsi(close, 14)
longCondition = ta.crossover(fast, slow) and r > 50.0
shortCondition = ta.crossunder(fast, slow) and r < 50.0
if longCondition and ""long_only"" != ""short_only""
    strategy.entry(""Long"", strategy.long)
if shortCondition and ""long_only"" != ""long_only""
    strategy.entry(""Short"", strategy.short)
if ta.crossunder(fast, slow)
    strategy.close(""Long"")
if ta.crossover(fast, slow)
    strategy.close(""Short"")",False,False,False,rejected
breakout__atr_filter0.8_directionboth_window55,breakout,2155.0,-0.0014183310532336897,0.8357693132983558,0.7928112748890217,0,0,"//@version=5
strategy(""breakout__atr_filter0.8_directionboth_window55"", overlay=true, process_orders_on_close=true)
breakoutHigh = ta.highest(high, 55)[1]
breakoutLow = ta.lowest(low, 55)[1]
atr14 = ta.atr(14)
rangeRatio = (high - low) / atr14
trendFast = ta.ema(close, 20)
trendSlow = ta.ema(close, 55)
volMean = ta.sma(volume, 30)
longCondition = close > breakoutHigh and rangeRatio > 0.8 and trendFast > trendSlow and volume > volMean
shortCondition = close < breakoutLow and rangeRatio > 0.8 and trendFast < trendSlow and volume > volMean
if longCondition and ""both"" != ""short_only""
    strategy.entry(""Long"", strategy.long)
if shortCondition and ""both"" != ""long_only""
    strategy.entry(""Short"", strategy.short)",False,False,False,rejected
mean_reversion__bb_window20_rsi_threshold35.0_z_score1.5,mean_reversion,4024.0,-0.001421046263044542,0.7619186441523103,0.7044024423047471,0,0,"//@version=5
strategy(""mean_reversion__bb_window20_rsi_threshold35.0_z_score1.5"", overlay=true, process_orders_on_close=true)
basis = ta.sma(close, 20)
dev = ta.stdev(close, 20) * 1.5
upper = basis + dev
lower = basis - dev
r = ta.rsi(close, 14)
trendSpread = math.abs(ta.ema(close, 20) - ta.ema(close, 50)) / close
longCondition = close < lower and r < 35.0 and trendSpread < 0.02
shortCondition = close > upper and r > 65.0 and trendSpread < 0.02
if longCondition
    strategy.entry(""Long"", strategy.long)
if shortCondition
    strategy.entry(""Short"", strategy.short)",False,False,False,rejected
trend_ema__directionshort_only_fast21_rsi_threshold55.0_slow55,trend_ema,749.0,-0.0014301864337936951,0.9401222726670284,0.7154545710103561,5,5,"//@version=5
strategy(""trend_ema__directionshort_only_fast21_rsi_threshold55.0_slow55"", overlay=true, process_orders_on_close=true)
fast = ta.ema(close, 21)
slow = ta.ema(close, 55)
r = ta.rsi(close, 14)
longCondition = ta.crossover(fast, slow) and r > 55.0
shortCondition = ta.crossunder(fast, slow) and r < 45.0
if longCondition and ""short_only"" != ""short_only""
    strategy.entry(""Long"", strategy.long)
if shortCondition and ""short_only"" != ""long_only""
    strategy.entry(""Short"", strategy.short)
if ta.crossunder(fast, slow)
    strategy.close(""Long"")
if ta.crossover(fast, slow)
    strategy.close(""Short"")",False,False,False,rejected
trend_ema__directionshort_only_fast9_rsi_threshold58.0_slow144,trend_ema,506.0,-0.0014469635865841525,0.906549217873106,0.42017290208216174,2,2,"//@version=5
strategy(""trend_ema__directionshort_only_fast9_rsi_threshold58.0_slow144"", overlay=true, process_orders_on_close=true)
fast = ta.ema(close, 9)
slow = ta.ema(close, 144)
r = ta.rsi(close, 14)
longCondition = ta.crossover(fast, slow) and r > 58.0
shortCondition = ta.crossunder(fast, slow) and r < 42.0
if longCondition and ""short_only"" != ""short_only""
    strategy.entry(""Long"", strategy.long)
if shortCondition and ""short_only"" != ""long_only""
    strategy.entry(""Short"", strategy.short)
if ta.crossunder(fast, slow)
    strategy.close(""Long"")
if ta.crossover(fast, slow)
    strategy.close(""Short"")",False,False,False,rejected
trend_ema__directionshort_only_fast34_rsi_threshold52.0_slow144,trend_ema,380.0,-0.0014489336176459384,0.8633661650358282,0.34958752259515347,2,2,"//@version=5
strategy(""trend_ema__directionshort_only_fast34_rsi_threshold52.0_slow144"", overlay=true, process_orders_on_close=true)
fast = ta.ema(close, 34)
slow = ta.ema(close, 144)
r = ta.rsi(close, 14)
longCondition = ta.crossover(fast, slow) and r > 52.0
shortCondition = ta.crossunder(fast, slow) and r < 48.0
if longCondition and ""short_only"" != ""short_only""
    strategy.entry(""Long"", strategy.long)
if shortCondition and ""short_only"" != ""long_only""
    strategy.entry(""Short"", strategy.short)
if ta.crossunder(fast, slow)
    strategy.close(""Long"")
if ta.crossover(fast, slow)
    strategy.close(""Short"")",False,False,False,rejected
trend_ema__directionshort_only_fast34_rsi_threshold50.0_slow144,trend_ema,389.0,-0.0014592610068689556,0.8727463907185953,0.35338117071984376,2,2,"//@version=5
strategy(""trend_ema__directionshort_only_fast34_rsi_threshold50.0_slow144"", overlay=true, process_orders_on_close=true)
fast = ta.ema(close, 34)
slow = ta.ema(close, 144)
r = ta.rsi(close, 14)
longCondition = ta.crossover(fast, slow) and r > 50.0
shortCondition = ta.crossunder(fast, slow) and r < 50.0
if longCondition and ""short_only"" != ""short_only""
    strategy.entry(""Long"", strategy.long)
if shortCondition and ""short_only"" != ""long_only""
    strategy.entry(""Short"", strategy.short)
if ta.crossunder(fast, slow)
    strategy.close(""Long"")
if ta.crossover(fast, slow)
    strategy.close(""Short"")",False,False,False,rejected
breakout__atr_filter1.2_directionboth_window55,breakout,1983.0,-0.0014598771307371763,0.8242776872239865,0.7585824051723369,0,0,"//@version=5
strategy(""breakout__atr_filter1.2_directionboth_window55"", overlay=true, process_orders_on_close=true)
breakoutHigh = ta.highest(high, 55)[1]
breakoutLow = ta.lowest(low, 55)[1]
atr14 = ta.atr(14)
rangeRatio = (high - low) / atr14
trendFast = ta.ema(close, 20)
trendSlow = ta.ema(close, 55)
volMean = ta.sma(volume, 30)
longCondition = close > breakoutHigh and rangeRatio > 1.2 and trendFast > trendSlow and volume > volMean
shortCondition = close < breakoutLow and rangeRatio > 1.2 and trendFast < trendSlow and volume > volMean
if longCondition and ""both"" != ""short_only""
    strategy.entry(""Long"", strategy.long)
if shortCondition and ""both"" != ""long_only""
    strategy.entry(""Short"", strategy.short)",False,False,False,rejected
trend_pullback__fast21_pullback_rsi45.0_slow89,trend_pullback,781.0,-0.0014692242876386678,0.6636452734967668,0.37995103826126864,1,1,"//@version=5
strategy(""trend_pullback__fast21_pullback_rsi45.0_slow89"", overlay=true, process_orders_on_close=true)
fast = ta.ema(close, 21)
slow = ta.ema(close, 89)
r = ta.rsi(close, 14)
uptrend = fast > slow
downtrend = fast < slow
longResume = close > fast and close[1] <= fast[1]
shortResume = close < fast and close[1] >= fast[1]
longCondition = uptrend and r[1] < 45.0 and longResume
shortCondition = downtrend and r[1] > 55.0 and shortResume
if longCondition
    strategy.entry(""Long"", strategy.long)
if shortCondition
    strategy.entry(""Short"", strategy.short)",False,False,False,rejected
trend_ema__directionshort_only_fast21_rsi_threshold50.0_slow34,trend_ema,1085.0,-0.0014903255972738886,0.8458768003883859,0.6036209728046997,1,1,"//@version=5
strategy(""trend_ema__directionshort_only_fast21_rsi_threshold50.0_slow34"", overlay=true, process_orders_on_close=true)
fast = ta.ema(close, 21)
slow = ta.ema(close, 34)
r = ta.rsi(close, 14)
longCondition = ta.crossover(fast, slow) and r > 50.0
shortCondition = ta.crossunder(fast, slow) and r < 50.0
if longCondition and ""short_only"" != ""short_only""
    strategy.entry(""Long"", strategy.long)
if shortCondition and ""short_only"" != ""long_only""
    strategy.entry(""Short"", strategy.short)
if ta.crossunder(fast, slow)
    strategy.close(""Long"")
if ta.crossover(fast, slow)
    strategy.close(""Short"")",False,False,False,rejected
trend_ema__directionshort_only_fast21_rsi_threshold52.0_slow34,trend_ema,1052.0,-0.001493870308313087,0.8496531595303956,0.5975040656943557,1,1,"//@version=5
strategy(""trend_ema__directionshort_only_fast21_rsi_threshold52.0_slow34"", overlay=true, process_orders_on_close=true)
fast = ta.ema(close, 21)
slow = ta.ema(close, 34)
r = ta.rsi(close, 14)
longCondition = ta.crossover(fast, slow) and r > 52.0
shortCondition = ta.crossunder(fast, slow) and r < 48.0
if longCondition and ""short_only"" != ""short_only""
    strategy.entry(""Long"", strategy.long)
if shortCondition and ""short_only"" != ""long_only""
    strategy.entry(""Short"", strategy.short)
if ta.crossunder(fast, slow)
    strategy.close(""Long"")
if ta.crossover(fast, slow)
    strategy.close(""Short"")",False,False,False,rejected
trend_ema__directionshort_only_fast9_rsi_threshold58.0_slow55,trend_ema,707.0,-0.0014951229921566318,0.8488105381907334,0.6215272940633091,2,2,"//@version=5
strategy(""trend_ema__directionshort_only_fast9_rsi_threshold58.0_slow55"", overlay=true, process_orders_on_close=true)
fast = ta.ema(close, 9)
slow = ta.ema(close, 55)
r = ta.rsi(close, 14)
longCondition = ta.crossover(fast, slow) and r > 58.0
shortCondition = ta.crossunder(fast, slow) and r < 42.0
if longCondition and ""short_only"" != ""short_only""
    strategy.entry(""Long"", strategy.long)
if shortCondition and ""short_only"" != ""long_only""
    strategy.entry(""Short"", strategy.short)
if ta.crossunder(fast, slow)
    strategy.close(""Long"")
if ta.crossover(fast, slow)
    strategy.close(""Short"")",False,False,False,rejected
trend_ema__directionshort_only_fast12_rsi_threshold55.0_slow55,trend_ema,910.0,-0.0015107191348467139,0.848811666817178,0.7095687173039245,1,1,"//@version=5
strategy(""trend_ema__directionshort_only_fast12_rsi_threshold55.0_slow55"", overlay=true, process_orders_on_close=true)
fast = ta.ema(close, 12)
slow = ta.ema(close, 55)
r = ta.rsi(close, 14)
longCondition = ta.crossover(fast, slow) and r > 55.0
shortCondition = ta.crossunder(fast, slow) and r < 45.0
if longCondition and ""short_only"" != ""short_only""
    strategy.entry(""Long"", strategy.long)
if shortCondition and ""short_only"" != ""long_only""
    strategy.entry(""Short"", strategy.short)
if ta.crossunder(fast, slow)
    strategy.close(""Long"")
if ta.crossover(fast, slow)
    strategy.close(""Short"")",False,False,False,rejected
trend_ema__directionshort_only_fast12_rsi_threshold58.0_slow34,trend_ema,751.0,-0.0015109603493498442,0.8274461433325576,0.5628790369707957,1,1,"//@version=5
strategy(""trend_ema__directionshort_only_fast12_rsi_threshold58.0_slow34"", overlay=true, process_orders_on_close=true)
fast = ta.ema(close, 12)
slow = ta.ema(close, 34)
r = ta.rsi(close, 14)
longCondition = ta.crossover(fast, slow) and r > 58.0
shortCondition = ta.crossunder(fast, slow) and r < 42.0
if longCondition and ""short_only"" != ""short_only""
    strategy.entry(""Long"", strategy.long)
if shortCondition and ""short_only"" != ""long_only""
    strategy.entry(""Short"", strategy.short)
if ta.crossunder(fast, slow)
    strategy.close(""Long"")
if ta.crossover(fast, slow)
    strategy.close(""Short"")",False,False,False,rejected
mean_reversion__bb_window30_rsi_threshold35.0_z_score1.5,mean_reversion,4005.0,-0.0015432559006481323,0.7570545373569335,0.6741288599034787,0,0,"//@version=5
strategy(""mean_reversion__bb_window30_rsi_threshold35.0_z_score1.5"", overlay=true, process_orders_on_close=true)
basis = ta.sma(close, 30)
dev = ta.stdev(close, 30) * 1.5
upper = basis + dev
lower = basis - dev
r = ta.rsi(close, 14)
trendSpread = math.abs(ta.ema(close, 20) - ta.ema(close, 50)) / close
longCondition = close < lower and r < 35.0 and trendSpread < 0.02
shortCondition = close > upper and r > 65.0 and trendSpread < 0.02
if longCondition
    strategy.entry(""Long"", strategy.long)
if shortCondition
    strategy.entry(""Short"", strategy.short)",False,False,False,rejected
mean_reversion__bb_window30_rsi_threshold30.0_z_score2.0,mean_reversion,1992.0,-0.0015456151206941211,0.7830187282515596,0.5439347079401431,0,0,"//@version=5
strategy(""mean_reversion__bb_window30_rsi_threshold30.0_z_score2.0"", overlay=true, process_orders_on_close=true)
basis = ta.sma(close, 30)
dev = ta.stdev(close, 30) * 2.0
upper = basis + dev
lower = basis - dev
r = ta.rsi(close, 14)
trendSpread = math.abs(ta.ema(close, 20) - ta.ema(close, 50)) / close
longCondition = close < lower and r < 30.0 and trendSpread < 0.02
shortCondition = close > upper and r > 70.0 and trendSpread < 0.02
if longCondition
    strategy.entry(""Long"", strategy.long)
if shortCondition
    strategy.entry(""Short"", strategy.short)",False,False,False,rejected
vol_squeeze__squeeze_threshold0.35_volume_z_threshold1.0_window30,vol_squeeze,830.0,-0.001554355695775664,0.7653707327049089,0.360710083014689,1,1,"//@version=5
strategy(""vol_squeeze__squeeze_threshold0.35_volume_z_threshold1.0_window30"", overlay=true, process_orders_on_close=true)
basis = ta.sma(close, 30)
dev = ta.stdev(close, 30) * 2.0
upper = basis + dev
lower = basis - dev
bandwidth = (upper - lower) / basis
squeeze = ta.percentrank(bandwidth, 80) < 35.0
volZ = (volume - ta.sma(volume, 30)) / ta.stdev(volume, 30)
breakoutHigh = ta.highest(high, 30)[1]
breakoutLow = ta.lowest(low, 30)[1]
trendFast = ta.ema(close, 20)
trendSlow = ta.ema(close, 55)
longCondition = squeeze[1] and close > breakoutHigh and volZ > 1.0 and trendFast > trendSlow
shortCondition = squeeze[1] and close < breakoutLow and volZ > 1.0 and trendFast < trendSlow
if longCondition
    strategy.entry(""Long"", strategy.long)
if shortCondition
    strategy.entry(""Short"", strategy.short)",False,False,False,rejected
mean_reversion__bb_window20_rsi_threshold30.0_z_score2.0,mean_reversion,1768.0,-0.0016219962716704922,0.7428693287650341,0.4958294978346911,1,1,"//@version=5
strategy(""mean_reversion__bb_window20_rsi_threshold30.0_z_score2.0"", overlay=true, process_orders_on_close=true)
basis = ta.sma(close, 20)
dev = ta.stdev(close, 20) * 2.0
upper = basis + dev
lower = basis - dev
r = ta.rsi(close, 14)
trendSpread = math.abs(ta.ema(close, 20) - ta.ema(close, 50)) / close
longCondition = close < lower and r < 30.0 and trendSpread < 0.02
shortCondition = close > upper and r > 70.0 and trendSpread < 0.02
if longCondition
    strategy.entry(""Long"", strategy.long)
if shortCondition
    strategy.entry(""Short"", strategy.short)",False,False,False,rejected
trend_ema__directionshort_only_fast21_rsi_threshold55.0_slow34,trend_ema,914.0,-0.001662442238587965,0.8440287768695873,0.6051134798213582,1,1,"//@version=5
strategy(""trend_ema__directionshort_only_fast21_rsi_threshold55.0_slow34"", overlay=true, process_orders_on_close=true)
fast = ta.ema(close, 21)
slow = ta.ema(close, 34)
r = ta.rsi(close, 14)
longCondition = ta.crossover(fast, slow) and r > 55.0
shortCondition = ta.crossunder(fast, slow) and r < 45.0
if longCondition and ""short_only"" != ""short_only""
    strategy.entry(""Long"", strategy.long)
if shortCondition and ""short_only"" != ""long_only""
    strategy.entry(""Short"", strategy.short)
if ta.crossunder(fast, slow)
    strategy.close(""Long"")
if ta.crossover(fast, slow)
    strategy.close(""Short"")",False,False,False,rejected
trend_ema__directionshort_only_fast21_rsi_threshold58.0_slow55,trend_ema,570.0,-0.0016628241116060623,0.92883195059948,0.6381480548577352,4,4,"//@version=5
strategy(""trend_ema__directionshort_only_fast21_rsi_threshold58.0_slow55"", overlay=true, process_orders_on_close=true)
fast = ta.ema(close, 21)
slow = ta.ema(close, 55)
r = ta.rsi(close, 14)
longCondition = ta.crossover(fast, slow) and r > 58.0
shortCondition = ta.crossunder(fast, slow) and r < 42.0
if longCondition and ""short_only"" != ""short_only""
    strategy.entry(""Long"", strategy.long)
if shortCondition and ""short_only"" != ""long_only""
    strategy.entry(""Short"", strategy.short)
if ta.crossunder(fast, slow)
    strategy.close(""Long"")
if ta.crossover(fast, slow)
    strategy.close(""Short"")",False,False,False,rejected
vol_squeeze__squeeze_threshold0.25_volume_z_threshold1.0_window30,vol_squeeze,637.0,-0.0016993314071054534,0.7446906427704244,0.37297735074538274,0,0,"//@version=5
strategy(""vol_squeeze__squeeze_threshold0.25_volume_z_threshold1.0_window30"", overlay=true, process_orders_on_close=true)
basis = ta.sma(close, 30)
dev = ta.stdev(close, 30) * 2.0
upper = basis + dev
lower = basis - dev
bandwidth = (upper - lower) / basis
squeeze = ta.percentrank(bandwidth, 80) < 25.0
volZ = (volume - ta.sma(volume, 30)) / ta.stdev(volume, 30)
breakoutHigh = ta.highest(high, 30)[1]
breakoutLow = ta.lowest(low, 30)[1]
trendFast = ta.ema(close, 20)
trendSlow = ta.ema(close, 55)
longCondition = squeeze[1] and close > breakoutHigh and volZ > 1.0 and trendFast > trendSlow
shortCondition = squeeze[1] and close < breakoutLow and volZ > 1.0 and trendFast < trendSlow
if longCondition
    strategy.entry(""Long"", strategy.long)
if shortCondition
    strategy.entry(""Short"", strategy.short)",False,False,False,rejected
trend_ema__directionshort_only_fast21_rsi_threshold60.0_slow55,trend_ema,464.0,-0.0017047874268143394,0.9092593030393809,0.5531278888320905,2,2,"//@version=5
strategy(""trend_ema__directionshort_only_fast21_rsi_threshold60.0_slow55"", overlay=true, process_orders_on_close=true)
fast = ta.ema(close, 21)
slow = ta.ema(close, 55)
r = ta.rsi(close, 14)
longCondition = ta.crossover(fast, slow) and r > 60.0
shortCondition = ta.crossunder(fast, slow) and r < 40.0
if longCondition and ""short_only"" != ""short_only""
    strategy.entry(""Long"", strategy.long)
if shortCondition and ""short_only"" != ""long_only""
    strategy.entry(""Short"", strategy.short)
if ta.crossunder(fast, slow)
    strategy.close(""Long"")
if ta.crossover(fast, slow)
    strategy.close(""Short"")",False,False,False,rejected
vol_squeeze__squeeze_threshold0.25_volume_z_threshold0.5_window30,vol_squeeze,689.0,-0.0017629919292014092,0.736849806311876,0.3872892417667949,0,0,"//@version=5
strategy(""vol_squeeze__squeeze_threshold0.25_volume_z_threshold0.5_window30"", overlay=true, process_orders_on_close=true)
basis = ta.sma(close, 30)
dev = ta.stdev(close, 30) * 2.0
upper = basis + dev
lower = basis - dev
bandwidth = (upper - lower) / basis
squeeze = ta.percentrank(bandwidth, 80) < 25.0
volZ = (volume - ta.sma(volume, 30)) / ta.stdev(volume, 30)
breakoutHigh = ta.highest(high, 30)[1]
breakoutLow = ta.lowest(low, 30)[1]
trendFast = ta.ema(close, 20)
trendSlow = ta.ema(close, 55)
longCondition = squeeze[1] and close > breakoutHigh and volZ > 0.5 and trendFast > trendSlow
shortCondition = squeeze[1] and close < breakoutLow and volZ > 0.5 and trendFast < trendSlow
if longCondition
    strategy.entry(""Long"", strategy.long)
if shortCondition
    strategy.entry(""Short"", strategy.short)",False,False,False,rejected
mean_reversion__bb_window30_rsi_threshold30.0_z_score1.5,mean_reversion,2262.0,-0.0017659406324020024,0.7554959664767302,0.5833073999364577,0,0,"//@version=5
strategy(""mean_reversion__bb_window30_rsi_threshold30.0_z_score1.5"", overlay=true, process_orders_on_close=true)
basis = ta.sma(close, 30)
dev = ta.stdev(close, 30) * 1.5
upper = basis + dev
lower = basis - dev
r = ta.rsi(close, 14)
trendSpread = math.abs(ta.ema(close, 20) - ta.ema(close, 50)) / close
longCondition = close < lower and r < 30.0 and trendSpread < 0.02
shortCondition = close > upper and r > 70.0 and trendSpread < 0.02
if longCondition
    strategy.entry(""Long"", strategy.long)
if shortCondition
    strategy.entry(""Short"", strategy.short)",False,False,False,rejected
vol_squeeze__squeeze_threshold0.35_volume_z_threshold0.5_window30,vol_squeeze,903.0,-0.001768667503607851,0.7355323593057144,0.37484336975796007,0,0,"//@version=5
strategy(""vol_squeeze__squeeze_threshold0.35_volume_z_threshold0.5_window30"", overlay=true, process_orders_on_close=true)
basis = ta.sma(close, 30)
dev = ta.stdev(close, 30) * 2.0
upper = basis + dev
lower = basis - dev
bandwidth = (upper - lower) / basis
squeeze = ta.percentrank(bandwidth, 80) < 35.0
volZ = (volume - ta.sma(volume, 30)) / ta.stdev(volume, 30)
breakoutHigh = ta.highest(high, 30)[1]
breakoutLow = ta.lowest(low, 30)[1]
trendFast = ta.ema(close, 20)
trendSlow = ta.ema(close, 55)
longCondition = squeeze[1] and close > breakoutHigh and volZ > 0.5 and trendFast > trendSlow
shortCondition = squeeze[1] and close < breakoutLow and volZ > 0.5 and trendFast < trendSlow
if longCondition
    strategy.entry(""Long"", strategy.long)
if shortCondition
    strategy.entry(""Short"", strategy.short)",False,False,False,rejected
trend_ema__directionshort_only_fast21_rsi_threshold60.0_slow34,trend_ema,518.0,-0.001771522461772132,0.8038842596038844,0.447918966837622,0,0,"//@version=5
strategy(""trend_ema__directionshort_only_fast21_rsi_threshold60.0_slow34"", overlay=true, process_orders_on_close=true)
fast = ta.ema(close, 21)
slow = ta.ema(close, 34)
r = ta.rsi(close, 14)
longCondition = ta.crossover(fast, slow) and r > 60.0
shortCondition = ta.crossunder(fast, slow) and r < 40.0
if longCondition and ""short_only"" != ""short_only""
    strategy.entry(""Long"", strategy.long)
if shortCondition and ""short_only"" != ""long_only""
    strategy.entry(""Short"", strategy.short)
if ta.crossunder(fast, slow)
    strategy.close(""Long"")
if ta.crossover(fast, slow)
    strategy.close(""Short"")",False,False,False,rejected
trend_pullback__fast21_pullback_rsi45.0_slow55,trend_pullback,625.0,-0.0017865718937672406,0.632272084784884,0.4266000628328245,1,1,"//@version=5
strategy(""trend_pullback__fast21_pullback_rsi45.0_slow55"", overlay=true, process_orders_on_close=true)
fast = ta.ema(close, 21)
slow = ta.ema(close, 55)
r = ta.rsi(close, 14)
uptrend = fast > slow
downtrend = fast < slow
longResume = close > fast and close[1] <= fast[1]
shortResume = close < fast and close[1] >= fast[1]
longCondition = uptrend and r[1] < 45.0 and longResume
shortCondition = downtrend and r[1] > 55.0 and shortResume
if longCondition
    strategy.entry(""Long"", strategy.long)
if shortCondition
    strategy.entry(""Short"", strategy.short)",False,False,False,rejected
mean_reversion__bb_window20_rsi_threshold30.0_z_score1.5,mean_reversion,2218.0,-0.0017998219900318808,0.7314180872957008,0.5408574287090326,0,0,"//@version=5
strategy(""mean_reversion__bb_window20_rsi_threshold30.0_z_score1.5"", overlay=true, process_orders_on_close=true)
basis = ta.sma(close, 20)
dev = ta.stdev(close, 20) * 1.5
upper = basis + dev
lower = basis - dev
r = ta.rsi(close, 14)
trendSpread = math.abs(ta.ema(close, 20) - ta.ema(close, 50)) / close
longCondition = close < lower and r < 30.0 and trendSpread < 0.02
shortCondition = close > upper and r > 70.0 and trendSpread < 0.02
if longCondition
    strategy.entry(""Long"", strategy.long)
if shortCondition
    strategy.entry(""Short"", strategy.short)",False,False,False,rejected
trend_ema__directionshort_only_fast12_rsi_threshold58.0_slow55,trend_ema,690.0,-0.0018249351006358484,0.8249673536087995,0.6528419998824179,1,1,"//@version=5
strategy(""trend_ema__directionshort_only_fast12_rsi_threshold58.0_slow55"", overlay=true, process_orders_on_close=true)
fast = ta.ema(close, 12)
slow = ta.ema(close, 55)
r = ta.rsi(close, 14)
longCondition = ta.crossover(fast, slow) and r > 58.0
shortCondition = ta.crossunder(fast, slow) and r < 42.0
if longCondition and ""short_only"" != ""short_only""
    strategy.entry(""Long"", strategy.long)
if shortCondition and ""short_only"" != ""long_only""
    strategy.entry(""Short"", strategy.short)
if ta.crossunder(fast, slow)
    strategy.close(""Long"")
if ta.crossover(fast, slow)
    strategy.close(""Short"")",False,False,False,rejected
trend_ema__directionshort_only_fast21_rsi_threshold58.0_slow34,trend_ema,682.0,-0.0020203053232814242,0.7719448438038755,0.5400649383189788,0,0,"//@version=5
strategy(""trend_ema__directionshort_only_fast21_rsi_threshold58.0_slow34"", overlay=true, process_orders_on_close=true)
fast = ta.ema(close, 21)
slow = ta.ema(close, 34)
r = ta.rsi(close, 14)
longCondition = ta.crossover(fast, slow) and r > 58.0
shortCondition = ta.crossunder(fast, slow) and r < 42.0
if longCondition and ""short_only"" != ""short_only""
    strategy.entry(""Long"", strategy.long)
if shortCondition and ""short_only"" != ""long_only""
    strategy.entry(""Short"", strategy.short)
if ta.crossunder(fast, slow)
    strategy.close(""Long"")
if ta.crossover(fast, slow)
    strategy.close(""Short"")",False,False,False,rejected
breakout__atr_filter0.8_directionshort_only_window20,breakout,1560.0,-0.002051046135383761,0.7279385240440353,0.6371919663397163,0,0,"//@version=5
strategy(""breakout__atr_filter0.8_directionshort_only_window20"", overlay=true, process_orders_on_close=true)
breakoutHigh = ta.highest(high, 20)[1]
breakoutLow = ta.lowest(low, 20)[1]
atr14 = ta.atr(14)
rangeRatio = (high - low) / atr14
trendFast = ta.ema(close, 20)
trendSlow = ta.ema(close, 55)
volMean = ta.sma(volume, 30)
longCondition = close > breakoutHigh and rangeRatio > 0.8 and trendFast > trendSlow and volume > volMean
shortCondition = close < breakoutLow and rangeRatio > 0.8 and trendFast < trendSlow and volume > volMean
if longCondition and ""short_only"" != ""short_only""
    strategy.entry(""Long"", strategy.long)
if shortCondition and ""short_only"" != ""long_only""
    strategy.entry(""Short"", strategy.short)",False,False,False,rejected
breakout__atr_filter1.0_directionshort_only_window20,breakout,1505.0,-0.002083567676167424,0.7277102621490035,0.6603793254598649,0,0,"//@version=5
strategy(""breakout__atr_filter1.0_directionshort_only_window20"", overlay=true, process_orders_on_close=true)
breakoutHigh = ta.highest(high, 20)[1]
breakoutLow = ta.lowest(low, 20)[1]
atr14 = ta.atr(14)
rangeRatio = (high - low) / atr14
trendFast = ta.ema(close, 20)
trendSlow = ta.ema(close, 55)
volMean = ta.sma(volume, 30)
longCondition = close > breakoutHigh and rangeRatio > 1.0 and trendFast > trendSlow and volume > volMean
shortCondition = close < breakoutLow and rangeRatio > 1.0 and trendFast < trendSlow and volume > volMean
if longCondition and ""short_only"" != ""short_only""
    strategy.entry(""Long"", strategy.long)
if shortCondition and ""short_only"" != ""long_only""
    strategy.entry(""Short"", strategy.short)",False,False,False,rejected
vol_squeeze__squeeze_threshold0.25_volume_z_threshold1.0_window20,vol_squeeze,718.0,-0.002084380855885724,0.6721180353004773,0.3159761313324779,0,0,"//@version=5
strategy(""vol_squeeze__squeeze_threshold0.25_volume_z_threshold1.0_window20"", overlay=true, process_orders_on_close=true)
basis = ta.sma(close, 20)
dev = ta.stdev(close, 20) * 2.0
upper = basis + dev
lower = basis - dev
bandwidth = (upper - lower) / basis
squeeze = ta.percentrank(bandwidth, 80) < 25.0
volZ = (volume - ta.sma(volume, 30)) / ta.stdev(volume, 30)
breakoutHigh = ta.highest(high, 20)[1]
breakoutLow = ta.lowest(low, 20)[1]
trendFast = ta.ema(close, 20)
trendSlow = ta.ema(close, 55)
longCondition = squeeze[1] and close > breakoutHigh and volZ > 1.0 and trendFast > trendSlow
shortCondition = squeeze[1] and close < breakoutLow and volZ > 1.0 and trendFast < trendSlow
if longCondition
    strategy.entry(""Long"", strategy.long)
if shortCondition
    strategy.entry(""Short"", strategy.short)",False,False,False,rejected
breakout__atr_filter0.8_directionshort_only_window55,breakout,1135.0,-0.00214116387526534,0.7969419601745757,0.6718258801938062,0,0,"//@version=5
strategy(""breakout__atr_filter0.8_directionshort_only_window55"", overlay=true, process_orders_on_close=true)
breakoutHigh = ta.highest(high, 55)[1]
breakoutLow = ta.lowest(low, 55)[1]
atr14 = ta.atr(14)
rangeRatio = (high - low) / atr14
trendFast = ta.ema(close, 20)
trendSlow = ta.ema(close, 55)
volMean = ta.sma(volume, 30)
longCondition = close > breakoutHigh and rangeRatio > 0.8 and trendFast > trendSlow and volume > volMean
shortCondition = close < breakoutLow and rangeRatio > 0.8 and trendFast < trendSlow and volume > volMean
if longCondition and ""short_only"" != ""short_only""
    strategy.entry(""Long"", strategy.long)
if shortCondition and ""short_only"" != ""long_only""
    strategy.entry(""Short"", strategy.short)",False,False,False,rejected
trend_ema__directionshort_only_fast34_rsi_threshold50.0_slow89,trend_ema,507.0,-0.002141457031597497,0.8526884830688772,0.5881711106393532,3,3,"//@version=5
strategy(""trend_ema__directionshort_only_fast34_rsi_threshold50.0_slow89"", overlay=true, process_orders_on_close=true)
fast = ta.ema(close, 34)
slow = ta.ema(close, 89)
r = ta.rsi(close, 14)
longCondition = ta.crossover(fast, slow) and r > 50.0
shortCondition = ta.crossunder(fast, slow) and r < 50.0
if longCondition and ""short_only"" != ""short_only""
    strategy.entry(""Long"", strategy.long)
if shortCondition and ""short_only"" != ""long_only""
    strategy.entry(""Short"", strategy.short)
if ta.crossunder(fast, slow)
    strategy.close(""Long"")
if ta.crossover(fast, slow)
    strategy.close(""Short"")",False,False,False,rejected
breakout__atr_filter1.2_directionshort_only_window20,breakout,1389.0,-0.0021880448556127865,0.7078808135557595,0.6222449186644737,0,0,"//@version=5
strategy(""breakout__atr_filter1.2_directionshort_only_window20"", overlay=true, process_orders_on_close=true)
breakoutHigh = ta.highest(high, 20)[1]
breakoutLow = ta.lowest(low, 20)[1]
atr14 = ta.atr(14)
rangeRatio = (high - low) / atr14
trendFast = ta.ema(close, 20)
trendSlow = ta.ema(close, 55)
volMean = ta.sma(volume, 30)
longCondition = close > breakoutHigh and rangeRatio > 1.2 and trendFast > trendSlow and volume > volMean
shortCondition = close < breakoutLow and rangeRatio > 1.2 and trendFast < trendSlow and volume > volMean
if longCondition and ""short_only"" != ""short_only""
    strategy.entry(""Long"", strategy.long)
if shortCondition and ""short_only"" != ""long_only""
    strategy.entry(""Short"", strategy.short)",False,False,False,rejected
trend_ema__directionshort_only_fast34_rsi_threshold55.0_slow89,trend_ema,455.0,-0.0022068808504513335,0.8416740595806149,0.5432494379708084,2,2,"//@version=5
strategy(""trend_ema__directionshort_only_fast34_rsi_threshold55.0_slow89"", overlay=true, process_orders_on_close=true)
fast = ta.ema(close, 34)
slow = ta.ema(close, 89)
r = ta.rsi(close, 14)
longCondition = ta.crossover(fast, slow) and r > 55.0
shortCondition = ta.crossunder(fast, slow) and r < 45.0
if longCondition and ""short_only"" != ""short_only""
    strategy.entry(""Long"", strategy.long)
if shortCondition and ""short_only"" != ""long_only""
    strategy.entry(""Short"", strategy.short)
if ta.crossunder(fast, slow)
    strategy.close(""Long"")
if ta.crossover(fast, slow)
    strategy.close(""Short"")",False,False,False,rejected
trend_ema__directionshort_only_fast34_rsi_threshold52.0_slow89,trend_ema,499.0,-0.002221432882029592,0.8443880707254807,0.5881711106393532,3,3,"//@version=5
strategy(""trend_ema__directionshort_only_fast34_rsi_threshold52.0_slow89"", overlay=true, process_orders_on_close=true)
fast = ta.ema(close, 34)
slow = ta.ema(close, 89)
r = ta.rsi(close, 14)
longCondition = ta.crossover(fast, slow) and r > 52.0
shortCondition = ta.crossunder(fast, slow) and r < 48.0
if longCondition and ""short_only"" != ""short_only""
    strategy.entry(""Long"", strategy.long)
if shortCondition and ""short_only"" != ""long_only""
    strategy.entry(""Short"", strategy.short)
if ta.crossunder(fast, slow)
    strategy.close(""Long"")
if ta.crossover(fast, slow)
    strategy.close(""Short"")",False,False,False,rejected
vol_squeeze__squeeze_threshold0.25_volume_z_threshold0.5_window20,vol_squeeze,800.0,-0.002247584373879725,0.6618450618573501,0.4380160527974736,0,0,"//@version=5
strategy(""vol_squeeze__squeeze_threshold0.25_volume_z_threshold0.5_window20"", overlay=true, process_orders_on_close=true)
basis = ta.sma(close, 20)
dev = ta.stdev(close, 20) * 2.0
upper = basis + dev
lower = basis - dev
bandwidth = (upper - lower) / basis
squeeze = ta.percentrank(bandwidth, 80) < 25.0
volZ = (volume - ta.sma(volume, 30)) / ta.stdev(volume, 30)
breakoutHigh = ta.highest(high, 20)[1]
breakoutLow = ta.lowest(low, 20)[1]
trendFast = ta.ema(close, 20)
trendSlow = ta.ema(close, 55)
longCondition = squeeze[1] and close > breakoutHigh and volZ > 0.5 and trendFast > trendSlow
shortCondition = squeeze[1] and close < breakoutLow and volZ > 0.5 and trendFast < trendSlow
if longCondition
    strategy.entry(""Long"", strategy.long)
if shortCondition
    strategy.entry(""Short"", strategy.short)",False,False,False,rejected
trend_ema__directionshort_only_fast34_rsi_threshold60.0_slow89,trend_ema,337.0,-0.0022546870648524494,0.8145342763500523,0.442552664220326,2,2,"//@version=5
strategy(""trend_ema__directionshort_only_fast34_rsi_threshold60.0_slow89"", overlay=true, process_orders_on_close=true)
fast = ta.ema(close, 34)
slow = ta.ema(close, 89)
r = ta.rsi(close, 14)
longCondition = ta.crossover(fast, slow) and r > 60.0
shortCondition = ta.crossunder(fast, slow) and r < 40.0
if longCondition and ""short_only"" != ""short_only""
    strategy.entry(""Long"", strategy.long)
if shortCondition and ""short_only"" != ""long_only""
    strategy.entry(""Short"", strategy.short)
if ta.crossunder(fast, slow)
    strategy.close(""Long"")
if ta.crossover(fast, slow)
    strategy.close(""Short"")",False,False,False,rejected
breakout__atr_filter1.0_directionshort_only_window55,breakout,1108.0,-0.0022818551262102985,0.7914287049936513,0.6925947105263878,1,1,"//@version=5
strategy(""breakout__atr_filter1.0_directionshort_only_window55"", overlay=true, process_orders_on_close=true)
breakoutHigh = ta.highest(high, 55)[1]
breakoutLow = ta.lowest(low, 55)[1]
atr14 = ta.atr(14)
rangeRatio = (high - low) / atr14
trendFast = ta.ema(close, 20)
trendSlow = ta.ema(close, 55)
volMean = ta.sma(volume, 30)
longCondition = close > breakoutHigh and rangeRatio > 1.0 and trendFast > trendSlow and volume > volMean
shortCondition = close < breakoutLow and rangeRatio > 1.0 and trendFast < trendSlow and volume > volMean
if longCondition and ""short_only"" != ""short_only""
    strategy.entry(""Long"", strategy.long)
if shortCondition and ""short_only"" != ""long_only""
    strategy.entry(""Short"", strategy.short)",False,False,False,rejected
breakout__atr_filter1.0_directionshort_only_window30,breakout,1340.0,-0.002322549153044637,0.7391631628423216,0.6870452079979129,0,0,"//@version=5
strategy(""breakout__atr_filter1.0_directionshort_only_window30"", overlay=true, process_orders_on_close=true)
breakoutHigh = ta.highest(high, 30)[1]
breakoutLow = ta.lowest(low, 30)[1]
atr14 = ta.atr(14)
rangeRatio = (high - low) / atr14
trendFast = ta.ema(close, 20)
trendSlow = ta.ema(close, 55)
volMean = ta.sma(volume, 30)
longCondition = close > breakoutHigh and rangeRatio > 1.0 and trendFast > trendSlow and volume > volMean
shortCondition = close < breakoutLow and rangeRatio > 1.0 and trendFast < trendSlow and volume > volMean
if longCondition and ""short_only"" != ""short_only""
    strategy.entry(""Long"", strategy.long)
if shortCondition and ""short_only"" != ""long_only""
    strategy.entry(""Short"", strategy.short)",False,False,False,rejected
breakout__atr_filter0.8_directionshort_only_window30,breakout,1388.0,-0.002322788929367339,0.7316727871047202,0.6671393168530904,0,0,"//@version=5
strategy(""breakout__atr_filter0.8_directionshort_only_window30"", overlay=true, process_orders_on_close=true)
breakoutHigh = ta.highest(high, 30)[1]
breakoutLow = ta.lowest(low, 30)[1]
atr14 = ta.atr(14)
rangeRatio = (high - low) / atr14
trendFast = ta.ema(close, 20)
trendSlow = ta.ema(close, 55)
volMean = ta.sma(volume, 30)
longCondition = close > breakoutHigh and rangeRatio > 0.8 and trendFast > trendSlow and volume > volMean
shortCondition = close < breakoutLow and rangeRatio > 0.8 and trendFast < trendSlow and volume > volMean
if longCondition and ""short_only"" != ""short_only""
    strategy.entry(""Long"", strategy.long)
if shortCondition and ""short_only"" != ""long_only""
    strategy.entry(""Short"", strategy.short)",False,False,False,rejected
breakout__atr_filter1.2_directionshort_only_window55,breakout,1032.0,-0.0023532377742770116,0.7850117269661991,0.6899934469579894,0,0,"//@version=5
strategy(""breakout__atr_filter1.2_directionshort_only_window55"", overlay=true, process_orders_on_close=true)
breakoutHigh = ta.highest(high, 55)[1]
breakoutLow = ta.lowest(low, 55)[1]
atr14 = ta.atr(14)
rangeRatio = (high - low) / atr14
trendFast = ta.ema(close, 20)
trendSlow = ta.ema(close, 55)
volMean = ta.sma(volume, 30)
longCondition = close > breakoutHigh and rangeRatio > 1.2 and trendFast > trendSlow and volume > volMean
shortCondition = close < breakoutLow and rangeRatio > 1.2 and trendFast < trendSlow and volume > volMean
if longCondition and ""short_only"" != ""short_only""
    strategy.entry(""Long"", strategy.long)
if shortCondition and ""short_only"" != ""long_only""
    strategy.entry(""Short"", strategy.short)",False,False,False,rejected
vol_squeeze__squeeze_threshold0.35_volume_z_threshold1.0_window20,vol_squeeze,922.0,-0.002357821658384168,0.6530563408302708,0.45551523002227456,0,0,"//@version=5
strategy(""vol_squeeze__squeeze_threshold0.35_volume_z_threshold1.0_window20"", overlay=true, process_orders_on_close=true)
basis = ta.sma(close, 20)
dev = ta.stdev(close, 20) * 2.0
upper = basis + dev
lower = basis - dev
bandwidth = (upper - lower) / basis
squeeze = ta.percentrank(bandwidth, 80) < 35.0
volZ = (volume - ta.sma(volume, 30)) / ta.stdev(volume, 30)
breakoutHigh = ta.highest(high, 20)[1]
breakoutLow = ta.lowest(low, 20)[1]
trendFast = ta.ema(close, 20)
trendSlow = ta.ema(close, 55)
longCondition = squeeze[1] and close > breakoutHigh and volZ > 1.0 and trendFast > trendSlow
shortCondition = squeeze[1] and close < breakoutLow and volZ > 1.0 and trendFast < trendSlow
if longCondition
    strategy.entry(""Long"", strategy.long)
if shortCondition
    strategy.entry(""Short"", strategy.short)",False,False,False,rejected
vol_squeeze__squeeze_threshold0.35_volume_z_threshold0.5_window20,vol_squeeze,1028.0,-0.002405246233859128,0.6489821690676725,0.5240712023543956,0,0,"//@version=5
strategy(""vol_squeeze__squeeze_threshold0.35_volume_z_threshold0.5_window20"", overlay=true, process_orders_on_close=true)
basis = ta.sma(close, 20)
dev = ta.stdev(close, 20) * 2.0
upper = basis + dev
lower = basis - dev
bandwidth = (upper - lower) / basis
squeeze = ta.percentrank(bandwidth, 80) < 35.0
volZ = (volume - ta.sma(volume, 30)) / ta.stdev(volume, 30)
breakoutHigh = ta.highest(high, 20)[1]
breakoutLow = ta.lowest(low, 20)[1]
trendFast = ta.ema(close, 20)
trendSlow = ta.ema(close, 55)
longCondition = squeeze[1] and close > breakoutHigh and volZ > 0.5 and trendFast > trendSlow
shortCondition = squeeze[1] and close < breakoutLow and volZ > 0.5 and trendFast < trendSlow
if longCondition
    strategy.entry(""Long"", strategy.long)
if shortCondition
    strategy.entry(""Short"", strategy.short)",False,False,False,rejected
trend_ema__directionshort_only_fast34_rsi_threshold58.0_slow89,trend_ema,382.0,-0.002429634583752028,0.8005494237733796,0.5077843111846928,2,2,"//@version=5
strategy(""trend_ema__directionshort_only_fast34_rsi_threshold58.0_slow89"", overlay=true, process_orders_on_close=true)
fast = ta.ema(close, 34)
slow = ta.ema(close, 89)
r = ta.rsi(close, 14)
longCondition = ta.crossover(fast, slow) and r > 58.0
shortCondition = ta.crossunder(fast, slow) and r < 42.0
if longCondition and ""short_only"" != ""short_only""
    strategy.entry(""Long"", strategy.long)
if shortCondition and ""short_only"" != ""long_only""
    strategy.entry(""Short"", strategy.short)
if ta.crossunder(fast, slow)
    strategy.close(""Long"")
if ta.crossover(fast, slow)
    strategy.close(""Short"")",False,False,False,rejected
breakout__atr_filter1.2_directionshort_only_window30,breakout,1243.0,-0.002437903764294667,0.7173657562312123,0.653913083870362,0,0,"//@version=5
strategy(""breakout__atr_filter1.2_directionshort_only_window30"", overlay=true, process_orders_on_close=true)
breakoutHigh = ta.highest(high, 30)[1]
breakoutLow = ta.lowest(low, 30)[1]
atr14 = ta.atr(14)
rangeRatio = (high - low) / atr14
trendFast = ta.ema(close, 20)
trendSlow = ta.ema(close, 55)
volMean = ta.sma(volume, 30)
longCondition = close > breakoutHigh and rangeRatio > 1.2 and trendFast > trendSlow and volume > volMean
shortCondition = close < breakoutLow and rangeRatio > 1.2 and trendFast < trendSlow and volume > volMean
if longCondition and ""short_only"" != ""short_only""
    strategy.entry(""Long"", strategy.long)
if shortCondition and ""short_only"" != ""long_only""
    strategy.entry(""Short"", strategy.short)",False,False,False,rejected
