symbol,strategy_id,family,entry_time,exit_time,side,net_return,gross_return,exit_reason,bars_held,signal_strength,label_take,target_hit,stop_hit,horizon_hit,mae,mfe,mae_limit_breached,recent_same_side_failures,recent_same_side_mean_return,open,high,low,close,volume,close_time,quote_asset_volume,trade_count,taker_buy_base_volume,taker_buy_quote_volume,log_return_1,log_return_4,log_return_16,vol_norm_return_4,body_ratio,upper_wick_ratio,lower_wick_ratio,range_ratio,rsi_14,macd_hist,ema_fast_distance,ema_slow_distance,ema_fast_slope,ema_slow_slope,bb_bandwidth,bb_zscore,atr_14,volume_zscore,relative_volume,trend_regime,volatility_regime,drawdown_20,hour_sin,hour_cos,day_of_week,session_bucket,probability,accepted
SOLUSDT,trend_ema__directionboth_fast21_rsi_threshold58.0_slow89,trend_ema,2026-02-13 10:00:00+00:00,2026-02-13 14:30:00+00:00,long,0.012508604652329103,0.013308604652329104,target,18,0.317932923466702,1,True,False,False,0.0019036608302289877,0.021771064082306824,0,0,0.006483046991515166,79.82,80.08,79.71,80.08,344742.16,2026-02-13 10:14:59.999000+00:00,27546688.9688,23851,173527.82,13868839.0943,0.003252035386377316,0.007898242024240132,0.021840166204935278,2.078226829546939,0.7027027027027078,0.0,0.2972972972972921,0.004620379620379677,65.8966461733351,0.10690589149353064,0.011153302007140884,0.014832252298637714,0.002778021612499071,0.002320692925626311,0.031428961993358276,0.8907827940296446,0.4210536621297532,1.9092092072850764,1.8553304965012298,1.0,0.57,0.0,0.49999999999999994,-0.8660254037844387,4,1.0,0.92105263,True
XRPUSDT,trend_ema__directionboth_fast12_rsi_threshold55.0_slow89,trend_ema,2026-02-13 13:30:00+00:00,2026-02-13 14:45:00+00:00,long,0.010107953750026936,0.010907953750026936,target,5,0.2603956360943826,1,True,False,False,0.005026229614837216,0.014333219066492087,0,2,-0.0020002526562210403,1.3738,1.3823,1.3726,1.3744,21487609.1,2026-02-13 13:44:59.999000+00:00,29590319.46547,45834,11072083.4,15246994.27393,0.0004366494502099145,0.009650608603240414,0.0065698462458109895,3.5038204479928448,0.06185567010310859,0.81443298969072,0.1237113402061714,0.007057625145518075,63.01978180471913,0.0006365607356019723,0.006633908979552767,0.007897975682530225,0.0014415349991754312,0.0006609179785961317,0.011045989746320518,1.0760728601533387,0.0062596780179888945,4.453031534531485,3.8090210734899204,1.0,0.35,0.0,-0.2588190451025208,-0.9659258262890683,4,1.0,0.8378378,True
ETHUSDT,trend_ema__directionboth_fast9_rsi_threshold58.0_slow89,trend_ema,2026-02-15 02:15:00+00:00,2026-02-15 04:00:00+00:00,short,-0.007983960516323581,-0.007183960516323582,stop,7,0.3390349175161785,0,False,True,False,0.01356967214026314,0.011933976156261515,0,0,0.002954490582337859,2059.23,2062.57,2050.2,2056.17,33684.652,2026-02-15 02:29:59.999000+00:00,69248103.43831,56809,17507.125,35999469.12108,-0.0014822413226517751,-0.0026276501063923203,-0.015361641020772619,-0.9000280312961447,0.2473726758286063,0.2700080840743777,0.482619240097016,0.006016039529805583,33.048254124191075,-3.233051875288877,-0.008710115972487742,-0.0102232660402467,-0.0025049795163313293,-0.001936146304947317,0.023872143858930776,-0.9052753546784209,10.040033523795174,0.36226809517851516,1.3038541822026866,-1.0,0.86,-0.017291562119148285,0.49999999999999994,0.8660254037844387,6,0.0,0.8378378,True
BTCUSDT,trend_ema__directionlong_only_fast9_rsi_threshold58.0_slow89,trend_ema,2026-02-15 04:00:00+00:00,2026-02-15 07:15:00+00:00,long,0.007846415180455573,0.008646415180455573,target,13,0.3518323054525729,1,True,False,False,0.0001499775033746854,0.013279369006700154,0,0,0.006733258508288632,69925.9,70441.6,69925.9,70406.1,6719.197,2026-02-15 04:14:59.999000+00:00,471396765.7122,127737,3672.465,257744883.2134,0.006842367114982237,0.013952214612236162,0.010818743396357817,4.318114466822745,0.9311615280201683,0.06883847197983169,0.0,0.007324649426683364,67.59161527262864,65.74798566415053,0.010233922742878748,0.010300783836347126,0.0011915377883580103,0.0001257172562292297,0.0144886249937151,1.5157860435660593,261.43822025084904,3.9018937985604847,5.2006897310248705,1.0,1.0,0.0,0.8660254037844386,0.5000000000000001,6,0.0,0.8378378,True
ZECUSDT,trend_ema__directionshort_only_fast21_rsi_threshold55.0_slow55,trend_ema,2026-02-15 09:30:00+00:00,2026-02-15 13:30:00+00:00,short,0.030582015451134575,0.03138201545113457,target,16,0.27125421106145026,1,True,False,False,0.012562772296596218,0.047102690808676524,0,0,0.023470041973568206,308.6,310.58,306.65,307.23,21150.748,2026-02-15 09:44:59.999000+00:00,6525626.71228,26262,10207.413,3151338.60189,-0.004449287173604591,0.007973637880122071,-0.04044305348011772,1.3446144172323118,0.348600508905853,0.5038167938931191,0.14758269720102796,0.012791719558636873,36.43728944692749,-0.5089466871587298,-0.015051038456533944,-0.018808420481770206,-0.004776776331323229,-0.0045980046125742025,0.06920448645860403,-0.4819110000531297,3.877270995183528,-0.501946853936978,0.7617003854460186,-1.0,0.18,-0.04411810460159926,0.7071067811865476,-0.7071067811865475,6,1.0,0.94623655,True
ETHUSDT,trend_ema__directionboth_fast21_rsi_threshold58.0_slow89,trend_ema,2026-02-15 10:45:00+00:00,2026-02-15 12:45:00+00:00,short,0.011914509644838304,0.012714509644838305,target,8,0.19860353221675908,1,True,False,False,0.0027784484588097426,0.025634739129545905,0,0,0.012377843568875727,2062.38,2065.09,2058.5,2060.56,28471.875,2026-02-15 10:59:59.999000+00:00,58700257.3016,41291,11841.36,24420663.7071,-0.000882865197270385,-0.0035122856977884936,-0.01175269469146859,-1.3875063143987376,0.27617602427922966,0.4112291350531072,0.31259484066766313,0.0031981597235703624,40.069823389162046,-2.1760196413845287,-0.0050205526176015786,-0.0066012720735846644,-0.0015755365795331322,-0.0013158132093313846,0.021790248698012313,-0.667403729534338,10.208909200682847,-0.4512572698846723,0.5915883828644259,-1.0,0.39,-0.01435965138860984,0.49999999999999994,-0.8660254037844387,6,1.0,0.92105263,True
ETHUSDT,trend_ema__directionshort_only_fast21_rsi_threshold58.0_slow89,trend_ema,2026-02-15 10:45:00+00:00,2026-02-15 12:45:00+00:00,short,0.011914509644838304,0.012714509644838305,target,8,0.19860353221675908,1,True,False,False,0.0027784484588097426,0.025634739129545905,0,0,0.012387243392514046,2062.38,2065.09,2058.5,2060.56,28471.875,2026-02-15 10:59:59.999000+00:00,58700257.3016,41291,11841.36,24420663.7071,-0.000882865197270385,-0.0035122856977884936,-0.01175269469146859,-1.3875063143987376,0.27617602427922966,0.4112291350531072,0.31259484066766313,0.0031981597235703624,40.069823389162046,-2.1760196413845287,-0.0050205526176015786,-0.0066012720735846644,-0.0015755365795331322,-0.0013158132093313846,0.021790248698012313,-0.667403729534338,10.208909200682847,-0.4512572698846723,0.5915883828644259,-1.0,0.39,-0.01435965138860984,0.49999999999999994,-0.8660254037844387,6,1.0,0.92105263,True
ETHUSDT,trend_ema__directionshort_only_fast21_rsi_threshold55.0_slow89,trend_ema,2026-02-15 10:45:00+00:00,2026-02-15 12:45:00+00:00,short,0.011914509644838304,0.012714509644838305,target,8,0.19860353221675908,1,True,False,False,0.0027784484588097426,0.025634739129545905,0,0,0.012334717420550076,2062.38,2065.09,2058.5,2060.56,28471.875,2026-02-15 10:59:59.999000+00:00,58700257.3016,41291,11841.36,24420663.7071,-0.000882865197270385,-0.0035122856977884936,-0.01175269469146859,-1.3875063143987376,0.27617602427922966,0.4112291350531072,0.31259484066766313,0.0031981597235703624,40.069823389162046,-2.1760196413845287,-0.0050205526176015786,-0.0066012720735846644,-0.0015755365795331322,-0.0013158132093313846,0.021790248698012313,-0.667403729534338,10.208909200682847,-0.4512572698846723,0.5915883828644259,-1.0,0.39,-0.01435965138860984,0.49999999999999994,-0.8660254037844387,6,1.0,0.92105263,True
ETHUSDT,trend_ema__directionshort_only_fast21_rsi_threshold52.0_slow89,trend_ema,2026-02-15 10:45:00+00:00,2026-02-15 12:45:00+00:00,short,0.011914509644838304,0.012714509644838305,target,8,0.19860353221675908,1,True,False,False,0.0027784484588097426,0.025634739129545905,0,0,0.012282191448586105,2062.38,2065.09,2058.5,2060.56,28471.875,2026-02-15 10:59:59.999000+00:00,58700257.3016,41291,11841.36,24420663.7071,-0.000882865197270385,-0.0035122856977884936,-0.01175269469146859,-1.3875063143987376,0.27617602427922966,0.4112291350531072,0.31259484066766313,0.0031981597235703624,40.069823389162046,-2.1760196413845287,-0.0050205526176015786,-0.0066012720735846644,-0.0015755365795331322,-0.0013158132093313846,0.021790248698012313,-0.667403729534338,10.208909200682847,-0.4512572698846723,0.5915883828644259,-1.0,0.39,-0.01435965138860984,0.49999999999999994,-0.8660254037844387,6,1.0,0.92105263,True
ZECUSDT,trend_ema__directionshort_only_fast12_rsi_threshold55.0_slow89,trend_ema,2026-02-15 13:15:00+00:00,2026-02-15 13:30:00+00:00,short,0.02871326380855889,0.029513263808558888,target,1,0.28044899379775073,1,True,False,False,0.005050461613964061,0.033001941412553686,0,0,0.029257573624266363,304.1,305.59,301.33,301.84,24035.93,2026-02-15 13:29:59.999000+00:00,7300855.39718,37167,10552.423,3206131.99896,-0.007459519027264071,-0.01997540875988681,-0.022148864273005654,-2.575583234956287,0.530516431924895,0.349765258215952,0.11971830985915305,0.014113437582825308,35.97755031011246,-0.31720025523309214,-0.019671263550920266,-0.02839999807397188,-0.005948101270345618,-0.004105571441494149,0.03698416481103433,-0.9700707188089697,3.637350988471538,-0.07602694625166466,0.964557904924047,-1.0,0.55,-0.030793436727354573,-0.2588190451025208,-0.9659258262890683,6,1.0,0.94623655,True
ZECUSDT,trend_ema__directionshort_only_fast12_rsi_threshold58.0_slow89,trend_ema,2026-02-15 13:15:00+00:00,2026-02-15 13:30:00+00:00,short,0.02871326380855889,0.029513263808558888,target,1,0.28044899379775073,1,True,False,False,0.005050461613964061,0.033001941412553686,0,0,0.029444448788523935,304.1,305.59,301.33,301.84,24035.93,2026-02-15 13:29:59.999000+00:00,7300855.39718,37167,10552.423,3206131.99896,-0.007459519027264071,-0.01997540875988681,-0.022148864273005654,-2.575583234956287,0.530516431924895,0.349765258215952,0.11971830985915305,0.014113437582825308,35.97755031011246,-0.31720025523309214,-0.019671263550920266,-0.02839999807397188,-0.005948101270345618,-0.004105571441494149,0.03698416481103433,-0.9700707188089697,3.637350988471538,-0.07602694625166466,0.964557904924047,-1.0,0.55,-0.030793436727354573,-0.2588190451025208,-0.9659258262890683,6,1.0,0.94623655,True
ZECUSDT,trend_ema__directionboth_fast12_rsi_threshold55.0_slow89,trend_ema,2026-02-15 13:15:00+00:00,2026-02-15 13:30:00+00:00,short,0.02871326380855889,0.029513263808558888,target,1,0.28044899379775073,1,True,False,False,0.005050461613964061,0.033001941412553686,0,0,0.0296313239527815,304.1,305.59,301.33,301.84,24035.93,2026-02-15 13:29:59.999000+00:00,7300855.39718,37167,10552.423,3206131.99896,-0.007459519027264071,-0.01997540875988681,-0.022148864273005654,-2.575583234956287,0.530516431924895,0.349765258215952,0.11971830985915305,0.014113437582825308,35.97755031011246,-0.31720025523309214,-0.019671263550920266,-0.02839999807397188,-0.005948101270345618,-0.004105571441494149,0.03698416481103433,-0.9700707188089697,3.637350988471538,-0.07602694625166466,0.964557904924047,-1.0,0.55,-0.030793436727354573,-0.2588190451025208,-0.9659258262890683,6,1.0,0.94623655,True
ZECUSDT,trend_ema__directionboth_fast12_rsi_threshold58.0_slow89,trend_ema,2026-02-15 13:15:00+00:00,2026-02-15 13:30:00+00:00,short,0.02871326380855889,0.029513263808558888,target,1,0.28044899379775073,1,True,False,False,0.005050461613964061,0.033001941412553686,0,0,0.03048522048798674,304.1,305.59,301.33,301.84,24035.93,2026-02-15 13:29:59.999000+00:00,7300855.39718,37167,10552.423,3206131.99896,-0.007459519027264071,-0.01997540875988681,-0.022148864273005654,-2.575583234956287,0.530516431924895,0.349765258215952,0.11971830985915305,0.014113437582825308,35.97755031011246,-0.31720025523309214,-0.019671263550920266,-0.02839999807397188,-0.005948101270345618,-0.004105571441494149,0.03698416481103433,-0.9700707188089697,3.637350988471538,-0.07602694625166466,0.964557904924047,-1.0,0.55,-0.030793436727354573,-0.2588190451025208,-0.9659258262890683,6,1.0,0.94623655,True
ZECUSDT,trend_ema__directionboth_fast12_rsi_threshold52.0_slow89,trend_ema,2026-02-15 13:15:00+00:00,2026-02-15 13:30:00+00:00,short,0.02871326380855889,0.029513263808558888,target,1,0.28044899379775073,1,True,False,False,0.005050461613964061,0.033001941412553686,0,0,0.02664325167894921,304.1,305.59,301.33,301.84,24035.93,2026-02-15 13:29:59.999000+00:00,7300855.39718,37167,10552.423,3206131.99896,-0.007459519027264071,-0.01997540875988681,-0.022148864273005654,-2.575583234956287,0.530516431924895,0.349765258215952,0.11971830985915305,0.014113437582825308,35.97755031011246,-0.31720025523309214,-0.019671263550920266,-0.02839999807397188,-0.005948101270345618,-0.004105571441494149,0.03698416481103433,-0.9700707188089697,3.637350988471538,-0.07602694625166466,0.964557904924047,-1.0,0.55,-0.030793436727354573,-0.2588190451025208,-0.9659258262890683,6,1.0,0.94623655,True
ZECUSDT,trend_ema__directionshort_only_fast12_rsi_threshold52.0_slow89,trend_ema,2026-02-15 13:15:00+00:00,2026-02-15 13:30:00+00:00,short,0.02871326380855889,0.029513263808558888,target,1,0.28044899379775073,1,True,False,False,0.005050461613964061,0.033001941412553686,0,0,0.029818199117039073,304.1,305.59,301.33,301.84,24035.93,2026-02-15 13:29:59.999000+00:00,7300855.39718,37167,10552.423,3206131.99896,-0.007459519027264071,-0.01997540875988681,-0.022148864273005654,-2.575583234956287,0.530516431924895,0.349765258215952,0.11971830985915305,0.014113437582825308,35.97755031011246,-0.31720025523309214,-0.019671263550920266,-0.02839999807397188,-0.005948101270345618,-0.004105571441494149,0.03698416481103433,-0.9700707188089697,3.637350988471538,-0.07602694625166466,0.964557904924047,-1.0,0.55,-0.030793436727354573,-0.2588190451025208,-0.9659258262890683,6,1.0,0.94623655,True
DOGEUSDT,trend_ema__directionshort_only_fast21_rsi_threshold58.0_slow55,trend_ema,2026-02-15 13:45:00+00:00,2026-02-15 17:45:00+00:00,short,0.027237536717301395,0.028037536717301394,target,16,0.4753314240601148,1,True,False,False,0.008746506060936797,0.04579032511068906,0,0,0.01988645638592395,0.1082,0.10851,0.10715,0.10755,174117352.0,2026-02-15 13:59:59.999000+00:00,18757303.95789,44691,76983777.0,8295520.67418,-0.006025510698642112,-0.009807628578205569,-0.062356924216645834,-1.2848586613245148,0.4779411764705866,0.22794117647058149,0.2941176470588319,0.012645281264528126,26.23342879699426,-0.0005709902944647089,-0.036225297521479315,-0.04237836895740043,-0.010221060070394916,-0.006909693267944106,0.08174392442282676,-0.9984094404914936,0.0012237623859052609,0.5032015005412631,1.3535547762965388,-1.0,0.74,-0.06299006795608975,-0.2588190451025208,-0.9659258262890683,6,1.0,0.92105263,True
DOGEUSDT,trend_ema__directionboth_fast21_rsi_threshold58.0_slow55,trend_ema,2026-02-15 13:45:00+00:00,2026-02-15 17:45:00+00:00,short,0.027237536717301395,0.028037536717301394,target,16,0.4753314240601148,1,True,False,False,0.008746506060936797,0.04579032511068906,0,0,0.01641276366352832,0.1082,0.10851,0.10715,0.10755,174117352.0,2026-02-15 13:59:59.999000+00:00,18757303.95789,44691,76983777.0,8295520.67418,-0.006025510698642112,-0.009807628578205569,-0.062356924216645834,-1.2848586613245148,0.4779411764705866,0.22794117647058149,0.2941176470588319,0.012645281264528126,26.23342879699426,-0.0005709902944647089,-0.036225297521479315,-0.04237836895740043,-0.010221060070394916,-0.006909693267944106,0.08174392442282676,-0.9984094404914936,0.0012237623859052609,0.5032015005412631,1.3535547762965388,-1.0,0.74,-0.06299006795608975,-0.2588190451025208,-0.9659258262890683,6,1.0,0.92105263,True
DOGEUSDT,trend_ema__directionshort_only_fast21_rsi_threshold55.0_slow55,trend_ema,2026-02-15 13:45:00+00:00,2026-02-15 17:45:00+00:00,short,0.027237536717301395,0.028037536717301394,target,16,0.4753314240601148,1,True,False,False,0.008746506060936797,0.04579032511068906,0,0,0.012939070941132691,0.1082,0.10851,0.10715,0.10755,174117352.0,2026-02-15 13:59:59.999000+00:00,18757303.95789,44691,76983777.0,8295520.67418,-0.006025510698642112,-0.009807628578205569,-0.062356924216645834,-1.2848586613245148,0.4779411764705866,0.22794117647058149,0.2941176470588319,0.012645281264528126,26.23342879699426,-0.0005709902944647089,-0.036225297521479315,-0.04237836895740043,-0.010221060070394916,-0.006909693267944106,0.08174392442282676,-0.9984094404914936,0.0012237623859052609,0.5032015005412631,1.3535547762965388,-1.0,0.74,-0.06299006795608975,-0.2588190451025208,-0.9659258262890683,6,1.0,0.92105263,True
DOGEUSDT,trend_ema__directionshort_only_fast9_rsi_threshold55.0_slow89,trend_ema,2026-02-15 13:45:00+00:00,2026-02-15 17:45:00+00:00,short,0.027237536717301395,0.028037536717301394,target,16,0.4753314240601148,1,True,False,False,0.008746506060936797,0.04579032511068906,0,0,0.00946537821873706,0.1082,0.10851,0.10715,0.10755,174117352.0,2026-02-15 13:59:59.999000+00:00,18757303.95789,44691,76983777.0,8295520.67418,-0.006025510698642112,-0.009807628578205569,-0.062356924216645834,-1.2848586613245148,0.4779411764705866,0.22794117647058149,0.2941176470588319,0.012645281264528126,26.23342879699426,-0.0005709902944647089,-0.036225297521479315,-0.04237836895740043,-0.010221060070394916,-0.006909693267944106,0.08174392442282676,-0.9984094404914936,0.0012237623859052609,0.5032015005412631,1.3535547762965388,-1.0,0.74,-0.06299006795608975,-0.2588190451025208,-0.9659258262890683,6,1.0,0.92105263,True
DOGEUSDT,trend_ema__directionboth_fast12_rsi_threshold52.0_slow89,trend_ema,2026-02-15 14:00:00+00:00,2026-02-15 17:45:00+00:00,short,0.027647982005437163,0.02844798200543716,target,15,0.484236067840111,1,True,False,False,0.014748716584170436,0.040112617859581125,0,0,0.02687488635952879,0.10756,0.1082,0.1068,0.10739,158328840.0,2026-02-15 14:14:59.999000+00:00,17029567.92096,49541,74788259.0,8047486.97608,-0.0014887878436140132,-0.022739760044349244,-0.053307281342497105,-3.1305860629162403,0.12142857142857405,0.45714285714285885,0.4214285714285671,0.013036595586181194,25.78819660799445,-0.0005587565226377923,-0.03417210266995996,-0.042208604789771835,-0.010524264283977569,-0.007073047190019666,0.08714959780562083,-0.8969507906933076,0.0012363507869120277,0.2970750353656896,1.2026091479085728,-1.0,0.64,-0.06438403903119005,-0.4999999999999997,-0.8660254037844388,6,1.0,0.94623655,True
DOGEUSDT,trend_ema__directionshort_only_fast12_rsi_threshold58.0_slow89,trend_ema,2026-02-15 14:00:00+00:00,2026-02-15 17:45:00+00:00,short,0.027647982005437163,0.02844798200543716,target,15,0.484236067840111,1,True,False,False,0.014748716584170436,0.040112617859581125,0,0,0.027360670303742125,0.10756,0.1082,0.1068,0.10739,158328840.0,2026-02-15 14:14:59.999000+00:00,17029567.92096,49541,74788259.0,8047486.97608,-0.0014887878436140132,-0.022739760044349244,-0.053307281342497105,-3.1305860629162403,0.12142857142857405,0.45714285714285885,0.4214285714285671,0.013036595586181194,25.78819660799445,-0.0005587565226377923,-0.03417210266995996,-0.042208604789771835,-0.010524264283977569,-0.007073047190019666,0.08714959780562083,-0.8969507906933076,0.0012363507869120277,0.2970750353656896,1.2026091479085728,-1.0,0.64,-0.06438403903119005,-0.4999999999999997,-0.8660254037844388,6,1.0,0.94623655,True
DOGEUSDT,trend_ema__directionboth_fast12_rsi_threshold58.0_slow89,trend_ema,2026-02-15 14:00:00+00:00,2026-02-15 17:45:00+00:00,short,0.027647982005437163,0.02844798200543716,target,15,0.484236067840111,1,True,False,False,0.014748716584170436,0.040112617859581125,0,0,0.027319625774928545,0.10756,0.1082,0.1068,0.10739,158328840.0,2026-02-15 14:14:59.999000+00:00,17029567.92096,49541,74788259.0,8047486.97608,-0.0014887878436140132,-0.022739760044349244,-0.053307281342497105,-3.1305860629162403,0.12142857142857405,0.45714285714285885,0.4214285714285671,0.013036595586181194,25.78819660799445,-0.0005587565226377923,-0.03417210266995996,-0.042208604789771835,-0.010524264283977569,-0.007073047190019666,0.08714959780562083,-0.8969507906933076,0.0012363507869120277,0.2970750353656896,1.2026091479085728,-1.0,0.64,-0.06438403903119005,-0.4999999999999997,-0.8660254037844388,6,1.0,0.94623655,True
DOGEUSDT,trend_ema__directionshort_only_fast12_rsi_threshold52.0_slow89,trend_ema,2026-02-15 14:00:00+00:00,2026-02-15 17:45:00+00:00,short,0.027647982005437163,0.02844798200543716,target,15,0.484236067840111,1,True,False,False,0.014748716584170436,0.040112617859581125,0,0,0.027401714832555702,0.10756,0.1082,0.1068,0.10739,158328840.0,2026-02-15 14:14:59.999000+00:00,17029567.92096,49541,74788259.0,8047486.97608,-0.0014887878436140132,-0.022739760044349244,-0.053307281342497105,-3.1305860629162403,0.12142857142857405,0.45714285714285885,0.4214285714285671,0.013036595586181194,25.78819660799445,-0.0005587565226377923,-0.03417210266995996,-0.042208604789771835,-0.010524264283977569,-0.007073047190019666,0.08714959780562083,-0.8969507906933076,0.0012363507869120277,0.2970750353656896,1.2026091479085728,-1.0,0.64,-0.06438403903119005,-0.4999999999999997,-0.8660254037844388,6,1.0,0.94623655,True
DOGEUSDT,trend_ema__directionboth_fast12_rsi_threshold55.0_slow89,trend_ema,2026-02-15 14:00:00+00:00,2026-02-15 17:45:00+00:00,short,0.027647982005437163,0.02844798200543716,target,15,0.484236067840111,1,True,False,False,0.014748716584170436,0.040112617859581125,0,0,0.02744275936136928,0.10756,0.1082,0.1068,0.10739,158328840.0,2026-02-15 14:14:59.999000+00:00,17029567.92096,49541,74788259.0,8047486.97608,-0.0014887878436140132,-0.022739760044349244,-0.053307281342497105,-3.1305860629162403,0.12142857142857405,0.45714285714285885,0.4214285714285671,0.013036595586181194,25.78819660799445,-0.0005587565226377923,-0.03417210266995996,-0.042208604789771835,-0.010524264283977569,-0.007073047190019666,0.08714959780562083,-0.8969507906933076,0.0012363507869120277,0.2970750353656896,1.2026091479085728,-1.0,0.64,-0.06438403903119005,-0.4999999999999997,-0.8660254037844388,6,1.0,0.94623655,True
DOGEUSDT,trend_ema__directionshort_only_fast12_rsi_threshold55.0_slow89,trend_ema,2026-02-15 14:00:00+00:00,2026-02-15 17:45:00+00:00,short,0.027647982005437163,0.02844798200543716,target,15,0.484236067840111,1,True,False,False,0.014748716584170436,0.040112617859581125,0,0,0.023360149108319583,0.10756,0.1082,0.1068,0.10739,158328840.0,2026-02-15 14:14:59.999000+00:00,17029567.92096,49541,74788259.0,8047486.97608,-0.0014887878436140132,-0.022739760044349244,-0.053307281342497105,-3.1305860629162403,0.12142857142857405,0.45714285714285885,0.4214285714285671,0.013036595586181194,25.78819660799445,-0.0005587565226377923,-0.03417210266995996,-0.042208604789771835,-0.010524264283977569,-0.007073047190019666,0.08714959780562083,-0.8969507906933076,0.0012363507869120277,0.2970750353656896,1.2026091479085728,-1.0,0.64,-0.06438403903119005,-0.4999999999999997,-0.8660254037844388,6,1.0,0.94623655,True
SOLUSDT,trend_ema__directionboth_fast21_rsi_threshold58.0_slow89,trend_ema,2026-02-15 15:15:00+00:00,2026-02-15 17:45:00+00:00,short,0.015840950644874584,0.016640950644874582,target,10,0.2900816382412583,1,True,False,False,0.0034625339986469163,0.021438414483049645,0,0,0.01718323179398721,87.56,87.57,86.95,86.96,236383.82,2026-02-15 15:29:59.999000+00:00,20617877.8922,20442,99259.73,8657282.5829,-0.006876029841708318,-0.003329318269582628,-0.026665220882840752,-0.5688925884746262,0.9677419354838998,0.016129032258050097,0.016129032258050097,0.007129714811407433,35.495918087937085,-0.09462424789958196,-0.01217753008574645,-0.017387426080371984,-0.002992592828140017,-0.0029054130067002193,0.04664886969086418,-0.6159321379331856,0.5854062854529402,-0.42891489695321944,0.6770444101523672,-1.0,0.96,-0.028488437046140236,-0.7071067811865471,-0.7071067811865479,6,1.0,0.92105263,True
SOLUSDT,trend_ema__directionshort_only_fast21_rsi_threshold58.0_slow89,trend_ema,2026-02-15 15:15:00+00:00,2026-02-15 17:45:00+00:00,short,0.015840950644874584,0.016640950644874582,target,10,0.2900816382412583,1,True,False,False,0.0034625339986469163,0.021438414483049645,0,0,0.01737498624386044,87.56,87.57,86.95,86.96,236383.82,2026-02-15 15:29:59.999000+00:00,20617877.8922,20442,99259.73,8657282.5829,-0.006876029841708318,-0.003329318269582628,-0.026665220882840752,-0.5688925884746262,0.9677419354838998,0.016129032258050097,0.016129032258050097,0.007129714811407433,35.495918087937085,-0.09462424789958196,-0.01217753008574645,-0.017387426080371984,-0.002992592828140017,-0.0029054130067002193,0.04664886969086418,-0.6159321379331856,0.5854062854529402,-0.42891489695321944,0.6770444101523672,-1.0,0.96,-0.028488437046140236,-0.7071067811865471,-0.7071067811865479,6,1.0,0.92105263,True
SOLUSDT,trend_ema__directionshort_only_fast21_rsi_threshold52.0_slow89,trend_ema,2026-02-15 15:15:00+00:00,2026-02-15 17:45:00+00:00,short,0.015840950644874584,0.016640950644874582,target,10,0.2900816382412583,1,True,False,False,0.0034625339986469163,0.021438414483049645,0,0,0.0177584951436069,87.56,87.57,86.95,86.96,236383.82,2026-02-15 15:29:59.999000+00:00,20617877.8922,20442,99259.73,8657282.5829,-0.006876029841708318,-0.003329318269582628,-0.026665220882840752,-0.5688925884746262,0.9677419354838998,0.016129032258050097,0.016129032258050097,0.007129714811407433,35.495918087937085,-0.09462424789958196,-0.01217753008574645,-0.017387426080371984,-0.002992592828140017,-0.0029054130067002193,0.04664886969086418,-0.6159321379331856,0.5854062854529402,-0.42891489695321944,0.6770444101523672,-1.0,0.96,-0.028488437046140236,-0.7071067811865471,-0.7071067811865479,6,1.0,0.92105263,True
SOLUSDT,trend_ema__directionshort_only_fast21_rsi_threshold55.0_slow89,trend_ema,2026-02-15 15:15:00+00:00,2026-02-15 17:45:00+00:00,short,0.015840950644874584,0.016640950644874582,target,10,0.2900816382412583,1,True,False,False,0.0034625339986469163,0.021438414483049645,0,0,0.017566740693733672,87.56,87.57,86.95,86.96,236383.82,2026-02-15 15:29:59.999000+00:00,20617877.8922,20442,99259.73,8657282.5829,-0.006876029841708318,-0.003329318269582628,-0.026665220882840752,-0.5688925884746262,0.9677419354838998,0.016129032258050097,0.016129032258050097,0.007129714811407433,35.495918087937085,-0.09462424789958196,-0.01217753008574645,-0.017387426080371984,-0.002992592828140017,-0.0029054130067002193,0.04664886969086418,-0.6159321379331856,0.5854062854529402,-0.42891489695321944,0.6770444101523672,-1.0,0.96,-0.028488437046140236,-0.7071067811865471,-0.7071067811865479,6,1.0,0.92105263,True
XRPUSDT,trend_ema__directionboth_fast21_rsi_threshold58.0_slow89,trend_ema,2026-02-15 17:15:00+00:00,2026-02-15 17:45:00+00:00,short,0.020155699010816066,0.020955699010816065,target,2,0.28516711879960865,1,True,False,False,0.0001500225033755281,0.024427087872391007,0,0,0.02403000346516851,1.5179,1.5179,1.508,1.511,8593564.2,2026-02-15 17:29:59.999000+00:00,12983134.65039,24008,3960202.6,5981680.72242,-0.004621995682835788,-0.005609650084108348,-0.008632388619064426,-0.9112464475017027,0.6969696969697086,0.0,0.3030303030302915,0.006551952349437473,35.74164406001957,0.0005166326343620364,-0.012328311531654998,-0.020405989402321245,-0.003034937680160832,-0.003532426913817832,0.02320256708336341,-0.7338773473640656,0.012527156999784241,-0.8598385900683899,0.5070320285677393,-1.0,0.66,-0.024216984178237033,-0.9659258262890683,-0.25881904510252063,6,2.0,0.92105263,True
XRPUSDT,trend_ema__directionshort_only_fast21_rsi_threshold52.0_slow89,trend_ema,2026-02-15 17:15:00+00:00,2026-02-15 17:45:00+00:00,short,0.020155699010816066,0.020955699010816065,target,2,0.28516711879960865,1,True,False,False,0.0001500225033755281,0.024427087872391007,0,0,0.023454681672750517,1.5179,1.5179,1.508,1.511,8593564.2,2026-02-15 17:29:59.999000+00:00,12983134.65039,24008,3960202.6,5981680.72242,-0.004621995682835788,-0.005609650084108348,-0.008632388619064426,-0.9112464475017027,0.6969696969697086,0.0,0.3030303030302915,0.006551952349437473,35.74164406001957,0.0005166326343620364,-0.012328311531654998,-0.020405989402321245,-0.003034937680160832,-0.003532426913817832,0.02320256708336341,-0.7338773473640656,0.012527156999784241,-0.8598385900683899,0.5070320285677393,-1.0,0.66,-0.024216984178237033,-0.9659258262890683,-0.25881904510252063,6,2.0,0.92105263,True
XRPUSDT,trend_ema__directionshort_only_fast21_rsi_threshold58.0_slow89,trend_ema,2026-02-15 17:15:00+00:00,2026-02-15 17:45:00+00:00,short,0.020155699010816066,0.020955699010816065,target,2,0.28516711879960865,1,True,False,False,0.0001500225033755281,0.024427087872391007,0,0,0.02518064705000449,1.5179,1.5179,1.508,1.511,8593564.2,2026-02-15 17:29:59.999000+00:00,12983134.65039,24008,3960202.6,5981680.72242,-0.004621995682835788,-0.005609650084108348,-0.008632388619064426,-0.9112464475017027,0.6969696969697086,0.0,0.3030303030302915,0.006551952349437473,35.74164406001957,0.0005166326343620364,-0.012328311531654998,-0.020405989402321245,-0.003034937680160832,-0.003532426913817832,0.02320256708336341,-0.7338773473640656,0.012527156999784241,-0.8598385900683899,0.5070320285677393,-1.0,0.66,-0.024216984178237033,-0.9659258262890683,-0.25881904510252063,6,2.0,0.92105263,True
XRPUSDT,trend_ema__directionshort_only_fast21_rsi_threshold55.0_slow89,trend_ema,2026-02-15 17:15:00+00:00,2026-02-15 17:45:00+00:00,short,0.020155699010816066,0.020955699010816065,target,2,0.28516711879960865,1,True,False,False,0.0001500225033755281,0.024427087872391007,0,0,0.024605325257586498,1.5179,1.5179,1.508,1.511,8593564.2,2026-02-15 17:29:59.999000+00:00,12983134.65039,24008,3960202.6,5981680.72242,-0.004621995682835788,-0.005609650084108348,-0.008632388619064426,-0.9112464475017027,0.6969696969697086,0.0,0.3030303030302915,0.006551952349437473,35.74164406001957,0.0005166326343620364,-0.012328311531654998,-0.020405989402321245,-0.003034937680160832,-0.003532426913817832,0.02320256708336341,-0.7338773473640656,0.012527156999784241,-0.8598385900683899,0.5070320285677393,-1.0,0.66,-0.024216984178237033,-0.9659258262890683,-0.25881904510252063,6,2.0,0.92105263,True
DOGEUSDT,trend_ema__directionshort_only_fast12_rsi_threshold55.0_slow34,trend_ema,2026-02-16 11:15:00+00:00,2026-02-16 12:15:00+00:00,short,-0.009081659004596163,-0.008281659004596162,stop,4,0.20720821570985534,0,False,True,False,0.011450597526748266,0.011150552519997265,0,0,0.02674462733762752,0.10178,0.1019,0.10063,0.10165,197772326.0,2026-02-16 11:29:59.999000+00:00,20001751.93651,38324,82069555.0,8303429.51722,-0.0011798251294844967,-0.008619898607644111,-0.0036333324204247883,-2.7834193031081913,0.10236220472440197,0.09448818897638449,0.8031496062992135,0.01249385145105762,39.63958921450723,-6.142476278657761e-05,-0.00686754736011611,-0.011464264914135824,-0.0012016829689157627,-0.0012327312221072084,0.016640637639686807,-0.831909289054686,0.0006124357441046216,3.03923824614907,3.221454005643487,-1.0,0.08,-0.014159635340897925,0.258819045102521,-0.9659258262890682,0,1.0,0.92105263,True
ZECUSDT,trend_ema__directionlong_only_fast9_rsi_threshold58.0_slow89,trend_ema,2026-02-16 12:30:00+00:00,2026-02-16 13:00:00+00:00,long,0.025681232637047493,0.02648123263704749,target,2,0.3136573695651657,1,True,False,False,0.011054634668872729,0.04005676456082338,0,0,0.007443553438118417,298.91,299.01,295.65,297.81,22015.701,2026-02-16 12:44:59.999000+00:00,6542529.18624,37398,9864.106,2931632.74635,-0.003854085907488186,0.015191536044141519,0.042634073767311056,2.3973163726738234,0.3273809523809578,0.02976190476189449,0.6428571428571477,0.011282361237030367,65.68286847825829,1.205035908200803,0.019975822792829608,0.021865347996477272,0.007116593516973024,0.0038523079831391804,0.06629008661307478,0.8093159202822323,3.180485812950023,0.4296262016839134,1.2176307675138578,1.0,0.53,-0.003846668450628754,1.2246467991473532e-16,-1.0,0,1.0,0.8378378,True
ZECUSDT,trend_ema__directionboth_fast9_rsi_threshold58.0_slow89,trend_ema,2026-02-16 12:30:00+00:00,2026-02-16 13:00:00+00:00,long,0.025681232637047493,0.02648123263704749,target,2,0.3136573695651657,1,True,False,False,0.011054634668872729,0.04005676456082338,0,0,0.004004207436758512,298.91,299.01,295.65,297.81,22015.701,2026-02-16 12:44:59.999000+00:00,6542529.18624,37398,9864.106,2931632.74635,-0.003854085907488186,0.015191536044141519,0.042634073767311056,2.3973163726738234,0.3273809523809578,0.02976190476189449,0.6428571428571477,0.011282361237030367,65.68286847825829,1.205035908200803,0.019975822792829608,0.021865347996477272,0.007116593516973024,0.0038523079831391804,0.06629008661307478,0.8093159202822323,3.180485812950023,0.4296262016839134,1.2176307675138578,1.0,0.53,-0.003846668450628754,1.2246467991473532e-16,-1.0,0,1.0,0.8378378,True
SOLUSDT,trend_ema__directionshort_only_fast12_rsi_threshold55.0_slow34,trend_ema,2026-02-16 13:45:00+00:00,2026-02-16 15:30:00+00:00,short,0.017979266665223547,0.018779266665223546,target,7,0.329114613080171,1,True,False,False,0.002163349961345519,0.022825596722871433,0,0,0.016991477344113975,84.45,84.51,83.79,84.1,695729.18,2026-02-16 13:59:59.999000+00:00,58480667.8529,50425,305419.89,25681208.7667,-0.004034656001217511,-0.02385121582217991,-0.021526444346229454,-4.630493864567891,0.4861111111111237,0.08333333333333662,0.43055555555553965,0.008561236623067764,33.54426934599145,-0.1560302386101955,-0.01512642494849183,-0.017213085444933798,-0.0037054516831083184,-0.001102508489658649,0.02817696336910783,-1.2120210774932783,0.6403921538779849,1.4980768745342181,2.3415362738213714,-1.0,0.81,-0.025040575005796595,-0.2588190451025208,-0.9659258262890683,0,1.0,0.94623655,True
BTCUSDT,trend_ema__directionshort_only_fast21_rsi_threshold58.0_slow89,trend_ema,2026-02-16 14:00:00+00:00,2026-02-16 15:30:00+00:00,short,0.012822879447440087,0.013622879447440088,target,6,0.1716855625877129,1,True,False,False,0.004962354245537472,0.016025206262085704,0,0,0.010796097534572271,68355.5,68540.7,68208.6,68373.8,3065.915,2026-02-16 14:14:59.999000+00:00,209646053.0098,96095,1462.685,100041161.9107,0.00026621926385235803,-0.018223032442921273,-0.007859482458865195,-4.058622784868141,0.055103884372187266,0.5025594700391405,0.4423366455886722,0.004857123635076466,41.415721870614355,-85.58372479840678,-0.006223956802655302,-0.005663001829824475,-0.002162688802968993,-0.00037641660488885176,0.023807305627305868,-0.5996467190841304,369.54336375337306,0.44474515085362354,1.4555180912162935,1.0,0.98,-0.019580064612062298,-0.4999999999999997,-0.8660254037844388,0,1.0,0.92105263,True
BTCUSDT,trend_ema__directionshort_only_fast9_rsi_threshold55.0_slow89,trend_ema,2026-02-16 14:00:00+00:00,2026-02-16 15:30:00+00:00,short,0.012822879447440087,0.013622879447440088,target,6,0.1716855625877129,1,True,False,False,0.004962354245537472,0.016025206262085704,0,0,0.01108894422342814,68355.5,68540.7,68208.6,68373.8,3065.915,2026-02-16 14:14:59.999000+00:00,209646053.0098,96095,1462.685,100041161.9107,0.00026621926385235803,-0.018223032442921273,-0.007859482458865195,-4.058622784868141,0.055103884372187266,0.5025594700391405,0.4423366455886722,0.004857123635076466,41.415721870614355,-85.58372479840678,-0.006223956802655302,-0.005663001829824475,-0.002162688802968993,-0.00037641660488885176,0.023807305627305868,-0.5996467190841304,369.54336375337306,0.44474515085362354,1.4555180912162935,1.0,0.98,-0.019580064612062298,-0.4999999999999997,-0.8660254037844388,0,1.0,0.92105263,True
BTCUSDT,trend_ema__directionboth_fast9_rsi_threshold58.0_slow89,trend_ema,2026-02-16 14:00:00+00:00,2026-02-16 15:30:00+00:00,short,0.012822879447440087,0.013622879447440088,target,6,0.1716855625877129,1,True,False,False,0.004962354245537472,0.016025206262085704,0,0,0.009917557468004665,68355.5,68540.7,68208.6,68373.8,3065.915,2026-02-16 14:14:59.999000+00:00,209646053.0098,96095,1462.685,100041161.9107,0.00026621926385235803,-0.018223032442921273,-0.007859482458865195,-4.058622784868141,0.055103884372187266,0.5025594700391405,0.4423366455886722,0.004857123635076466,41.415721870614355,-85.58372479840678,-0.006223956802655302,-0.005663001829824475,-0.002162688802968993,-0.00037641660488885176,0.023807305627305868,-0.5996467190841304,369.54336375337306,0.44474515085362354,1.4555180912162935,1.0,0.98,-0.019580064612062298,-0.4999999999999997,-0.8660254037844388,0,1.0,0.92105263,True
BTCUSDT,trend_ema__directionshort_only_fast21_rsi_threshold52.0_slow89,trend_ema,2026-02-16 14:00:00+00:00,2026-02-16 15:30:00+00:00,short,0.012822879447440087,0.013622879447440088,target,6,0.1716855625877129,1,True,False,False,0.004962354245537472,0.016025206262085704,0,0,0.010210404156860534,68355.5,68540.7,68208.6,68373.8,3065.915,2026-02-16 14:14:59.999000+00:00,209646053.0098,96095,1462.685,100041161.9107,0.00026621926385235803,-0.018223032442921273,-0.007859482458865195,-4.058622784868141,0.055103884372187266,0.5025594700391405,0.4423366455886722,0.004857123635076466,41.415721870614355,-85.58372479840678,-0.006223956802655302,-0.005663001829824475,-0.002162688802968993,-0.00037641660488885176,0.023807305627305868,-0.5996467190841304,369.54336375337306,0.44474515085362354,1.4555180912162935,1.0,0.98,-0.019580064612062298,-0.4999999999999997,-0.8660254037844388,0,1.0,0.92105263,True
BTCUSDT,trend_ema__directionboth_fast21_rsi_threshold58.0_slow89,trend_ema,2026-02-16 14:00:00+00:00,2026-02-16 15:30:00+00:00,short,0.012822879447440087,0.013622879447440088,target,6,0.1716855625877129,1,True,False,False,0.004962354245537472,0.016025206262085704,0,0,0.010503250845716402,68355.5,68540.7,68208.6,68373.8,3065.915,2026-02-16 14:14:59.999000+00:00,209646053.0098,96095,1462.685,100041161.9107,0.00026621926385235803,-0.018223032442921273,-0.007859482458865195,-4.058622784868141,0.055103884372187266,0.5025594700391405,0.4423366455886722,0.004857123635076466,41.415721870614355,-85.58372479840678,-0.006223956802655302,-0.005663001829824475,-0.002162688802968993,-0.00037641660488885176,0.023807305627305868,-0.5996467190841304,369.54336375337306,0.44474515085362354,1.4555180912162935,1.0,0.98,-0.019580064612062298,-0.4999999999999997,-0.8660254037844388,0,1.0,0.92105263,True
BTCUSDT,trend_ema__directionshort_only_fast9_rsi_threshold52.0_slow89,trend_ema,2026-02-16 14:00:00+00:00,2026-02-16 15:30:00+00:00,short,0.012822879447440087,0.013622879447440088,target,6,0.1716855625877129,1,True,False,False,0.004962354245537472,0.016025206262085704,0,0,0.01138179091228401,68355.5,68540.7,68208.6,68373.8,3065.915,2026-02-16 14:14:59.999000+00:00,209646053.0098,96095,1462.685,100041161.9107,0.00026621926385235803,-0.018223032442921273,-0.007859482458865195,-4.058622784868141,0.055103884372187266,0.5025594700391405,0.4423366455886722,0.004857123635076466,41.415721870614355,-85.58372479840678,-0.006223956802655302,-0.005663001829824475,-0.002162688802968993,-0.00037641660488885176,0.023807305627305868,-0.5996467190841304,369.54336375337306,0.44474515085362354,1.4555180912162935,1.0,0.98,-0.019580064612062298,-0.4999999999999997,-0.8660254037844388,0,1.0,0.92105263,True
BTCUSDT,trend_ema__directionshort_only_fast21_rsi_threshold55.0_slow89,trend_ema,2026-02-16 14:00:00+00:00,2026-02-16 15:30:00+00:00,short,0.012822879447440087,0.013622879447440088,target,6,0.1716855625877129,1,True,False,False,0.004962354245537472,0.016025206262085704,0,0,0.011674637601139879,68355.5,68540.7,68208.6,68373.8,3065.915,2026-02-16 14:14:59.999000+00:00,209646053.0098,96095,1462.685,100041161.9107,0.00026621926385235803,-0.018223032442921273,-0.007859482458865195,-4.058622784868141,0.055103884372187266,0.5025594700391405,0.4423366455886722,0.004857123635076466,41.415721870614355,-85.58372479840678,-0.006223956802655302,-0.005663001829824475,-0.002162688802968993,-0.00037641660488885176,0.023807305627305868,-0.5996467190841304,369.54336375337306,0.44474515085362354,1.4555180912162935,1.0,0.98,-0.019580064612062298,-0.4999999999999997,-0.8660254037844388,0,1.0,0.92105263,True
BTCUSDT,trend_ema__directionshort_only_fast12_rsi_threshold55.0_slow89,trend_ema,2026-02-16 14:15:00+00:00,2026-02-16 15:30:00+00:00,short,0.012713924344225578,0.013513924344225579,target,5,0.2048152026988427,1,True,False,False,0.004694849125187712,0.016287124825012968,0,0,0.012768401895832832,68373.7,68607.8,68224.5,68274.3,2276.271,2026-02-16 14:29:59.999000+00:00,155789648.4266,87990,1109.316,75929765.458,-0.0014562956614096992,-0.004381497768595903,-0.007133849197242154,-0.9772472091197554,0.2593268979911125,0.610748760761816,0.12992434124707156,0.005614118343212642,39.759239865057864,-101.02925251548109,-0.006957966387432054,-0.006849058028722468,-0.0021224443348624167,-0.0011346831778737965,0.024997076420848054,-0.6489198860329569,370.52598062813234,0.05233197672253416,1.0516694789983139,1.0,0.96,-0.02100680677896105,-0.4999999999999997,-0.8660254037844388,0,1.0,0.92105263,True
BTCUSDT,trend_ema__directionboth_fast12_rsi_threshold52.0_slow89,trend_ema,2026-02-16 14:15:00+00:00,2026-02-16 15:30:00+00:00,short,0.012713924344225578,0.013513924344225579,target,5,0.2048152026988427,1,True,False,False,0.004694849125187712,0.016287124825012968,0,0,0.012790192916475734,68373.7,68607.8,68224.5,68274.3,2276.271,2026-02-16 14:29:59.999000+00:00,155789648.4266,87990,1109.316,75929765.458,-0.0014562956614096992,-0.004381497768595903,-0.007133849197242154,-0.9772472091197554,0.2593268979911125,0.610748760761816,0.12992434124707156,0.005614118343212642,39.759239865057864,-101.02925251548109,-0.006957966387432054,-0.006849058028722468,-0.0021224443348624167,-0.0011346831778737965,0.024997076420848054,-0.6489198860329569,370.52598062813234,0.05233197672253416,1.0516694789983139,1.0,0.96,-0.02100680677896105,-0.4999999999999997,-0.8660254037844388,0,1.0,0.92105263,True
BTCUSDT,trend_ema__directionshort_only_fast12_rsi_threshold52.0_slow89,trend_ema,2026-02-16 14:15:00+00:00,2026-02-16 15:30:00+00:00,short,0.012713924344225578,0.013513924344225579,target,5,0.2048152026988427,1,True,False,False,0.004694849125187712,0.016287124825012968,0,0,0.012779297406154282,68373.7,68607.8,68224.5,68274.3,2276.271,2026-02-16 14:29:59.999000+00:00,155789648.4266,87990,1109.316,75929765.458,-0.0014562956614096992,-0.004381497768595903,-0.007133849197242154,-0.9772472091197554,0.2593268979911125,0.610748760761816,0.12992434124707156,0.005614118343212642,39.759239865057864,-101.02925251548109,-0.006957966387432054,-0.006849058028722468,-0.0021224443348624167,-0.0011346831778737965,0.024997076420848054,-0.6489198860329569,370.52598062813234,0.05233197672253416,1.0516694789983139,1.0,0.96,-0.02100680677896105,-0.4999999999999997,-0.8660254037844388,0,1.0,0.92105263,True
BTCUSDT,trend_ema__directionboth_fast12_rsi_threshold55.0_slow89,trend_ema,2026-02-16 14:15:00+00:00,2026-02-16 15:30:00+00:00,short,0.012713924344225578,0.013513924344225579,target,5,0.2048152026988427,1,True,False,False,0.004694849125187712,0.016287124825012968,0,0,0.012237863013968531,68373.7,68607.8,68224.5,68274.3,2276.271,2026-02-16 14:29:59.999000+00:00,155789648.4266,87990,1109.316,75929765.458,-0.0014562956614096992,-0.004381497768595903,-0.007133849197242154,-0.9772472091197554,0.2593268979911125,0.610748760761816,0.12992434124707156,0.005614118343212642,39.759239865057864,-101.02925251548109,-0.006957966387432054,-0.006849058028722468,-0.0021224443348624167,-0.0011346831778737965,0.024997076420848054,-0.6489198860329569,370.52598062813234,0.05233197672253416,1.0516694789983139,1.0,0.96,-0.02100680677896105,-0.4999999999999997,-0.8660254037844388,0,1.0,0.92105263,True
BTCUSDT,trend_ema__directionshort_only_fast12_rsi_threshold58.0_slow89,trend_ema,2026-02-16 14:15:00+00:00,2026-02-16 15:30:00+00:00,short,0.012713924344225578,0.013513924344225579,target,5,0.2048152026988427,1,True,False,False,0.004694849125187712,0.016287124825012968,0,0,0.011961698062714932,68373.7,68607.8,68224.5,68274.3,2276.271,2026-02-16 14:29:59.999000+00:00,155789648.4266,87990,1109.316,75929765.458,-0.0014562956614096992,-0.004381497768595903,-0.007133849197242154,-0.9772472091197554,0.2593268979911125,0.610748760761816,0.12992434124707156,0.005614118343212642,39.759239865057864,-101.02925251548109,-0.006957966387432054,-0.006849058028722468,-0.0021224443348624167,-0.0011346831778737965,0.024997076420848054,-0.6489198860329569,370.52598062813234,0.05233197672253416,1.0516694789983139,1.0,0.96,-0.02100680677896105,-0.4999999999999997,-0.8660254037844388,0,1.0,0.92105263,True
BTCUSDT,trend_ema__directionboth_fast12_rsi_threshold58.0_slow89,trend_ema,2026-02-16 14:15:00+00:00,2026-02-16 15:30:00+00:00,short,0.012713924344225578,0.013513924344225579,target,5,0.2048152026988427,1,True,False,False,0.004694849125187712,0.016287124825012968,0,0,0.012514027965222132,68373.7,68607.8,68224.5,68274.3,2276.271,2026-02-16 14:29:59.999000+00:00,155789648.4266,87990,1109.316,75929765.458,-0.0014562956614096992,-0.004381497768595903,-0.007133849197242154,-0.9772472091197554,0.2593268979911125,0.610748760761816,0.12992434124707156,0.005614118343212642,39.759239865057864,-101.02925251548109,-0.006957966387432054,-0.006849058028722468,-0.0021224443348624167,-0.0011346831778737965,0.024997076420848054,-0.6489198860329569,370.52598062813234,0.05233197672253416,1.0516694789983139,1.0,0.96,-0.02100680677896105,-0.4999999999999997,-0.8660254037844388,0,1.0,0.92105263,True
BTCUSDT,trend_ema__directionshort_only_fast21_rsi_threshold52.0_slow55,trend_ema,2026-02-16 14:45:00+00:00,2026-02-16 15:30:00+00:00,short,0.012652991248612678,0.013452991248612678,target,3,0.14168073748655885,1,True,False,False,0.0033198895478847206,0.017633369846788313,0,0,0.012752176944418492,68467.4,68684.4,68250.0,68386.7,1922.398,2026-02-16 14:59:59.999000+00:00,131567007.3065,60214,1053.242,72089750.291,-0.0011778977497040922,0.00045487022722636756,-0.005472905492652225,0.10021382579937556,0.18577348066297922,0.49953959484346894,0.31468692449355185,0.006352112325934636,42.91596312567206,-89.57045755831359,-0.0044425086976686914,-0.004839212545011401,-0.0015820942967367246,-0.0011099710095664461,0.0258255049619131,-0.4403002533548753,373.09689145997083,-0.1390186077254653,0.8672475440780242,-1.0,1.0,-0.019395089999469484,-0.4999999999999997,-0.8660254037844388,0,1.0,0.92105263,True
BTCUSDT,trend_ema__directionboth_fast21_rsi_threshold55.0_slow55,trend_ema,2026-02-16 14:45:00+00:00,2026-02-16 15:30:00+00:00,short,0.012652991248612678,0.013452991248612678,target,3,0.14168073748655885,1,True,False,False,0.0033198895478847206,0.017633369846788313,0,0,0.012735188124535751,68467.4,68684.4,68250.0,68386.7,1922.398,2026-02-16 14:59:59.999000+00:00,131567007.3065,60214,1053.242,72089750.291,-0.0011778977497040922,0.00045487022722636756,-0.005472905492652225,0.10021382579937556,0.18577348066297922,0.49953959484346894,0.31468692449355185,0.006352112325934636,42.91596312567206,-89.57045755831359,-0.0044425086976686914,-0.004839212545011401,-0.0015820942967367246,-0.0011099710095664461,0.0258255049619131,-0.4403002533548753,373.09689145997083,-0.1390186077254653,0.8672475440780242,-1.0,1.0,-0.019395089999469484,-0.4999999999999997,-0.8660254037844388,0,1.0,0.92105263,True
BTCUSDT,trend_ema__directionshort_only_fast21_rsi_threshold55.0_slow55,trend_ema,2026-02-16 14:45:00+00:00,2026-02-16 15:30:00+00:00,short,0.012652991248612678,0.013452991248612678,target,3,0.14168073748655885,1,True,False,False,0.0033198895478847206,0.017633369846788313,0,0,0.012718199304653007,68467.4,68684.4,68250.0,68386.7,1922.398,2026-02-16 14:59:59.999000+00:00,131567007.3065,60214,1053.242,72089750.291,-0.0011778977497040922,0.00045487022722636756,-0.005472905492652225,0.10021382579937556,0.18577348066297922,0.49953959484346894,0.31468692449355185,0.006352112325934636,42.91596312567206,-89.57045755831359,-0.0044425086976686914,-0.004839212545011401,-0.0015820942967367246,-0.0011099710095664461,0.0258255049619131,-0.4403002533548753,373.09689145997083,-0.1390186077254653,0.8672475440780242,-1.0,1.0,-0.019395089999469484,-0.4999999999999997,-0.8660254037844388,0,1.0,0.92105263,True
ZECUSDT,trend_ema__directionboth_fast21_rsi_threshold58.0_slow89,trend_ema,2026-02-16 15:45:00+00:00,2026-02-16 21:00:00+00:00,short,-0.022319951622453465,-0.021519951622453466,stop,21,0.22170067717746023,0,False,True,False,0.021802040655942434,0.02046269877786834,0,4,-0.006206559458139671,288.7,288.82,286.12,287.88,23285.756,2026-02-16 15:59:59.999000+00:00,6697123.02905,34253,11410.011,3282688.63884,-0.0028789974619627475,-0.023855192405716822,-0.023685588769008243,-2.2086355402770064,0.3037037037037025,0.04444444444444631,0.6518518518518512,0.00937890787828258,38.91496614112699,-1.21552479543167,-0.01828992589429203,-0.01624043159999503,-0.004439857018424087,-0.000904192229238765,0.052050288660052554,-0.9286662137936332,4.0383054978412,-0.1980944716852621,0.8383833956785055,1.0,0.94,-0.056811480243758705,-0.7071067811865471,-0.7071067811865479,0,1.0,0.8378378,True
SOLUSDT,trend_ema__directionboth_fast12_rsi_threshold52.0_slow89,trend_ema,2026-02-16 22:15:00+00:00,2026-02-17 00:45:00+00:00,long,0.012991505836401502,0.013791505836401503,target,10,0.31173511230441764,1,True,False,False,0.0044571670286250595,0.01405210687718048,0,0,0.010879559030816378,85.89,85.97,85.64,85.77,139343.8,2026-02-16 22:29:59.999000+00:00,11953573.5846,14611,51284.68,4399446.3858,-0.0012816780082501515,0.002919028285540442,0.011845561602231595,1.4368607302038185,0.3636363636363793,0.24242424242423852,0.3939393939393822,0.0038474991255683607,65.58675561522088,0.12719141606045434,0.0073239341919422085,0.00915880161695364,0.002990233276038312,0.002029509413978836,0.024634467975001545,0.7234135808405769,0.46361404425719066,-0.6485195461670544,0.49900619518121414,1.0,0.01,-0.002326392927765486,-0.5000000000000004,0.8660254037844384,0,2.0,0.8378378,True
SOLUSDT,trend_ema__directionboth_fast12_rsi_threshold55.0_slow89,trend_ema,2026-02-16 22:15:00+00:00,2026-02-17 00:45:00+00:00,long,0.012991505836401502,0.013791505836401503,target,10,0.31173511230441764,1,True,False,False,0.0044571670286250595,0.01405210687718048,0,0,0.010933175962653339,85.89,85.97,85.64,85.77,139343.8,2026-02-16 22:29:59.999000+00:00,11953573.5846,14611,51284.68,4399446.3858,-0.0012816780082501515,0.002919028285540442,0.011845561602231595,1.4368607302038185,0.3636363636363793,0.24242424242423852,0.3939393939393822,0.0038474991255683607,65.58675561522088,0.12719141606045434,0.0073239341919422085,0.00915880161695364,0.002990233276038312,0.002029509413978836,0.024634467975001545,0.7234135808405769,0.46361404425719066,-0.6485195461670544,0.49900619518121414,1.0,0.01,-0.002326392927765486,-0.5000000000000004,0.8660254037844384,0,2.0,0.8378378,True
SOLUSDT,trend_ema__directionboth_fast12_rsi_threshold58.0_slow89,trend_ema,2026-02-16 22:15:00+00:00,2026-02-17 00:45:00+00:00,long,0.012991505836401502,0.013791505836401503,target,10,0.31173511230441764,1,True,False,False,0.0044571670286250595,0.01405210687718048,0,0,0.010906367496734858,85.89,85.97,85.64,85.77,139343.8,2026-02-16 22:29:59.999000+00:00,11953573.5846,14611,51284.68,4399446.3858,-0.0012816780082501515,0.002919028285540442,0.011845561602231595,1.4368607302038185,0.3636363636363793,0.24242424242423852,0.3939393939393822,0.0038474991255683607,65.58675561522088,0.12719141606045434,0.0073239341919422085,0.00915880161695364,0.002990233276038312,0.002029509413978836,0.024634467975001545,0.7234135808405769,0.46361404425719066,-0.6485195461670544,0.49900619518121414,1.0,0.01,-0.002326392927765486,-0.5000000000000004,0.8660254037844384,0,2.0,0.8378378,True
SOLUSDT,trend_ema__directionboth_fast21_rsi_threshold58.0_slow89,trend_ema,2026-02-16 23:15:00+00:00,2026-02-17 02:15:00+00:00,long,0.012723262209382098,0.013523262209382098,target,12,0.3438256603328213,1,True,False,False,0.004215825160790749,0.01518407651888122,0,0,0.010852750564897897,86.07,86.41,85.99,86.19,243377.15,2026-02-16 23:29:59.999000+00:00,20976950.7015,21471,126132.66,10872472.7808,0.0013932429979247472,0.00488486665697775,0.01826534797729319,2.0467525871099106,0.28571428571429536,0.523809523809519,0.19047619047618564,0.004872955099199463,67.19128301664107,0.08280835542871628,0.008894992199811541,0.012266320557136943,0.002344229969627021,0.002123301486258944,0.028237807750461915,0.7494813749211722,0.4623880861627873,0.15152123458547034,1.0771988015178362,1.0,0.14,0.0,-0.25881904510252157,0.9659258262890681,0,2.0,0.8378378,True
ZECUSDT,trend_ema__directionshort_only_fast12_rsi_threshold58.0_slow89,trend_ema,2026-02-17 04:45:00+00:00,2026-02-17 09:00:00+00:00,short,0.020626138232453278,0.021426138232453276,target,17,0.2027647185906156,1,True,False,False,0.0077242964824972,0.02468252871584513,0,0,-0.0003075091404023837,289.18,290.08,289.0,289.4,5926.699,2026-02-17 04:59:59.999000+00:00,1716143.12473,11433,2948.296,853767.16691,0.000760482597403153,-0.00633785532912691,-0.013113366312735108,-1.5838365684816984,0.20370370370367932,0.6296296296296452,0.16666666666667543,0.0037318590186592405,39.86176407046922,-0.6610470536375965,-0.008700228209737893,-0.008242927537799077,-0.0030770608060908256,-0.001291536628644785,0.025503615090525265,-0.8849314917090503,2.3781730366290104,-0.9460946469061304,0.6214964008790984,1.0,0.04,-0.0204772381113556,0.8660254037844386,0.5000000000000001,1,0.0,0.8378378,True
BTCUSDT,trend_ema__directionshort_only_fast9_rsi_threshold55.0_slow89,trend_ema,2026-02-17 05:00:00+00:00,2026-02-17 05:30:00+00:00,short,0.007721862598171186,0.008521862598171186,target,2,0.1987094699942375,1,True,False,False,0.000662882485696559,0.008555446940123577,0,0,0.011702798135559389,68450.0,68485.1,68303.8,68321.0,527.624,2026-02-17 05:14:59.999000+00:00,36095383.0533,21748,232.444,15903288.5643,-0.0018878262782341946,-0.0034527055749198174,-0.008482532060474848,-1.5713723112926061,0.7115278543849858,0.19360176503036547,0.09487038058464872,0.00265364968311358,40.064526500288125,-65.88411066873134,-0.004035136759101056,-0.0034982867453254136,-0.0010654752152549074,-0.00034029560506287915,0.012642940790900833,-0.8853954207840502,229.57977017336174,-0.8561352511012679,0.5350442613383714,1.0,0.46,-0.011191950710840115,0.9659258262890683,0.25881904510252074,1,0.0,0.92105263,True
BTCUSDT,trend_ema__directionshort_only_fast9_rsi_threshold52.0_slow89,trend_ema,2026-02-17 05:00:00+00:00,2026-02-17 05:30:00+00:00,short,0.007721862598171186,0.008521862598171186,target,2,0.1987094699942375,1,True,False,False,0.000662882485696559,0.008555446940123577,0,0,0.01220200431016483,68450.0,68485.1,68303.8,68321.0,527.624,2026-02-17 05:14:59.999000+00:00,36095383.0533,21748,232.444,15903288.5643,-0.0018878262782341946,-0.0034527055749198174,-0.008482532060474848,-1.5713723112926061,0.7115278543849858,0.19360176503036547,0.09487038058464872,0.00265364968311358,40.064526500288125,-65.88411066873134,-0.004035136759101056,-0.0034982867453254136,-0.0010654752152549074,-0.00034029560506287915,0.012642940790900833,-0.8853954207840502,229.57977017336174,-0.8561352511012679,0.5350442613383714,1.0,0.46,-0.011191950710840115,0.9659258262890683,0.25881904510252074,1,0.0,0.92105263,True
BTCUSDT,trend_ema__directionshort_only_fast12_rsi_threshold55.0_slow34,trend_ema,2026-02-17 05:00:00+00:00,2026-02-17 05:30:00+00:00,short,0.007721862598171186,0.008521862598171186,target,2,0.1987094699942375,1,True,False,False,0.000662882485696559,0.008555446940123577,0,0,0.012701210484770267,68450.0,68485.1,68303.8,68321.0,527.624,2026-02-17 05:14:59.999000+00:00,36095383.0533,21748,232.444,15903288.5643,-0.0018878262782341946,-0.0034527055749198174,-0.008482532060474848,-1.5713723112926061,0.7115278543849858,0.19360176503036547,0.09487038058464872,0.00265364968311358,40.064526500288125,-65.88411066873134,-0.004035136759101056,-0.0034982867453254136,-0.0010654752152549074,-0.00034029560506287915,0.012642940790900833,-0.8853954207840502,229.57977017336174,-0.8561352511012679,0.5350442613383714,1.0,0.46,-0.011191950710840115,0.9659258262890683,0.25881904510252074,1,0.0,0.92105263,True
BTCUSDT,trend_ema__directionboth_fast12_rsi_threshold52.0_slow89,trend_ema,2026-02-17 05:15:00+00:00,2026-02-17 10:30:00+00:00,short,0.007602024129632177,0.008402024129632178,target,21,0.3423201933029904,1,True,False,False,0.0027162326338451173,0.00851770720712765,0,0,0.00864816909398998,68321.1,68330.0,67892.8,68019.0,3827.129,2026-02-17 05:29:59.999000+00:00,260479105.3462,72111,1629.43,110870876.8538,-0.004430108462921225,-0.008037417276649209,-0.011894750401030612,-3.3848962832126377,0.6909881061299356,0.020356816102457088,0.28865507776760735,0.006427615813228614,32.88399033485048,-84.19914544416747,-0.0076841323690736135,-0.007641842860988851,-0.0014935225058216872,-0.0006347579499152989,0.015312363585063547,-1.2271144575085962,244.40978658954998,3.7641799708863113,3.6222096147257976,1.0,0.64,-0.015562788826285257,0.9659258262890683,0.25881904510252074,1,0.0,0.94623655,True
BTCUSDT,trend_ema__directionboth_fast12_rsi_threshold55.0_slow89,trend_ema,2026-02-17 05:15:00+00:00,2026-02-17 10:30:00+00:00,short,0.007602024129632177,0.008402024129632178,target,21,0.3423201933029904,1,True,False,False,0.0027162326338451173,0.00851770720712765,0,0,0.009670021896575929,68321.1,68330.0,67892.8,68019.0,3827.129,2026-02-17 05:29:59.999000+00:00,260479105.3462,72111,1629.43,110870876.8538,-0.004430108462921225,-0.008037417276649209,-0.011894750401030612,-3.3848962832126377,0.6909881061299356,0.020356816102457088,0.28865507776760735,0.006427615813228614,32.88399033485048,-84.19914544416747,-0.0076841323690736135,-0.007641842860988851,-0.0014935225058216872,-0.0006347579499152989,0.015312363585063547,-1.2271144575085962,244.40978658954998,3.7641799708863113,3.6222096147257976,1.0,0.64,-0.015562788826285257,0.9659258262890683,0.25881904510252074,1,0.0,0.94623655,True
BTCUSDT,trend_ema__directionshort_only_fast12_rsi_threshold58.0_slow89,trend_ema,2026-02-17 05:15:00+00:00,2026-02-17 10:30:00+00:00,short,0.007602024129632177,0.008402024129632178,target,21,0.3423201933029904,1,True,False,False,0.0027162326338451173,0.00851770720712765,0,0,0.010181211918035272,68321.1,68330.0,67892.8,68019.0,3827.129,2026-02-17 05:29:59.999000+00:00,260479105.3462,72111,1629.43,110870876.8538,-0.004430108462921225,-0.008037417276649209,-0.011894750401030612,-3.3848962832126377,0.6909881061299356,0.020356816102457088,0.28865507776760735,0.006427615813228614,32.88399033485048,-84.19914544416747,-0.0076841323690736135,-0.007641842860988851,-0.0014935225058216872,-0.0006347579499152989,0.015312363585063547,-1.2271144575085962,244.40978658954998,3.7641799708863113,3.6222096147257976,1.0,0.64,-0.015562788826285257,0.9659258262890683,0.25881904510252074,1,0.0,0.94623655,True
BTCUSDT,trend_ema__directionshort_only_fast12_rsi_threshold52.0_slow89,trend_ema,2026-02-17 05:15:00+00:00,2026-02-17 10:30:00+00:00,short,0.007602024129632177,0.008402024129632178,target,21,0.3423201933029904,1,True,False,False,0.0027162326338451173,0.00851770720712765,0,0,0.00915326580588803,68321.1,68330.0,67892.8,68019.0,3827.129,2026-02-17 05:29:59.999000+00:00,260479105.3462,72111,1629.43,110870876.8538,-0.004430108462921225,-0.008037417276649209,-0.011894750401030612,-3.3848962832126377,0.6909881061299356,0.020356816102457088,0.28865507776760735,0.006427615813228614,32.88399033485048,-84.19914544416747,-0.0076841323690736135,-0.007641842860988851,-0.0014935225058216872,-0.0006347579499152989,0.015312363585063547,-1.2271144575085962,244.40978658954998,3.7641799708863113,3.6222096147257976,1.0,0.64,-0.015562788826285257,0.9659258262890683,0.25881904510252074,1,0.0,0.94623655,True
BTCUSDT,trend_ema__directionboth_fast12_rsi_threshold58.0_slow89,trend_ema,2026-02-17 05:15:00+00:00,2026-02-17 10:30:00+00:00,short,0.007602024129632177,0.008402024129632178,target,21,0.3423201933029904,1,True,False,False,0.0027162326338451173,0.00851770720712765,0,0,0.01120359196095395,68321.1,68330.0,67892.8,68019.0,3827.129,2026-02-17 05:29:59.999000+00:00,260479105.3462,72111,1629.43,110870876.8538,-0.004430108462921225,-0.008037417276649209,-0.011894750401030612,-3.3848962832126377,0.6909881061299356,0.020356816102457088,0.28865507776760735,0.006427615813228614,32.88399033485048,-84.19914544416747,-0.0076841323690736135,-0.007641842860988851,-0.0014935225058216872,-0.0006347579499152989,0.015312363585063547,-1.2271144575085962,244.40978658954998,3.7641799708863113,3.6222096147257976,1.0,0.64,-0.015562788826285257,0.9659258262890683,0.25881904510252074,1,0.0,0.94623655,True
BTCUSDT,trend_ema__directionshort_only_fast12_rsi_threshold55.0_slow89,trend_ema,2026-02-17 05:15:00+00:00,2026-02-17 10:30:00+00:00,short,0.007602024129632177,0.008402024129632178,target,21,0.3423201933029904,1,True,False,False,0.0027162326338451173,0.00851770720712765,0,0,0.01069240193949461,68321.1,68330.0,67892.8,68019.0,3827.129,2026-02-17 05:29:59.999000+00:00,260479105.3462,72111,1629.43,110870876.8538,-0.004430108462921225,-0.008037417276649209,-0.011894750401030612,-3.3848962832126377,0.6909881061299356,0.020356816102457088,0.28865507776760735,0.006427615813228614,32.88399033485048,-84.19914544416747,-0.0076841323690736135,-0.007641842860988851,-0.0014935225058216872,-0.0006347579499152989,0.015312363585063547,-1.2271144575085962,244.40978658954998,3.7641799708863113,3.6222096147257976,1.0,0.64,-0.015562788826285257,0.9659258262890683,0.25881904510252074,1,0.0,0.94623655,True
XRPUSDT,trend_ema__directionshort_only_fast21_rsi_threshold52.0_slow55,trend_ema,2026-02-17 05:30:00+00:00,2026-02-17 09:00:00+00:00,short,0.011537118059556574,0.012337118059556574,target,14,0.17220154443079963,1,True,False,False,0.0014356493505146217,0.013924208244253368,0,0,0.005501070608408262,1.4781,1.4784,1.4694,1.4757,7864172.6,2026-02-17 05:44:59.999000+00:00,11587685.05586,20297,3516452.8,5182789.00566,-0.0016250257486231945,-0.004934609668528385,-0.007022785295119887,-1.7175399879713156,0.266666666666665,0.033333333333330044,0.700000000000005,0.0060988005692213165,41.38992277846002,-0.0009322637566939514,-0.004592896994178532,-0.004971010488806484,-0.0010778286948773808,-0.00039891079453602263,0.010052839619437832,-1.0440389451814889,0.007415024726745711,1.5337204176979433,1.8443882421835749,-1.0,0.24,-0.008865605480556038,0.9659258262890683,0.25881904510252074,1,0.0,0.92105263,True
XRPUSDT,trend_ema__directionshort_only_fast21_rsi_threshold55.0_slow55,trend_ema,2026-02-17 05:30:00+00:00,2026-02-17 09:00:00+00:00,short,0.011537118059556574,0.012337118059556574,target,14,0.17220154443079963,1,True,False,False,0.0014356493505146217,0.013924208244253368,0,0,0.007482524612009658,1.4781,1.4784,1.4694,1.4757,7864172.6,2026-02-17 05:44:59.999000+00:00,11587685.05586,20297,3516452.8,5182789.00566,-0.0016250257486231945,-0.004934609668528385,-0.007022785295119887,-1.7175399879713156,0.266666666666665,0.033333333333330044,0.700000000000005,0.0060988005692213165,41.38992277846002,-0.0009322637566939514,-0.004592896994178532,-0.004971010488806484,-0.0010778286948773808,-0.00039891079453602263,0.010052839619437832,-1.0440389451814889,0.007415024726745711,1.5337204176979433,1.8443882421835749,-1.0,0.24,-0.008865605480556038,0.9659258262890683,0.25881904510252074,1,0.0,0.92105263,True
XRPUSDT,trend_ema__directionboth_fast21_rsi_threshold55.0_slow55,trend_ema,2026-02-17 05:30:00+00:00,2026-02-17 09:00:00+00:00,short,0.011537118059556574,0.012337118059556574,target,14,0.17220154443079963,1,True,False,False,0.0014356493505146217,0.013924208244253368,0,0,0.009463978615611055,1.4781,1.4784,1.4694,1.4757,7864172.6,2026-02-17 05:44:59.999000+00:00,11587685.05586,20297,3516452.8,5182789.00566,-0.0016250257486231945,-0.004934609668528385,-0.007022785295119887,-1.7175399879713156,0.266666666666665,0.033333333333330044,0.700000000000005,0.0060988005692213165,41.38992277846002,-0.0009322637566939514,-0.004592896994178532,-0.004971010488806484,-0.0010778286948773808,-0.00039891079453602263,0.010052839619437832,-1.0440389451814889,0.007415024726745711,1.5337204176979433,1.8443882421835749,-1.0,0.24,-0.008865605480556038,0.9659258262890683,0.25881904510252074,1,0.0,0.8853626,True
ZECUSDT,trend_ema__directionboth_fast21_rsi_threshold55.0_slow55,trend_ema,2026-02-17 05:30:00+00:00,2026-02-17 11:45:00+00:00,short,-0.014130558775305195,-0.013330558775305194,stop,25,0.2352308860035923,0,False,True,False,0.022152698316801972,0.02778712896319928,0,0,0.020272101008468695,288.19,288.9,286.59,288.33,8940.217,2026-02-17 05:44:59.999000+00:00,2571339.05,19509,4440.983,1277080.82753,0.00045097393788100487,-0.0029436740966776944,-0.019167940521358028,-0.7526049849754328,0.06060606060605464,0.24675324675324356,0.6926406926407018,0.008011653313911151,38.238455699820385,-0.6320376625497488,-0.009726133369597385,-0.010867047435202896,-0.002684008600571497,-0.0018147552380770593,0.03211704658910508,-0.8280147223576502,2.5428593882922494,-0.1499300674404975,0.9327112108133476,-1.0,0.04,-0.024098832289727534,0.9659258262890683,0.25881904510252074,1,0.0,0.94623655,True
SOLUSDT,trend_ema__directionshort_only_fast9_rsi_threshold55.0_slow89,trend_ema,2026-02-17 10:15:00+00:00,2026-02-17 11:00:00+00:00,short,0.010210751123865042,0.011010751123865042,target,3,0.3905896537555444,1,True,False,False,0.0001500225033754394,0.011634292974090897,0,0,0.016351536148533016,85.72,85.72,85.05,85.06,363786.11,2026-02-17 10:29:59.999000+00:00,31021802.8147,26096,136902.94,11673591.929,-0.0076126150853038105,-0.009244697517996977,-0.017711952188347015,-3.44222687240984,0.985074626865664,0.0,0.014925373134335956,0.007876792852104417,30.470517312222782,-0.1021531805317416,-0.010895534733208277,-0.011228410396675263,-0.0018997807215465068,-0.0009730559652795234,0.01741424980603235,-1.3740727990365689,0.39837428946562553,2.4801382551395394,2.2807421550006906,-1.0,0.39,-0.018236380424746068,0.49999999999999994,-0.8660254037844387,1,1.0,0.94623655,True
SOLUSDT,trend_ema__directionboth_fast9_rsi_threshold58.0_slow89,trend_ema,2026-02-17 10:15:00+00:00,2026-02-17 11:00:00+00:00,short,0.010210751123865042,0.011010751123865042,target,3,0.3905896537555444,1,True,False,False,0.0001500225033754394,0.011634292974090897,0,0,0.01559676174655883,85.72,85.72,85.05,85.06,363786.11,2026-02-17 10:29:59.999000+00:00,31021802.8147,26096,136902.94,11673591.929,-0.0076126150853038105,-0.009244697517996977,-0.017711952188347015,-3.44222687240984,0.985074626865664,0.0,0.014925373134335956,0.007876792852104417,30.470517312222782,-0.1021531805317416,-0.010895534733208277,-0.011228410396675263,-0.0018997807215465068,-0.0009730559652795234,0.01741424980603235,-1.3740727990365689,0.39837428946562553,2.4801382551395394,2.2807421550006906,-1.0,0.39,-0.018236380424746068,0.49999999999999994,-0.8660254037844387,1,1.0,0.94623655,True
SOLUSDT,trend_ema__directionshort_only_fast9_rsi_threshold52.0_slow89,trend_ema,2026-02-17 10:15:00+00:00,2026-02-17 11:00:00+00:00,short,0.010210751123865042,0.011010751123865042,target,3,0.3905896537555444,1,True,False,False,0.0001500225033754394,0.011634292974090897,0,0,0.014841987344584648,85.72,85.72,85.05,85.06,363786.11,2026-02-17 10:29:59.999000+00:00,31021802.8147,26096,136902.94,11673591.929,-0.0076126150853038105,-0.009244697517996977,-0.017711952188347015,-3.44222687240984,0.985074626865664,0.0,0.014925373134335956,0.007876792852104417,30.470517312222782,-0.1021531805317416,-0.010895534733208277,-0.011228410396675263,-0.0018997807215465068,-0.0009730559652795234,0.01741424980603235,-1.3740727990365689,0.39837428946562553,2.4801382551395394,2.2807421550006906,-1.0,0.39,-0.018236380424746068,0.49999999999999994,-0.8660254037844387,1,1.0,0.94623655,True
SOLUSDT,trend_ema__directionshort_only_fast21_rsi_threshold55.0_slow55,trend_ema,2026-02-17 10:45:00+00:00,2026-02-17 14:30:00+00:00,short,0.010770899801930476,0.011570899801930476,target,15,0.40759760760062763,1,True,False,False,0.0060311822264342806,0.01725821027687852,0,0,0.010799400689188058,85.03,85.08,84.82,84.99,155035.05,2026-02-17 10:59:59.999000+00:00,13170318.3692,14106,86169.14,7320918.5264,-0.0003529204201091665,-0.010300922173858654,-0.016916929128150394,-3.9504511014432473,0.15384615384617487,0.19230769230767758,0.6538461538461475,0.0030591834333451597,29.62011961996862,-0.12918205059895035,-0.009630997819693352,-0.011147149910561168,-0.0032037289372157662,-0.0016125899789070086,0.023323333790400642,-0.9873636209945501,0.38395538224332026,-0.04323999771301279,0.977508209690755,-1.0,0.39,-0.019044321329639957,0.49999999999999994,-0.8660254037844387,1,1.0,0.92105263,True
SOLUSDT,trend_ema__directionshort_only_fast21_rsi_threshold52.0_slow55,trend_ema,2026-02-17 10:45:00+00:00,2026-02-17 14:30:00+00:00,short,0.010770899801930476,0.011570899801930476,target,15,0.40759760760062763,1,True,False,False,0.0060311822264342806,0.01725821027687852,0,0,0.010743385821381514,85.03,85.08,84.82,84.99,155035.05,2026-02-17 10:59:59.999000+00:00,13170318.3692,14106,86169.14,7320918.5264,-0.0003529204201091665,-0.010300922173858654,-0.016916929128150394,-3.9504511014432473,0.15384615384617487,0.19230769230767758,0.6538461538461475,0.0030591834333451597,29.62011961996862,-0.12918205059895035,-0.009630997819693352,-0.011147149910561168,-0.0032037289372157662,-0.0016125899789070086,0.023323333790400642,-0.9873636209945501,0.38395538224332026,-0.04323999771301279,0.977508209690755,-1.0,0.39,-0.019044321329639957,0.49999999999999994,-0.8660254037844387,1,1.0,0.92105263,True
SOLUSDT,trend_ema__directionboth_fast21_rsi_threshold55.0_slow55,trend_ema,2026-02-17 10:45:00+00:00,2026-02-17 14:30:00+00:00,short,0.010770899801930476,0.011570899801930476,target,15,0.40759760760062763,1,True,False,False,0.0060311822264342806,0.01725821027687852,0,0,0.0108554155569946,85.03,85.08,84.82,84.99,155035.05,2026-02-17 10:59:59.999000+00:00,13170318.3692,14106,86169.14,7320918.5264,-0.0003529204201091665,-0.010300922173858654,-0.016916929128150394,-3.9504511014432473,0.15384615384617487,0.19230769230767758,0.6538461538461475,0.0030591834333451597,29.62011961996862,-0.12918205059895035,-0.009630997819693352,-0.011147149910561168,-0.0032037289372157662,-0.0016125899789070086,0.023323333790400642,-0.9873636209945501,0.38395538224332026,-0.04323999771301279,0.977508209690755,-1.0,0.39,-0.019044321329639957,0.49999999999999994,-0.8660254037844387,1,1.0,0.92105263,True
SOLUSDT,trend_ema__directionshort_only_fast21_rsi_threshold58.0_slow55,trend_ema,2026-02-17 10:45:00+00:00,2026-02-17 14:30:00+00:00,short,0.010770899801930476,0.011570899801930476,target,15,0.40759760760062763,1,True,False,False,0.0060311822264342806,0.01725821027687852,0,0,0.010724112139999992,85.03,85.08,84.82,84.99,155035.05,2026-02-17 10:59:59.999000+00:00,13170318.3692,14106,86169.14,7320918.5264,-0.0003529204201091665,-0.010300922173858654,-0.016916929128150394,-3.9504511014432473,0.15384615384617487,0.19230769230767758,0.6538461538461475,0.0030591834333451597,29.62011961996862,-0.12918205059895035,-0.009630997819693352,-0.011147149910561168,-0.0032037289372157662,-0.0016125899789070086,0.023323333790400642,-0.9873636209945501,0.38395538224332026,-0.04323999771301279,0.977508209690755,-1.0,0.39,-0.019044321329639957,0.49999999999999994,-0.8660254037844387,1,1.0,0.92105263,True
SOLUSDT,trend_ema__directionboth_fast21_rsi_threshold58.0_slow55,trend_ema,2026-02-17 10:45:00+00:00,2026-02-17 14:30:00+00:00,short,0.010770899801930476,0.011570899801930476,target,15,0.40759760760062763,1,True,False,False,0.0060311822264342806,0.01725821027687852,0,0,0.01068737095357497,85.03,85.08,84.82,84.99,155035.05,2026-02-17 10:59:59.999000+00:00,13170318.3692,14106,86169.14,7320918.5264,-0.0003529204201091665,-0.010300922173858654,-0.016916929128150394,-3.9504511014432473,0.15384615384617487,0.19230769230767758,0.6538461538461475,0.0030591834333451597,29.62011961996862,-0.12918205059895035,-0.009630997819693352,-0.011147149910561168,-0.0032037289372157662,-0.0016125899789070086,0.023323333790400642,-0.9873636209945501,0.38395538224332026,-0.04323999771301279,0.977508209690755,-1.0,0.39,-0.019044321329639957,0.49999999999999994,-0.8660254037844387,1,1.0,0.92105263,True
SOLUSDT,trend_ema__directionboth_fast21_rsi_threshold58.0_slow89,trend_ema,2026-02-17 11:00:00+00:00,2026-02-17 14:30:00+00:00,short,0.010495828456022822,0.011295828456022823,target,14,0.41285418515356637,1,True,False,False,0.006504664368910626,0.016795689138051226,0,0,0.010716550316512885,84.99,85.25,84.71,84.97,240157.68,2026-02-17 11:14:59.999000+00:00,20413086.0079,19403,124175.42,10556827.4878,-0.00023534949508481617,-0.008671251895341322,-0.012862665645933071,-3.4715581810443146,0.03703703703702924,0.4814814814814854,0.4814814814814854,0.006355184182652775,29.35729074232168,-0.12657902874668234,-0.008928771268973876,-0.01093867438196894,-0.00300158358224345,-0.001959568645202636,0.025132967320510027,-0.8702455719355391,0.39510142636879786,0.928252407791293,1.4756458962004455,-1.0,0.36,-0.01927516158818099,0.258819045102521,-0.9659258262890682,1,1.0,0.8378378,True
SOLUSDT,trend_ema__directionshort_only_fast21_rsi_threshold52.0_slow89,trend_ema,2026-02-17 11:00:00+00:00,2026-02-17 14:30:00+00:00,short,0.010495828456022822,0.011295828456022823,target,14,0.41285418515356637,1,True,False,False,0.006504664368910626,0.016795689138051226,0,0,0.010758143410281007,84.99,85.25,84.71,84.97,240157.68,2026-02-17 11:14:59.999000+00:00,20413086.0079,19403,124175.42,10556827.4878,-0.00023534949508481617,-0.008671251895341322,-0.012862665645933071,-3.4715581810443146,0.03703703703702924,0.4814814814814854,0.4814814814814854,0.006355184182652775,29.35729074232168,-0.12657902874668234,-0.008928771268973876,-0.01093867438196894,-0.00300158358224345,-0.001959568645202636,0.025132967320510027,-0.8702455719355391,0.39510142636879786,0.928252407791293,1.4756458962004455,-1.0,0.36,-0.01927516158818099,0.258819045102521,-0.9659258262890682,1,1.0,0.8378378,True
SOLUSDT,trend_ema__directionshort_only_fast21_rsi_threshold58.0_slow89,trend_ema,2026-02-17 11:00:00+00:00,2026-02-17 14:30:00+00:00,short,0.010495828456022822,0.011295828456022823,target,14,0.41285418515356637,1,True,False,False,0.006504664368910626,0.016795689138051226,0,0,0.010799736504049126,84.99,85.25,84.71,84.97,240157.68,2026-02-17 11:14:59.999000+00:00,20413086.0079,19403,124175.42,10556827.4878,-0.00023534949508481617,-0.008671251895341322,-0.012862665645933071,-3.4715581810443146,0.03703703703702924,0.4814814814814854,0.4814814814814854,0.006355184182652775,29.35729074232168,-0.12657902874668234,-0.008928771268973876,-0.01093867438196894,-0.00300158358224345,-0.001959568645202636,0.025132967320510027,-0.8702455719355391,0.39510142636879786,0.928252407791293,1.4756458962004455,-1.0,0.36,-0.01927516158818099,0.258819045102521,-0.9659258262890682,1,1.0,0.8378378,True
SOLUSDT,trend_ema__directionshort_only_fast21_rsi_threshold55.0_slow89,trend_ema,2026-02-17 11:00:00+00:00,2026-02-17 14:30:00+00:00,short,0.010495828456022822,0.011295828456022823,target,14,0.41285418515356637,1,True,False,False,0.006504664368910626,0.016795689138051226,0,0,0.010841329597817247,84.99,85.25,84.71,84.97,240157.68,2026-02-17 11:14:59.999000+00:00,20413086.0079,19403,124175.42,10556827.4878,-0.00023534949508481617,-0.008671251895341322,-0.012862665645933071,-3.4715581810443146,0.03703703703702924,0.4814814814814854,0.4814814814814854,0.006355184182652775,29.35729074232168,-0.12657902874668234,-0.008928771268973876,-0.01093867438196894,-0.00300158358224345,-0.001959568645202636,0.025132967320510027,-0.8702455719355391,0.39510142636879786,0.928252407791293,1.4756458962004455,-1.0,0.36,-0.01927516158818099,0.258819045102521,-0.9659258262890682,1,1.0,0.8378378,True
DOGEUSDT,trend_ema__directionlong_only_fast12_rsi_threshold58.0_slow55,trend_ema,2026-02-17 16:00:00+00:00,2026-02-17 16:00:00+00:00,long,0.01758578387912078,0.01838578387912078,target,0,0.4633257084981369,1,True,False,False,0.001045811271664154,0.027023646801411734,0,0,0.0005955070620417592,0.10045,0.10318,0.10036,0.10243,384833680.0,2026-02-17 16:14:59.999000+00:00,39310315.97885,62601,227748575.0,23276086.06716,0.019519547187499712,0.026713104034666542,0.03466603264888058,4.580146604414097,0.7021276595744692,0.2659574468085119,0.031914893617018866,0.027530996778287506,73.16628542490685,0.0002155193125206721,0.02392886183161215,0.024910406564178537,0.0038533329572658648,0.001510582072253852,0.0342536492284377,1.5467875730738259,0.0008875050639980482,3.662229373856577,4.810156685898574,1.0,0.9,0.0,-0.8660254037844385,-0.5000000000000004,1,2.0,0.94623655,True
SOLUSDT,trend_ema__directionshort_only_fast12_rsi_threshold52.0_slow89,trend_ema,2026-02-18 01:00:00+00:00,2026-02-18 04:00:00+00:00,short,-0.008364263968951246,-0.007564263968951246,stop,12,0.18876192466287847,0,False,True,False,0.008168202358389609,0.01105184641171765,0,1,0.00874735488647924,84.82,84.94,84.2,84.37,235599.17,2026-02-18 01:14:59.999000+00:00,19909155.2486,21619,91171.29,7706072.7301,-0.0053194758689091145,-0.01119700542561435,-0.011314204370957984,-4.156944636481281,0.6081081081080969,0.16216216216216942,0.22972972972973363,0.00877089012682227,40.56190376685608,-0.07196014663741648,-0.006940166970170943,-0.006720803512130776,-0.0006694414962638007,8.591289073289765e-05,0.010105274788915479,-1.5847091141643084,0.44997905649084025,0.5753981097054341,1.3666197616156612,1.0,0.4,-0.011250439470291695,0.25881904510252074,0.9659258262890683,2,0.0,0.92105263,True
SOLUSDT,trend_ema__directionshort_only_fast9_rsi_threshold52.0_slow89,trend_ema,2026-02-18 01:00:00+00:00,2026-02-18 04:00:00+00:00,short,-0.008364263968951246,-0.007564263968951246,stop,12,0.18876192466287847,0,False,True,False,0.008168202358389609,0.01105184641171765,0,0,0.010674957222744766,84.82,84.94,84.2,84.37,235599.17,2026-02-18 01:14:59.999000+00:00,19909155.2486,21619,91171.29,7706072.7301,-0.0053194758689091145,-0.01119700542561435,-0.011314204370957984,-4.156944636481281,0.6081081081080969,0.16216216216216942,0.22972972972973363,0.00877089012682227,40.56190376685608,-0.07196014663741648,-0.006940166970170943,-0.006720803512130776,-0.0006694414962638007,8.591289073289765e-05,0.010105274788915479,-1.5847091141643084,0.44997905649084025,0.5753981097054341,1.3666197616156612,1.0,0.4,-0.011250439470291695,0.25881904510252074,0.9659258262890683,2,0.0,0.94623655,True
XRPUSDT,trend_ema__directionshort_only_fast9_rsi_threshold55.0_slow89,trend_ema,2026-02-18 01:15:00+00:00,2026-02-18 03:00:00+00:00,short,-0.008020764556317814,-0.007220764556317815,stop,7,0.18020574451742363,0,False,True,False,0.007720199966578792,0.0022369703904271615,0,0,0.01144543261921245,1.4665,1.4687,1.4653,1.4667,3508542.5,2026-02-18 01:29:59.999000+00:00,5147236.87207,12088,1599739.7,2346893.28314,0.0002045617272143694,-0.005100490502478888,-0.010917213023867655,-2.5198584206617105,0.05882352941176086,0.588235294117674,0.35294117647056517,0.002318129133428682,40.98971277412882,-0.0016817765016398142,-0.00483980709384771,-0.004110362952208942,-0.0015508644448762876,-0.000410979467775352,0.017194592122902273,-0.7876727889061638,0.006797124611620809,-0.43238578519792353,0.7582026172762389,1.0,0.03,-0.015703644050734877,0.25881904510252074,0.9659258262890683,2,0.0,0.8378378,True
ZECUSDT,trend_ema__directionshort_only_fast21_rsi_threshold55.0_slow89,trend_ema,2026-02-18 09:15:00+00:00,2026-02-18 17:00:00+00:00,short,0.022448758953663255,0.023248758953663254,target,31,0.2387762644180016,1,True,False,False,0.008924499820396876,0.029121633826208145,0,0,0.02279190008262965,284.96,286.73,284.88,286.32,11634.0,2026-02-18 09:29:59.999000+00:00,3325334.18045,21331,6397.003,1828683.63482,0.004761246916418953,-0.02087585315442067,-0.021662245194262922,-3.792253396720595,0.7351351351351335,0.22162162162163243,0.04324324324323411,0.006461302039675967,38.06118677909992,-0.7221298581233606,-0.013291502985995475,-0.016018125655136717,-0.005762267693942946,-0.00266527175712139,0.037642506854759554,-0.8175414515209473,2.5924755395508816,-0.06953179615310158,0.9370726428421211,-1.0,0.34,-0.0274126159176602,0.7071067811865476,-0.7071067811865475,2,1.0,0.8378378,True
ZECUSDT,trend_ema__directionshort_only_fast21_rsi_threshold58.0_slow89,trend_ema,2026-02-18 09:15:00+00:00,2026-02-18 17:00:00+00:00,short,0.022448758953663255,0.023248758953663254,target,31,0.2387762644180016,1,True,False,False,0.008924499820396876,0.029121633826208145,0,0,0.02283002687473703,284.96,286.73,284.88,286.32,11634.0,2026-02-18 09:29:59.999000+00:00,3325334.18045,21331,6397.003,1828683.63482,0.004761246916418953,-0.02087585315442067,-0.021662245194262922,-3.792253396720595,0.7351351351351335,0.22162162162163243,0.04324324324323411,0.006461302039675967,38.06118677909992,-0.7221298581233606,-0.013291502985995475,-0.016018125655136717,-0.005762267693942946,-0.00266527175712139,0.037642506854759554,-0.8175414515209473,2.5924755395508816,-0.06953179615310158,0.9370726428421211,-1.0,0.34,-0.0274126159176602,0.7071067811865476,-0.7071067811865475,2,1.0,0.8378378,True
ZECUSDT,trend_ema__directionshort_only_fast21_rsi_threshold52.0_slow89,trend_ema,2026-02-18 09:15:00+00:00,2026-02-18 17:00:00+00:00,short,0.022448758953663255,0.023248758953663254,target,31,0.2387762644180016,1,True,False,False,0.008924499820396876,0.029121633826208145,0,0,0.02275377329052227,284.96,286.73,284.88,286.32,11634.0,2026-02-18 09:29:59.999000+00:00,3325334.18045,21331,6397.003,1828683.63482,0.004761246916418953,-0.02087585315442067,-0.021662245194262922,-3.792253396720595,0.7351351351351335,0.22162162162163243,0.04324324324323411,0.006461302039675967,38.06118677909992,-0.7221298581233606,-0.013291502985995475,-0.016018125655136717,-0.005762267693942946,-0.00266527175712139,0.037642506854759554,-0.8175414515209473,2.5924755395508816,-0.06953179615310158,0.9370726428421211,-1.0,0.34,-0.0274126159176602,0.7071067811865476,-0.7071067811865475,2,1.0,0.8378378,True
ZECUSDT,trend_ema__directionboth_fast21_rsi_threshold58.0_slow89,trend_ema,2026-02-18 09:15:00+00:00,2026-02-18 17:00:00+00:00,short,0.022448758953663255,0.023248758953663254,target,31,0.2387762644180016,1,True,False,False,0.008924499820396876,0.029121633826208145,0,0,0.022715646498414892,284.96,286.73,284.88,286.32,11634.0,2026-02-18 09:29:59.999000+00:00,3325334.18045,21331,6397.003,1828683.63482,0.004761246916418953,-0.02087585315442067,-0.021662245194262922,-3.792253396720595,0.7351351351351335,0.22162162162163243,0.04324324324323411,0.006461302039675967,38.06118677909992,-0.7221298581233606,-0.013291502985995475,-0.016018125655136717,-0.005762267693942946,-0.00266527175712139,0.037642506854759554,-0.8175414515209473,2.5924755395508816,-0.06953179615310158,0.9370726428421211,-1.0,0.34,-0.0274126159176602,0.7071067811865476,-0.7071067811865475,2,1.0,0.8378378,True
SOLUSDT,trend_ema__directionboth_fast12_rsi_threshold55.0_slow89,trend_ema,2026-02-18 11:00:00+00:00,2026-02-18 11:00:00+00:00,short,0.009509143820638794,0.010309143820638795,target,0,0.516508563373946,1,True,False,False,0.0002687910608512997,0.012320676031579297,0,1,-0.0014684774329971624,84.21,84.22,83.16,83.43,761903.97,2026-02-18 11:14:59.999000+00:00,63710676.3253,45997,345190.37,28859594.2153,-0.009424465819798495,-0.019466490073809673,-0.015815776486115096,-6.263028241496852,0.7358490566037597,0.00943396226415575,0.2547169811320846,0.012705261896200434,24.1745718313027,-0.19381300624661255,-0.01771367189868057,-0.018356114191678298,-0.0035373741664540548,-0.001364635535594183,0.024920648611362447,-1.536528773236866,0.39811531872616523,4.207879509981475,5.040003299038388,-1.0,0.65,-0.025805698271835542,0.258819045102521,-0.9659258262890682,2,1.0,0.94623655,True
SOLUSDT,trend_ema__directionboth_fast9_rsi_threshold58.0_slow89,trend_ema,2026-02-18 11:00:00+00:00,2026-02-18 11:00:00+00:00,short,0.009509143820638794,0.010309143820638795,target,0,0.516508563373946,1,True,False,False,0.0002687910608512997,0.012320676031579297,0,2,-0.003255818211956166,84.21,84.22,83.16,83.43,761903.97,2026-02-18 11:14:59.999000+00:00,63710676.3253,45997,345190.37,28859594.2153,-0.009424465819798495,-0.019466490073809673,-0.015815776486115096,-6.263028241496852,0.7358490566037597,0.00943396226415575,0.2547169811320846,0.012705261896200434,24.1745718313027,-0.19381300624661255,-0.01771367189868057,-0.018356114191678298,-0.0035373741664540548,-0.001364635535594183,0.024920648611362447,-1.536528773236866,0.39811531872616523,4.207879509981475,5.040003299038388,-1.0,0.65,-0.025805698271835542,0.258819045102521,-0.9659258262890682,2,1.0,0.92105263,True
SOLUSDT,trend_ema__directionboth_fast12_rsi_threshold58.0_slow89,trend_ema,2026-02-18 11:00:00+00:00,2026-02-18 11:00:00+00:00,short,0.009509143820638794,0.010309143820638795,target,0,0.516508563373946,1,True,False,False,0.0002687910608512997,0.012320676031579297,0,0,0.0003611261092754975,84.21,84.22,83.16,83.43,761903.97,2026-02-18 11:14:59.999000+00:00,63710676.3253,45997,345190.37,28859594.2153,-0.009424465819798495,-0.019466490073809673,-0.015815776486115096,-6.263028241496852,0.7358490566037597,0.00943396226415575,0.2547169811320846,0.012705261896200434,24.1745718313027,-0.19381300624661255,-0.01771367189868057,-0.018356114191678298,-0.0035373741664540548,-0.001364635535594183,0.024920648611362447,-1.536528773236866,0.39811531872616523,4.207879509981475,5.040003299038388,-1.0,0.65,-0.025805698271835542,0.258819045102521,-0.9659258262890682,2,1.0,0.94623655,True
SOLUSDT,trend_ema__directionshort_only_fast12_rsi_threshold55.0_slow89,trend_ema,2026-02-18 11:00:00+00:00,2026-02-18 11:00:00+00:00,short,0.009509143820638794,0.010309143820638795,target,0,0.516508563373946,1,True,False,False,0.0002687910608512997,0.012320676031579297,0,0,0.005849936736093475,84.21,84.22,83.16,83.43,761903.97,2026-02-18 11:14:59.999000+00:00,63710676.3253,45997,345190.37,28859594.2153,-0.009424465819798495,-0.019466490073809673,-0.015815776486115096,-6.263028241496852,0.7358490566037597,0.00943396226415575,0.2547169811320846,0.012705261896200434,24.1745718313027,-0.19381300624661255,-0.01771367189868057,-0.018356114191678298,-0.0035373741664540548,-0.001364635535594183,0.024920648611362447,-1.536528773236866,0.39811531872616523,4.207879509981475,5.040003299038388,-1.0,0.65,-0.025805698271835542,0.258819045102521,-0.9659258262890682,2,1.0,0.94623655,True
SOLUSDT,trend_ema__directionboth_fast12_rsi_threshold52.0_slow89,trend_ema,2026-02-18 11:00:00+00:00,2026-02-18 11:00:00+00:00,short,0.009509143820638794,0.010309143820638795,target,0,0.516508563373946,1,True,False,False,0.0002687910608512997,0.012320676031579297,0,0,0.007679540278366134,84.21,84.22,83.16,83.43,761903.97,2026-02-18 11:14:59.999000+00:00,63710676.3253,45997,345190.37,28859594.2153,-0.009424465819798495,-0.019466490073809673,-0.015815776486115096,-6.263028241496852,0.7358490566037597,0.00943396226415575,0.2547169811320846,0.012705261896200434,24.1745718313027,-0.19381300624661255,-0.01771367189868057,-0.018356114191678298,-0.0035373741664540548,-0.001364635535594183,0.024920648611362447,-1.536528773236866,0.39811531872616523,4.207879509981475,5.040003299038388,-1.0,0.65,-0.025805698271835542,0.258819045102521,-0.9659258262890682,2,1.0,0.94623655,True
SOLUSDT,trend_ema__directionshort_only_fast12_rsi_threshold52.0_slow89,trend_ema,2026-02-18 11:00:00+00:00,2026-02-18 11:00:00+00:00,short,0.009509143820638794,0.010309143820638795,target,0,0.516508563373946,1,True,False,False,0.0002687910608512997,0.012320676031579297,0,3,-0.00504315899091517,84.21,84.22,83.16,83.43,761903.97,2026-02-18 11:14:59.999000+00:00,63710676.3253,45997,345190.37,28859594.2153,-0.009424465819798495,-0.019466490073809673,-0.015815776486115096,-6.263028241496852,0.7358490566037597,0.00943396226415575,0.2547169811320846,0.012705261896200434,24.1745718313027,-0.19381300624661255,-0.01771367189868057,-0.018356114191678298,-0.0035373741664540548,-0.001364635535594183,0.024920648611362447,-1.536528773236866,0.39811531872616523,4.207879509981475,5.040003299038388,-1.0,0.65,-0.025805698271835542,0.258819045102521,-0.9659258262890682,2,1.0,0.92105263,True
SOLUSDT,trend_ema__directionshort_only_fast12_rsi_threshold58.0_slow89,trend_ema,2026-02-18 11:00:00+00:00,2026-02-18 11:00:00+00:00,short,0.009509143820638794,0.010309143820638795,target,0,0.516508563373946,1,True,False,False,0.0002687910608512997,0.012320676031579297,0,0,0.004020333193820816,84.21,84.22,83.16,83.43,761903.97,2026-02-18 11:14:59.999000+00:00,63710676.3253,45997,345190.37,28859594.2153,-0.009424465819798495,-0.019466490073809673,-0.015815776486115096,-6.263028241496852,0.7358490566037597,0.00943396226415575,0.2547169811320846,0.012705261896200434,24.1745718313027,-0.19381300624661255,-0.01771367189868057,-0.018356114191678298,-0.0035373741664540548,-0.001364635535594183,0.024920648611362447,-1.536528773236866,0.39811531872616523,4.207879509981475,5.040003299038388,-1.0,0.65,-0.025805698271835542,0.258819045102521,-0.9659258262890682,2,1.0,0.94623655,True
SOLUSDT,trend_ema__directionshort_only_fast9_rsi_threshold55.0_slow89,trend_ema,2026-02-18 11:00:00+00:00,2026-02-18 11:00:00+00:00,short,0.009509143820638794,0.010309143820638795,target,0,0.516508563373946,1,True,False,False,0.0002687910608512997,0.012320676031579297,0,0,0.0021907296515481568,84.21,84.22,83.16,83.43,761903.97,2026-02-18 11:14:59.999000+00:00,63710676.3253,45997,345190.37,28859594.2153,-0.009424465819798495,-0.019466490073809673,-0.015815776486115096,-6.263028241496852,0.7358490566037597,0.00943396226415575,0.2547169811320846,0.012705261896200434,24.1745718313027,-0.19381300624661255,-0.01771367189868057,-0.018356114191678298,-0.0035373741664540548,-0.001364635535594183,0.024920648611362447,-1.536528773236866,0.39811531872616523,4.207879509981475,5.040003299038388,-1.0,0.65,-0.025805698271835542,0.258819045102521,-0.9659258262890682,2,1.0,0.94623655,True
BTCUSDT,trend_ema__directionshort_only_fast12_rsi_threshold55.0_slow89,trend_ema,2026-02-18 11:45:00+00:00,2026-02-18 14:45:00+00:00,short,0.007409087081509707,0.008209087081509707,target,12,0.2877981159820638,1,True,False,False,0.002182293789963552,0.012508716866291271,0,1,-0.0007652537904539673,67520.8,67565.7,67319.9,67345.4,1211.25,2026-02-18 11:59:59.999000+00:00,81702133.3869,34499,539.33,36375566.5976,-0.002599616934473976,-0.006302725343167366,-0.010825381628249796,-2.7213939315248594,0.7135882831570654,0.18266883645237447,0.1037428803905602,0.003649840969093701,35.61009420089681,-102.68012441058826,-0.006310232705057464,-0.005991549738354637,-0.001780635633337302,-0.0008895008219012013,0.018098566406413025,-0.9187649214363344,223.40322277496887,-0.08130564367917748,0.9244127622613385,1.0,0.65,-0.013322159499638886,0.258819045102521,-0.9659258262890682,2,1.0,0.92105263,True
BTCUSDT,trend_ema__directionboth_fast12_rsi_threshold52.0_slow89,trend_ema,2026-02-18 11:45:00+00:00,2026-02-18 14:45:00+00:00,short,0.007409087081509707,0.008209087081509707,target,12,0.2877981159820638,1,True,False,False,0.002182293789963552,0.012508716866291271,0,0,0.006070257802896863,67520.8,67565.7,67319.9,67345.4,1211.25,2026-02-18 11:59:59.999000+00:00,81702133.3869,34499,539.33,36375566.5976,-0.002599616934473976,-0.006302725343167366,-0.010825381628249796,-2.7213939315248594,0.7135882831570654,0.18266883645237447,0.1037428803905602,0.003649840969093701,35.61009420089681,-102.68012441058826,-0.006310232705057464,-0.005991549738354637,-0.001780635633337302,-0.0008895008219012013,0.018098566406413025,-0.9187649214363344,223.40322277496887,-0.08130564367917748,0.9244127622613385,1.0,0.65,-0.013322159499638886,0.258819045102521,-0.9659258262890682,2,1.0,0.94623655,True
BTCUSDT,trend_ema__directionshort_only_fast12_rsi_threshold58.0_slow89,trend_ema,2026-02-18 11:45:00+00:00,2026-02-18 14:45:00+00:00,short,0.007409087081509707,0.008209087081509707,target,12,0.2877981159820638,1,True,False,False,0.002182293789963552,0.012508716866291271,0,0,0.004701374257410888,67520.8,67565.7,67319.9,67345.4,1211.25,2026-02-18 11:59:59.999000+00:00,81702133.3869,34499,539.33,36375566.5976,-0.002599616934473976,-0.006302725343167366,-0.010825381628249796,-2.7213939315248594,0.7135882831570654,0.18266883645237447,0.1037428803905602,0.003649840969093701,35.61009420089681,-102.68012441058826,-0.006310232705057464,-0.005991549738354637,-0.001780635633337302,-0.0008895008219012013,0.018098566406413025,-0.9187649214363344,223.40322277496887,-0.08130564367917748,0.9244127622613385,1.0,0.65,-0.013322159499638886,0.258819045102521,-0.9659258262890682,2,1.0,0.94623655,True
BTCUSDT,trend_ema__directionshort_only_fast12_rsi_threshold52.0_slow89,trend_ema,2026-02-18 11:45:00+00:00,2026-02-18 14:45:00+00:00,short,0.007409087081509707,0.008209087081509707,target,12,0.2877981159820638,1,True,False,False,0.002182293789963552,0.012508716866291271,0,0,0.003332490711924914,67520.8,67565.7,67319.9,67345.4,1211.25,2026-02-18 11:59:59.999000+00:00,81702133.3869,34499,539.33,36375566.5976,-0.002599616934473976,-0.006302725343167366,-0.010825381628249796,-2.7213939315248594,0.7135882831570654,0.18266883645237447,0.1037428803905602,0.003649840969093701,35.61009420089681,-102.68012441058826,-0.006310232705057464,-0.005991549738354637,-0.001780635633337302,-0.0008895008219012013,0.018098566406413025,-0.9187649214363344,223.40322277496887,-0.08130564367917748,0.9244127622613385,1.0,0.65,-0.013322159499638886,0.258819045102521,-0.9659258262890682,2,1.0,0.94623655,True
BTCUSDT,trend_ema__directionboth_fast12_rsi_threshold55.0_slow89,trend_ema,2026-02-18 11:45:00+00:00,2026-02-18 14:45:00+00:00,short,0.007409087081509707,0.008209087081509707,target,12,0.2877981159820638,1,True,False,False,0.002182293789963552,0.012508716866291271,0,0,0.0005947236209529652,67520.8,67565.7,67319.9,67345.4,1211.25,2026-02-18 11:59:59.999000+00:00,81702133.3869,34499,539.33,36375566.5976,-0.002599616934473976,-0.006302725343167366,-0.010825381628249796,-2.7213939315248594,0.7135882831570654,0.18266883645237447,0.1037428803905602,0.003649840969093701,35.61009420089681,-102.68012441058826,-0.006310232705057464,-0.005991549738354637,-0.001780635633337302,-0.0008895008219012013,0.018098566406413025,-0.9187649214363344,223.40322277496887,-0.08130564367917748,0.9244127622613385,1.0,0.65,-0.013322159499638886,0.258819045102521,-0.9659258262890682,2,1.0,0.94623655,True
BTCUSDT,trend_ema__directionboth_fast12_rsi_threshold58.0_slow89,trend_ema,2026-02-18 11:45:00+00:00,2026-02-18 14:45:00+00:00,short,0.007409087081509707,0.008209087081509707,target,12,0.2877981159820638,1,True,False,False,0.002182293789963552,0.012508716866291271,0,0,0.0019636071664389395,67520.8,67565.7,67319.9,67345.4,1211.25,2026-02-18 11:59:59.999000+00:00,81702133.3869,34499,539.33,36375566.5976,-0.002599616934473976,-0.006302725343167366,-0.010825381628249796,-2.7213939315248594,0.7135882831570654,0.18266883645237447,0.1037428803905602,0.003649840969093701,35.61009420089681,-102.68012441058826,-0.006310232705057464,-0.005991549738354637,-0.001780635633337302,-0.0008895008219012013,0.018098566406413025,-0.9187649214363344,223.40322277496887,-0.08130564367917748,0.9244127622613385,1.0,0.65,-0.013322159499638886,0.258819045102521,-0.9659258262890682,2,1.0,0.94623655,True
XRPUSDT,trend_ema__directionshort_only_fast21_rsi_threshold55.0_slow89,trend_ema,2026-02-18 12:30:00+00:00,2026-02-18 14:45:00+00:00,short,0.008934645328742157,0.009734645328742157,target,9,0.3563100416860695,1,True,False,False,0.003767325027783642,0.009814622186503912,0,0,0.004364687966238257,1.4654,1.4665,1.4574,1.4651,10314490.5,2026-02-18 12:44:59.999000+00:00,15072414.40431,22847,4818862.4,7044077.21878,-0.00020474321859607135,-0.0028625973746332026,-0.01476991619591026,-1.313116578485927,0.03296703296702975,0.12087912087910908,0.8461538461538611,0.006211180124223524,32.184497915696525,-0.0022358334080146,-0.006668263495649206,-0.007879246757733155,-0.0022055503018482137,-0.0015586641197093964,0.02596449954576958,-0.7350207842224744,0.005947689240015325,2.0468812097513567,2.4990298528379817,-1.0,0.42,-0.01677739749010132,1.2246467991473532e-16,-1.0,2,1.0,0.8378378,True
ETHUSDT,trend_ema__directionshort_only_fast12_rsi_threshold58.0_slow89,trend_ema,2026-02-18 12:30:00+00:00,2026-02-18 14:45:00+00:00,short,0.009965233287216206,0.010765233287216206,target,9,0.27452311923374295,1,True,False,False,0.0053862514358195696,0.013750978703006922,0,0,0.008168125887554833,1980.73,1983.3,1970.28,1982.83,72330.229,2026-02-18 12:44:59.999000+00:00,142942771.74086,109488,35414.705,69996075.52853,0.001064702198444792,-0.0005243653534826167,-0.019369106487735557,-0.18587319362463528,0.1612903225806384,0.03609831029186082,0.8026113671275008,0.00656637230624914,36.27384403831285,-3.6225223987190986,-0.006401950403065568,-0.007093543103243334,-0.0022795535979959203,-0.0016129473822639184,0.035232054013957306,-0.5987630324640498,8.848791056765979,0.5829000393713936,1.5007597953667555,-1.0,0.56,-0.022894707015754245,1.2246467991473532e-16,-1.0,2,1.0,0.92105263,True
XRPUSDT,trend_ema__directionshort_only_fast21_rsi_threshold58.0_slow89,trend_ema,2026-02-18 12:30:00+00:00,2026-02-18 14:45:00+00:00,short,0.008934645328742157,0.009734645328742157,target,9,0.3563100416860695,1,True,False,False,0.003767325027783642,0.009814622186503912,0,0,0.00593947939313737,1.4654,1.4665,1.4574,1.4651,10314490.5,2026-02-18 12:44:59.999000+00:00,15072414.40431,22847,4818862.4,7044077.21878,-0.00020474321859607135,-0.0028625973746332026,-0.01476991619591026,-1.313116578485927,0.03296703296702975,0.12087912087910908,0.8461538461538611,0.006211180124223524,32.184497915696525,-0.0022358334080146,-0.006668263495649206,-0.007879246757733155,-0.0022055503018482137,-0.0015586641197093964,0.02596449954576958,-0.7350207842224744,0.005947689240015325,2.0468812097513567,2.4990298528379817,-1.0,0.42,-0.01677739749010132,1.2246467991473532e-16,-1.0,2,1.0,0.8378378,True
ETHUSDT,trend_ema__directionboth_fast12_rsi_threshold52.0_slow89,trend_ema,2026-02-18 12:30:00+00:00,2026-02-18 14:45:00+00:00,short,0.009965233287216206,0.010765233287216206,target,9,0.27452311923374295,1,True,False,False,0.0053862514358195696,0.013750978703006922,0,0,0.006418707609413553,1980.73,1983.3,1970.28,1982.83,72330.229,2026-02-18 12:44:59.999000+00:00,142942771.74086,109488,35414.705,69996075.52853,0.001064702198444792,-0.0005243653534826167,-0.019369106487735557,-0.18587319362463528,0.1612903225806384,0.03609831029186082,0.8026113671275008,0.00656637230624914,36.27384403831285,-3.6225223987190986,-0.006401950403065568,-0.007093543103243334,-0.0022795535979959203,-0.0016129473822639184,0.035232054013957306,-0.5987630324640498,8.848791056765979,0.5829000393713936,1.5007597953667555,-1.0,0.56,-0.022894707015754245,1.2246467991473532e-16,-1.0,2,1.0,0.92105263,True
XRPUSDT,trend_ema__directionshort_only_fast21_rsi_threshold52.0_slow89,trend_ema,2026-02-18 12:30:00+00:00,2026-02-18 14:45:00+00:00,short,0.008934645328742157,0.009734645328742157,target,9,0.3563100416860695,1,True,False,False,0.003767325027783642,0.009814622186503912,0,0,0.002789896539339144,1.4654,1.4665,1.4574,1.4651,10314490.5,2026-02-18 12:44:59.999000+00:00,15072414.40431,22847,4818862.4,7044077.21878,-0.00020474321859607135,-0.0028625973746332026,-0.01476991619591026,-1.313116578485927,0.03296703296702975,0.12087912087910908,0.8461538461538611,0.006211180124223524,32.184497915696525,-0.0022358334080146,-0.006668263495649206,-0.007879246757733155,-0.0022055503018482137,-0.0015586641197093964,0.02596449954576958,-0.7350207842224744,0.005947689240015325,2.0468812097513567,2.4990298528379817,-1.0,0.42,-0.01677739749010132,1.2246467991473532e-16,-1.0,2,1.0,0.8378378,True
ETHUSDT,trend_ema__directionshort_only_fast12_rsi_threshold55.0_slow89,trend_ema,2026-02-18 12:30:00+00:00,2026-02-18 14:45:00+00:00,short,0.009965233287216206,0.010765233287216206,target,9,0.27452311923374295,1,True,False,False,0.0053862514358195696,0.013750978703006922,0,0,0.0029198710531309928,1980.73,1983.3,1970.28,1982.83,72330.229,2026-02-18 12:44:59.999000+00:00,142942771.74086,109488,35414.705,69996075.52853,0.001064702198444792,-0.0005243653534826167,-0.019369106487735557,-0.18587319362463528,0.1612903225806384,0.03609831029186082,0.8026113671275008,0.00656637230624914,36.27384403831285,-3.6225223987190986,-0.006401950403065568,-0.007093543103243334,-0.0022795535979959203,-0.0016129473822639184,0.035232054013957306,-0.5987630324640498,8.848791056765979,0.5829000393713936,1.5007597953667555,-1.0,0.56,-0.022894707015754245,1.2246467991473532e-16,-1.0,2,1.0,0.8378378,True
ETHUSDT,trend_ema__directionboth_fast12_rsi_threshold58.0_slow89,trend_ema,2026-02-18 12:30:00+00:00,2026-02-18 14:45:00+00:00,short,0.009965233287216206,0.010765233287216206,target,9,0.27452311923374295,1,True,False,False,0.0053862514358195696,0.013750978703006922,0,0,0.0011704527749897132,1980.73,1983.3,1970.28,1982.83,72330.229,2026-02-18 12:44:59.999000+00:00,142942771.74086,109488,35414.705,69996075.52853,0.001064702198444792,-0.0005243653534826167,-0.019369106487735557,-0.18587319362463528,0.1612903225806384,0.03609831029186082,0.8026113671275008,0.00656637230624914,36.27384403831285,-3.6225223987190986,-0.006401950403065568,-0.007093543103243334,-0.0022795535979959203,-0.0016129473822639184,0.035232054013957306,-0.5987630324640498,8.848791056765979,0.5829000393713936,1.5007597953667555,-1.0,0.56,-0.022894707015754245,1.2246467991473532e-16,-1.0,2,1.0,0.8378378,True
ETHUSDT,trend_ema__directionshort_only_fast12_rsi_threshold52.0_slow89,trend_ema,2026-02-18 12:30:00+00:00,2026-02-18 14:45:00+00:00,short,0.009965233287216206,0.010765233287216206,target,9,0.27452311923374295,1,True,False,False,0.0053862514358195696,0.013750978703006922,0,0,0.004669289331272273,1980.73,1983.3,1970.28,1982.83,72330.229,2026-02-18 12:44:59.999000+00:00,142942771.74086,109488,35414.705,69996075.52853,0.001064702198444792,-0.0005243653534826167,-0.019369106487735557,-0.18587319362463528,0.1612903225806384,0.03609831029186082,0.8026113671275008,0.00656637230624914,36.27384403831285,-3.6225223987190986,-0.006401950403065568,-0.007093543103243334,-0.0022795535979959203,-0.0016129473822639184,0.035232054013957306,-0.5987630324640498,8.848791056765979,0.5829000393713936,1.5007597953667555,-1.0,0.56,-0.022894707015754245,1.2246467991473532e-16,-1.0,2,1.0,0.92105263,True
XRPUSDT,trend_ema__directionboth_fast21_rsi_threshold58.0_slow89,trend_ema,2026-02-18 12:30:00+00:00,2026-02-18 14:45:00+00:00,short,0.008934645328742157,0.009734645328742157,target,9,0.3563100416860695,1,True,False,False,0.003767325027783642,0.009814622186503912,0,0,0.0012151051124400316,1.4654,1.4665,1.4574,1.4651,10314490.5,2026-02-18 12:44:59.999000+00:00,15072414.40431,22847,4818862.4,7044077.21878,-0.00020474321859607135,-0.0028625973746332026,-0.01476991619591026,-1.313116578485927,0.03296703296702975,0.12087912087910908,0.8461538461538611,0.006211180124223524,32.184497915696525,-0.0022358334080146,-0.006668263495649206,-0.007879246757733155,-0.0022055503018482137,-0.0015586641197093964,0.02596449954576958,-0.7350207842224744,0.005947689240015325,2.0468812097513567,2.4990298528379817,-1.0,0.42,-0.01677739749010132,1.2246467991473532e-16,-1.0,2,1.0,0.8378378,True
ETHUSDT,trend_ema__directionshort_only_fast21_rsi_threshold52.0_slow55,trend_ema,2026-02-18 12:45:00+00:00,2026-02-18 13:45:00+00:00,short,0.01035849973087848,0.01115849973087848,target,4,0.292797244184473,1,True,False,False,0.004326519707523085,0.011567372430483065,0,0,0.009951004484989643,1982.82,1985.44,1980.57,1981.49,25154.62,2026-02-18 12:59:59.999000+00:00,49892340.76607,40757,12518.603,24830990.51555,-0.0006760302150348855,0.0006562872552353285,-0.019045433561013854,0.2457456498427911,0.2731006160164055,0.5379876796714691,0.18891170431212534,0.002457746443333107,35.36013779077635,-3.143335731638694,-0.006408011071911023,-0.0074697127156816015,-0.0021874483526898025,-0.0015968671964405878,0.0360490295752934,-0.5733841983324776,8.564591695568417,-0.5564867532510196,0.5219282711160687,-1.0,0.55,-0.023555036490595205,1.2246467991473532e-16,-1.0,2,1.0,0.94623655,True
BTCUSDT,trend_ema__directionshort_only_fast21_rsi_threshold52.0_slow55,trend_ema,2026-02-18 12:45:00+00:00,2026-02-18 14:45:00+00:00,short,0.00758016217997406,0.00838016217997406,target,8,0.1998258735299919,1,True,False,False,0.001013683049961656,0.012401942867507629,0,0,0.007460332587864764,67513.5,67571.8,67419.0,67429.8,571.814,2026-02-18 12:59:59.999000+00:00,38597941.2069,19432,245.157,16550617.0801,-0.0012405211779135967,0.0012524561051710673,-0.009888688022370461,0.5866458946376011,0.5477748691099181,0.3815445026178128,0.07068062827226901,0.0022660604065265345,40.008706323500405,-59.11615722656541,-0.0037440709808376385,-0.004200516585902994,-0.001001043697916315,-0.000772265262990568,0.020132681349725578,-0.5925435442723512,221.02742205528673,-0.6121395207414199,0.43297472323953484,-1.0,0.57,-0.012085614617015294,1.2246467991473532e-16,-1.0,2,1.0,0.94623655,True
ETHUSDT,trend_ema__directionshort_only_fast21_rsi_threshold58.0_slow55,trend_ema,2026-02-18 12:45:00+00:00,2026-02-18 13:45:00+00:00,short,0.01035849973087848,0.01115849973087848,target,4,0.292797244184473,1,True,False,False,0.004326519707523085,0.011567372430483065,0,0,0.009917544165696113,1982.82,1985.44,1980.57,1981.49,25154.62,2026-02-18 12:59:59.999000+00:00,49892340.76607,40757,12518.603,24830990.51555,-0.0006760302150348855,0.0006562872552353285,-0.019045433561013854,0.2457456498427911,0.2731006160164055,0.5379876796714691,0.18891170431212534,0.002457746443333107,35.36013779077635,-3.143335731638694,-0.006408011071911023,-0.0074697127156816015,-0.0021874483526898025,-0.0015968671964405878,0.0360490295752934,-0.5733841983324776,8.564591695568417,-0.5564867532510196,0.5219282711160687,-1.0,0.55,-0.023555036490595205,1.2246467991473532e-16,-1.0,2,1.0,0.94623655,True
BTCUSDT,trend_ema__directionboth_fast21_rsi_threshold55.0_slow55,trend_ema,2026-02-18 12:45:00+00:00,2026-02-18 14:45:00+00:00,short,0.00758016217997406,0.00838016217997406,target,8,0.1998258735299919,1,True,False,False,0.001013683049961656,0.012401942867507629,0,0,0.007443225078018328,67513.5,67571.8,67419.0,67429.8,571.814,2026-02-18 12:59:59.999000+00:00,38597941.2069,19432,245.157,16550617.0801,-0.0012405211779135967,0.0012524561051710673,-0.009888688022370461,0.5866458946376011,0.5477748691099181,0.3815445026178128,0.07068062827226901,0.0022660604065265345,40.008706323500405,-59.11615722656541,-0.0037440709808376385,-0.004200516585902994,-0.001001043697916315,-0.000772265262990568,0.020132681349725578,-0.5925435442723512,221.02742205528673,-0.6121395207414199,0.43297472323953484,-1.0,0.57,-0.012085614617015294,1.2246467991473532e-16,-1.0,2,1.0,0.94623655,True
BTCUSDT,trend_ema__directionshort_only_fast21_rsi_threshold55.0_slow55,trend_ema,2026-02-18 12:45:00+00:00,2026-02-18 14:45:00+00:00,short,0.00758016217997406,0.00838016217997406,target,8,0.1998258735299919,1,True,False,False,0.001013683049961656,0.012401942867507629,0,0,0.0074774400977111995,67513.5,67571.8,67419.0,67429.8,571.814,2026-02-18 12:59:59.999000+00:00,38597941.2069,19432,245.157,16550617.0801,-0.0012405211779135967,0.0012524561051710673,-0.009888688022370461,0.5866458946376011,0.5477748691099181,0.3815445026178128,0.07068062827226901,0.0022660604065265345,40.008706323500405,-59.11615722656541,-0.0037440709808376385,-0.004200516585902994,-0.001001043697916315,-0.000772265262990568,0.020132681349725578,-0.5925435442723512,221.02742205528673,-0.6121395207414199,0.43297472323953484,-1.0,0.57,-0.012085614617015294,1.2246467991473532e-16,-1.0,2,1.0,0.94623655,True
ETHUSDT,trend_ema__directionboth_fast21_rsi_threshold58.0_slow55,trend_ema,2026-02-18 12:45:00+00:00,2026-02-18 13:45:00+00:00,short,0.01035849973087848,0.01115849973087848,target,4,0.292797244184473,1,True,False,False,0.004326519707523085,0.011567372430483065,0,0,0.010065361404783958,1982.82,1985.44,1980.57,1981.49,25154.62,2026-02-18 12:59:59.999000+00:00,49892340.76607,40757,12518.603,24830990.51555,-0.0006760302150348855,0.0006562872552353285,-0.019045433561013854,0.2457456498427911,0.2731006160164055,0.5379876796714691,0.18891170431212534,0.002457746443333107,35.36013779077635,-3.143335731638694,-0.006408011071911023,-0.0074697127156816015,-0.0021874483526898025,-0.0015968671964405878,0.0360490295752934,-0.5733841983324776,8.564591695568417,-0.5564867532510196,0.5219282711160687,-1.0,0.55,-0.023555036490595205,1.2246467991473532e-16,-1.0,2,1.0,0.94623655,True
ETHUSDT,trend_ema__directionshort_only_fast21_rsi_threshold55.0_slow55,trend_ema,2026-02-18 12:45:00+00:00,2026-02-18 13:45:00+00:00,short,0.01035849973087848,0.01115849973087848,target,4,0.292797244184473,1,True,False,False,0.004326519707523085,0.011567372430483065,0,0,0.010122539864681115,1982.82,1985.44,1980.57,1981.49,25154.62,2026-02-18 12:59:59.999000+00:00,49892340.76607,40757,12518.603,24830990.51555,-0.0006760302150348855,0.0006562872552353285,-0.019045433561013854,0.2457456498427911,0.2731006160164055,0.5379876796714691,0.18891170431212534,0.002457746443333107,35.36013779077635,-3.143335731638694,-0.006408011071911023,-0.0074697127156816015,-0.0021874483526898025,-0.0015968671964405878,0.0360490295752934,-0.5733841983324776,8.564591695568417,-0.5564867532510196,0.5219282711160687,-1.0,0.55,-0.023555036490595205,1.2246467991473532e-16,-1.0,2,1.0,0.94623655,True
ETHUSDT,trend_ema__directionboth_fast21_rsi_threshold55.0_slow55,trend_ema,2026-02-18 12:45:00+00:00,2026-02-18 13:45:00+00:00,short,0.01035849973087848,0.01115849973087848,target,4,0.292797244184473,1,True,False,False,0.004326519707523085,0.011567372430483065,0,0,0.010008182944886802,1982.82,1985.44,1980.57,1981.49,25154.62,2026-02-18 12:59:59.999000+00:00,49892340.76607,40757,12518.603,24830990.51555,-0.0006760302150348855,0.0006562872552353285,-0.019045433561013854,0.2457456498427911,0.2731006160164055,0.5379876796714691,0.18891170431212534,0.002457746443333107,35.36013779077635,-3.143335731638694,-0.006408011071911023,-0.0074697127156816015,-0.0021874483526898025,-0.0015968671964405878,0.0360490295752934,-0.5733841983324776,8.564591695568417,-0.5564867532510196,0.5219282711160687,-1.0,0.55,-0.023555036490595205,1.2246467991473532e-16,-1.0,2,1.0,0.94623655,True
ETHUSDT,trend_ema__directionshort_only_fast21_rsi_threshold55.0_slow89,trend_ema,2026-02-18 13:30:00+00:00,2026-02-18 13:45:00+00:00,short,0.009997679578386615,0.010797679578386616,target,1,0.3443237784015264,1,True,False,False,0.001273690325541436,0.012588238727277063,0,0,0.010168355767281425,1984.87,1987.1,1972.2,1974.59,58707.336,2026-02-18 13:44:59.999000+00:00,116184518.9807,87612,27812.962,55051226.62665,-0.005187600819049919,-0.004164335303281463,-0.02323165655591913,-1.7334916687140363,0.6899328859060447,0.14966442953020392,0.1604026845637513,0.007545870281931877,32.78381107992368,-1.9484712547908387,-0.008249685060597823,-0.010152615626846646,-0.0016586526515626199,-0.0014178591554011577,0.03376043100678189,-0.6360031213214155,9.023545173164644,0.1802368139820458,1.1391627037694967,-1.0,0.43,-0.02296387926768928,-0.2588190451025208,-0.9659258262890683,2,1.0,0.94623655,True
ETHUSDT,trend_ema__directionshort_only_fast21_rsi_threshold58.0_slow89,trend_ema,2026-02-18 13:30:00+00:00,2026-02-18 13:45:00+00:00,short,0.009997679578386615,0.010797679578386616,target,1,0.3443237784015264,1,True,False,False,0.001273690325541436,0.012588238727277063,0,0,0.010171600396398464,1984.87,1987.1,1972.2,1974.59,58707.336,2026-02-18 13:44:59.999000+00:00,116184518.9807,87612,27812.962,55051226.62665,-0.005187600819049919,-0.004164335303281463,-0.02323165655591913,-1.7334916687140363,0.6899328859060447,0.14966442953020392,0.1604026845637513,0.007545870281931877,32.78381107992368,-1.9484712547908387,-0.008249685060597823,-0.010152615626846646,-0.0016586526515626199,-0.0014178591554011577,0.03376043100678189,-0.6360031213214155,9.023545173164644,0.1802368139820458,1.1391627037694967,-1.0,0.43,-0.02296387926768928,-0.2588190451025208,-0.9659258262890683,2,1.0,0.94623655,True
ETHUSDT,trend_ema__directionshort_only_fast21_rsi_threshold52.0_slow89,trend_ema,2026-02-18 13:30:00+00:00,2026-02-18 13:45:00+00:00,short,0.009997679578386615,0.010797679578386616,target,1,0.3443237784015264,1,True,False,False,0.001273690325541436,0.012588238727277063,0,0,0.010161866509047341,1984.87,1987.1,1972.2,1974.59,58707.336,2026-02-18 13:44:59.999000+00:00,116184518.9807,87612,27812.962,55051226.62665,-0.005187600819049919,-0.004164335303281463,-0.02323165655591913,-1.7334916687140363,0.6899328859060447,0.14966442953020392,0.1604026845637513,0.007545870281931877,32.78381107992368,-1.9484712547908387,-0.008249685060597823,-0.010152615626846646,-0.0016586526515626199,-0.0014178591554011577,0.03376043100678189,-0.6360031213214155,9.023545173164644,0.1802368139820458,1.1391627037694967,-1.0,0.43,-0.02296387926768928,-0.2588190451025208,-0.9659258262890683,2,1.0,0.94623655,True
ETHUSDT,trend_ema__directionboth_fast21_rsi_threshold58.0_slow89,trend_ema,2026-02-18 13:30:00+00:00,2026-02-18 13:45:00+00:00,short,0.009997679578386615,0.010797679578386616,target,1,0.3443237784015264,1,True,False,False,0.001273690325541436,0.012588238727277063,0,0,0.010165111138164384,1984.87,1987.1,1972.2,1974.59,58707.336,2026-02-18 13:44:59.999000+00:00,116184518.9807,87612,27812.962,55051226.62665,-0.005187600819049919,-0.004164335303281463,-0.02323165655591913,-1.7334916687140363,0.6899328859060447,0.14966442953020392,0.1604026845637513,0.007545870281931877,32.78381107992368,-1.9484712547908387,-0.008249685060597823,-0.010152615626846646,-0.0016586526515626199,-0.0014178591554011577,0.03376043100678189,-0.6360031213214155,9.023545173164644,0.1802368139820458,1.1391627037694967,-1.0,0.43,-0.02296387926768928,-0.2588190451025208,-0.9659258262890683,2,1.0,0.94623655,True
XRPUSDT,trend_ema__directionshort_only_fast12_rsi_threshold55.0_slow34,trend_ema,2026-02-19 08:45:00+00:00,2026-02-19 13:15:00+00:00,short,0.012356673958932606,0.013156673958932606,target,18,0.14369185228287534,1,True,False,False,0.007208742402474752,0.01643796925950786,0,0,0.007514270820036484,1.4169,1.4174,1.4144,1.4157,4793435.6,2026-02-19 08:59:59.999000+00:00,6786482.90568,11095,2407368.4,3408407.77016,-0.0008472781697297063,-0.01137812527950909,-0.00077669906817236,-3.637037805699887,0.40000000000004443,0.16666666666665433,0.43333333333330126,0.002119093028183861,42.81540738585623,-0.00022392030168879383,-0.004456818273946284,-0.0074852163808734815,-0.0009735526997539656,-0.0006460679332757069,0.02078339845525396,-0.3238218913403491,0.007137303886378606,-0.12343470747890312,0.9201022317471119,-1.0,0.74,-0.011313639220616012,0.8660254037844387,-0.4999999999999998,3,1.0,0.92105263,True
ETHUSDT,trend_ema__directionshort_only_fast9_rsi_threshold52.0_slow89,trend_ema,2026-02-19 10:15:00+00:00,2026-02-19 12:00:00+00:00,short,0.008962851017305958,0.009762851017305958,target,7,0.1344394078918738,1,True,False,False,0.00153954390868556,0.010574232445299321,0,0,0.01007460679852448,1965.0,1967.73,1964.0,1965.0,15379.957,2026-02-19 10:29:59.999000+00:00,30235410.94264,35024,7942.116,15613874.05705,0.0,-0.005759463825654007,-0.007705604385052723,-2.8993774375500303,0.0,0.731903485254693,0.268096514745307,0.0018982188295165487,43.27802960540631,-1.92743613415871,-0.0030750053868806478,-0.0021783238417738037,-0.0011821706643937446,-0.00012036933592773913,0.013288997619984293,-0.6767987576881874,7.390846298077014,-0.8931421020654299,0.5501885857735738,1.0,0.1,-0.008957211160200873,0.49999999999999994,-0.8660254037844387,3,1.0,0.75384617,True
ETHUSDT,trend_ema__directionshort_only_fast12_rsi_threshold52.0_slow89,trend_ema,2026-02-19 10:30:00+00:00,2026-02-19 11:45:00+00:00,short,0.00860447515704848,0.00940447515704848,target,5,0.1317353100934014,1,True,False,False,0.001050916412226368,0.009469692116557122,0,0,0.009935041927167229,1965.01,1966.78,1961.64,1965.1,15387.019,2026-02-19 10:44:59.999000+00:00,30220912.25662,39001,7587.661,14902899.53786,5.0889290359756794e-05,-0.003996887042131987,-0.006992946835922277,-2.0209984645378842,0.017509727626443653,0.32684824902725784,0.6556420233462985,0.002615642969823354,43.41323449532993,-1.8533821822798011,-0.0027359646333081707,-0.002043900486082044,-0.0009658245018956402,-0.00033960508164643244,0.01344503581137251,-0.6569812774087028,7.2300715625000755,-0.9119636579367651,0.5477616548768001,1.0,0.1,-0.008906776412677342,0.49999999999999994,-0.8660254037844387,3,1.0,0.92771083,True
ETHUSDT,trend_ema__directionboth_fast12_rsi_threshold55.0_slow89,trend_ema,2026-02-19 10:30:00+00:00,2026-02-19 11:45:00+00:00,short,0.00860447515704848,0.00940447515704848,target,5,0.1317353100934014,1,True,False,False,0.001050916412226368,0.009469692116557122,0,0,0.00975963946978423,1965.01,1966.78,1961.64,1965.1,15387.019,2026-02-19 10:44:59.999000+00:00,30220912.25662,39001,7587.661,14902899.53786,5.0889290359756794e-05,-0.003996887042131987,-0.006992946835922277,-2.0209984645378842,0.017509727626443653,0.32684824902725784,0.6556420233462985,0.002615642969823354,43.41323449532993,-1.8533821822798011,-0.0027359646333081707,-0.002043900486082044,-0.0009658245018956402,-0.00033960508164643244,0.01344503581137251,-0.6569812774087028,7.2300715625000755,-0.9119636579367651,0.5477616548768001,1.0,0.1,-0.008906776412677342,0.49999999999999994,-0.8660254037844387,3,1.0,0.92771083,True
ETHUSDT,trend_ema__directionboth_fast12_rsi_threshold52.0_slow89,trend_ema,2026-02-19 10:30:00+00:00,2026-02-19 11:45:00+00:00,short,0.00860447515704848,0.00940447515704848,target,5,0.1317353100934014,1,True,False,False,0.001050916412226368,0.009469692116557122,0,0,0.009584237012401232,1965.01,1966.78,1961.64,1965.1,15387.019,2026-02-19 10:44:59.999000+00:00,30220912.25662,39001,7587.661,14902899.53786,5.0889290359756794e-05,-0.003996887042131987,-0.006992946835922277,-2.0209984645378842,0.017509727626443653,0.32684824902725784,0.6556420233462985,0.002615642969823354,43.41323449532993,-1.8533821822798011,-0.0027359646333081707,-0.002043900486082044,-0.0009658245018956402,-0.00033960508164643244,0.01344503581137251,-0.6569812774087028,7.2300715625000755,-0.9119636579367651,0.5477616548768001,1.0,0.1,-0.008906776412677342,0.49999999999999994,-0.8660254037844387,3,1.0,0.92771083,True
ETHUSDT,trend_ema__directionshort_only_fast12_rsi_threshold55.0_slow89,trend_ema,2026-02-19 10:30:00+00:00,2026-02-19 11:45:00+00:00,short,0.00860447515704848,0.00940447515704848,target,5,0.1317353100934014,1,True,False,False,0.001050916412226368,0.009469692116557122,0,0,0.00940883455501823,1965.01,1966.78,1961.64,1965.1,15387.019,2026-02-19 10:44:59.999000+00:00,30220912.25662,39001,7587.661,14902899.53786,5.0889290359756794e-05,-0.003996887042131987,-0.006992946835922277,-2.0209984645378842,0.017509727626443653,0.32684824902725784,0.6556420233462985,0.002615642969823354,43.41323449532993,-1.8533821822798011,-0.0027359646333081707,-0.002043900486082044,-0.0009658245018956402,-0.00033960508164643244,0.01344503581137251,-0.6569812774087028,7.2300715625000755,-0.9119636579367651,0.5477616548768001,1.0,0.1,-0.008906776412677342,0.49999999999999994,-0.8660254037844387,3,1.0,0.92771083,True
ETHUSDT,trend_ema__directionshort_only_fast12_rsi_threshold55.0_slow34,trend_ema,2026-02-19 10:45:00+00:00,2026-02-19 11:45:00+00:00,short,0.008399429339751264,0.009199429339751264,target,4,0.2524396002726722,1,True,False,False,0.0001500225033754673,0.009520097961923747,0,0,0.00923343209763523,1965.11,1965.11,1956.39,1958.81,32100.869,2026-02-19 10:59:59.999000+00:00,62890063.30677,45878,10713.396,20992178.79466,-0.003205988612162035,-0.002106203366739441,-0.011829832979742412,-1.022222606652398,0.7224770642201949,0.0,0.27752293577980514,0.004451682399007458,37.37801998636639,-2.1211270439711365,-0.005388656473338956,-0.005055259875316395,-0.0011731487020867348,-0.0006081545711341674,0.014970782554109836,-0.9802085329075436,7.336495022321484,0.24658575588110332,1.1170147590018034,1.0,0.14,-0.01207912203191508,0.49999999999999994,-0.8660254037844387,3,1.0,0.75384617,True
ETHUSDT,trend_ema__directionshort_only_fast12_rsi_threshold55.0_slow34,trend_ema,2026-02-19 10:45:00+00:00,2026-02-19 11:45:00+00:00,short,0.008399429339751264,0.009199429339751264,target,4,0.2524396002726722,1,True,False,False,0.0001500225033754673,0.009520097961923747,0,0,0.00923343209763523,1965.11,1965.11,1956.39,1958.81,32100.869,2026-02-19 10:59:59.999000+00:00,62890063.30677,45878,10713.396,20992178.79466,-0.003205988612162035,-0.002106203366739441,-0.011829832979742412,-1.022222606652398,0.7224770642201949,0.0,0.27752293577980514,0.004451682399007458,37.37801998636639,-2.1211270439711365,-0.005388656473338956,-0.005055259875316395,-0.0011731487020867348,-0.0006081545711341674,0.014970782554109836,-0.9802085329075436,7.336495022321484,0.24658575588110332,1.1170147590018034,1.0,0.14,-0.01207912203191508,0.49999999999999994,-0.8660254037844387,3,1.0,0.8378378,True
ETHUSDT,trend_ema__directionshort_only_fast21_rsi_threshold55.0_slow55,trend_ema,2026-02-19 11:30:00+00:00,2026-02-19 13:00:00+00:00,short,0.008162635683056155,0.008962635683056155,target,6,0.2643654377044386,1,True,False,False,0.0004919925242872612,0.013850332233356147,0,0,0.00839140942663468,1959.53,1960.2,1953.96,1956.01,30980.511,2026-02-19 11:44:59.999000+00:00,60610223.06876,51333,11743.331,22977209.91661,-0.0017928612168455955,-0.004636450537589791,-0.012977729206765612,-2.453131381678971,0.5641025641025603,0.10737179487180637,0.32852564102563325,0.00319016773942874,36.78172811477807,-2.026783446373124,-0.005486176185480564,-0.005954679361422911,-0.0013325809253220688,-0.0008241558521153713,0.017493121290713756,-0.8481267105632875,6.967969957740641,0.18716488357560238,1.087108746085169,-1.0,0.11,-0.013491294962577394,0.258819045102521,-0.9659258262890682,3,1.0,0.92771083,True
ETHUSDT,trend_ema__directionboth_fast21_rsi_threshold55.0_slow55,trend_ema,2026-02-19 11:30:00+00:00,2026-02-19 13:00:00+00:00,short,0.008162635683056155,0.008962635683056155,target,6,0.2643654377044386,1,True,False,False,0.0004919925242872612,0.013850332233356147,0,0,0.008435593374033913,1959.53,1960.2,1953.96,1956.01,30980.511,2026-02-19 11:44:59.999000+00:00,60610223.06876,51333,11743.331,22977209.91661,-0.0017928612168455955,-0.004636450537589791,-0.012977729206765612,-2.453131381678971,0.5641025641025603,0.10737179487180637,0.32852564102563325,0.00319016773942874,36.78172811477807,-2.026783446373124,-0.005486176185480564,-0.005954679361422911,-0.0013325809253220688,-0.0008241558521153713,0.017493121290713756,-0.8481267105632875,6.967969957740641,0.18716488357560238,1.087108746085169,-1.0,0.11,-0.013491294962577394,0.258819045102521,-0.9659258262890682,3,1.0,0.92771083,True
ETHUSDT,trend_ema__directionshort_only_fast21_rsi_threshold58.0_slow55,trend_ema,2026-02-19 11:30:00+00:00,2026-02-19 13:00:00+00:00,short,0.008162635683056155,0.008962635683056155,target,6,0.2643654377044386,1,True,False,False,0.0004919925242872612,0.013850332233356147,0,0,0.008479777321433147,1959.53,1960.2,1953.96,1956.01,30980.511,2026-02-19 11:44:59.999000+00:00,60610223.06876,51333,11743.331,22977209.91661,-0.0017928612168455955,-0.004636450537589791,-0.012977729206765612,-2.453131381678971,0.5641025641025603,0.10737179487180637,0.32852564102563325,0.00319016773942874,36.78172811477807,-2.026783446373124,-0.005486176185480564,-0.005954679361422911,-0.0013325809253220688,-0.0008241558521153713,0.017493121290713756,-0.8481267105632875,6.967969957740641,0.18716488357560238,1.087108746085169,-1.0,0.11,-0.013491294962577394,0.258819045102521,-0.9659258262890682,3,1.0,0.92771083,True
ETHUSDT,trend_ema__directionboth_fast21_rsi_threshold58.0_slow55,trend_ema,2026-02-19 11:30:00+00:00,2026-02-19 13:00:00+00:00,short,0.008162635683056155,0.008962635683056155,target,6,0.2643654377044386,1,True,False,False,0.0004919925242872612,0.013850332233356147,0,0,0.008523961268832378,1959.53,1960.2,1953.96,1956.01,30980.511,2026-02-19 11:44:59.999000+00:00,60610223.06876,51333,11743.331,22977209.91661,-0.0017928612168455955,-0.004636450537589791,-0.012977729206765612,-2.453131381678971,0.5641025641025603,0.10737179487180637,0.32852564102563325,0.00319016773942874,36.78172811477807,-2.026783446373124,-0.005486176185480564,-0.005954679361422911,-0.0013325809253220688,-0.0008241558521153713,0.017493121290713756,-0.8481267105632875,6.967969957740641,0.18716488357560238,1.087108746085169,-1.0,0.11,-0.013491294962577394,0.258819045102521,-0.9659258262890682,3,1.0,0.92771083,True
ETHUSDT,trend_ema__directionshort_only_fast21_rsi_threshold52.0_slow55,trend_ema,2026-02-19 11:30:00+00:00,2026-02-19 13:00:00+00:00,short,0.008162635683056155,0.008962635683056155,target,6,0.2643654377044386,1,True,False,False,0.0004919925242872612,0.013850332233356147,0,0,0.008603982802257357,1959.53,1960.2,1953.96,1956.01,30980.511,2026-02-19 11:44:59.999000+00:00,60610223.06876,51333,11743.331,22977209.91661,-0.0017928612168455955,-0.004636450537589791,-0.012977729206765612,-2.453131381678971,0.5641025641025603,0.10737179487180637,0.32852564102563325,0.00319016773942874,36.78172811477807,-2.026783446373124,-0.005486176185480564,-0.005954679361422911,-0.0013325809253220688,-0.0008241558521153713,0.017493121290713756,-0.8481267105632875,6.967969957740641,0.18716488357560238,1.087108746085169,-1.0,0.11,-0.013491294962577394,0.258819045102521,-0.9659258262890682,3,1.0,0.92771083,True
ETHUSDT,trend_ema__directionshort_only_fast21_rsi_threshold52.0_slow55,trend_ema,2026-02-19 11:30:00+00:00,2026-02-19 13:00:00+00:00,short,0.008162635683056155,0.008962635683056155,target,6,0.2643654377044386,1,True,False,False,0.0004919925242872612,0.013850332233356147,0,0,0.008603982802257357,1959.53,1960.2,1953.96,1956.01,30980.511,2026-02-19 11:44:59.999000+00:00,60610223.06876,51333,11743.331,22977209.91661,-0.0017928612168455955,-0.004636450537589791,-0.012977729206765612,-2.453131381678971,0.5641025641025603,0.10737179487180637,0.32852564102563325,0.00319016773942874,36.78172811477807,-2.026783446373124,-0.005486176185480564,-0.005954679361422911,-0.0013325809253220688,-0.0008241558521153713,0.017493121290713756,-0.8481267105632875,6.967969957740641,0.18716488357560238,1.087108746085169,-1.0,0.11,-0.013491294962577394,0.258819045102521,-0.9659258262890682,3,1.0,0.92105263,True
ETHUSDT,trend_ema__directionshort_only_fast21_rsi_threshold55.0_slow55,trend_ema,2026-02-19 11:30:00+00:00,2026-02-19 13:00:00+00:00,short,0.008162635683056155,0.008962635683056155,target,6,0.2643654377044386,1,True,False,False,0.0004919925242872612,0.013850332233356147,0,0,0.00839140942663468,1959.53,1960.2,1953.96,1956.01,30980.511,2026-02-19 11:44:59.999000+00:00,60610223.06876,51333,11743.331,22977209.91661,-0.0017928612168455955,-0.004636450537589791,-0.012977729206765612,-2.453131381678971,0.5641025641025603,0.10737179487180637,0.32852564102563325,0.00319016773942874,36.78172811477807,-2.026783446373124,-0.005486176185480564,-0.005954679361422911,-0.0013325809253220688,-0.0008241558521153713,0.017493121290713756,-0.8481267105632875,6.967969957740641,0.18716488357560238,1.087108746085169,-1.0,0.11,-0.013491294962577394,0.258819045102521,-0.9659258262890682,3,1.0,0.92105263,True
ETHUSDT,trend_ema__directionboth_fast21_rsi_threshold55.0_slow55,trend_ema,2026-02-19 11:30:00+00:00,2026-02-19 13:00:00+00:00,short,0.008162635683056155,0.008962635683056155,target,6,0.2643654377044386,1,True,False,False,0.0004919925242872612,0.013850332233356147,0,0,0.008435593374033913,1959.53,1960.2,1953.96,1956.01,30980.511,2026-02-19 11:44:59.999000+00:00,60610223.06876,51333,11743.331,22977209.91661,-0.0017928612168455955,-0.004636450537589791,-0.012977729206765612,-2.453131381678971,0.5641025641025603,0.10737179487180637,0.32852564102563325,0.00319016773942874,36.78172811477807,-2.026783446373124,-0.005486176185480564,-0.005954679361422911,-0.0013325809253220688,-0.0008241558521153713,0.017493121290713756,-0.8481267105632875,6.967969957740641,0.18716488357560238,1.087108746085169,-1.0,0.11,-0.013491294962577394,0.258819045102521,-0.9659258262890682,3,1.0,0.92105263,True
ETHUSDT,trend_ema__directionshort_only_fast21_rsi_threshold58.0_slow55,trend_ema,2026-02-19 11:30:00+00:00,2026-02-19 13:00:00+00:00,short,0.008162635683056155,0.008962635683056155,target,6,0.2643654377044386,1,True,False,False,0.0004919925242872612,0.013850332233356147,0,0,0.008479777321433147,1959.53,1960.2,1953.96,1956.01,30980.511,2026-02-19 11:44:59.999000+00:00,60610223.06876,51333,11743.331,22977209.91661,-0.0017928612168455955,-0.004636450537589791,-0.012977729206765612,-2.453131381678971,0.5641025641025603,0.10737179487180637,0.32852564102563325,0.00319016773942874,36.78172811477807,-2.026783446373124,-0.005486176185480564,-0.005954679361422911,-0.0013325809253220688,-0.0008241558521153713,0.017493121290713756,-0.8481267105632875,6.967969957740641,0.18716488357560238,1.087108746085169,-1.0,0.11,-0.013491294962577394,0.258819045102521,-0.9659258262890682,3,1.0,0.92105263,True
ETHUSDT,trend_ema__directionboth_fast21_rsi_threshold58.0_slow55,trend_ema,2026-02-19 11:30:00+00:00,2026-02-19 13:00:00+00:00,short,0.008162635683056155,0.008962635683056155,target,6,0.2643654377044386,1,True,False,False,0.0004919925242872612,0.013850332233356147,0,0,0.008523961268832378,1959.53,1960.2,1953.96,1956.01,30980.511,2026-02-19 11:44:59.999000+00:00,60610223.06876,51333,11743.331,22977209.91661,-0.0017928612168455955,-0.004636450537589791,-0.012977729206765612,-2.453131381678971,0.5641025641025603,0.10737179487180637,0.32852564102563325,0.00319016773942874,36.78172811477807,-2.026783446373124,-0.005486176185480564,-0.005954679361422911,-0.0013325809253220688,-0.0008241558521153713,0.017493121290713756,-0.8481267105632875,6.967969957740641,0.18716488357560238,1.087108746085169,-1.0,0.11,-0.013491294962577394,0.258819045102521,-0.9659258262890682,3,1.0,0.92105263,True
BTCUSDT,trend_ema__directionshort_only_fast12_rsi_threshold55.0_slow34,trend_ema,2026-02-19 11:45:00+00:00,2026-02-19 13:00:00+00:00,short,0.0054833261509491605,0.006283326150949161,target,5,0.3247864028448961,1,True,False,False,0.000989027947207884,0.00658153280179149,0,0,0.006726892052327587,66636.5,66692.4,66431.1,66468.9,3216.775,2026-02-19 11:59:59.999000+00:00,214029304.3033,61122,1200.594,79895612.6402,-0.0025198070512977466,-0.005120097620643621,-0.010647369221901402,-3.37901644325793,0.6414083429009311,0.21393034825869373,0.1446613088403752,0.003931161791454175,33.76067985775519,-56.193961601740746,-0.00568136506050439,-0.005845455636896066,-0.0011404911294997655,-0.0004673394463667879,0.01090673297013021,-1.2610506921526237,174.15767877049734,3.898257418082751,3.34961771215417,-1.0,0.26,-0.010633594955889447,0.258819045102521,-0.9659258262890682,3,1.0,0.94623655,True
BTCUSDT,trend_ema__directionshort_only_fast12_rsi_threshold55.0_slow34,trend_ema,2026-02-19 11:45:00+00:00,2026-02-19 13:00:00+00:00,short,0.0054833261509491605,0.006283326150949161,target,5,0.3247864028448961,1,True,False,False,0.000989027947207884,0.00658153280179149,0,0,0.006726892052327587,66636.5,66692.4,66431.1,66468.9,3216.775,2026-02-19 11:59:59.999000+00:00,214029304.3033,61122,1200.594,79895612.6402,-0.0025198070512977466,-0.005120097620643621,-0.010647369221901402,-3.37901644325793,0.6414083429009311,0.21393034825869373,0.1446613088403752,0.003931161791454175,33.76067985775519,-56.193961601740746,-0.00568136506050439,-0.005845455636896066,-0.0011404911294997655,-0.0004673394463667879,0.01090673297013021,-1.2610506921526237,174.15767877049734,3.898257418082751,3.34961771215417,-1.0,0.26,-0.010633594955889447,0.258819045102521,-0.9659258262890682,3,1.0,0.92771083,True
BTCUSDT,trend_ema__directionshort_only_fast21_rsi_threshold55.0_slow55,trend_ema,2026-02-19 12:00:00+00:00,2026-02-19 13:30:00+00:00,short,0.005751337106335842,0.006551337106335842,target,6,0.2512274843879807,1,True,False,False,0.00295928051918699,0.008629849227883768,0,0,0.005985706948772191,66468.8,66551.3,66272.4,66538.9,2781.179,2026-02-19 12:14:59.999000+00:00,184711143.9191,63382,1197.892,79581317.6378,0.001052569946465907,-0.005244800024057276,-0.007463933561518639,-3.3769312006059673,0.251344567945461,0.04446038006456918,0.7041950519899698,0.004191533073134794,37.438625780600965,-58.24390810203622,-0.0041830508421769426,-0.004599553073754335,-0.001424726029443768,-0.0006080402900939808,0.011762352075578271,-0.9191041809390766,181.6392731440339,2.6339211889286216,2.7030496037450855,-1.0,0.28,-0.009591669358307908,1.2246467991473532e-16,-1.0,3,1.0,0.75384617,True
BTCUSDT,trend_ema__directionshort_only_fast21_rsi_threshold58.0_slow55,trend_ema,2026-02-19 12:00:00+00:00,2026-02-19 13:30:00+00:00,short,0.005751337106335842,0.006551337106335842,target,6,0.2512274843879807,1,True,False,False,0.00295928051918699,0.008629849227883768,0,0,0.006168589456136013,66468.8,66551.3,66272.4,66538.9,2781.179,2026-02-19 12:14:59.999000+00:00,184711143.9191,63382,1197.892,79581317.6378,0.001052569946465907,-0.005244800024057276,-0.007463933561518639,-3.3769312006059673,0.251344567945461,0.04446038006456918,0.7041950519899698,0.004191533073134794,37.438625780600965,-58.24390810203622,-0.0041830508421769426,-0.004599553073754335,-0.001424726029443768,-0.0006080402900939808,0.011762352075578271,-0.9191041809390766,181.6392731440339,2.6339211889286216,2.7030496037450855,-1.0,0.28,-0.009591669358307908,1.2246467991473532e-16,-1.0,3,1.0,0.75384617,True
BTCUSDT,trend_ema__directionboth_fast21_rsi_threshold55.0_slow55,trend_ema,2026-02-19 12:00:00+00:00,2026-02-19 13:30:00+00:00,short,0.005751337106335842,0.006551337106335842,target,6,0.2512274843879807,1,True,False,False,0.00295928051918699,0.008629849227883768,0,0,0.005802824441408369,66468.8,66551.3,66272.4,66538.9,2781.179,2026-02-19 12:14:59.999000+00:00,184711143.9191,63382,1197.892,79581317.6378,0.001052569946465907,-0.005244800024057276,-0.007463933561518639,-3.3769312006059673,0.251344567945461,0.04446038006456918,0.7041950519899698,0.004191533073134794,37.438625780600965,-58.24390810203622,-0.0041830508421769426,-0.004599553073754335,-0.001424726029443768,-0.0006080402900939808,0.011762352075578271,-0.9191041809390766,181.6392731440339,2.6339211889286216,2.7030496037450855,-1.0,0.28,-0.009591669358307908,1.2246467991473532e-16,-1.0,3,1.0,0.75384617,True
BTCUSDT,trend_ema__directionshort_only_fast21_rsi_threshold52.0_slow55,trend_ema,2026-02-19 12:00:00+00:00,2026-02-19 13:30:00+00:00,short,0.005751337106335842,0.006551337106335842,target,6,0.2512274843879807,1,True,False,False,0.00295928051918699,0.008629849227883768,0,0,0.006525781460144377,66468.8,66551.3,66272.4,66538.9,2781.179,2026-02-19 12:14:59.999000+00:00,184711143.9191,63382,1197.892,79581317.6378,0.001052569946465907,-0.005244800024057276,-0.007463933561518639,-3.3769312006059673,0.251344567945461,0.04446038006456918,0.7041950519899698,0.004191533073134794,37.438625780600965,-58.24390810203622,-0.0041830508421769426,-0.004599553073754335,-0.001424726029443768,-0.0006080402900939808,0.011762352075578271,-0.9191041809390766,181.6392731440339,2.6339211889286216,2.7030496037450855,-1.0,0.28,-0.009591669358307908,1.2246467991473532e-16,-1.0,3,1.0,0.75384617,True
BTCUSDT,trend_ema__directionboth_fast21_rsi_threshold58.0_slow55,trend_ema,2026-02-19 12:00:00+00:00,2026-02-19 13:30:00+00:00,short,0.005751337106335842,0.006551337106335842,target,6,0.2512274843879807,1,True,False,False,0.00295928051918699,0.008629849227883768,0,0,0.006351471963499835,66468.8,66551.3,66272.4,66538.9,2781.179,2026-02-19 12:14:59.999000+00:00,184711143.9191,63382,1197.892,79581317.6378,0.001052569946465907,-0.005244800024057276,-0.007463933561518639,-3.3769312006059673,0.251344567945461,0.04446038006456918,0.7041950519899698,0.004191533073134794,37.438625780600965,-58.24390810203622,-0.0041830508421769426,-0.004599553073754335,-0.001424726029443768,-0.0006080402900939808,0.011762352075578271,-0.9191041809390766,181.6392731440339,2.6339211889286216,2.7030496037450855,-1.0,0.28,-0.009591669358307908,1.2246467991473532e-16,-1.0,3,1.0,0.75384617,True
BTCUSDT,trend_ema__directionboth_fast12_rsi_threshold55.0_slow89,trend_ema,2026-02-19 19:30:00+00:00,2026-02-20 05:30:00+00:00,long,0.012384824265886211,0.013184824265886212,target,40,0.13770143406787966,1,True,False,False,0.0045148688814026896,0.015087542997053633,0,0,0.003907997556280063,66910.3,66939.1,66667.0,66841.8,1381.763,2026-02-19 19:44:59.999000+00:00,92296880.6394,50202,742.096,49570208.5406,-0.0010227885334461273,-0.002013178249815604,0.005990216314839864,-0.652349650987929,0.251745681734651,0.10584343991180556,0.6424108783535435,0.004070805992657376,56.88507170339398,65.46643795007186,0.003152932972515085,0.0035737780255046467,0.001287653778615061,0.0010528281477100165,0.01907305823162408,0.5069740428797521,347.1593543736347,-1.0463859935022066,0.4713885345445313,1.0,0.82,-0.0024088401747975885,-0.9659258262890684,0.2588190451025203,3,2.0,0.75384617,True
BTCUSDT,trend_ema__directionboth_fast21_rsi_threshold55.0_slow55,trend_ema,2026-02-19 19:45:00+00:00,2026-02-20 05:30:00+00:00,long,0.012182399074547186,0.012982399074547187,target,39,0.217933614171004,1,True,False,False,0.0034961787638487195,0.016126292463197137,0,0,0.00562425422288089,66841.9,67105.4,66757.3,67022.9,1948.343,2026-02-19 19:59:59.999000+00:00,130450833.1253,48531,1281.095,85766264.0831,0.0027057186918547768,0.00029397259402258967,0.009899200383004996,0.09497626470320875,0.5199655271473845,0.23700086182132166,0.24303361103129387,0.005193747211773757,60.8966807085502,63.96778596284277,0.005289667936582753,0.006020450325226247,0.001370168682468531,0.0010386181944057604,0.020098193914698064,0.7037486529193085,347.2265433469459,-0.6734485144535247,0.662562938065851,1.0,0.83,0.0,-0.9659258262890684,0.2588190451025203,3,2.0,0.75384617,True
BTCUSDT,trend_ema__directionboth_fast21_rsi_threshold55.0_slow55,trend_ema,2026-02-19 19:45:00+00:00,2026-02-20 05:30:00+00:00,long,0.012182399074547186,0.012982399074547187,target,39,0.217933614171004,1,True,False,False,0.0034961787638487195,0.016126292463197137,0,0,0.00562425422288089,66841.9,67105.4,66757.3,67022.9,1948.343,2026-02-19 19:59:59.999000+00:00,130450833.1253,48531,1281.095,85766264.0831,0.0027057186918547768,0.00029397259402258967,0.009899200383004996,0.09497626470320875,0.5199655271473845,0.23700086182132166,0.24303361103129387,0.005193747211773757,60.8966807085502,63.96778596284277,0.005289667936582753,0.006020450325226247,0.001370168682468531,0.0010386181944057604,0.020098193914698064,0.7037486529193085,347.2265433469459,-0.6734485144535247,0.662562938065851,1.0,0.83,0.0,-0.9659258262890684,0.2588190451025203,3,2.0,0.8378378,True
SOLUSDT,trend_ema__directionboth_fast12_rsi_threshold58.0_slow89,trend_ema,2026-02-19 20:30:00+00:00,2026-02-20 05:30:00+00:00,long,0.017128186269643027,0.017928186269643025,target,36,0.2184330423689184,1,True,False,False,0.00307565423343043,0.020451662804102853,0,0,0.00542966257343328,82.02,82.22,81.79,81.96,243908.07,2026-02-19 20:44:59.999000+00:00,20004996.392,17456,69007.15,5661160.5815,-0.0007317965932142287,0.005137625979591613,0.017104951581594467,1.4190209180638227,0.13953488372093792,0.46511627906978203,0.39534883720928005,0.005246461688628509,60.92165211844592,0.10282336608243242,0.006670886739411847,0.008257034129458017,0.0024435111092575568,0.001638010118772515,0.03015142682437544,0.5895221150462674,0.5769707230872363,-0.5862153869004962,0.7257610149420372,1.0,0.8,-0.000731528895391409,-0.8660254037844386,0.5000000000000001,3,2.0,0.75384617,True
SOLUSDT,trend_ema__directionboth_fast12_rsi_threshold55.0_slow89,trend_ema,2026-02-19 20:30:00+00:00,2026-02-20 05:30:00+00:00,long,0.017128186269643027,0.017928186269643025,target,36,0.2184330423689184,1,True,False,False,0.00307565423343043,0.020451662804102853,0,0,0.00779264921153554,82.02,82.22,81.79,81.96,243908.07,2026-02-19 20:44:59.999000+00:00,20004996.392,17456,69007.15,5661160.5815,-0.0007317965932142287,0.005137625979591613,0.017104951581594467,1.4190209180638227,0.13953488372093792,0.46511627906978203,0.39534883720928005,0.005246461688628509,60.92165211844592,0.10282336608243242,0.006670886739411847,0.008257034129458017,0.0024435111092575568,0.001638010118772515,0.03015142682437544,0.5895221150462674,0.5769707230872363,-0.5862153869004962,0.7257610149420372,1.0,0.8,-0.000731528895391409,-0.8660254037844386,0.5000000000000001,3,2.0,0.75384617,True
SOLUSDT,trend_ema__directionboth_fast12_rsi_threshold52.0_slow89,trend_ema,2026-02-19 20:30:00+00:00,2026-02-20 05:30:00+00:00,long,0.017128186269643027,0.017928186269643025,target,36,0.2184330423689184,1,True,False,False,0.00307565423343043,0.020451662804102853,0,0,0.010208007746528011,82.02,82.22,81.79,81.96,243908.07,2026-02-19 20:44:59.999000+00:00,20004996.392,17456,69007.15,5661160.5815,-0.0007317965932142287,0.005137625979591613,0.017104951581594467,1.4190209180638227,0.13953488372093792,0.46511627906978203,0.39534883720928005,0.005246461688628509,60.92165211844592,0.10282336608243242,0.006670886739411847,0.008257034129458017,0.0024435111092575568,0.001638010118772515,0.03015142682437544,0.5895221150462674,0.5769707230872363,-0.5862153869004962,0.7257610149420372,1.0,0.8,-0.000731528895391409,-0.8660254037844386,0.5000000000000001,3,2.0,0.75384617,True
ZECUSDT,trend_ema__directionboth_fast21_rsi_threshold58.0_slow55,trend_ema,2026-02-19 20:45:00+00:00,2026-02-20 05:30:00+00:00,long,0.01794784636424295,0.01874784636424295,target,35,0.3902040709555425,1,True,False,False,0.005816897255057748,0.01898063078586445,0,2,-0.0063767922676148964,262.89,265.28,262.89,265.1,17927.999,2026-02-19 20:59:59.999000+00:00,4741964.61927,19221,11628.283,3075634.14232,0.008409459006021991,0.007230908486577827,0.02162019659628642,1.7598264547537403,0.9246861924686397,0.07531380753136026,0.0,0.009015465861938838,69.51020354777712,0.3726942441351536,0.013739595009002022,0.015618705443506324,0.0030505250329360134,0.0020939754425342016,0.02928980830233536,1.0753043949981056,2.002333946018307,0.12852355929789916,1.0903176860830135,1.0,0.35,0.0,-0.8660254037844386,0.5000000000000001,3,2.0,0.75384617,True
ZECUSDT,trend_ema__directionboth_fast21_rsi_threshold55.0_slow55,trend_ema,2026-02-19 20:45:00+00:00,2026-02-20 05:30:00+00:00,long,0.01794784636424295,0.01874784636424295,target,35,0.3902040709555425,1,True,False,False,0.005816897255057748,0.01898063078586445,0,1,-0.0031318283910270555,262.89,265.28,262.89,265.1,17927.999,2026-02-19 20:59:59.999000+00:00,4741964.61927,19221,11628.283,3075634.14232,0.008409459006021991,0.007230908486577827,0.02162019659628642,1.7598264547537403,0.9246861924686397,0.07531380753136026,0.0,0.009015465861938838,69.51020354777712,0.3726942441351536,0.013739595009002022,0.015618705443506324,0.0030505250329360134,0.0020939754425342016,0.02928980830233536,1.0753043949981056,2.002333946018307,0.12852355929789916,1.0903176860830135,1.0,0.35,0.0,-0.8660254037844386,0.5000000000000001,3,2.0,0.75384617,True
SOLUSDT,trend_ema__directionboth_fast21_rsi_threshold58.0_slow89,trend_ema,2026-02-19 21:45:00+00:00,2026-02-20 00:15:00+00:00,long,0.014650203158789456,0.015450203158789456,target,10,0.2031228623234597,1,True,False,False,0.002465291388497739,0.0175195231988815,0,0,0.01262877460234022,82.05,82.1,81.94,82.02,59824.25,2026-02-19 21:59:59.999000+00:00,4907008.8797,7371,22636.85,1856790.3262,-0.0003656975721867231,-0.00048756705012689445,0.019700218494785152,-0.14782742297719317,0.1875000000000111,0.3124999999999889,0.5,0.0019507437210436063,60.156143116172984,0.028672990505892948,0.004660401361810977,0.0074370159029107045,0.0014783323049778474,0.0015595152440661675,0.02340644692764768,0.43295749715927423,0.4823551769486477,-1.3742560099869034,0.2090788278162491,1.0,0.75,-0.0004874482086278942,-0.7071067811865477,0.7071067811865474,3,2.0,0.75384617,True
DOGEUSDT,trend_ema__directionboth_fast12_rsi_threshold52.0_slow89,trend_ema,2026-02-19 23:45:00+00:00,2026-02-20 02:30:00+00:00,long,0.01130968206513026,0.01210968206513026,target,11,0.183450738579737,1,True,False,False,0.0011679473898504487,0.012269255111631404,0,3,-0.008967719067982185,0.09822,0.09834,0.09817,0.09831,14452206.0,2026-02-19 23:59:59.999000+00:00,1420253.46432,5462,8798145.0,864686.07775,0.0009158907677342278,0.0029542118974313827,0.0025462151557457814,1.0564733103292143,0.5294117647058295,0.17647058823530373,0.2941176470588667,0.00172922388363344,59.17253692898685,3.58276849034947e-05,0.0044444323982012245,0.005838344753878323,0.001318309537607254,0.000896351852094579,0.009940920774317146,0.9365068582071729,0.0004539910856279566,-1.1496460186155473,0.3620595989304633,1.0,0.27,0.0,-0.25881904510252157,0.9659258262890681,3,2.0,0.75384617,True
ZECUSDT,trend_ema__directionshort_only_fast9_rsi_threshold52.0_slow89,trend_ema,2026-02-20 07:45:00+00:00,2026-02-20 09:15:00+00:00,short,-0.010625200430603516,-0.009825200430603516,stop,6,0.27893038597161407,0,False,True,False,0.012314319419005982,0.008303781327927319,0,0,0.022677519706307516,261.46,262.26,259.25,260.57,20507.368,2026-02-20 07:59:59.999000+00:00,5341653.8686,22732,7389.976,1925788.88892,-0.0034097690259195642,-0.013872702377683482,-0.009738662773007197,-4.085547075850926,0.29568106312292,0.26578073089701454,0.4385382059800655,0.011551598418850947,36.053480701419296,-0.39065199190208444,-0.010594977175081354,-0.009885077825613044,-0.0023094997944428375,-0.0006108621449795182,0.017257075891988917,-1.2943478404028432,1.805030971935647,2.1870871920980095,2.4992767701127643,1.0,0.08,-0.018161950337239552,0.9659258262890683,-0.25881904510252063,4,0.0,0.92771083,True
ZECUSDT,trend_ema__directionshort_only_fast9_rsi_threshold52.0_slow89,trend_ema,2026-02-20 07:45:00+00:00,2026-02-20 09:15:00+00:00,short,-0.010625200430603516,-0.009825200430603516,stop,6,0.27893038597161407,0,False,True,False,0.012314319419005982,0.008303781327927319,0,0,0.022677519706307516,261.46,262.26,259.25,260.57,20507.368,2026-02-20 07:59:59.999000+00:00,5341653.8686,22732,7389.976,1925788.88892,-0.0034097690259195642,-0.013872702377683482,-0.009738662773007197,-4.085547075850926,0.29568106312292,0.26578073089701454,0.4385382059800655,0.011551598418850947,36.053480701419296,-0.39065199190208444,-0.010594977175081354,-0.009885077825613044,-0.0023094997944428375,-0.0006108621449795182,0.017257075891988917,-1.2943478404028432,1.805030971935647,2.1870871920980095,2.4992767701127643,1.0,0.08,-0.018161950337239552,0.9659258262890683,-0.25881904510252063,4,0.0,0.94623655,True
XRPUSDT,trend_ema__directionshort_only_fast12_rsi_threshold55.0_slow89,trend_ema,2026-02-20 12:00:00+00:00,2026-02-20 13:30:00+00:00,short,0.009248153882721509,0.01004815388272151,target,6,0.23966032487002806,1,True,False,False,0.0029266348950063898,0.019927020943802245,0,0,0.007623034178377319,1.4048,1.4073,1.4025,1.4069,5011998.0,2026-02-20 12:14:59.999000+00:00,7044006.30728,15662,2579858.9,3625873.73632,0.0015649455463032868,-0.006729738854581162,-0.008493221130100082,-2.7745976756868207,0.4375000000000058,0.08333333333332563,0.4791666666666686,0.0034117563437343914,38.0169837564986,-0.00215705045601543,-0.006095889108031349,-0.0058469114921904835,-0.0025045888895144364,-0.000967139018365204,0.01774899836521788,-0.8655100540847379,0.005585025141628397,0.19239754978902684,1.1354322286726444,1.0,0.13,-0.013324917595904262,1.2246467991473532e-16,-1.0,4,1.0,0.75384617,True
XRPUSDT,trend_ema__directionshort_only_fast12_rsi_threshold58.0_slow89,trend_ema,2026-02-20 12:00:00+00:00,2026-02-20 13:30:00+00:00,short,0.009248153882721509,0.01004815388272151,target,6,0.23966032487002806,1,True,False,False,0.0029266348950063898,0.019927020943802245,0,0,0.0010331897166323584,1.4048,1.4073,1.4025,1.4069,5011998.0,2026-02-20 12:14:59.999000+00:00,7044006.30728,15662,2579858.9,3625873.73632,0.0015649455463032868,-0.006729738854581162,-0.008493221130100082,-2.7745976756868207,0.4375000000000058,0.08333333333332563,0.4791666666666686,0.0034117563437343914,38.0169837564986,-0.00215705045601543,-0.006095889108031349,-0.0058469114921904835,-0.0025045888895144364,-0.000967139018365204,0.01774899836521788,-0.8655100540847379,0.005585025141628397,0.19239754978902684,1.1354322286726444,1.0,0.13,-0.013324917595904262,1.2246467991473532e-16,-1.0,4,1.0,0.75384617,True
XRPUSDT,trend_ema__directionboth_fast9_rsi_threshold58.0_slow89,trend_ema,2026-02-20 12:00:00+00:00,2026-02-20 13:30:00+00:00,short,0.009248153882721509,0.01004815388272151,target,6,0.23966032487002806,1,True,False,False,0.0029266348950063898,0.019927020943802245,0,0,0.004328111947504839,1.4048,1.4073,1.4025,1.4069,5011998.0,2026-02-20 12:14:59.999000+00:00,7044006.30728,15662,2579858.9,3625873.73632,0.0015649455463032868,-0.006729738854581162,-0.008493221130100082,-2.7745976756868207,0.4375000000000058,0.08333333333332563,0.4791666666666686,0.0034117563437343914,38.0169837564986,-0.00215705045601543,-0.006095889108031349,-0.0058469114921904835,-0.0025045888895144364,-0.000967139018365204,0.01774899836521788,-0.8655100540847379,0.005585025141628397,0.19239754978902684,1.1354322286726444,1.0,0.13,-0.013324917595904262,1.2246467991473532e-16,-1.0,4,1.0,0.75384617,True
XRPUSDT,trend_ema__directionshort_only_fast12_rsi_threshold52.0_slow89,trend_ema,2026-02-20 12:00:00+00:00,2026-02-20 13:30:00+00:00,short,0.009248153882721509,0.01004815388272151,target,6,0.23966032487002806,1,True,False,False,0.0029266348950063898,0.019927020943802245,0,0,0.005975573062941079,1.4048,1.4073,1.4025,1.4069,5011998.0,2026-02-20 12:14:59.999000+00:00,7044006.30728,15662,2579858.9,3625873.73632,0.0015649455463032868,-0.006729738854581162,-0.008493221130100082,-2.7745976756868207,0.4375000000000058,0.08333333333332563,0.4791666666666686,0.0034117563437343914,38.0169837564986,-0.00215705045601543,-0.006095889108031349,-0.0058469114921904835,-0.0025045888895144364,-0.000967139018365204,0.01774899836521788,-0.8655100540847379,0.005585025141628397,0.19239754978902684,1.1354322286726444,1.0,0.13,-0.013324917595904262,1.2246467991473532e-16,-1.0,4,1.0,0.75384617,True
XRPUSDT,trend_ema__directionshort_only_fast12_rsi_threshold55.0_slow34,trend_ema,2026-02-20 12:00:00+00:00,2026-02-20 13:30:00+00:00,short,0.009248153882721509,0.01004815388272151,target,6,0.23966032487002806,1,True,False,False,0.0029266348950063898,0.019927020943802245,0,0,0.0026806508320685986,1.4048,1.4073,1.4025,1.4069,5011998.0,2026-02-20 12:14:59.999000+00:00,7044006.30728,15662,2579858.9,3625873.73632,0.0015649455463032868,-0.006729738854581162,-0.008493221130100082,-2.7745976756868207,0.4375000000000058,0.08333333333332563,0.4791666666666686,0.0034117563437343914,38.0169837564986,-0.00215705045601543,-0.006095889108031349,-0.0058469114921904835,-0.0025045888895144364,-0.000967139018365204,0.01774899836521788,-0.8655100540847379,0.005585025141628397,0.19239754978902684,1.1354322286726444,1.0,0.13,-0.013324917595904262,1.2246467991473532e-16,-1.0,4,1.0,0.75384617,True
XRPUSDT,trend_ema__directionshort_only_fast21_rsi_threshold52.0_slow89,trend_ema,2026-02-20 12:30:00+00:00,2026-02-20 13:30:00+00:00,short,0.009068403776964013,0.009868403776964014,target,4,0.2991651281271481,1,True,False,False,0.003140859167322887,0.019717678192846835,0,0,0.00914030381926701,1.4045,1.4071,1.4038,1.4038,2640640.3,2026-02-20 12:44:59.999000+00:00,3711580.62846,10840,1356672.2,1906966.76021,-0.00042731999795618596,-0.00021368282427539927,-0.00801735466200464,-0.08801918326675874,0.21212121212125087,0.7878787878787491,0.0,0.0023507622168400634,35.04174359364259,-0.0021792445546846935,-0.006845602114277926,-0.007463833265398258,-0.002096345027078117,-0.0014861643391450574,0.021198603283321387,-0.8277265563813083,0.0053830063721183605,-0.5982044924006495,0.5885949790039232,-1.0,0.14,-0.015498983098394037,1.2246467991473532e-16,-1.0,4,1.0,0.92771083,True
ETHUSDT,trend_ema__directionboth_fast12_rsi_threshold55.0_slow89,trend_ema,2026-02-20 12:30:00+00:00,2026-02-20 13:30:00+00:00,short,0.008326093131128899,0.0091260931311289,target,4,0.21751833267524517,1,True,False,False,0.003807301330341196,0.01159339178911771,0,0,0.005308548235837396,1944.36,1947.21,1943.59,1945.01,19091.11,2026-02-20 12:44:59.999000+00:00,37138238.19035,37126,8734.027,16991640.9047,0.000334244366594977,0.0010442414638238738,-0.006242652634537905,0.49371022472198983,0.179558011049743,0.6077348066298269,0.21270718232043,0.0018611729502676687,39.12408336623774,-2.4702782764401845,-0.004315509782451337,-0.004226363823283693,-0.0014567695516749524,-0.0010020541305545416,0.018544637188430246,-0.6830689173811612,6.848363832153826,-0.6835475135140091,0.5301920930530465,1.0,0.23,-0.011932943865887724,1.2246467991473532e-16,-1.0,4,1.0,0.75384617,True
XRPUSDT,trend_ema__directionshort_only_fast21_rsi_threshold52.0_slow55,trend_ema,2026-02-20 12:30:00+00:00,2026-02-20 13:30:00+00:00,short,0.009068403776964013,0.009868403776964014,target,4,0.2991651281271481,1,True,False,False,0.003140859167322887,0.019717678192846835,0,0,0.00910435379811551,1.4045,1.4071,1.4038,1.4038,2640640.3,2026-02-20 12:44:59.999000+00:00,3711580.62846,10840,1356672.2,1906966.76021,-0.00042731999795618596,-0.00021368282427539927,-0.00801735466200464,-0.08801918326675874,0.21212121212125087,0.7878787878787491,0.0,0.0023507622168400634,35.04174359364259,-0.0021792445546846935,-0.006845602114277926,-0.007463833265398258,-0.002096345027078117,-0.0014861643391450574,0.021198603283321387,-0.8277265563813083,0.0053830063721183605,-0.5982044924006495,0.5885949790039232,-1.0,0.14,-0.015498983098394037,1.2246467991473532e-16,-1.0,4,1.0,0.92771083,True
ETHUSDT,trend_ema__directionboth_fast12_rsi_threshold58.0_slow89,trend_ema,2026-02-20 12:30:00+00:00,2026-02-20 13:30:00+00:00,short,0.008326093131128899,0.0091260931311289,target,4,0.21751833267524517,1,True,False,False,0.003807301330341196,0.01159339178911771,0,0,0.003774348995678902,1944.36,1947.21,1943.59,1945.01,19091.11,2026-02-20 12:44:59.999000+00:00,37138238.19035,37126,8734.027,16991640.9047,0.000334244366594977,0.0010442414638238738,-0.006242652634537905,0.49371022472198983,0.179558011049743,0.6077348066298269,0.21270718232043,0.0018611729502676687,39.12408336623774,-2.4702782764401845,-0.004315509782451337,-0.004226363823283693,-0.0014567695516749524,-0.0010020541305545416,0.018544637188430246,-0.6830689173811612,6.848363832153826,-0.6835475135140091,0.5301920930530465,1.0,0.23,-0.011932943865887724,1.2246467991473532e-16,-1.0,4,1.0,0.75384617,True
XRPUSDT,trend_ema__directionboth_fast21_rsi_threshold55.0_slow55,trend_ema,2026-02-20 12:30:00+00:00,2026-02-20 13:30:00+00:00,short,0.009068403776964013,0.009868403776964014,target,4,0.2991651281271481,1,True,False,False,0.003140859167322887,0.019717678192846835,0,0,0.009122328808691262,1.4045,1.4071,1.4038,1.4038,2640640.3,2026-02-20 12:44:59.999000+00:00,3711580.62846,10840,1356672.2,1906966.76021,-0.00042731999795618596,-0.00021368282427539927,-0.00801735466200464,-0.08801918326675874,0.21212121212125087,0.7878787878787491,0.0,0.0023507622168400634,35.04174359364259,-0.0021792445546846935,-0.006845602114277926,-0.007463833265398258,-0.002096345027078117,-0.0014861643391450574,0.021198603283321387,-0.8277265563813083,0.0053830063721183605,-0.5982044924006495,0.5885949790039232,-1.0,0.14,-0.015498983098394037,1.2246467991473532e-16,-1.0,4,1.0,0.92771083,True
ETHUSDT,trend_ema__directionshort_only_fast12_rsi_threshold55.0_slow89,trend_ema,2026-02-20 12:30:00+00:00,2026-02-20 13:30:00+00:00,short,0.008326093131128899,0.0091260931311289,target,4,0.21751833267524517,1,True,False,False,0.003807301330341196,0.01159339178911771,0,0,0.0022401497555204083,1944.36,1947.21,1943.59,1945.01,19091.11,2026-02-20 12:44:59.999000+00:00,37138238.19035,37126,8734.027,16991640.9047,0.000334244366594977,0.0010442414638238738,-0.006242652634537905,0.49371022472198983,0.179558011049743,0.6077348066298269,0.21270718232043,0.0018611729502676687,39.12408336623774,-2.4702782764401845,-0.004315509782451337,-0.004226363823283693,-0.0014567695516749524,-0.0010020541305545416,0.018544637188430246,-0.6830689173811612,6.848363832153826,-0.6835475135140091,0.5301920930530465,1.0,0.23,-0.011932943865887724,1.2246467991473532e-16,-1.0,4,1.0,0.75384617,True
ETHUSDT,trend_ema__directionboth_fast12_rsi_threshold52.0_slow89,trend_ema,2026-02-20 12:30:00+00:00,2026-02-20 13:30:00+00:00,short,0.008326093131128899,0.0091260931311289,target,4,0.21751833267524517,1,True,False,False,0.003807301330341196,0.01159339178911771,0,0,0.006842747475995889,1944.36,1947.21,1943.59,1945.01,19091.11,2026-02-20 12:44:59.999000+00:00,37138238.19035,37126,8734.027,16991640.9047,0.000334244366594977,0.0010442414638238738,-0.006242652634537905,0.49371022472198983,0.179558011049743,0.6077348066298269,0.21270718232043,0.0018611729502676687,39.12408336623774,-2.4702782764401845,-0.004315509782451337,-0.004226363823283693,-0.0014567695516749524,-0.0010020541305545416,0.018544637188430246,-0.6830689173811612,6.848363832153826,-0.6835475135140091,0.5301920930530465,1.0,0.23,-0.011932943865887724,1.2246467991473532e-16,-1.0,4,1.0,0.75384617,True
XRPUSDT,trend_ema__directionshort_only_fast21_rsi_threshold58.0_slow89,trend_ema,2026-02-20 12:30:00+00:00,2026-02-20 13:30:00+00:00,short,0.009068403776964013,0.009868403776964014,target,4,0.2991651281271481,1,True,False,False,0.003140859167322887,0.019717678192846835,0,0,0.00923017887214576,1.4045,1.4071,1.4038,1.4038,2640640.3,2026-02-20 12:44:59.999000+00:00,3711580.62846,10840,1356672.2,1906966.76021,-0.00042731999795618596,-0.00021368282427539927,-0.00801735466200464,-0.08801918326675874,0.21212121212125087,0.7878787878787491,0.0,0.0023507622168400634,35.04174359364259,-0.0021792445546846935,-0.006845602114277926,-0.007463833265398258,-0.002096345027078117,-0.0014861643391450574,0.021198603283321387,-0.8277265563813083,0.0053830063721183605,-0.5982044924006495,0.5885949790039232,-1.0,0.14,-0.015498983098394037,1.2246467991473532e-16,-1.0,4,1.0,0.92771083,True
XRPUSDT,trend_ema__directionshort_only_fast21_rsi_threshold55.0_slow89,trend_ema,2026-02-20 12:30:00+00:00,2026-02-20 13:30:00+00:00,short,0.009068403776964013,0.009868403776964014,target,4,0.2991651281271481,1,True,False,False,0.003140859167322887,0.019717678192846835,0,0,0.009176253840418511,1.4045,1.4071,1.4038,1.4038,2640640.3,2026-02-20 12:44:59.999000+00:00,3711580.62846,10840,1356672.2,1906966.76021,-0.00042731999795618596,-0.00021368282427539927,-0.00801735466200464,-0.08801918326675874,0.21212121212125087,0.7878787878787491,0.0,0.0023507622168400634,35.04174359364259,-0.0021792445546846935,-0.006845602114277926,-0.007463833265398258,-0.002096345027078117,-0.0014861643391450574,0.021198603283321387,-0.8277265563813083,0.0053830063721183605,-0.5982044924006495,0.5885949790039232,-1.0,0.14,-0.015498983098394037,1.2246467991473532e-16,-1.0,4,1.0,0.92771083,True
XRPUSDT,trend_ema__directionboth_fast21_rsi_threshold58.0_slow89,trend_ema,2026-02-20 12:30:00+00:00,2026-02-20 13:30:00+00:00,short,0.009068403776964013,0.009868403776964014,target,4,0.2991651281271481,1,True,False,False,0.003140859167322887,0.019717678192846835,0,0,0.00919422885099426,1.4045,1.4071,1.4038,1.4038,2640640.3,2026-02-20 12:44:59.999000+00:00,3711580.62846,10840,1356672.2,1906966.76021,-0.00042731999795618596,-0.00021368282427539927,-0.00801735466200464,-0.08801918326675874,0.21212121212125087,0.7878787878787491,0.0,0.0023507622168400634,35.04174359364259,-0.0021792445546846935,-0.006845602114277926,-0.007463833265398258,-0.002096345027078117,-0.0014861643391450574,0.021198603283321387,-0.8277265563813083,0.0053830063721183605,-0.5982044924006495,0.5885949790039232,-1.0,0.14,-0.015498983098394037,1.2246467991473532e-16,-1.0,4,1.0,0.92771083,True
XRPUSDT,trend_ema__directionboth_fast21_rsi_threshold58.0_slow55,trend_ema,2026-02-20 12:30:00+00:00,2026-02-20 13:30:00+00:00,short,0.009068403776964013,0.009868403776964014,target,4,0.2991651281271481,1,True,False,False,0.003140859167322887,0.019717678192846835,0,0,0.009212203861570008,1.4045,1.4071,1.4038,1.4038,2640640.3,2026-02-20 12:44:59.999000+00:00,3711580.62846,10840,1356672.2,1906966.76021,-0.00042731999795618596,-0.00021368282427539927,-0.00801735466200464,-0.08801918326675874,0.21212121212125087,0.7878787878787491,0.0,0.0023507622168400634,35.04174359364259,-0.0021792445546846935,-0.006845602114277926,-0.007463833265398258,-0.002096345027078117,-0.0014861643391450574,0.021198603283321387,-0.8277265563813083,0.0053830063721183605,-0.5982044924006495,0.5885949790039232,-1.0,0.14,-0.015498983098394037,1.2246467991473532e-16,-1.0,4,1.0,0.92771083,True
XRPUSDT,trend_ema__directionshort_only_fast21_rsi_threshold58.0_slow55,trend_ema,2026-02-20 12:30:00+00:00,2026-02-20 13:30:00+00:00,short,0.009068403776964013,0.009868403776964014,target,4,0.2991651281271481,1,True,False,False,0.003140859167322887,0.019717678192846835,0,0,0.00924815388272151,1.4045,1.4071,1.4038,1.4038,2640640.3,2026-02-20 12:44:59.999000+00:00,3711580.62846,10840,1356672.2,1906966.76021,-0.00042731999795618596,-0.00021368282427539927,-0.00801735466200464,-0.08801918326675874,0.21212121212125087,0.7878787878787491,0.0,0.0023507622168400634,35.04174359364259,-0.0021792445546846935,-0.006845602114277926,-0.007463833265398258,-0.002096345027078117,-0.0014861643391450574,0.021198603283321387,-0.8277265563813083,0.0053830063721183605,-0.5982044924006495,0.5885949790039232,-1.0,0.14,-0.015498983098394037,1.2246467991473532e-16,-1.0,4,1.0,0.92771083,True
XRPUSDT,trend_ema__directionshort_only_fast21_rsi_threshold55.0_slow55,trend_ema,2026-02-20 12:30:00+00:00,2026-02-20 13:30:00+00:00,short,0.009068403776964013,0.009868403776964014,target,4,0.2991651281271481,1,True,False,False,0.003140859167322887,0.019717678192846835,0,0,0.00915827882984276,1.4045,1.4071,1.4038,1.4038,2640640.3,2026-02-20 12:44:59.999000+00:00,3711580.62846,10840,1356672.2,1906966.76021,-0.00042731999795618596,-0.00021368282427539927,-0.00801735466200464,-0.08801918326675874,0.21212121212125087,0.7878787878787491,0.0,0.0023507622168400634,35.04174359364259,-0.0021792445546846935,-0.006845602114277926,-0.007463833265398258,-0.002096345027078117,-0.0014861643391450574,0.021198603283321387,-0.8277265563813083,0.0053830063721183605,-0.5982044924006495,0.5885949790039232,-1.0,0.14,-0.015498983098394037,1.2246467991473532e-16,-1.0,4,1.0,0.92771083,True
ETHUSDT,trend_ema__directionshort_only_fast12_rsi_threshold58.0_slow89,trend_ema,2026-02-20 12:30:00+00:00,2026-02-20 13:30:00+00:00,short,0.008326093131128899,0.0091260931311289,target,4,0.21751833267524517,1,True,False,False,0.003807301330341196,0.01159339178911771,0,0,0.0007082190458085332,1944.36,1947.21,1943.59,1945.01,19091.11,2026-02-20 12:44:59.999000+00:00,37138238.19035,37126,8734.027,16991640.9047,0.000334244366594977,0.0010442414638238738,-0.006242652634537905,0.49371022472198983,0.179558011049743,0.6077348066298269,0.21270718232043,0.0018611729502676687,39.12408336623774,-2.4702782764401845,-0.004315509782451337,-0.004226363823283693,-0.0014567695516749524,-0.0010020541305545416,0.018544637188430246,-0.6830689173811612,6.848363832153826,-0.6835475135140091,0.5301920930530465,1.0,0.23,-0.011932943865887724,1.2246467991473532e-16,-1.0,4,1.0,0.75384617,True
DOGEUSDT,trend_ema__directionshort_only_fast9_rsi_threshold52.0_slow89,trend_ema,2026-02-20 13:15:00+00:00,2026-02-20 13:30:00+00:00,short,0.010229618078525177,0.011029618078525177,target,1,0.40887392696496905,1,True,False,False,0.0013755713923819211,0.024054568054502557,0,0,0.003032275644898836,0.09793,0.09805,0.09712,0.09757,140165293.0,2026-02-20 13:29:59.999000+00:00,13662179.40884,17091,82911816.0,8077595.70178,-0.003682868612844478,-0.008470734938349062,-0.01515565804023292,-3.567196163591408,0.38709677419354743,0.12903225806451082,0.4838709677419417,0.009531618325304912,29.55630365175155,-0.0001342489667975657,-0.00965725483636985,-0.010187256140487953,-0.002086614896709471,-0.0010556025553960513,0.018289563720288855,-1.2355216833874163,0.00046755972071764956,2.5336533917184383,3.0418538223550535,-1.0,0.29,-0.01702599234334068,-0.2588190451025208,-0.9659258262890683,4,1.0,0.92771083,True
DOGEUSDT,trend_ema__directionboth_fast9_rsi_threshold58.0_slow89,trend_ema,2026-02-20 13:15:00+00:00,2026-02-20 13:30:00+00:00,short,0.010229618078525177,0.011029618078525177,target,1,0.40887392696496905,1,True,False,False,0.0013755713923819211,0.024054568054502557,0,0,0.004853771357253603,0.09793,0.09805,0.09712,0.09757,140165293.0,2026-02-20 13:29:59.999000+00:00,13662179.40884,17091,82911816.0,8077595.70178,-0.003682868612844478,-0.008470734938349062,-0.01515565804023292,-3.567196163591408,0.38709677419354743,0.12903225806451082,0.4838709677419417,0.009531618325304912,29.55630365175155,-0.0001342489667975657,-0.00965725483636985,-0.010187256140487953,-0.002086614896709471,-0.0010556025553960513,0.018289563720288855,-1.2355216833874163,0.00046755972071764956,2.5336533917184383,3.0418538223550535,-1.0,0.29,-0.01702599234334068,-0.2588190451025208,-0.9659258262890683,4,1.0,0.92771083,True
DOGEUSDT,trend_ema__directionshort_only_fast9_rsi_threshold52.0_slow89,trend_ema,2026-02-20 13:15:00+00:00,2026-02-20 13:30:00+00:00,short,0.010229618078525177,0.011029618078525177,target,1,0.40887392696496905,1,True,False,False,0.0013755713923819211,0.024054568054502557,0,0,0.003032275644898836,0.09793,0.09805,0.09712,0.09757,140165293.0,2026-02-20 13:29:59.999000+00:00,13662179.40884,17091,82911816.0,8077595.70178,-0.003682868612844478,-0.008470734938349062,-0.01515565804023292,-3.567196163591408,0.38709677419354743,0.12903225806451082,0.4838709677419417,0.009531618325304912,29.55630365175155,-0.0001342489667975657,-0.00965725483636985,-0.010187256140487953,-0.002086614896709471,-0.0010556025553960513,0.018289563720288855,-1.2355216833874163,0.00046755972071764956,2.5336533917184383,3.0418538223550535,-1.0,0.29,-0.01702599234334068,-0.2588190451025208,-0.9659258262890683,4,1.0,0.92105263,True
DOGEUSDT,trend_ema__directionboth_fast9_rsi_threshold58.0_slow89,trend_ema,2026-02-20 13:15:00+00:00,2026-02-20 13:30:00+00:00,short,0.010229618078525177,0.011029618078525177,target,1,0.40887392696496905,1,True,False,False,0.0013755713923819211,0.024054568054502557,0,0,0.004853771357253603,0.09793,0.09805,0.09712,0.09757,140165293.0,2026-02-20 13:29:59.999000+00:00,13662179.40884,17091,82911816.0,8077595.70178,-0.003682868612844478,-0.008470734938349062,-0.01515565804023292,-3.567196163591408,0.38709677419354743,0.12903225806451082,0.4838709677419417,0.009531618325304912,29.55630365175155,-0.0001342489667975657,-0.00965725483636985,-0.010187256140487953,-0.002086614896709471,-0.0010556025553960513,0.018289563720288855,-1.2355216833874163,0.00046755972071764956,2.5336533917184383,3.0418538223550535,-1.0,0.29,-0.01702599234334068,-0.2588190451025208,-0.9659258262890683,4,1.0,0.92105263,True
DOGEUSDT,trend_ema__directionboth_fast12_rsi_threshold58.0_slow89,trend_ema,2026-02-20 13:30:00+00:00,2026-02-20 13:30:00+00:00,short,0.011181906969289408,0.011981906969289408,target,0,0.6522657749217867,1,True,False,False,0.0001500225033754929,0.020453662494387986,0,0,0.008625214169518081,0.09757,0.09757,0.09556,0.09586,259841511.0,2026-02-20 13:44:59.999000+00:00,25027999.75178,49551,102834862.0,9903583.1464,-0.017681275388373465,-0.02513523342163557,-0.03364419886094265,-5.5834132756941806,0.8507462686567189,0.0,0.1492537313432811,0.02096807844773626,17.38671125391066,-0.0002546668809403158,-0.025032988948818037,-0.027101319837291908,-0.0042916334564993,-0.0020239460918048957,0.03152686653952213,-1.7293975042235286,0.0005777340263806744,3.8348297952503976,4.8642825146575435,-1.0,0.96,-0.03425347572033044,-0.2588190451025208,-0.9659258262890683,4,1.0,1.0,True
DOGEUSDT,trend_ema__directionboth_fast21_rsi_threshold55.0_slow55,trend_ema,2026-02-20 13:30:00+00:00,2026-02-20 13:30:00+00:00,short,0.011181906969289408,0.011981906969289408,target,0,0.6522657749217867,1,True,False,False,0.0001500225033754929,0.020453662494387986,0,0,0.010558550020188528,0.09757,0.09757,0.09556,0.09586,259841511.0,2026-02-20 13:44:59.999000+00:00,25027999.75178,49551,102834862.0,9903583.1464,-0.017681275388373465,-0.02513523342163557,-0.03364419886094265,-5.5834132756941806,0.8507462686567189,0.0,0.1492537313432811,0.02096807844773626,17.38671125391066,-0.0002546668809403158,-0.025032988948818037,-0.027101319837291908,-0.0042916334564993,-0.0020239460918048957,0.03152686653952213,-1.7293975042235286,0.0005777340263806744,3.8348297952503976,4.8642825146575435,-1.0,0.96,-0.03425347572033044,-0.2588190451025208,-0.9659258262890683,4,1.0,1.0,True
DOGEUSDT,trend_ema__directionshort_only_fast12_rsi_threshold55.0_slow89,trend_ema,2026-02-20 13:30:00+00:00,2026-02-20 13:30:00+00:00,short,0.011181906969289408,0.011981906969289408,target,0,0.6522657749217867,1,True,False,False,0.0001500225033754929,0.020453662494387986,0,0,0.01249188587085898,0.09757,0.09757,0.09556,0.09586,259841511.0,2026-02-20 13:44:59.999000+00:00,25027999.75178,49551,102834862.0,9903583.1464,-0.017681275388373465,-0.02513523342163557,-0.03364419886094265,-5.5834132756941806,0.8507462686567189,0.0,0.1492537313432811,0.02096807844773626,17.38671125391066,-0.0002546668809403158,-0.025032988948818037,-0.027101319837291908,-0.0042916334564993,-0.0020239460918048957,0.03152686653952213,-1.7293975042235286,0.0005777340263806744,3.8348297952503976,4.8642825146575435,-1.0,0.96,-0.03425347572033044,-0.2588190451025208,-0.9659258262890683,4,1.0,1.0,True
DOGEUSDT,trend_ema__directionshort_only_fast21_rsi_threshold55.0_slow55,trend_ema,2026-02-20 13:30:00+00:00,2026-02-20 13:30:00+00:00,short,0.011181906969289408,0.011981906969289408,target,0,0.6522657749217867,1,True,False,False,0.0001500225033754929,0.020453662494387986,0,0,0.010991449191136562,0.09757,0.09757,0.09556,0.09586,259841511.0,2026-02-20 13:44:59.999000+00:00,25027999.75178,49551,102834862.0,9903583.1464,-0.017681275388373465,-0.02513523342163557,-0.03364419886094265,-5.5834132756941806,0.8507462686567189,0.0,0.1492537313432811,0.02096807844773626,17.38671125391066,-0.0002546668809403158,-0.025032988948818037,-0.027101319837291908,-0.0042916334564993,-0.0020239460918048957,0.03152686653952213,-1.7293975042235286,0.0005777340263806744,3.8348297952503976,4.8642825146575435,-1.0,0.96,-0.03425347572033044,-0.2588190451025208,-0.9659258262890683,4,1.0,1.0,True
DOGEUSDT,trend_ema__directionboth_fast21_rsi_threshold58.0_slow55,trend_ema,2026-02-20 13:30:00+00:00,2026-02-20 13:30:00+00:00,short,0.011181906969289408,0.011981906969289408,target,0,0.6522657749217867,1,True,False,False,0.0001500225033754929,0.020453662494387986,0,0,0.011086678080212983,0.09757,0.09757,0.09556,0.09586,259841511.0,2026-02-20 13:44:59.999000+00:00,25027999.75178,49551,102834862.0,9903583.1464,-0.017681275388373465,-0.02513523342163557,-0.03364419886094265,-5.5834132756941806,0.8507462686567189,0.0,0.1492537313432811,0.02096807844773626,17.38671125391066,-0.0002546668809403158,-0.025032988948818037,-0.027101319837291908,-0.0042916334564993,-0.0020239460918048957,0.03152686653952213,-1.7293975042235286,0.0005777340263806744,3.8348297952503976,4.8642825146575435,-1.0,0.96,-0.03425347572033044,-0.2588190451025208,-0.9659258262890683,4,1.0,1.0,True
DOGEUSDT,trend_ema__directionshort_only_fast12_rsi_threshold52.0_slow89,trend_ema,2026-02-20 13:30:00+00:00,2026-02-20 13:30:00+00:00,short,0.011181906969289408,0.011981906969289408,target,0,0.6522657749217867,1,True,False,False,0.0001500225033754929,0.020453662494387986,0,0,0.010672832002048329,0.09757,0.09757,0.09556,0.09586,259841511.0,2026-02-20 13:44:59.999000+00:00,25027999.75178,49551,102834862.0,9903583.1464,-0.017681275388373465,-0.02513523342163557,-0.03364419886094265,-5.5834132756941806,0.8507462686567189,0.0,0.1492537313432811,0.02096807844773626,17.38671125391066,-0.0002546668809403158,-0.025032988948818037,-0.027101319837291908,-0.0042916334564993,-0.0020239460918048957,0.03152686653952213,-1.7293975042235286,0.0005777340263806744,3.8348297952503976,4.8642825146575435,-1.0,0.96,-0.03425347572033044,-0.2588190451025208,-0.9659258262890683,4,1.0,1.0,True
DOGEUSDT,trend_ema__directionshort_only_fast21_rsi_threshold52.0_slow55,trend_ema,2026-02-20 13:30:00+00:00,2026-02-20 13:30:00+00:00,short,0.011181906969289408,0.011981906969289408,target,0,0.6522657749217867,1,True,False,False,0.0001500225033754929,0.020453662494387986,0,0,0.010896220302060137,0.09757,0.09757,0.09556,0.09586,259841511.0,2026-02-20 13:44:59.999000+00:00,25027999.75178,49551,102834862.0,9903583.1464,-0.017681275388373465,-0.02513523342163557,-0.03364419886094265,-5.5834132756941806,0.8507462686567189,0.0,0.1492537313432811,0.02096807844773626,17.38671125391066,-0.0002546668809403158,-0.025032988948818037,-0.027101319837291908,-0.0042916334564993,-0.0020239460918048957,0.03152686653952213,-1.7293975042235286,0.0005777340263806744,3.8348297952503976,4.8642825146575435,-1.0,0.96,-0.03425347572033044,-0.2588190451025208,-0.9659258262890683,4,1.0,1.0,True
DOGEUSDT,trend_ema__directionboth_fast12_rsi_threshold55.0_slow89,trend_ema,2026-02-20 13:30:00+00:00,2026-02-20 13:30:00+00:00,short,0.011181906969289408,0.011981906969289408,target,0,0.6522657749217867,1,True,False,False,0.0001500225033754929,0.020453662494387986,0,0,0.00669187831884763,0.09757,0.09757,0.09556,0.09586,259841511.0,2026-02-20 13:44:59.999000+00:00,25027999.75178,49551,102834862.0,9903583.1464,-0.017681275388373465,-0.02513523342163557,-0.03364419886094265,-5.5834132756941806,0.8507462686567189,0.0,0.1492537313432811,0.02096807844773626,17.38671125391066,-0.0002546668809403158,-0.025032988948818037,-0.027101319837291908,-0.0042916334564993,-0.0020239460918048957,0.03152686653952213,-1.7293975042235286,0.0005777340263806744,3.8348297952503976,4.8642825146575435,-1.0,0.96,-0.03425347572033044,-0.2588190451025208,-0.9659258262890683,4,1.0,1.0,True
DOGEUSDT,trend_ema__directionshort_only_fast21_rsi_threshold58.0_slow55,trend_ema,2026-02-20 13:30:00+00:00,2026-02-20 13:30:00+00:00,short,0.011181906969289408,0.011981906969289408,target,0,0.6522657749217867,1,True,False,False,0.0001500225033754929,0.020453662494387986,0,0,0.011181906969289408,0.09757,0.09757,0.09556,0.09586,259841511.0,2026-02-20 13:44:59.999000+00:00,25027999.75178,49551,102834862.0,9903583.1464,-0.017681275388373465,-0.02513523342163557,-0.03364419886094265,-5.5834132756941806,0.8507462686567189,0.0,0.1492537313432811,0.02096807844773626,17.38671125391066,-0.0002546668809403158,-0.025032988948818037,-0.027101319837291908,-0.0042916334564993,-0.0020239460918048957,0.03152686653952213,-1.7293975042235286,0.0005777340263806744,3.8348297952503976,4.8642825146575435,-1.0,0.96,-0.03425347572033044,-0.2588190451025208,-0.9659258262890683,4,1.0,1.0,True
DOGEUSDT,trend_ema__directionboth_fast12_rsi_threshold52.0_slow89,trend_ema,2026-02-20 13:30:00+00:00,2026-02-20 13:30:00+00:00,short,0.011181906969289408,0.011981906969289408,target,0,0.6522657749217867,1,True,False,False,0.0001500225033754929,0.020453662494387986,0,0,0.011279183291651878,0.09757,0.09757,0.09556,0.09586,259841511.0,2026-02-20 13:44:59.999000+00:00,25027999.75178,49551,102834862.0,9903583.1464,-0.017681275388373465,-0.02513523342163557,-0.03364419886094265,-5.5834132756941806,0.8507462686567189,0.0,0.1492537313432811,0.02096807844773626,17.38671125391066,-0.0002546668809403158,-0.025032988948818037,-0.027101319837291908,-0.0042916334564993,-0.0020239460918048957,0.03152686653952213,-1.7293975042235286,0.0005777340263806744,3.8348297952503976,4.8642825146575435,-1.0,0.96,-0.03425347572033044,-0.2588190451025208,-0.9659258262890683,4,1.0,1.0,True
DOGEUSDT,trend_ema__directionshort_only_fast12_rsi_threshold58.0_slow89,trend_ema,2026-02-20 13:30:00+00:00,2026-02-20 13:30:00+00:00,short,0.011181906969289408,0.011981906969289408,target,0,0.6522657749217867,1,True,False,False,0.0001500225033754929,0.020453662494387986,0,0,0.01188553458125543,0.09757,0.09757,0.09556,0.09586,259841511.0,2026-02-20 13:44:59.999000+00:00,25027999.75178,49551,102834862.0,9903583.1464,-0.017681275388373465,-0.02513523342163557,-0.03364419886094265,-5.5834132756941806,0.8507462686567189,0.0,0.1492537313432811,0.02096807844773626,17.38671125391066,-0.0002546668809403158,-0.025032988948818037,-0.027101319837291908,-0.0042916334564993,-0.0020239460918048957,0.03152686653952213,-1.7293975042235286,0.0005777340263806744,3.8348297952503976,4.8642825146575435,-1.0,0.96,-0.03425347572033044,-0.2588190451025208,-0.9659258262890683,4,1.0,1.0,True
DOGEUSDT,trend_ema__directionboth_fast12_rsi_threshold52.0_slow89,trend_ema,2026-02-20 13:30:00+00:00,2026-02-20 13:30:00+00:00,short,0.011181906969289408,0.011981906969289408,target,0,0.6522657749217867,1,True,False,False,0.0001500225033754929,0.020453662494387986,0,0,0.011279183291651878,0.09757,0.09757,0.09556,0.09586,259841511.0,2026-02-20 13:44:59.999000+00:00,25027999.75178,49551,102834862.0,9903583.1464,-0.017681275388373465,-0.02513523342163557,-0.03364419886094265,-5.5834132756941806,0.8507462686567189,0.0,0.1492537313432811,0.02096807844773626,17.38671125391066,-0.0002546668809403158,-0.025032988948818037,-0.027101319837291908,-0.0042916334564993,-0.0020239460918048957,0.03152686653952213,-1.7293975042235286,0.0005777340263806744,3.8348297952503976,4.8642825146575435,-1.0,0.96,-0.03425347572033044,-0.2588190451025208,-0.9659258262890683,4,1.0,1.0,True
DOGEUSDT,trend_ema__directionshort_only_fast12_rsi_threshold58.0_slow89,trend_ema,2026-02-20 13:30:00+00:00,2026-02-20 13:30:00+00:00,short,0.011181906969289408,0.011981906969289408,target,0,0.6522657749217867,1,True,False,False,0.0001500225033754929,0.020453662494387986,0,0,0.01188553458125543,0.09757,0.09757,0.09556,0.09586,259841511.0,2026-02-20 13:44:59.999000+00:00,25027999.75178,49551,102834862.0,9903583.1464,-0.017681275388373465,-0.02513523342163557,-0.03364419886094265,-5.5834132756941806,0.8507462686567189,0.0,0.1492537313432811,0.02096807844773626,17.38671125391066,-0.0002546668809403158,-0.025032988948818037,-0.027101319837291908,-0.0042916334564993,-0.0020239460918048957,0.03152686653952213,-1.7293975042235286,0.0005777340263806744,3.8348297952503976,4.8642825146575435,-1.0,0.96,-0.03425347572033044,-0.2588190451025208,-0.9659258262890683,4,1.0,1.0,True
DOGEUSDT,trend_ema__directionboth_fast12_rsi_threshold55.0_slow89,trend_ema,2026-02-20 13:30:00+00:00,2026-02-20 13:30:00+00:00,short,0.011181906969289408,0.011981906969289408,target,0,0.6522657749217867,1,True,False,False,0.0001500225033754929,0.020453662494387986,0,0,0.00669187831884763,0.09757,0.09757,0.09556,0.09586,259841511.0,2026-02-20 13:44:59.999000+00:00,25027999.75178,49551,102834862.0,9903583.1464,-0.017681275388373465,-0.02513523342163557,-0.03364419886094265,-5.5834132756941806,0.8507462686567189,0.0,0.1492537313432811,0.02096807844773626,17.38671125391066,-0.0002546668809403158,-0.025032988948818037,-0.027101319837291908,-0.0042916334564993,-0.0020239460918048957,0.03152686653952213,-1.7293975042235286,0.0005777340263806744,3.8348297952503976,4.8642825146575435,-1.0,0.96,-0.03425347572033044,-0.2588190451025208,-0.9659258262890683,4,1.0,1.0,True
DOGEUSDT,trend_ema__directionboth_fast12_rsi_threshold58.0_slow89,trend_ema,2026-02-20 13:30:00+00:00,2026-02-20 13:30:00+00:00,short,0.011181906969289408,0.011981906969289408,target,0,0.6522657749217867,1,True,False,False,0.0001500225033754929,0.020453662494387986,0,0,0.008625214169518081,0.09757,0.09757,0.09556,0.09586,259841511.0,2026-02-20 13:44:59.999000+00:00,25027999.75178,49551,102834862.0,9903583.1464,-0.017681275388373465,-0.02513523342163557,-0.03364419886094265,-5.5834132756941806,0.8507462686567189,0.0,0.1492537313432811,0.02096807844773626,17.38671125391066,-0.0002546668809403158,-0.025032988948818037,-0.027101319837291908,-0.0042916334564993,-0.0020239460918048957,0.03152686653952213,-1.7293975042235286,0.0005777340263806744,3.8348297952503976,4.8642825146575435,-1.0,0.96,-0.03425347572033044,-0.2588190451025208,-0.9659258262890683,4,1.0,1.0,True
DOGEUSDT,trend_ema__directionboth_fast21_rsi_threshold55.0_slow55,trend_ema,2026-02-20 13:30:00+00:00,2026-02-20 13:30:00+00:00,short,0.011181906969289408,0.011981906969289408,target,0,0.6522657749217867,1,True,False,False,0.0001500225033754929,0.020453662494387986,0,0,0.010558550020188528,0.09757,0.09757,0.09556,0.09586,259841511.0,2026-02-20 13:44:59.999000+00:00,25027999.75178,49551,102834862.0,9903583.1464,-0.017681275388373465,-0.02513523342163557,-0.03364419886094265,-5.5834132756941806,0.8507462686567189,0.0,0.1492537313432811,0.02096807844773626,17.38671125391066,-0.0002546668809403158,-0.025032988948818037,-0.027101319837291908,-0.0042916334564993,-0.0020239460918048957,0.03152686653952213,-1.7293975042235286,0.0005777340263806744,3.8348297952503976,4.8642825146575435,-1.0,0.96,-0.03425347572033044,-0.2588190451025208,-0.9659258262890683,4,1.0,1.0,True
DOGEUSDT,trend_ema__directionshort_only_fast12_rsi_threshold55.0_slow89,trend_ema,2026-02-20 13:30:00+00:00,2026-02-20 13:30:00+00:00,short,0.011181906969289408,0.011981906969289408,target,0,0.6522657749217867,1,True,False,False,0.0001500225033754929,0.020453662494387986,0,0,0.01249188587085898,0.09757,0.09757,0.09556,0.09586,259841511.0,2026-02-20 13:44:59.999000+00:00,25027999.75178,49551,102834862.0,9903583.1464,-0.017681275388373465,-0.02513523342163557,-0.03364419886094265,-5.5834132756941806,0.8507462686567189,0.0,0.1492537313432811,0.02096807844773626,17.38671125391066,-0.0002546668809403158,-0.025032988948818037,-0.027101319837291908,-0.0042916334564993,-0.0020239460918048957,0.03152686653952213,-1.7293975042235286,0.0005777340263806744,3.8348297952503976,4.8642825146575435,-1.0,0.96,-0.03425347572033044,-0.2588190451025208,-0.9659258262890683,4,1.0,1.0,True
DOGEUSDT,trend_ema__directionshort_only_fast21_rsi_threshold55.0_slow55,trend_ema,2026-02-20 13:30:00+00:00,2026-02-20 13:30:00+00:00,short,0.011181906969289408,0.011981906969289408,target,0,0.6522657749217867,1,True,False,False,0.0001500225033754929,0.020453662494387986,0,0,0.010991449191136562,0.09757,0.09757,0.09556,0.09586,259841511.0,2026-02-20 13:44:59.999000+00:00,25027999.75178,49551,102834862.0,9903583.1464,-0.017681275388373465,-0.02513523342163557,-0.03364419886094265,-5.5834132756941806,0.8507462686567189,0.0,0.1492537313432811,0.02096807844773626,17.38671125391066,-0.0002546668809403158,-0.025032988948818037,-0.027101319837291908,-0.0042916334564993,-0.0020239460918048957,0.03152686653952213,-1.7293975042235286,0.0005777340263806744,3.8348297952503976,4.8642825146575435,-1.0,0.96,-0.03425347572033044,-0.2588190451025208,-0.9659258262890683,4,1.0,1.0,True
DOGEUSDT,trend_ema__directionshort_only_fast12_rsi_threshold52.0_slow89,trend_ema,2026-02-20 13:30:00+00:00,2026-02-20 13:30:00+00:00,short,0.011181906969289408,0.011981906969289408,target,0,0.6522657749217867,1,True,False,False,0.0001500225033754929,0.020453662494387986,0,0,0.010672832002048329,0.09757,0.09757,0.09556,0.09586,259841511.0,2026-02-20 13:44:59.999000+00:00,25027999.75178,49551,102834862.0,9903583.1464,-0.017681275388373465,-0.02513523342163557,-0.03364419886094265,-5.5834132756941806,0.8507462686567189,0.0,0.1492537313432811,0.02096807844773626,17.38671125391066,-0.0002546668809403158,-0.025032988948818037,-0.027101319837291908,-0.0042916334564993,-0.0020239460918048957,0.03152686653952213,-1.7293975042235286,0.0005777340263806744,3.8348297952503976,4.8642825146575435,-1.0,0.96,-0.03425347572033044,-0.2588190451025208,-0.9659258262890683,4,1.0,1.0,True
DOGEUSDT,trend_ema__directionshort_only_fast21_rsi_threshold52.0_slow55,trend_ema,2026-02-20 13:30:00+00:00,2026-02-20 13:30:00+00:00,short,0.011181906969289408,0.011981906969289408,target,0,0.6522657749217867,1,True,False,False,0.0001500225033754929,0.020453662494387986,0,0,0.010896220302060137,0.09757,0.09757,0.09556,0.09586,259841511.0,2026-02-20 13:44:59.999000+00:00,25027999.75178,49551,102834862.0,9903583.1464,-0.017681275388373465,-0.02513523342163557,-0.03364419886094265,-5.5834132756941806,0.8507462686567189,0.0,0.1492537313432811,0.02096807844773626,17.38671125391066,-0.0002546668809403158,-0.025032988948818037,-0.027101319837291908,-0.0042916334564993,-0.0020239460918048957,0.03152686653952213,-1.7293975042235286,0.0005777340263806744,3.8348297952503976,4.8642825146575435,-1.0,0.96,-0.03425347572033044,-0.2588190451025208,-0.9659258262890683,4,1.0,1.0,True
DOGEUSDT,trend_ema__directionboth_fast21_rsi_threshold58.0_slow55,trend_ema,2026-02-20 13:30:00+00:00,2026-02-20 13:30:00+00:00,short,0.011181906969289408,0.011981906969289408,target,0,0.6522657749217867,1,True,False,False,0.0001500225033754929,0.020453662494387986,0,0,0.011086678080212983,0.09757,0.09757,0.09556,0.09586,259841511.0,2026-02-20 13:44:59.999000+00:00,25027999.75178,49551,102834862.0,9903583.1464,-0.017681275388373465,-0.02513523342163557,-0.03364419886094265,-5.5834132756941806,0.8507462686567189,0.0,0.1492537313432811,0.02096807844773626,17.38671125391066,-0.0002546668809403158,-0.025032988948818037,-0.027101319837291908,-0.0042916334564993,-0.0020239460918048957,0.03152686653952213,-1.7293975042235286,0.0005777340263806744,3.8348297952503976,4.8642825146575435,-1.0,0.96,-0.03425347572033044,-0.2588190451025208,-0.9659258262890683,4,1.0,1.0,True
DOGEUSDT,trend_ema__directionshort_only_fast21_rsi_threshold58.0_slow55,trend_ema,2026-02-20 13:30:00+00:00,2026-02-20 13:30:00+00:00,short,0.011181906969289408,0.011981906969289408,target,0,0.6522657749217867,1,True,False,False,0.0001500225033754929,0.020453662494387986,0,0,0.011181906969289408,0.09757,0.09757,0.09556,0.09586,259841511.0,2026-02-20 13:44:59.999000+00:00,25027999.75178,49551,102834862.0,9903583.1464,-0.017681275388373465,-0.02513523342163557,-0.03364419886094265,-5.5834132756941806,0.8507462686567189,0.0,0.1492537313432811,0.02096807844773626,17.38671125391066,-0.0002546668809403158,-0.025032988948818037,-0.027101319837291908,-0.0042916334564993,-0.0020239460918048957,0.03152686653952213,-1.7293975042235286,0.0005777340263806744,3.8348297952503976,4.8642825146575435,-1.0,0.96,-0.03425347572033044,-0.2588190451025208,-0.9659258262890683,4,1.0,1.0,True
ZECUSDT,trend_ema__directionboth_fast21_rsi_threshold58.0_slow55,trend_ema,2026-02-21 01:30:00+00:00,2026-02-21 09:15:00+00:00,long,0.013202346564644966,0.014002346564644967,target,31,0.23458086306184028,1,True,False,False,0.006852925478279268,0.014213482442849444,0,2,-0.003174245478864282,261.04,262.04,260.96,261.9,6205.525,2026-02-21 01:44:59.999000+00:00,1623232.50343,9088,3823.782,1000287.604,0.003250791657104798,0.011096080520866674,0.007781245539820578,3.466774835495139,0.7962962962962261,0.1296296296296647,0.07407407407410917,0.004123711340206342,61.729043153092015,0.30031369198991453,0.008716679078128512,0.009777148441204999,0.002546822945078464,0.0011617270516539602,0.016028091250774954,1.1863238304652743,1.4349820200148837,0.015087387622441419,1.0088956638357685,1.0,0.01,0.0,0.25881904510252074,0.9659258262890683,5,0.0,0.92771083,True
ZECUSDT,trend_ema__directionboth_fast21_rsi_threshold55.0_slow55,trend_ema,2026-02-21 01:30:00+00:00,2026-02-21 09:15:00+00:00,long,0.013202346564644966,0.014002346564644967,target,31,0.23458086306184028,1,True,False,False,0.006852925478279268,0.014213482442849444,0,3,-0.004900555825583981,261.04,262.04,260.96,261.9,6205.525,2026-02-21 01:44:59.999000+00:00,1623232.50343,9088,3823.782,1000287.604,0.003250791657104798,0.011096080520866674,0.007781245539820578,3.466774835495139,0.7962962962962261,0.1296296296296647,0.07407407407410917,0.004123711340206342,61.729043153092015,0.30031369198991453,0.008716679078128512,0.009777148441204999,0.002546822945078464,0.0011617270516539602,0.016028091250774954,1.1863238304652743,1.4349820200148837,0.015087387622441419,1.0088956638357685,1.0,0.01,0.0,0.25881904510252074,0.9659258262890683,5,0.0,0.92771083,True
DOGEUSDT,trend_ema__directionboth_fast9_rsi_threshold58.0_slow89,trend_ema,2026-02-21 17:00:00+00:00,2026-02-21 21:00:00+00:00,short,0.008037545412199964,0.008837545412199964,target,16,0.30888522195955886,1,True,False,False,0.003564532069106468,0.010193932945750793,0,0,0.003120983450786262,0.09959,0.09959,0.09872,0.09938,109660556.0,2026-02-21 17:14:59.999000+00:00,10881608.91265,16699,41749065.0,4143678.52957,-0.002110871769373636,-0.002612804219805219,-0.007118895056752974,-1.3906944486626929,0.2413793103448309,0.0,0.7586206896551692,0.00875427651438917,34.55573890202206,-8.676945264037305e-05,-0.005667709560084385,-0.0062773430222990345,-0.0013481853066169558,-0.0008402975893999631,0.012041519085884498,-1.0693758362103067,0.0003889996760878618,2.7565054311885966,2.906241606931549,-1.0,0.24,-0.010947452229299381,-0.9659258262890683,-0.25881904510252063,5,2.0,0.92771083,True
DOGEUSDT,trend_ema__directionshort_only_fast9_rsi_threshold52.0_slow89,trend_ema,2026-02-21 17:00:00+00:00,2026-02-21 21:00:00+00:00,short,0.008037545412199964,0.008837545412199964,target,16,0.30888522195955886,1,True,False,False,0.003564532069106468,0.010193932945750793,0,0,-0.00045485246083877583,0.09959,0.09959,0.09872,0.09938,109660556.0,2026-02-21 17:14:59.999000+00:00,10881608.91265,16699,41749065.0,4143678.52957,-0.002110871769373636,-0.002612804219805219,-0.007118895056752974,-1.3906944486626929,0.2413793103448309,0.0,0.7586206896551692,0.00875427651438917,34.55573890202206,-8.676945264037305e-05,-0.005667709560084385,-0.0062773430222990345,-0.0013481853066169558,-0.0008402975893999631,0.012041519085884498,-1.0693758362103067,0.0003889996760878618,2.7565054311885966,2.906241606931549,-1.0,0.24,-0.010947452229299381,-0.9659258262890683,-0.25881904510252063,5,2.0,0.92771083,True
DOGEUSDT,trend_ema__directionshort_only_fast21_rsi_threshold58.0_slow55,trend_ema,2026-02-21 17:00:00+00:00,2026-02-21 21:00:00+00:00,short,0.008037545412199964,0.008837545412199964,target,16,0.30888522195955886,1,True,False,False,0.003564532069106468,0.010193932945750793,0,1,-0.002242770416651295,0.09959,0.09959,0.09872,0.09938,109660556.0,2026-02-21 17:14:59.999000+00:00,10881608.91265,16699,41749065.0,4143678.52957,-0.002110871769373636,-0.002612804219805219,-0.007118895056752974,-1.3906944486626929,0.2413793103448309,0.0,0.7586206896551692,0.00875427651438917,34.55573890202206,-8.676945264037305e-05,-0.005667709560084385,-0.0062773430222990345,-0.0013481853066169558,-0.0008402975893999631,0.012041519085884498,-1.0693758362103067,0.0003889996760878618,2.7565054311885966,2.906241606931549,-1.0,0.24,-0.010947452229299381,-0.9659258262890683,-0.25881904510252063,5,2.0,0.75384617,True
DOGEUSDT,trend_ema__directionshort_only_fast9_rsi_threshold55.0_slow89,trend_ema,2026-02-21 17:00:00+00:00,2026-02-21 21:00:00+00:00,short,0.008037545412199964,0.008837545412199964,target,16,0.30888522195955886,1,True,False,False,0.003564532069106468,0.010193932945750793,0,0,0.0013330654949737428,0.09959,0.09959,0.09872,0.09938,109660556.0,2026-02-21 17:14:59.999000+00:00,10881608.91265,16699,41749065.0,4143678.52957,-0.002110871769373636,-0.002612804219805219,-0.007118895056752974,-1.3906944486626929,0.2413793103448309,0.0,0.7586206896551692,0.00875427651438917,34.55573890202206,-8.676945264037305e-05,-0.005667709560084385,-0.0062773430222990345,-0.0013481853066169558,-0.0008402975893999631,0.012041519085884498,-1.0693758362103067,0.0003889996760878618,2.7565054311885966,2.906241606931549,-1.0,0.24,-0.010947452229299381,-0.9659258262890683,-0.25881904510252063,5,2.0,0.92771083,True
DOGEUSDT,trend_ema__directionshort_only_fast21_rsi_threshold52.0_slow55,trend_ema,2026-02-21 17:00:00+00:00,2026-02-21 21:00:00+00:00,short,0.008037545412199964,0.008837545412199964,target,16,0.30888522195955886,1,True,False,False,0.003564532069106468,0.010193932945750793,0,0,0.00490890140659878,0.09959,0.09959,0.09872,0.09938,109660556.0,2026-02-21 17:14:59.999000+00:00,10881608.91265,16699,41749065.0,4143678.52957,-0.002110871769373636,-0.002612804219805219,-0.007118895056752974,-1.3906944486626929,0.2413793103448309,0.0,0.7586206896551692,0.00875427651438917,34.55573890202206,-8.676945264037305e-05,-0.005667709560084385,-0.0062773430222990345,-0.0013481853066169558,-0.0008402975893999631,0.012041519085884498,-1.0693758362103067,0.0003889996760878618,2.7565054311885966,2.906241606931549,-1.0,0.24,-0.010947452229299381,-0.9659258262890683,-0.25881904510252063,5,2.0,0.92771083,True
DOGEUSDT,trend_ema__directionshort_only_fast21_rsi_threshold52.0_slow55,trend_ema,2026-02-21 17:00:00+00:00,2026-02-21 21:00:00+00:00,short,0.008037545412199964,0.008837545412199964,target,16,0.30888522195955886,1,True,False,False,0.003564532069106468,0.010193932945750793,0,0,0.00490890140659878,0.09959,0.09959,0.09872,0.09938,109660556.0,2026-02-21 17:14:59.999000+00:00,10881608.91265,16699,41749065.0,4143678.52957,-0.002110871769373636,-0.002612804219805219,-0.007118895056752974,-1.3906944486626929,0.2413793103448309,0.0,0.7586206896551692,0.00875427651438917,34.55573890202206,-8.676945264037305e-05,-0.005667709560084385,-0.0062773430222990345,-0.0013481853066169558,-0.0008402975893999631,0.012041519085884498,-1.0693758362103067,0.0003889996760878618,2.7565054311885966,2.906241606931549,-1.0,0.24,-0.010947452229299381,-0.9659258262890683,-0.25881904510252063,5,2.0,0.92105263,True
DOGEUSDT,trend_ema__directionboth_fast9_rsi_threshold58.0_slow89,trend_ema,2026-02-21 17:00:00+00:00,2026-02-21 21:00:00+00:00,short,0.008037545412199964,0.008837545412199964,target,16,0.30888522195955886,1,True,False,False,0.003564532069106468,0.010193932945750793,0,0,0.003120983450786262,0.09959,0.09959,0.09872,0.09938,109660556.0,2026-02-21 17:14:59.999000+00:00,10881608.91265,16699,41749065.0,4143678.52957,-0.002110871769373636,-0.002612804219805219,-0.007118895056752974,-1.3906944486626929,0.2413793103448309,0.0,0.7586206896551692,0.00875427651438917,34.55573890202206,-8.676945264037305e-05,-0.005667709560084385,-0.0062773430222990345,-0.0013481853066169558,-0.0008402975893999631,0.012041519085884498,-1.0693758362103067,0.0003889996760878618,2.7565054311885966,2.906241606931549,-1.0,0.24,-0.010947452229299381,-0.9659258262890683,-0.25881904510252063,5,2.0,0.92105263,True
DOGEUSDT,trend_ema__directionshort_only_fast9_rsi_threshold55.0_slow89,trend_ema,2026-02-21 17:00:00+00:00,2026-02-21 21:00:00+00:00,short,0.008037545412199964,0.008837545412199964,target,16,0.30888522195955886,1,True,False,False,0.003564532069106468,0.010193932945750793,0,0,0.0013330654949737428,0.09959,0.09959,0.09872,0.09938,109660556.0,2026-02-21 17:14:59.999000+00:00,10881608.91265,16699,41749065.0,4143678.52957,-0.002110871769373636,-0.002612804219805219,-0.007118895056752974,-1.3906944486626929,0.2413793103448309,0.0,0.7586206896551692,0.00875427651438917,34.55573890202206,-8.676945264037305e-05,-0.005667709560084385,-0.0062773430222990345,-0.0013481853066169558,-0.0008402975893999631,0.012041519085884498,-1.0693758362103067,0.0003889996760878618,2.7565054311885966,2.906241606931549,-1.0,0.24,-0.010947452229299381,-0.9659258262890683,-0.25881904510252063,5,2.0,0.92105263,True
DOGEUSDT,trend_ema__directionshort_only_fast9_rsi_threshold52.0_slow89,trend_ema,2026-02-21 17:00:00+00:00,2026-02-21 21:00:00+00:00,short,0.008037545412199964,0.008837545412199964,target,16,0.30888522195955886,1,True,False,False,0.003564532069106468,0.010193932945750793,0,0,-0.00045485246083877583,0.09959,0.09959,0.09872,0.09938,109660556.0,2026-02-21 17:14:59.999000+00:00,10881608.91265,16699,41749065.0,4143678.52957,-0.002110871769373636,-0.002612804219805219,-0.007118895056752974,-1.3906944486626929,0.2413793103448309,0.0,0.7586206896551692,0.00875427651438917,34.55573890202206,-8.676945264037305e-05,-0.005667709560084385,-0.0062773430222990345,-0.0013481853066169558,-0.0008402975893999631,0.012041519085884498,-1.0693758362103067,0.0003889996760878618,2.7565054311885966,2.906241606931549,-1.0,0.24,-0.010947452229299381,-0.9659258262890683,-0.25881904510252063,5,2.0,0.92105263,True
DOGEUSDT,trend_ema__directionboth_fast12_rsi_threshold52.0_slow89,trend_ema,2026-02-21 17:15:00+00:00,2026-02-21 23:45:00+00:00,short,0.008986146362639185,0.009786146362639185,target,26,0.3521631239725343,1,True,False,False,0.005583979764184594,0.01041600550375358,0,0,0.008511845887419574,0.09939,0.09942,0.09915,0.09925,28253156.0,2026-02-21 17:29:59.999000+00:00,2805168.14539,6609,12030665.0,1194577.15223,-0.0013089666068746282,-0.005526263750118474,-0.008028141462442535,-2.9331217297924574,0.5185185185185376,0.11111111111107114,0.37037037037039133,0.002720403022669949,32.391843801373284,-9.990226592345958e-05,-0.006319722943765108,-0.007297530523681948,-0.0016866316144052984,-0.0009603200782489774,0.01382825413917135,-1.076840130733738,0.0003804996992244426,-0.3599415950905399,0.750323630219027,-1.0,0.25,-0.012241242038216527,-0.9659258262890683,-0.25881904510252063,5,2.0,0.92771083,True
DOGEUSDT,trend_ema__directionshort_only_fast12_rsi_threshold58.0_slow89,trend_ema,2026-02-21 17:15:00+00:00,2026-02-21 23:45:00+00:00,short,0.008986146362639185,0.009786146362639185,target,26,0.3521631239725343,1,True,False,False,0.005583979764184594,0.01041600550375358,0,0,0.008142748733104272,0.09939,0.09942,0.09915,0.09925,28253156.0,2026-02-21 17:29:59.999000+00:00,2805168.14539,6609,12030665.0,1194577.15223,-0.0013089666068746282,-0.005526263750118474,-0.008028141462442535,-2.9331217297924574,0.5185185185185376,0.11111111111107114,0.37037037037039133,0.002720403022669949,32.391843801373284,-9.990226592345958e-05,-0.006319722943765108,-0.007297530523681948,-0.0016866316144052984,-0.0009603200782489774,0.01382825413917135,-1.076840130733738,0.0003804996992244426,-0.3599415950905399,0.750323630219027,-1.0,0.25,-0.012241242038216527,-0.9659258262890683,-0.25881904510252063,5,2.0,0.92105263,True
DOGEUSDT,trend_ema__directionboth_fast12_rsi_threshold58.0_slow89,trend_ema,2026-02-21 17:15:00+00:00,2026-02-21 23:45:00+00:00,short,0.008986146362639185,0.009786146362639185,target,26,0.3521631239725343,1,True,False,False,0.005583979764184594,0.01041600550375358,0,0,0.00832212569733173,0.09939,0.09942,0.09915,0.09925,28253156.0,2026-02-21 17:29:59.999000+00:00,2805168.14539,6609,12030665.0,1194577.15223,-0.0013089666068746282,-0.005526263750118474,-0.008028141462442535,-2.9331217297924574,0.5185185185185376,0.11111111111107114,0.37037037037039133,0.002720403022669949,32.391843801373284,-9.990226592345958e-05,-0.006319722943765108,-0.007297530523681948,-0.0016866316144052984,-0.0009603200782489774,0.01382825413917135,-1.076840130733738,0.0003804996992244426,-0.3599415950905399,0.750323630219027,-1.0,0.25,-0.012241242038216527,-0.9659258262890683,-0.25881904510252063,5,2.0,0.92105263,True
DOGEUSDT,trend_ema__directionboth_fast12_rsi_threshold55.0_slow89,trend_ema,2026-02-21 17:15:00+00:00,2026-02-21 23:45:00+00:00,short,0.008986146362639185,0.009786146362639185,target,26,0.3521631239725343,1,True,False,False,0.005583979764184594,0.01041600550375358,0,0,0.008416985792375651,0.09939,0.09942,0.09915,0.09925,28253156.0,2026-02-21 17:29:59.999000+00:00,2805168.14539,6609,12030665.0,1194577.15223,-0.0013089666068746282,-0.005526263750118474,-0.008028141462442535,-2.9331217297924574,0.5185185185185376,0.11111111111107114,0.37037037037039133,0.002720403022669949,32.391843801373284,-9.990226592345958e-05,-0.006319722943765108,-0.007297530523681948,-0.0016866316144052984,-0.0009603200782489774,0.01382825413917135,-1.076840130733738,0.0003804996992244426,-0.3599415950905399,0.750323630219027,-1.0,0.25,-0.012241242038216527,-0.9659258262890683,-0.25881904510252063,5,2.0,0.92105263,True
DOGEUSDT,trend_ema__directionboth_fast12_rsi_threshold52.0_slow89,trend_ema,2026-02-21 17:15:00+00:00,2026-02-21 23:45:00+00:00,short,0.008986146362639185,0.009786146362639185,target,26,0.3521631239725343,1,True,False,False,0.005583979764184594,0.01041600550375358,0,0,0.008511845887419574,0.09939,0.09942,0.09915,0.09925,28253156.0,2026-02-21 17:29:59.999000+00:00,2805168.14539,6609,12030665.0,1194577.15223,-0.0013089666068746282,-0.005526263750118474,-0.008028141462442535,-2.9331217297924574,0.5185185185185376,0.11111111111107114,0.37037037037039133,0.002720403022669949,32.391843801373284,-9.990226592345958e-05,-0.006319722943765108,-0.007297530523681948,-0.0016866316144052984,-0.0009603200782489774,0.01382825413917135,-1.076840130733738,0.0003804996992244426,-0.3599415950905399,0.750323630219027,-1.0,0.25,-0.012241242038216527,-0.9659258262890683,-0.25881904510252063,5,2.0,0.92105263,True
DOGEUSDT,trend_ema__directionshort_only_fast12_rsi_threshold55.0_slow89,trend_ema,2026-02-21 17:15:00+00:00,2026-02-21 23:45:00+00:00,short,0.008986146362639185,0.009786146362639185,target,26,0.3521631239725343,1,True,False,False,0.005583979764184594,0.01041600550375358,0,0,0.006712607695770939,0.09939,0.09942,0.09915,0.09925,28253156.0,2026-02-21 17:29:59.999000+00:00,2805168.14539,6609,12030665.0,1194577.15223,-0.0013089666068746282,-0.005526263750118474,-0.008028141462442535,-2.9331217297924574,0.5185185185185376,0.11111111111107114,0.37037037037039133,0.002720403022669949,32.391843801373284,-9.990226592345958e-05,-0.006319722943765108,-0.007297530523681948,-0.0016866316144052984,-0.0009603200782489774,0.01382825413917135,-1.076840130733738,0.0003804996992244426,-0.3599415950905399,0.750323630219027,-1.0,0.25,-0.012241242038216527,-0.9659258262890683,-0.25881904510252063,5,2.0,0.92105263,True
DOGEUSDT,trend_ema__directionboth_fast12_rsi_threshold55.0_slow89,trend_ema,2026-02-21 17:15:00+00:00,2026-02-21 23:45:00+00:00,short,0.008986146362639185,0.009786146362639185,target,26,0.3521631239725343,1,True,False,False,0.005583979764184594,0.01041600550375358,0,0,0.008416985792375651,0.09939,0.09942,0.09915,0.09925,28253156.0,2026-02-21 17:29:59.999000+00:00,2805168.14539,6609,12030665.0,1194577.15223,-0.0013089666068746282,-0.005526263750118474,-0.008028141462442535,-2.9331217297924574,0.5185185185185376,0.11111111111107114,0.37037037037039133,0.002720403022669949,32.391843801373284,-9.990226592345958e-05,-0.006319722943765108,-0.007297530523681948,-0.0016866316144052984,-0.0009603200782489774,0.01382825413917135,-1.076840130733738,0.0003804996992244426,-0.3599415950905399,0.750323630219027,-1.0,0.25,-0.012241242038216527,-0.9659258262890683,-0.25881904510252063,5,2.0,0.92771083,True
DOGEUSDT,trend_ema__directionshort_only_fast12_rsi_threshold58.0_slow89,trend_ema,2026-02-21 17:15:00+00:00,2026-02-21 23:45:00+00:00,short,0.008986146362639185,0.009786146362639185,target,26,0.3521631239725343,1,True,False,False,0.005583979764184594,0.01041600550375358,0,0,0.008142748733104272,0.09939,0.09942,0.09915,0.09925,28253156.0,2026-02-21 17:29:59.999000+00:00,2805168.14539,6609,12030665.0,1194577.15223,-0.0013089666068746282,-0.005526263750118474,-0.008028141462442535,-2.9331217297924574,0.5185185185185376,0.11111111111107114,0.37037037037039133,0.002720403022669949,32.391843801373284,-9.990226592345958e-05,-0.006319722943765108,-0.007297530523681948,-0.0016866316144052984,-0.0009603200782489774,0.01382825413917135,-1.076840130733738,0.0003804996992244426,-0.3599415950905399,0.750323630219027,-1.0,0.25,-0.012241242038216527,-0.9659258262890683,-0.25881904510252063,5,2.0,0.92771083,True
DOGEUSDT,trend_ema__directionshort_only_fast12_rsi_threshold55.0_slow89,trend_ema,2026-02-21 17:15:00+00:00,2026-02-21 23:45:00+00:00,short,0.008986146362639185,0.009786146362639185,target,26,0.3521631239725343,1,True,False,False,0.005583979764184594,0.01041600550375358,0,0,0.006712607695770939,0.09939,0.09942,0.09915,0.09925,28253156.0,2026-02-21 17:29:59.999000+00:00,2805168.14539,6609,12030665.0,1194577.15223,-0.0013089666068746282,-0.005526263750118474,-0.008028141462442535,-2.9331217297924574,0.5185185185185376,0.11111111111107114,0.37037037037039133,0.002720403022669949,32.391843801373284,-9.990226592345958e-05,-0.006319722943765108,-0.007297530523681948,-0.0016866316144052984,-0.0009603200782489774,0.01382825413917135,-1.076840130733738,0.0003804996992244426,-0.3599415950905399,0.750323630219027,-1.0,0.25,-0.012241242038216527,-0.9659258262890683,-0.25881904510252063,5,2.0,0.92771083,True
DOGEUSDT,trend_ema__directionshort_only_fast12_rsi_threshold52.0_slow89,trend_ema,2026-02-21 17:15:00+00:00,2026-02-21 23:45:00+00:00,short,0.008986146362639185,0.009786146362639185,target,26,0.3521631239725343,1,True,False,False,0.005583979764184594,0.01041600550375358,0,0,0.008227265602287807,0.09939,0.09942,0.09915,0.09925,28253156.0,2026-02-21 17:29:59.999000+00:00,2805168.14539,6609,12030665.0,1194577.15223,-0.0013089666068746282,-0.005526263750118474,-0.008028141462442535,-2.9331217297924574,0.5185185185185376,0.11111111111107114,0.37037037037039133,0.002720403022669949,32.391843801373284,-9.990226592345958e-05,-0.006319722943765108,-0.007297530523681948,-0.0016866316144052984,-0.0009603200782489774,0.01382825413917135,-1.076840130733738,0.0003804996992244426,-0.3599415950905399,0.750323630219027,-1.0,0.25,-0.012241242038216527,-0.9659258262890683,-0.25881904510252063,5,2.0,0.92771083,True
DOGEUSDT,trend_ema__directionboth_fast12_rsi_threshold58.0_slow89,trend_ema,2026-02-21 17:15:00+00:00,2026-02-21 23:45:00+00:00,short,0.008986146362639185,0.009786146362639185,target,26,0.3521631239725343,1,True,False,False,0.005583979764184594,0.01041600550375358,0,0,0.00832212569733173,0.09939,0.09942,0.09915,0.09925,28253156.0,2026-02-21 17:29:59.999000+00:00,2805168.14539,6609,12030665.0,1194577.15223,-0.0013089666068746282,-0.005526263750118474,-0.008028141462442535,-2.9331217297924574,0.5185185185185376,0.11111111111107114,0.37037037037039133,0.002720403022669949,32.391843801373284,-9.990226592345958e-05,-0.006319722943765108,-0.007297530523681948,-0.0016866316144052984,-0.0009603200782489774,0.01382825413917135,-1.076840130733738,0.0003804996992244426,-0.3599415950905399,0.750323630219027,-1.0,0.25,-0.012241242038216527,-0.9659258262890683,-0.25881904510252063,5,2.0,0.92771083,True
DOGEUSDT,trend_ema__directionshort_only_fast12_rsi_threshold52.0_slow89,trend_ema,2026-02-21 17:15:00+00:00,2026-02-21 23:45:00+00:00,short,0.008986146362639185,0.009786146362639185,target,26,0.3521631239725343,1,True,False,False,0.005583979764184594,0.01041600550375358,0,0,0.008227265602287807,0.09939,0.09942,0.09915,0.09925,28253156.0,2026-02-21 17:29:59.999000+00:00,2805168.14539,6609,12030665.0,1194577.15223,-0.0013089666068746282,-0.005526263750118474,-0.008028141462442535,-2.9331217297924574,0.5185185185185376,0.11111111111107114,0.37037037037039133,0.002720403022669949,32.391843801373284,-9.990226592345958e-05,-0.006319722943765108,-0.007297530523681948,-0.0016866316144052984,-0.0009603200782489774,0.01382825413917135,-1.076840130733738,0.0003804996992244426,-0.3599415950905399,0.750323630219027,-1.0,0.25,-0.012241242038216527,-0.9659258262890683,-0.25881904510252063,5,2.0,0.92105263,True
DOGEUSDT,trend_ema__directionboth_fast21_rsi_threshold58.0_slow89,trend_ema,2026-02-21 17:45:00+00:00,2026-02-21 23:15:00+00:00,short,0.008938369506570324,0.009738369506570324,target,22,0.2347891184523432,1,True,False,False,0.0042704154819364895,0.011005187755655337,0,0,0.008606705982463495,0.09952,0.0996,0.09932,0.09939,14209743.0,2026-02-21 17:59:59.999000+00:00,1413324.82327,4998,6154330.0,612249.22558,-0.001307124010954997,-0.002010252963633922,-0.010509029309470055,-1.0370191755279157,0.46428571428570187,0.2857142857142857,0.2500000000000124,0.002817184827447314,38.26054407738284,-7.876945424339495e-05,-0.004125641088255089,-0.0054759099737368725,-0.0014329081586141879,-0.0011293209423468564,0.015314089626313088,-0.7187240136994808,0.0003799206590251559,-0.8921285664538778,0.37805484414441315,-1.0,0.28,-0.010847929936305678,-0.9659258262890683,-0.25881904510252063,5,2.0,0.92771083,True
DOGEUSDT,trend_ema__directionshort_only_fast21_rsi_threshold55.0_slow89,trend_ema,2026-02-21 17:45:00+00:00,2026-02-21 23:15:00+00:00,short,0.008938369506570324,0.009738369506570324,target,22,0.2347891184523432,1,True,False,False,0.0042704154819364895,0.011005187755655337,0,0,0.008696788391900533,0.09952,0.0996,0.09932,0.09939,14209743.0,2026-02-21 17:59:59.999000+00:00,1413324.82327,4998,6154330.0,612249.22558,-0.001307124010954997,-0.002010252963633922,-0.010509029309470055,-1.0370191755279157,0.46428571428570187,0.2857142857142857,0.2500000000000124,0.002817184827447314,38.26054407738284,-7.876945424339495e-05,-0.004125641088255089,-0.0054759099737368725,-0.0014329081586141879,-0.0011293209423468564,0.015314089626313088,-0.7187240136994808,0.0003799206590251559,-0.8921285664538778,0.37805484414441315,-1.0,0.28,-0.010847929936305678,-0.9659258262890683,-0.25881904510252063,5,2.0,0.92771083,True
DOGEUSDT,trend_ema__directionshort_only_fast21_rsi_threshold52.0_slow89,trend_ema,2026-02-21 17:45:00+00:00,2026-02-21 23:15:00+00:00,short,0.008938369506570324,0.009738369506570324,target,22,0.2347891184523432,1,True,False,False,0.0042704154819364895,0.011005187755655337,0,0,0.00878687080133757,0.09952,0.0996,0.09932,0.09939,14209743.0,2026-02-21 17:59:59.999000+00:00,1413324.82327,4998,6154330.0,612249.22558,-0.001307124010954997,-0.002010252963633922,-0.010509029309470055,-1.0370191755279157,0.46428571428570187,0.2857142857142857,0.2500000000000124,0.002817184827447314,38.26054407738284,-7.876945424339495e-05,-0.004125641088255089,-0.0054759099737368725,-0.0014329081586141879,-0.0011293209423468564,0.015314089626313088,-0.7187240136994808,0.0003799206590251559,-0.8921285664538778,0.37805484414441315,-1.0,0.28,-0.010847929936305678,-0.9659258262890683,-0.25881904510252063,5,2.0,0.92771083,True
DOGEUSDT,trend_ema__directionshort_only_fast21_rsi_threshold58.0_slow89,trend_ema,2026-02-21 17:45:00+00:00,2026-02-21 23:15:00+00:00,short,0.008938369506570324,0.009738369506570324,target,22,0.2347891184523432,1,True,False,False,0.0042704154819364895,0.011005187755655337,0,0,0.008876953210774604,0.09952,0.0996,0.09932,0.09939,14209743.0,2026-02-21 17:59:59.999000+00:00,1413324.82327,4998,6154330.0,612249.22558,-0.001307124010954997,-0.002010252963633922,-0.010509029309470055,-1.0370191755279157,0.46428571428570187,0.2857142857142857,0.2500000000000124,0.002817184827447314,38.26054407738284,-7.876945424339495e-05,-0.004125641088255089,-0.0054759099737368725,-0.0014329081586141879,-0.0011293209423468564,0.015314089626313088,-0.7187240136994808,0.0003799206590251559,-0.8921285664538778,0.37805484414441315,-1.0,0.28,-0.010847929936305678,-0.9659258262890683,-0.25881904510252063,5,2.0,0.92771083,True
DOGEUSDT,trend_ema__directionshort_only_fast21_rsi_threshold55.0_slow89,trend_ema,2026-02-21 17:45:00+00:00,2026-02-21 23:15:00+00:00,short,0.008938369506570324,0.009738369506570324,target,22,0.2347891184523432,1,True,False,False,0.0042704154819364895,0.011005187755655337,0,0,0.008696788391900533,0.09952,0.0996,0.09932,0.09939,14209743.0,2026-02-21 17:59:59.999000+00:00,1413324.82327,4998,6154330.0,612249.22558,-0.001307124010954997,-0.002010252963633922,-0.010509029309470055,-1.0370191755279157,0.46428571428570187,0.2857142857142857,0.2500000000000124,0.002817184827447314,38.26054407738284,-7.876945424339495e-05,-0.004125641088255089,-0.0054759099737368725,-0.0014329081586141879,-0.0011293209423468564,0.015314089626313088,-0.7187240136994808,0.0003799206590251559,-0.8921285664538778,0.37805484414441315,-1.0,0.28,-0.010847929936305678,-0.9659258262890683,-0.25881904510252063,5,2.0,0.8378378,True
DOGEUSDT,trend_ema__directionboth_fast21_rsi_threshold58.0_slow89,trend_ema,2026-02-21 17:45:00+00:00,2026-02-21 23:15:00+00:00,short,0.008938369506570324,0.009738369506570324,target,22,0.2347891184523432,1,True,False,False,0.0042704154819364895,0.011005187755655337,0,0,0.008606705982463495,0.09952,0.0996,0.09932,0.09939,14209743.0,2026-02-21 17:59:59.999000+00:00,1413324.82327,4998,6154330.0,612249.22558,-0.001307124010954997,-0.002010252963633922,-0.010509029309470055,-1.0370191755279157,0.46428571428570187,0.2857142857142857,0.2500000000000124,0.002817184827447314,38.26054407738284,-7.876945424339495e-05,-0.004125641088255089,-0.0054759099737368725,-0.0014329081586141879,-0.0011293209423468564,0.015314089626313088,-0.7187240136994808,0.0003799206590251559,-0.8921285664538778,0.37805484414441315,-1.0,0.28,-0.010847929936305678,-0.9659258262890683,-0.25881904510252063,5,2.0,0.8378378,True
DOGEUSDT,trend_ema__directionshort_only_fast21_rsi_threshold52.0_slow89,trend_ema,2026-02-21 17:45:00+00:00,2026-02-21 23:15:00+00:00,short,0.008938369506570324,0.009738369506570324,target,22,0.2347891184523432,1,True,False,False,0.0042704154819364895,0.011005187755655337,0,0,0.00878687080133757,0.09952,0.0996,0.09932,0.09939,14209743.0,2026-02-21 17:59:59.999000+00:00,1413324.82327,4998,6154330.0,612249.22558,-0.001307124010954997,-0.002010252963633922,-0.010509029309470055,-1.0370191755279157,0.46428571428570187,0.2857142857142857,0.2500000000000124,0.002817184827447314,38.26054407738284,-7.876945424339495e-05,-0.004125641088255089,-0.0054759099737368725,-0.0014329081586141879,-0.0011293209423468564,0.015314089626313088,-0.7187240136994808,0.0003799206590251559,-0.8921285664538778,0.37805484414441315,-1.0,0.28,-0.010847929936305678,-0.9659258262890683,-0.25881904510252063,5,2.0,0.8378378,True
DOGEUSDT,trend_ema__directionshort_only_fast21_rsi_threshold58.0_slow89,trend_ema,2026-02-21 17:45:00+00:00,2026-02-21 23:15:00+00:00,short,0.008938369506570324,0.009738369506570324,target,22,0.2347891184523432,1,True,False,False,0.0042704154819364895,0.011005187755655337,0,0,0.008876953210774604,0.09952,0.0996,0.09932,0.09939,14209743.0,2026-02-21 17:59:59.999000+00:00,1413324.82327,4998,6154330.0,612249.22558,-0.001307124010954997,-0.002010252963633922,-0.010509029309470055,-1.0370191755279157,0.46428571428570187,0.2857142857142857,0.2500000000000124,0.002817184827447314,38.26054407738284,-7.876945424339495e-05,-0.004125641088255089,-0.0054759099737368725,-0.0014329081586141879,-0.0011293209423468564,0.015314089626313088,-0.7187240136994808,0.0003799206590251559,-0.8921285664538778,0.37805484414441315,-1.0,0.28,-0.010847929936305678,-0.9659258262890683,-0.25881904510252063,5,2.0,0.8378378,True
XRPUSDT,trend_ema__directionshort_only_fast12_rsi_threshold55.0_slow34,trend_ema,2026-02-21 20:45:00+00:00,2026-02-22 00:45:00+00:00,short,0.008050791434544955,0.008850791434544956,target,16,0.1928106298329574,1,True,False,False,0.0038383018794314705,0.009383831732845205,0,0,0.009086378787539762,1.4372,1.4405,1.4355,1.4365,3867244.2,2026-02-21 20:59:59.999000+00:00,5561415.79213,10641,1665757.3,2395194.79967,-0.0004871768200193724,-0.004306758532382391,-0.0029195071480829973,-2.6294719616367,0.13999999999998758,0.6599999999999858,0.20000000000002666,0.0034806822137138133,40.35946850835213,-0.0009330643514954526,-0.003978372590142043,-0.0029195129283121892,-0.000936215739966828,-0.00017172454980707297,0.008463568350911112,-0.9070230286572374,0.005081138347126731,-0.3252257170968424,0.7789967494251794,1.0,0.04,-0.0074621709389898205,-0.8660254037844386,0.5000000000000001,5,2.0,0.92105263,True
XRPUSDT,trend_ema__directionshort_only_fast12_rsi_threshold55.0_slow34,trend_ema,2026-02-21 20:45:00+00:00,2026-02-22 00:45:00+00:00,short,0.008050791434544955,0.008850791434544956,target,16,0.1928106298329574,1,True,False,False,0.0038383018794314705,0.009383831732845205,0,0,0.009086378787539762,1.4372,1.4405,1.4355,1.4365,3867244.2,2026-02-21 20:59:59.999000+00:00,5561415.79213,10641,1665757.3,2395194.79967,-0.0004871768200193724,-0.004306758532382391,-0.0029195071480829973,-2.6294719616367,0.13999999999998758,0.6599999999999858,0.20000000000002666,0.0034806822137138133,40.35946850835213,-0.0009330643514954526,-0.003978372590142043,-0.0029195129283121892,-0.000936215739966828,-0.00017172454980707297,0.008463568350911112,-0.9070230286572374,0.005081138347126731,-0.3252257170968424,0.7789967494251794,1.0,0.04,-0.0074621709389898205,-0.8660254037844386,0.5000000000000001,5,2.0,0.92771083,True
XRPUSDT,trend_ema__directionshort_only_fast21_rsi_threshold58.0_slow55,trend_ema,2026-02-21 23:00:00+00:00,2026-02-22 03:15:00+00:00,short,0.007643030676667183,0.008443030676667183,target,17,0.31641756951006383,1,True,False,False,0.0025251779664694214,0.010258747026065157,0,0,0.008539030612633058,1.4317,1.4351,1.4292,1.43,4498600.1,2026-02-21 23:14:59.999000+00:00,6441716.56896,13399,1679870.7,2406064.24893,-0.0011881051123289112,-0.007940419236387752,-0.009742596198818593,-4.747488233572764,0.2881355932203441,0.5762711864406882,0.13559322033896773,0.004125874125874137,34.17912152449681,-0.0010642838310758363,-0.005814548044510186,-0.006515672509237287,-0.0016865052449508422,-0.0007745219454433627,0.013453627946142415,-1.017998716260553,0.004910541710785925,0.520336168822093,1.2383147035858544,-1.0,0.1,-0.011953292337456012,-0.25881904510252157,0.9659258262890681,5,2.0,0.9757142,True
XRPUSDT,trend_ema__directionshort_only_fast21_rsi_threshold55.0_slow55,trend_ema,2026-02-21 23:00:00+00:00,2026-02-22 03:15:00+00:00,short,0.007643030676667183,0.008443030676667183,target,17,0.31641756951006383,1,True,False,False,0.0025251779664694214,0.010258747026065157,0,0,0.008681567922662742,1.4317,1.4351,1.4292,1.43,4498600.1,2026-02-21 23:14:59.999000+00:00,6441716.56896,13399,1679870.7,2406064.24893,-0.0011881051123289112,-0.007940419236387752,-0.009742596198818593,-4.747488233572764,0.2881355932203441,0.5762711864406882,0.13559322033896773,0.004125874125874137,34.17912152449681,-0.0010642838310758363,-0.005814548044510186,-0.006515672509237287,-0.0016865052449508422,-0.0007745219454433627,0.013453627946142415,-1.017998716260553,0.004910541710785925,0.520336168822093,1.2383147035858544,-1.0,0.1,-0.011953292337456012,-0.25881904510252157,0.9659258262890681,5,2.0,0.9757142,True
XRPUSDT,trend_ema__directionboth_fast21_rsi_threshold55.0_slow55,trend_ema,2026-02-21 23:00:00+00:00,2026-02-22 03:15:00+00:00,short,0.007643030676667183,0.008443030676667183,target,17,0.31641756951006383,1,True,False,False,0.0025251779664694214,0.010258747026065157,0,0,0.008824105232692425,1.4317,1.4351,1.4292,1.43,4498600.1,2026-02-21 23:14:59.999000+00:00,6441716.56896,13399,1679870.7,2406064.24893,-0.0011881051123289112,-0.007940419236387752,-0.009742596198818593,-4.747488233572764,0.2881355932203441,0.5762711864406882,0.13559322033896773,0.004125874125874137,34.17912152449681,-0.0010642838310758363,-0.005814548044510186,-0.006515672509237287,-0.0016865052449508422,-0.0007745219454433627,0.013453627946142415,-1.017998716260553,0.004910541710785925,0.520336168822093,1.2383147035858544,-1.0,0.1,-0.011953292337456012,-0.25881904510252157,0.9659258262890681,5,2.0,0.9757142,True
XRPUSDT,trend_ema__directionboth_fast21_rsi_threshold58.0_slow55,trend_ema,2026-02-21 23:00:00+00:00,2026-02-22 03:15:00+00:00,short,0.007643030676667183,0.008443030676667183,target,17,0.31641756951006383,1,True,False,False,0.0025251779664694214,0.010258747026065157,0,0,0.008966642542722107,1.4317,1.4351,1.4292,1.43,4498600.1,2026-02-21 23:14:59.999000+00:00,6441716.56896,13399,1679870.7,2406064.24893,-0.0011881051123289112,-0.007940419236387752,-0.009742596198818593,-4.747488233572764,0.2881355932203441,0.5762711864406882,0.13559322033896773,0.004125874125874137,34.17912152449681,-0.0010642838310758363,-0.005814548044510186,-0.006515672509237287,-0.0016865052449508422,-0.0007745219454433627,0.013453627946142415,-1.017998716260553,0.004910541710785925,0.520336168822093,1.2383147035858544,-1.0,0.1,-0.011953292337456012,-0.25881904510252157,0.9659258262890681,5,2.0,0.9757142,True
XRPUSDT,trend_ema__directionshort_only_fast21_rsi_threshold52.0_slow55,trend_ema,2026-02-21 23:00:00+00:00,2026-02-22 03:15:00+00:00,short,0.007643030676667183,0.008443030676667183,target,17,0.31641756951006383,1,True,False,False,0.0025251779664694214,0.010258747026065157,0,0,0.008396493302603374,1.4317,1.4351,1.4292,1.43,4498600.1,2026-02-21 23:14:59.999000+00:00,6441716.56896,13399,1679870.7,2406064.24893,-0.0011881051123289112,-0.007940419236387752,-0.009742596198818593,-4.747488233572764,0.2881355932203441,0.5762711864406882,0.13559322033896773,0.004125874125874137,34.17912152449681,-0.0010642838310758363,-0.005814548044510186,-0.006515672509237287,-0.0016865052449508422,-0.0007745219454433627,0.013453627946142415,-1.017998716260553,0.004910541710785925,0.520336168822093,1.2383147035858544,-1.0,0.1,-0.011953292337456012,-0.25881904510252157,0.9659258262890681,5,2.0,0.94623655,True
XRPUSDT,trend_ema__directionboth_fast21_rsi_threshold58.0_slow55,trend_ema,2026-02-21 23:00:00+00:00,2026-02-22 03:15:00+00:00,short,0.007643030676667183,0.008443030676667183,target,17,0.31641756951006383,1,True,False,False,0.0025251779664694214,0.010258747026065157,0,0,0.008966642542722107,1.4317,1.4351,1.4292,1.43,4498600.1,2026-02-21 23:14:59.999000+00:00,6441716.56896,13399,1679870.7,2406064.24893,-0.0011881051123289112,-0.007940419236387752,-0.009742596198818593,-4.747488233572764,0.2881355932203441,0.5762711864406882,0.13559322033896773,0.004125874125874137,34.17912152449681,-0.0010642838310758363,-0.005814548044510186,-0.006515672509237287,-0.0016865052449508422,-0.0007745219454433627,0.013453627946142415,-1.017998716260553,0.004910541710785925,0.520336168822093,1.2383147035858544,-1.0,0.1,-0.011953292337456012,-0.25881904510252157,0.9659258262890681,5,2.0,0.94623655,True
XRPUSDT,trend_ema__directionboth_fast21_rsi_threshold55.0_slow55,trend_ema,2026-02-21 23:00:00+00:00,2026-02-22 03:15:00+00:00,short,0.007643030676667183,0.008443030676667183,target,17,0.31641756951006383,1,True,False,False,0.0025251779664694214,0.010258747026065157,0,0,0.008824105232692425,1.4317,1.4351,1.4292,1.43,4498600.1,2026-02-21 23:14:59.999000+00:00,6441716.56896,13399,1679870.7,2406064.24893,-0.0011881051123289112,-0.007940419236387752,-0.009742596198818593,-4.747488233572764,0.2881355932203441,0.5762711864406882,0.13559322033896773,0.004125874125874137,34.17912152449681,-0.0010642838310758363,-0.005814548044510186,-0.006515672509237287,-0.0016865052449508422,-0.0007745219454433627,0.013453627946142415,-1.017998716260553,0.004910541710785925,0.520336168822093,1.2383147035858544,-1.0,0.1,-0.011953292337456012,-0.25881904510252157,0.9659258262890681,5,2.0,0.94623655,True
XRPUSDT,trend_ema__directionshort_only_fast21_rsi_threshold55.0_slow55,trend_ema,2026-02-21 23:00:00+00:00,2026-02-22 03:15:00+00:00,short,0.007643030676667183,0.008443030676667183,target,17,0.31641756951006383,1,True,False,False,0.0025251779664694214,0.010258747026065157,0,0,0.008681567922662742,1.4317,1.4351,1.4292,1.43,4498600.1,2026-02-21 23:14:59.999000+00:00,6441716.56896,13399,1679870.7,2406064.24893,-0.0011881051123289112,-0.007940419236387752,-0.009742596198818593,-4.747488233572764,0.2881355932203441,0.5762711864406882,0.13559322033896773,0.004125874125874137,34.17912152449681,-0.0010642838310758363,-0.005814548044510186,-0.006515672509237287,-0.0016865052449508422,-0.0007745219454433627,0.013453627946142415,-1.017998716260553,0.004910541710785925,0.520336168822093,1.2383147035858544,-1.0,0.1,-0.011953292337456012,-0.25881904510252157,0.9659258262890681,5,2.0,0.94623655,True
XRPUSDT,trend_ema__directionshort_only_fast21_rsi_threshold58.0_slow55,trend_ema,2026-02-21 23:00:00+00:00,2026-02-22 03:15:00+00:00,short,0.007643030676667183,0.008443030676667183,target,17,0.31641756951006383,1,True,False,False,0.0025251779664694214,0.010258747026065157,0,0,0.008539030612633058,1.4317,1.4351,1.4292,1.43,4498600.1,2026-02-21 23:14:59.999000+00:00,6441716.56896,13399,1679870.7,2406064.24893,-0.0011881051123289112,-0.007940419236387752,-0.009742596198818593,-4.747488233572764,0.2881355932203441,0.5762711864406882,0.13559322033896773,0.004125874125874137,34.17912152449681,-0.0010642838310758363,-0.005814548044510186,-0.006515672509237287,-0.0016865052449508422,-0.0007745219454433627,0.013453627946142415,-1.017998716260553,0.004910541710785925,0.520336168822093,1.2383147035858544,-1.0,0.1,-0.011953292337456012,-0.25881904510252157,0.9659258262890681,5,2.0,0.94623655,True
XRPUSDT,trend_ema__directionshort_only_fast21_rsi_threshold52.0_slow55,trend_ema,2026-02-21 23:00:00+00:00,2026-02-22 03:15:00+00:00,short,0.007643030676667183,0.008443030676667183,target,17,0.31641756951006383,1,True,False,False,0.0025251779664694214,0.010258747026065157,0,0,0.008396493302603374,1.4317,1.4351,1.4292,1.43,4498600.1,2026-02-21 23:14:59.999000+00:00,6441716.56896,13399,1679870.7,2406064.24893,-0.0011881051123289112,-0.007940419236387752,-0.009742596198818593,-4.747488233572764,0.2881355932203441,0.5762711864406882,0.13559322033896773,0.004125874125874137,34.17912152449681,-0.0010642838310758363,-0.005814548044510186,-0.006515672509237287,-0.0016865052449508422,-0.0007745219454433627,0.013453627946142415,-1.017998716260553,0.004910541710785925,0.520336168822093,1.2383147035858544,-1.0,0.1,-0.011953292337456012,-0.25881904510252157,0.9659258262890681,5,2.0,0.9757142,True
XRPUSDT,trend_ema__directionshort_only_fast12_rsi_threshold58.0_slow89,trend_ema,2026-02-21 23:15:00+00:00,2026-02-22 03:15:00+00:00,short,0.007786751525537299,0.0085867515255373,target,16,0.17463544851824436,1,True,False,False,0.003157676952472898,0.009012831748526188,0,0,0.007741295092003007,1.4299,1.4342,1.4294,1.4335,5106643.9,2026-02-21 23:29:59.999000+00:00,7313579.16717,9706,2175207.2,3114996.81421,0.0024445620694715734,-0.0022298106932489214,-0.006813152050093169,-1.2616350068257067,0.7500000000000231,0.14583333333331985,0.10416666666665703,0.003348447854900534,41.26822757408778,-0.0008865396249089805,-0.0030388915032916715,-0.003899042829797527,-0.0014737867166484397,-0.0009592002159557467,0.013751558158749688,-0.5906057866276815,0.00490264587430121,0.8663091433650352,1.3980148055629467,-1.0,0.14,-0.009534996199820345,-0.25881904510252157,0.9659258262890681,5,2.0,0.8378378,True
XRPUSDT,trend_ema__directionshort_only_fast12_rsi_threshold55.0_slow89,trend_ema,2026-02-21 23:15:00+00:00,2026-02-22 03:15:00+00:00,short,0.007786751525537299,0.0085867515255373,target,16,0.17463544851824436,1,True,False,False,0.003157676952472898,0.009012831748526188,0,0,0.007729263185989254,1.4299,1.4342,1.4294,1.4335,5106643.9,2026-02-21 23:29:59.999000+00:00,7313579.16717,9706,2175207.2,3114996.81421,0.0024445620694715734,-0.0022298106932489214,-0.006813152050093169,-1.2616350068257067,0.7500000000000231,0.14583333333331985,0.10416666666665703,0.003348447854900534,41.26822757408778,-0.0008865396249089805,-0.0030388915032916715,-0.003899042829797527,-0.0014737867166484397,-0.0009592002159557467,0.013751558158749688,-0.5906057866276815,0.00490264587430121,0.8663091433650352,1.3980148055629467,-1.0,0.14,-0.009534996199820345,-0.25881904510252157,0.9659258262890681,5,2.0,0.75384617,True
XRPUSDT,trend_ema__directionshort_only_fast9_rsi_threshold55.0_slow89,trend_ema,2026-02-21 23:15:00+00:00,2026-02-22 03:15:00+00:00,short,0.007786751525537299,0.0085867515255373,target,16,0.17463544851824436,1,True,False,False,0.003157676952472898,0.009012831748526188,0,0,0.007743635270876265,1.4299,1.4342,1.4294,1.4335,5106643.9,2026-02-21 23:29:59.999000+00:00,7313579.16717,9706,2175207.2,3114996.81421,0.0024445620694715734,-0.0022298106932489214,-0.006813152050093169,-1.2616350068257067,0.7500000000000231,0.14583333333331985,0.10416666666665703,0.003348447854900534,41.26822757408778,-0.0008865396249089805,-0.0030388915032916715,-0.003899042829797527,-0.0014737867166484397,-0.0009592002159557467,0.013751558158749688,-0.5906057866276815,0.00490264587430121,0.8663091433650352,1.3980148055629467,-1.0,0.14,-0.009534996199820345,-0.25881904510252157,0.9659258262890681,5,2.0,0.8378378,True
XRPUSDT,trend_ema__directionshort_only_fast12_rsi_threshold52.0_slow89,trend_ema,2026-02-21 23:15:00+00:00,2026-02-22 03:15:00+00:00,short,0.007786751525537299,0.0085867515255373,target,16,0.17463544851824436,1,True,False,False,0.003157676952472898,0.009012831748526188,0,0,0.0077580073557632755,1.4299,1.4342,1.4294,1.4335,5106643.9,2026-02-21 23:29:59.999000+00:00,7313579.16717,9706,2175207.2,3114996.81421,0.0024445620694715734,-0.0022298106932489214,-0.006813152050093169,-1.2616350068257067,0.7500000000000231,0.14583333333331985,0.10416666666665703,0.003348447854900534,41.26822757408778,-0.0008865396249089805,-0.0030388915032916715,-0.003899042829797527,-0.0014737867166484397,-0.0009592002159557467,0.013751558158749688,-0.5906057866276815,0.00490264587430121,0.8663091433650352,1.3980148055629467,-1.0,0.14,-0.009534996199820345,-0.25881904510252157,0.9659258262890681,5,2.0,0.75384617,True
XRPUSDT,trend_ema__directionboth_fast9_rsi_threshold58.0_slow89,trend_ema,2026-02-21 23:15:00+00:00,2026-02-22 03:15:00+00:00,short,0.007786751525537299,0.0085867515255373,target,16,0.17463544851824436,1,True,False,False,0.003157676952472898,0.009012831748526188,0,0,0.007869460317145678,1.4299,1.4342,1.4294,1.4335,5106643.9,2026-02-21 23:29:59.999000+00:00,7313579.16717,9706,2175207.2,3114996.81421,0.0024445620694715734,-0.0022298106932489214,-0.006813152050093169,-1.2616350068257067,0.7500000000000231,0.14583333333331985,0.10416666666665703,0.003348447854900534,41.26822757408778,-0.0008865396249089805,-0.0030388915032916715,-0.003899042829797527,-0.0014737867166484397,-0.0009592002159557467,0.013751558158749688,-0.5906057866276815,0.00490264587430121,0.8663091433650352,1.3980148055629467,-1.0,0.14,-0.009534996199820345,-0.25881904510252157,0.9659258262890681,5,2.0,0.75384617,True
XRPUSDT,trend_ema__directionboth_fast12_rsi_threshold55.0_slow89,trend_ema,2026-02-21 23:15:00+00:00,2026-02-22 03:15:00+00:00,short,0.007786751525537299,0.0085867515255373,target,16,0.17463544851824436,1,True,False,False,0.003157676952472898,0.009012831748526188,0,0,0.007997625542288351,1.4299,1.4342,1.4294,1.4335,5106643.9,2026-02-21 23:29:59.999000+00:00,7313579.16717,9706,2175207.2,3114996.81421,0.0024445620694715734,-0.0022298106932489214,-0.006813152050093169,-1.2616350068257067,0.7500000000000231,0.14583333333331985,0.10416666666665703,0.003348447854900534,41.26822757408778,-0.0008865396249089805,-0.0030388915032916715,-0.003899042829797527,-0.0014737867166484397,-0.0009592002159557467,0.013751558158749688,-0.5906057866276815,0.00490264587430121,0.8663091433650352,1.3980148055629467,-1.0,0.14,-0.009534996199820345,-0.25881904510252157,0.9659258262890681,5,2.0,0.75384617,True
XRPUSDT,trend_ema__directionboth_fast12_rsi_threshold52.0_slow89,trend_ema,2026-02-21 23:15:00+00:00,2026-02-22 03:15:00+00:00,short,0.007786751525537299,0.0085867515255373,target,16,0.17463544851824436,1,True,False,False,0.003157676952472898,0.009012831748526188,0,0,0.008125790767431022,1.4299,1.4342,1.4294,1.4335,5106643.9,2026-02-21 23:29:59.999000+00:00,7313579.16717,9706,2175207.2,3114996.81421,0.0024445620694715734,-0.0022298106932489214,-0.006813152050093169,-1.2616350068257067,0.7500000000000231,0.14583333333331985,0.10416666666665703,0.003348447854900534,41.26822757408778,-0.0008865396249089805,-0.0030388915032916715,-0.003899042829797527,-0.0014737867166484397,-0.0009592002159557467,0.013751558158749688,-0.5906057866276815,0.00490264587430121,0.8663091433650352,1.3980148055629467,-1.0,0.14,-0.009534996199820345,-0.25881904510252157,0.9659258262890681,5,2.0,0.75384617,True
XRPUSDT,trend_ema__directionshort_only_fast9_rsi_threshold52.0_slow89,trend_ema,2026-02-21 23:15:00+00:00,2026-02-22 03:15:00+00:00,short,0.007786751525537299,0.0085867515255373,target,16,0.17463544851824436,1,True,False,False,0.003157676952472898,0.009012831748526188,0,0,0.008253955992573694,1.4299,1.4342,1.4294,1.4335,5106643.9,2026-02-21 23:29:59.999000+00:00,7313579.16717,9706,2175207.2,3114996.81421,0.0024445620694715734,-0.0022298106932489214,-0.006813152050093169,-1.2616350068257067,0.7500000000000231,0.14583333333331985,0.10416666666665703,0.003348447854900534,41.26822757408778,-0.0008865396249089805,-0.0030388915032916715,-0.003899042829797527,-0.0014737867166484397,-0.0009592002159557467,0.013751558158749688,-0.5906057866276815,0.00490264587430121,0.8663091433650352,1.3980148055629467,-1.0,0.14,-0.009534996199820345,-0.25881904510252157,0.9659258262890681,5,2.0,0.75384617,True
XRPUSDT,trend_ema__directionboth_fast12_rsi_threshold58.0_slow89,trend_ema,2026-02-21 23:15:00+00:00,2026-02-22 03:15:00+00:00,short,0.007786751525537299,0.0085867515255373,target,16,0.17463544851824436,1,True,False,False,0.003157676952472898,0.009012831748526188,0,0,0.007714891101102242,1.4299,1.4342,1.4294,1.4335,5106643.9,2026-02-21 23:29:59.999000+00:00,7313579.16717,9706,2175207.2,3114996.81421,0.0024445620694715734,-0.0022298106932489214,-0.006813152050093169,-1.2616350068257067,0.7500000000000231,0.14583333333331985,0.10416666666665703,0.003348447854900534,41.26822757408778,-0.0008865396249089805,-0.0030388915032916715,-0.003899042829797527,-0.0014737867166484397,-0.0009592002159557467,0.013751558158749688,-0.5906057866276815,0.00490264587430121,0.8663091433650352,1.3980148055629467,-1.0,0.14,-0.009534996199820345,-0.25881904510252157,0.9659258262890681,5,2.0,0.75384617,True
XRPUSDT,trend_ema__directionshort_only_fast9_rsi_threshold55.0_slow89,trend_ema,2026-02-21 23:15:00+00:00,2026-02-22 03:15:00+00:00,short,0.007786751525537299,0.0085867515255373,target,16,0.17463544851824436,1,True,False,False,0.003157676952472898,0.009012831748526188,0,0,0.007743635270876265,1.4299,1.4342,1.4294,1.4335,5106643.9,2026-02-21 23:29:59.999000+00:00,7313579.16717,9706,2175207.2,3114996.81421,0.0024445620694715734,-0.0022298106932489214,-0.006813152050093169,-1.2616350068257067,0.7500000000000231,0.14583333333331985,0.10416666666665703,0.003348447854900534,41.26822757408778,-0.0008865396249089805,-0.0030388915032916715,-0.003899042829797527,-0.0014737867166484397,-0.0009592002159557467,0.013751558158749688,-0.5906057866276815,0.00490264587430121,0.8663091433650352,1.3980148055629467,-1.0,0.14,-0.009534996199820345,-0.25881904510252157,0.9659258262890681,5,2.0,0.75384617,True
XRPUSDT,trend_ema__directionshort_only_fast9_rsi_threshold52.0_slow89,trend_ema,2026-02-21 23:15:00+00:00,2026-02-22 03:15:00+00:00,short,0.007786751525537299,0.0085867515255373,target,16,0.17463544851824436,1,True,False,False,0.003157676952472898,0.009012831748526188,0,0,0.008253955992573694,1.4299,1.4342,1.4294,1.4335,5106643.9,2026-02-21 23:29:59.999000+00:00,7313579.16717,9706,2175207.2,3114996.81421,0.0024445620694715734,-0.0022298106932489214,-0.006813152050093169,-1.2616350068257067,0.7500000000000231,0.14583333333331985,0.10416666666665703,0.003348447854900534,41.26822757408778,-0.0008865396249089805,-0.0030388915032916715,-0.003899042829797527,-0.0014737867166484397,-0.0009592002159557467,0.013751558158749688,-0.5906057866276815,0.00490264587430121,0.8663091433650352,1.3980148055629467,-1.0,0.14,-0.009534996199820345,-0.25881904510252157,0.9659258262890681,5,2.0,0.8378378,True
XRPUSDT,trend_ema__directionboth_fast12_rsi_threshold52.0_slow89,trend_ema,2026-02-21 23:15:00+00:00,2026-02-22 03:15:00+00:00,short,0.007786751525537299,0.0085867515255373,target,16,0.17463544851824436,1,True,False,False,0.003157676952472898,0.009012831748526188,0,0,0.008125790767431022,1.4299,1.4342,1.4294,1.4335,5106643.9,2026-02-21 23:29:59.999000+00:00,7313579.16717,9706,2175207.2,3114996.81421,0.0024445620694715734,-0.0022298106932489214,-0.006813152050093169,-1.2616350068257067,0.7500000000000231,0.14583333333331985,0.10416666666665703,0.003348447854900534,41.26822757408778,-0.0008865396249089805,-0.0030388915032916715,-0.003899042829797527,-0.0014737867166484397,-0.0009592002159557467,0.013751558158749688,-0.5906057866276815,0.00490264587430121,0.8663091433650352,1.3980148055629467,-1.0,0.14,-0.009534996199820345,-0.25881904510252157,0.9659258262890681,5,2.0,0.8378378,True
XRPUSDT,trend_ema__directionboth_fast12_rsi_threshold55.0_slow89,trend_ema,2026-02-21 23:15:00+00:00,2026-02-22 03:15:00+00:00,short,0.007786751525537299,0.0085867515255373,target,16,0.17463544851824436,1,True,False,False,0.003157676952472898,0.009012831748526188,0,0,0.007997625542288351,1.4299,1.4342,1.4294,1.4335,5106643.9,2026-02-21 23:29:59.999000+00:00,7313579.16717,9706,2175207.2,3114996.81421,0.0024445620694715734,-0.0022298106932489214,-0.006813152050093169,-1.2616350068257067,0.7500000000000231,0.14583333333331985,0.10416666666665703,0.003348447854900534,41.26822757408778,-0.0008865396249089805,-0.0030388915032916715,-0.003899042829797527,-0.0014737867166484397,-0.0009592002159557467,0.013751558158749688,-0.5906057866276815,0.00490264587430121,0.8663091433650352,1.3980148055629467,-1.0,0.14,-0.009534996199820345,-0.25881904510252157,0.9659258262890681,5,2.0,0.8378378,True
XRPUSDT,trend_ema__directionboth_fast9_rsi_threshold58.0_slow89,trend_ema,2026-02-21 23:15:00+00:00,2026-02-22 03:15:00+00:00,short,0.007786751525537299,0.0085867515255373,target,16,0.17463544851824436,1,True,False,False,0.003157676952472898,0.009012831748526188,0,0,0.007869460317145678,1.4299,1.4342,1.4294,1.4335,5106643.9,2026-02-21 23:29:59.999000+00:00,7313579.16717,9706,2175207.2,3114996.81421,0.0024445620694715734,-0.0022298106932489214,-0.006813152050093169,-1.2616350068257067,0.7500000000000231,0.14583333333331985,0.10416666666665703,0.003348447854900534,41.26822757408778,-0.0008865396249089805,-0.0030388915032916715,-0.003899042829797527,-0.0014737867166484397,-0.0009592002159557467,0.013751558158749688,-0.5906057866276815,0.00490264587430121,0.8663091433650352,1.3980148055629467,-1.0,0.14,-0.009534996199820345,-0.25881904510252157,0.9659258262890681,5,2.0,0.8378378,True
XRPUSDT,trend_ema__directionshort_only_fast12_rsi_threshold52.0_slow89,trend_ema,2026-02-21 23:15:00+00:00,2026-02-22 03:15:00+00:00,short,0.007786751525537299,0.0085867515255373,target,16,0.17463544851824436,1,True,False,False,0.003157676952472898,0.009012831748526188,0,0,0.0077580073557632755,1.4299,1.4342,1.4294,1.4335,5106643.9,2026-02-21 23:29:59.999000+00:00,7313579.16717,9706,2175207.2,3114996.81421,0.0024445620694715734,-0.0022298106932489214,-0.006813152050093169,-1.2616350068257067,0.7500000000000231,0.14583333333331985,0.10416666666665703,0.003348447854900534,41.26822757408778,-0.0008865396249089805,-0.0030388915032916715,-0.003899042829797527,-0.0014737867166484397,-0.0009592002159557467,0.013751558158749688,-0.5906057866276815,0.00490264587430121,0.8663091433650352,1.3980148055629467,-1.0,0.14,-0.009534996199820345,-0.25881904510252157,0.9659258262890681,5,2.0,0.8378378,True
XRPUSDT,trend_ema__directionshort_only_fast12_rsi_threshold55.0_slow89,trend_ema,2026-02-21 23:15:00+00:00,2026-02-22 03:15:00+00:00,short,0.007786751525537299,0.0085867515255373,target,16,0.17463544851824436,1,True,False,False,0.003157676952472898,0.009012831748526188,0,0,0.007729263185989254,1.4299,1.4342,1.4294,1.4335,5106643.9,2026-02-21 23:29:59.999000+00:00,7313579.16717,9706,2175207.2,3114996.81421,0.0024445620694715734,-0.0022298106932489214,-0.006813152050093169,-1.2616350068257067,0.7500000000000231,0.14583333333331985,0.10416666666665703,0.003348447854900534,41.26822757408778,-0.0008865396249089805,-0.0030388915032916715,-0.003899042829797527,-0.0014737867166484397,-0.0009592002159557467,0.013751558158749688,-0.5906057866276815,0.00490264587430121,0.8663091433650352,1.3980148055629467,-1.0,0.14,-0.009534996199820345,-0.25881904510252157,0.9659258262890681,5,2.0,0.8378378,True
XRPUSDT,trend_ema__directionboth_fast12_rsi_threshold58.0_slow89,trend_ema,2026-02-21 23:15:00+00:00,2026-02-22 03:15:00+00:00,short,0.007786751525537299,0.0085867515255373,target,16,0.17463544851824436,1,True,False,False,0.003157676952472898,0.009012831748526188,0,0,0.007714891101102242,1.4299,1.4342,1.4294,1.4335,5106643.9,2026-02-21 23:29:59.999000+00:00,7313579.16717,9706,2175207.2,3114996.81421,0.0024445620694715734,-0.0022298106932489214,-0.006813152050093169,-1.2616350068257067,0.7500000000000231,0.14583333333331985,0.10416666666665703,0.003348447854900534,41.26822757408778,-0.0008865396249089805,-0.0030388915032916715,-0.003899042829797527,-0.0014737867166484397,-0.0009592002159557467,0.013751558158749688,-0.5906057866276815,0.00490264587430121,0.8663091433650352,1.3980148055629467,-1.0,0.14,-0.009534996199820345,-0.25881904510252157,0.9659258262890681,5,2.0,0.8378378,True
XRPUSDT,trend_ema__directionshort_only_fast12_rsi_threshold58.0_slow89,trend_ema,2026-02-21 23:15:00+00:00,2026-02-22 03:15:00+00:00,short,0.007786751525537299,0.0085867515255373,target,16,0.17463544851824436,1,True,False,False,0.003157676952472898,0.009012831748526188,0,0,0.007741295092003007,1.4299,1.4342,1.4294,1.4335,5106643.9,2026-02-21 23:29:59.999000+00:00,7313579.16717,9706,2175207.2,3114996.81421,0.0024445620694715734,-0.0022298106932489214,-0.006813152050093169,-1.2616350068257067,0.7500000000000231,0.14583333333331985,0.10416666666665703,0.003348447854900534,41.26822757408778,-0.0008865396249089805,-0.0030388915032916715,-0.003899042829797527,-0.0014737867166484397,-0.0009592002159557467,0.013751558158749688,-0.5906057866276815,0.00490264587430121,0.8663091433650352,1.3980148055629467,-1.0,0.14,-0.009534996199820345,-0.25881904510252157,0.9659258262890681,5,2.0,0.75384617,True
XRPUSDT,trend_ema__directionboth_fast21_rsi_threshold58.0_slow89,trend_ema,2026-02-22 00:15:00+00:00,2026-02-22 05:45:00+00:00,short,0.00737083881683908,0.00817083881683908,target,22,0.2656167583695643,1,True,False,False,0.0028805685921140423,0.00846169977649266,0,0,0.007745160254667477,1.4285,1.4321,1.4256,1.4292,8933583.4,2026-02-22 00:29:59.999000+00:00,12758946.71123,14453,4417616.8,6310140.22888,0.0005599104289613909,-0.003004159174169789,-0.008846841163346445,-1.8325805766016596,0.10769230769229665,0.4461538461538346,0.44615384615386877,0.004547998880492549,36.71916208152179,-0.0007985910798758932,-0.004159966694369657,-0.0059484554023660485,-0.0014913942774776867,-0.0011226705200851894,0.01401048844837037,-0.6962551564360239,0.004798965764679224,3.211352467248266,2.5424568302487627,-1.0,0.11,-0.010934256055363356,0.0,1.0,6,0.0,0.75384617,True
XRPUSDT,trend_ema__directionshort_only_fast21_rsi_threshold52.0_slow89,trend_ema,2026-02-22 00:15:00+00:00,2026-02-22 05:45:00+00:00,short,0.00737083881683908,0.00817083881683908,target,22,0.2656167583695643,1,True,False,False,0.0028805685921140423,0.00846169977649266,0,0,0.007772379440650288,1.4285,1.4321,1.4256,1.4292,8933583.4,2026-02-22 00:29:59.999000+00:00,12758946.71123,14453,4417616.8,6310140.22888,0.0005599104289613909,-0.003004159174169789,-0.008846841163346445,-1.8325805766016596,0.10769230769229665,0.4461538461538346,0.44615384615386877,0.004547998880492549,36.71916208152179,-0.0007985910798758932,-0.004159966694369657,-0.0059484554023660485,-0.0014913942774776867,-0.0011226705200851894,0.01401048844837037,-0.6962551564360239,0.004798965764679224,3.211352467248266,2.5424568302487627,-1.0,0.11,-0.010934256055363356,0.0,1.0,6,0.0,0.75384617,True
XRPUSDT,trend_ema__directionshort_only_fast21_rsi_threshold55.0_slow89,trend_ema,2026-02-22 00:15:00+00:00,2026-02-22 05:45:00+00:00,short,0.00737083881683908,0.00817083881683908,target,22,0.2656167583695643,1,True,False,False,0.0028805685921140423,0.00846169977649266,0,0,0.0076619777129278335,1.4285,1.4321,1.4256,1.4292,8933583.4,2026-02-22 00:29:59.999000+00:00,12758946.71123,14453,4417616.8,6310140.22888,0.0005599104289613909,-0.003004159174169789,-0.008846841163346445,-1.8325805766016596,0.10769230769229665,0.4461538461538346,0.44615384615386877,0.004547998880492549,36.71916208152179,-0.0007985910798758932,-0.004159966694369657,-0.0059484554023660485,-0.0014913942774776867,-0.0011226705200851894,0.01401048844837037,-0.6962551564360239,0.004798965764679224,3.211352467248266,2.5424568302487627,-1.0,0.11,-0.010934256055363356,0.0,1.0,6,0.0,0.75384617,True
XRPUSDT,trend_ema__directionshort_only_fast21_rsi_threshold58.0_slow89,trend_ema,2026-02-22 00:15:00+00:00,2026-02-22 05:45:00+00:00,short,0.00737083881683908,0.00817083881683908,target,22,0.2656167583695643,1,True,False,False,0.0028805685921140423,0.00846169977649266,0,0,0.007703568983797657,1.4285,1.4321,1.4256,1.4292,8933583.4,2026-02-22 00:29:59.999000+00:00,12758946.71123,14453,4417616.8,6310140.22888,0.0005599104289613909,-0.003004159174169789,-0.008846841163346445,-1.8325805766016596,0.10769230769229665,0.4461538461538346,0.44615384615386877,0.004547998880492549,36.71916208152179,-0.0007985910798758932,-0.004159966694369657,-0.0059484554023660485,-0.0014913942774776867,-0.0011226705200851894,0.01401048844837037,-0.6962551564360239,0.004798965764679224,3.211352467248266,2.5424568302487627,-1.0,0.11,-0.010934256055363356,0.0,1.0,6,0.0,0.75384617,True
ETHUSDT,trend_ema__directionshort_only_fast12_rsi_threshold55.0_slow34,trend_ema,2026-02-23 00:45:00+00:00,2026-02-23 01:00:00+00:00,short,0.007407329343664535,0.008207329343664535,target,1,0.3441194363853572,1,True,False,False,0.001191329944749764,0.039027881231500305,0,0,0.0049058027171705616,1940.16,1942.18,1927.0,1928.14,94458.206,2026-02-23 00:59:59.999000+00:00,182694946.32284,113385,39687.876,76789580.85184,-0.006219790442070349,-0.014861990602956626,-0.006142474640486047,-5.511324137647376,0.7918313570487439,0.13306982872200088,0.07509881422925528,0.007872872301803844,32.79402818073214,-1.5367548367027557,-0.009691237890099277,-0.011813351937498651,-0.0015978767839598396,-0.0007041789917568986,0.015334704117842669,-1.2714620445660985,6.997853325847423,2.6274785768066877,3.928364996660992,-1.0,1.0,-0.014903106814965317,0.0,1.0,0,0.0,1.0,True
ETHUSDT,trend_ema__directionshort_only_fast12_rsi_threshold55.0_slow34,trend_ema,2026-02-23 00:45:00+00:00,2026-02-23 01:00:00+00:00,short,0.007407329343664535,0.008207329343664535,target,1,0.3441194363853572,1,True,False,False,0.001191329944749764,0.039027881231500305,0,0,0.0049058027171705616,1940.16,1942.18,1927.0,1928.14,94458.206,2026-02-23 00:59:59.999000+00:00,182694946.32284,113385,39687.876,76789580.85184,-0.006219790442070349,-0.014861990602956626,-0.006142474640486047,-5.511324137647376,0.7918313570487439,0.13306982872200088,0.07509881422925528,0.007872872301803844,32.79402818073214,-1.5367548367027557,-0.009691237890099277,-0.011813351937498651,-0.0015978767839598396,-0.0007041789917568986,0.015334704117842669,-1.2714620445660985,6.997853325847423,2.6274785768066877,3.928364996660992,-1.0,1.0,-0.014903106814965317,0.0,1.0,0,0.0,0.94623655,True
ZECUSDT,trend_ema__directionboth_fast12_rsi_threshold52.0_slow89,trend_ema,2026-02-23 09:45:00+00:00,2026-02-23 12:15:00+00:00,long,-0.012740422854265137,-0.011940422854265137,stop,10,0.42068541089682354,0,False,True,False,0.012934958227485294,0.011868711000679056,0,0,0.006158484700532575,247.91,249.52,247.56,248.73,20042.396,2026-02-23 09:59:59.999000+00:00,4980581.59668,21009,12099.517,3007479.27638,0.003261857316744272,0.018585180288567753,0.042292204595921194,2.7137744559980703,0.4183673469387703,0.40306122448980475,0.17857142857142494,0.007880030555220553,71.03427054484118,0.3647642790533083,0.018818841894653136,0.023586200159628118,0.004839935660921002,0.0030701923293683375,0.051023409773940084,0.7930459719642435,1.9727488228742553,0.18368777220684987,1.1493895901478821,1.0,0.67,0.0,0.7071067811865476,-0.7071067811865475,0,1.0,0.92105263,True
ZECUSDT,trend_ema__directionboth_fast12_rsi_threshold52.0_slow89,trend_ema,2026-02-23 09:45:00+00:00,2026-02-23 12:15:00+00:00,long,-0.012740422854265137,-0.011940422854265137,stop,10,0.42068541089682354,0,False,True,False,0.012934958227485294,0.011868711000679056,0,0,0.006158484700532575,247.91,249.52,247.56,248.73,20042.396,2026-02-23 09:59:59.999000+00:00,4980581.59668,21009,12099.517,3007479.27638,0.003261857316744272,0.018585180288567753,0.042292204595921194,2.7137744559980703,0.4183673469387703,0.40306122448980475,0.17857142857142494,0.007880030555220553,71.03427054484118,0.3647642790533083,0.018818841894653136,0.023586200159628118,0.004839935660921002,0.0030701923293683375,0.051023409773940084,0.7930459719642435,1.9727488228742553,0.18368777220684987,1.1493895901478821,1.0,0.67,0.0,0.7071067811865476,-0.7071067811865475,0,1.0,0.92771083,True
SOLUSDT,trend_ema__directionshort_only_fast21_rsi_threshold52.0_slow55,trend_ema,2026-02-23 15:30:00+00:00,2026-02-23 17:15:00+00:00,short,0.016238049379549455,0.017038049379549454,target,7,0.11947653100240359,1,True,False,False,0.003164035629955111,0.01805964013637716,0,0,0.0010056706924042038,79.64,79.88,79.46,79.66,338045.41,2026-02-23 15:44:59.999000+00:00,26932671.846,28566,192613.16,15348894.4481,0.00025109855750264024,-0.0038839865903004226,-0.005133674331044233,-1.1971965736345285,0.04761904761903795,0.523809523809519,0.4285714285714431,0.005272407732864697,44.02617344987982,-0.14681078487535212,-0.00496936703380461,-0.004585626311713207,-0.001508611998841447,-0.0005306405904103029,0.018041394870574486,-0.8259860917853776,0.5339196373897862,-0.11213894418488975,0.9218395664809849,1.0,0.46,-0.016178831666049165,-0.7071067811865471,-0.7071067811865479,0,1.0,0.92771083,True
SOLUSDT,trend_ema__directionshort_only_fast21_rsi_threshold55.0_slow55,trend_ema,2026-02-23 15:30:00+00:00,2026-02-23 17:15:00+00:00,short,0.016238049379549455,0.017038049379549454,target,7,0.11947653100240359,1,True,False,False,0.003164035629955111,0.01805964013637716,0,1,-0.0011994963986019704,79.64,79.88,79.46,79.66,338045.41,2026-02-23 15:44:59.999000+00:00,26932671.846,28566,192613.16,15348894.4481,0.00025109855750264024,-0.0038839865903004226,-0.005133674331044233,-1.1971965736345285,0.04761904761903795,0.523809523809519,0.4285714285714431,0.005272407732864697,44.02617344987982,-0.14681078487535212,-0.00496936703380461,-0.004585626311713207,-0.001508611998841447,-0.0005306405904103029,0.018041394870574486,-0.8259860917853776,0.5339196373897862,-0.11213894418488975,0.9218395664809849,1.0,0.46,-0.016178831666049165,-0.7071067811865471,-0.7071067811865479,0,1.0,0.75384617,True
SOLUSDT,trend_ema__directionshort_only_fast21_rsi_threshold52.0_slow55,trend_ema,2026-02-23 15:30:00+00:00,2026-02-23 17:15:00+00:00,short,0.016238049379549455,0.017038049379549454,target,7,0.11947653100240359,1,True,False,False,0.003164035629955111,0.01805964013637716,0,0,0.0010056706924042038,79.64,79.88,79.46,79.66,338045.41,2026-02-23 15:44:59.999000+00:00,26932671.846,28566,192613.16,15348894.4481,0.00025109855750264024,-0.0038839865903004226,-0.005133674331044233,-1.1971965736345285,0.04761904761903795,0.523809523809519,0.4285714285714431,0.005272407732864697,44.02617344987982,-0.14681078487535212,-0.00496936703380461,-0.004585626311713207,-0.001508611998841447,-0.0005306405904103029,0.018041394870574486,-0.8259860917853776,0.5339196373897862,-0.11213894418488975,0.9218395664809849,1.0,0.46,-0.016178831666049165,-0.7071067811865471,-0.7071067811865479,0,1.0,0.92105263,True
SOLUSDT,trend_ema__directionboth_fast21_rsi_threshold55.0_slow55,trend_ema,2026-02-23 15:30:00+00:00,2026-02-23 17:15:00+00:00,short,0.016238049379549455,0.017038049379549454,target,7,0.11947653100240359,1,True,False,False,0.003164035629955111,0.01805964013637716,0,0,0.003223234059104361,79.64,79.88,79.46,79.66,338045.41,2026-02-23 15:44:59.999000+00:00,26932671.846,28566,192613.16,15348894.4481,0.00025109855750264024,-0.0038839865903004226,-0.005133674331044233,-1.1971965736345285,0.04761904761903795,0.523809523809519,0.4285714285714431,0.005272407732864697,44.02617344987982,-0.14681078487535212,-0.00496936703380461,-0.004585626311713207,-0.001508611998841447,-0.0005306405904103029,0.018041394870574486,-0.8259860917853776,0.5339196373897862,-0.11213894418488975,0.9218395664809849,1.0,0.46,-0.016178831666049165,-0.7071067811865471,-0.7071067811865479,0,1.0,0.92105263,True
SOLUSDT,trend_ema__directionboth_fast21_rsi_threshold55.0_slow55,trend_ema,2026-02-23 15:30:00+00:00,2026-02-23 17:15:00+00:00,short,0.016238049379549455,0.017038049379549454,target,7,0.11947653100240359,1,True,False,False,0.003164035629955111,0.01805964013637716,0,0,0.003223234059104361,79.64,79.88,79.46,79.66,338045.41,2026-02-23 15:44:59.999000+00:00,26932671.846,28566,192613.16,15348894.4481,0.00025109855750264024,-0.0038839865903004226,-0.005133674331044233,-1.1971965736345285,0.04761904761903795,0.523809523809519,0.4285714285714431,0.005272407732864697,44.02617344987982,-0.14681078487535212,-0.00496936703380461,-0.004585626311713207,-0.001508611998841447,-0.0005306405904103029,0.018041394870574486,-0.8259860917853776,0.5339196373897862,-0.11213894418488975,0.9218395664809849,1.0,0.46,-0.016178831666049165,-0.7071067811865471,-0.7071067811865479,0,1.0,0.92771083,True
XRPUSDT,trend_ema__directionshort_only_fast9_rsi_threshold52.0_slow89,trend_ema,2026-02-23 16:00:00+00:00,2026-02-24 01:00:00+00:00,short,0.019576825247903544,0.020376825247903543,target,36,0.33889280911301795,1,True,False,False,0.0059177319549972565,0.020730545891103323,0,0,0.00997840118653126,1.3699,1.3714,1.3606,1.3628,14577779.6,2026-02-23 16:14:59.999000+00:00,19900905.0222,38255,6369079.8,8696312.1885,-0.005196337670532285,-0.014496702607760759,-0.029142667613138724,-3.107197735101582,0.6574074074074016,0.13888888888889517,0.20370370370370333,0.007924860581156384,33.0553595443491,-0.005133512150057199,-0.01574864669824127,-0.013880471162763844,-0.004040850016887365,-0.0014666536060645718,0.04455230062657067,-0.9680277898809418,0.011138009573633409,0.14488123480958082,1.070105728832374,1.0,0.8,-0.03852123606603641,-0.8660254037844385,-0.5000000000000004,0,2.0,0.92771083,True
XRPUSDT,trend_ema__directionboth_fast9_rsi_threshold58.0_slow89,trend_ema,2026-02-23 16:00:00+00:00,2026-02-24 01:00:00+00:00,short,0.019576825247903544,0.020376825247903543,target,36,0.33889280911301795,1,True,False,False,0.0059177319549972565,0.020730545891103323,0,0,0.011157408558767887,1.3699,1.3714,1.3606,1.3628,14577779.6,2026-02-23 16:14:59.999000+00:00,19900905.0222,38255,6369079.8,8696312.1885,-0.005196337670532285,-0.014496702607760759,-0.029142667613138724,-3.107197735101582,0.6574074074074016,0.13888888888889517,0.20370370370370333,0.007924860581156384,33.0553595443491,-0.005133512150057199,-0.01574864669824127,-0.013880471162763844,-0.004040850016887365,-0.0014666536060645718,0.04455230062657067,-0.9680277898809418,0.011138009573633409,0.14488123480958082,1.070105728832374,1.0,0.8,-0.03852123606603641,-0.8660254037844385,-0.5000000000000004,0,2.0,0.94623655,True
XRPUSDT,trend_ema__directionshort_only_fast9_rsi_threshold55.0_slow89,trend_ema,2026-02-23 16:00:00+00:00,2026-02-24 01:00:00+00:00,short,0.019576825247903544,0.020376825247903543,target,36,0.33889280911301795,1,True,False,False,0.0059177319549972565,0.020730545891103323,0,0,0.007620386442058011,1.3699,1.3714,1.3606,1.3628,14577779.6,2026-02-23 16:14:59.999000+00:00,19900905.0222,38255,6369079.8,8696312.1885,-0.005196337670532285,-0.014496702607760759,-0.029142667613138724,-3.107197735101582,0.6574074074074016,0.13888888888889517,0.20370370370370333,0.007924860581156384,33.0553595443491,-0.005133512150057199,-0.01574864669824127,-0.013880471162763844,-0.004040850016887365,-0.0014666536060645718,0.04455230062657067,-0.9680277898809418,0.011138009573633409,0.14488123480958082,1.070105728832374,1.0,0.8,-0.03852123606603641,-0.8660254037844385,-0.5000000000000004,0,2.0,0.94623655,True
XRPUSDT,trend_ema__directionshort_only_fast12_rsi_threshold55.0_slow34,trend_ema,2026-02-23 16:00:00+00:00,2026-02-24 01:00:00+00:00,short,0.019576825247903544,0.020376825247903543,target,36,0.33889280911301795,1,True,False,False,0.0059177319549972565,0.020730545891103323,0,0,0.008799393814294638,1.3699,1.3714,1.3606,1.3628,14577779.6,2026-02-23 16:14:59.999000+00:00,19900905.0222,38255,6369079.8,8696312.1885,-0.005196337670532285,-0.014496702607760759,-0.029142667613138724,-3.107197735101582,0.6574074074074016,0.13888888888889517,0.20370370370370333,0.007924860581156384,33.0553595443491,-0.005133512150057199,-0.01574864669824127,-0.013880471162763844,-0.004040850016887365,-0.0014666536060645718,0.04455230062657067,-0.9680277898809418,0.011138009573633409,0.14488123480958082,1.070105728832374,1.0,0.8,-0.03852123606603641,-0.8660254037844385,-0.5000000000000004,0,2.0,0.94623655,True
XRPUSDT,trend_ema__directionshort_only_fast9_rsi_threshold52.0_slow89,trend_ema,2026-02-23 16:00:00+00:00,2026-02-24 01:00:00+00:00,short,0.019576825247903544,0.020376825247903543,target,36,0.33889280911301795,1,True,False,False,0.0059177319549972565,0.020730545891103323,0,0,0.00997840118653126,1.3699,1.3714,1.3606,1.3628,14577779.6,2026-02-23 16:14:59.999000+00:00,19900905.0222,38255,6369079.8,8696312.1885,-0.005196337670532285,-0.014496702607760759,-0.029142667613138724,-3.107197735101582,0.6574074074074016,0.13888888888889517,0.20370370370370333,0.007924860581156384,33.0553595443491,-0.005133512150057199,-0.01574864669824127,-0.013880471162763844,-0.004040850016887365,-0.0014666536060645718,0.04455230062657067,-0.9680277898809418,0.011138009573633409,0.14488123480958082,1.070105728832374,1.0,0.8,-0.03852123606603641,-0.8660254037844385,-0.5000000000000004,0,2.0,0.94623655,True
XRPUSDT,trend_ema__directionshort_only_fast12_rsi_threshold55.0_slow34,trend_ema,2026-02-23 16:00:00+00:00,2026-02-24 01:00:00+00:00,short,0.019576825247903544,0.020376825247903543,target,36,0.33889280911301795,1,True,False,False,0.0059177319549972565,0.020730545891103323,0,0,0.008799393814294638,1.3699,1.3714,1.3606,1.3628,14577779.6,2026-02-23 16:14:59.999000+00:00,19900905.0222,38255,6369079.8,8696312.1885,-0.005196337670532285,-0.014496702607760759,-0.029142667613138724,-3.107197735101582,0.6574074074074016,0.13888888888889517,0.20370370370370333,0.007924860581156384,33.0553595443491,-0.005133512150057199,-0.01574864669824127,-0.013880471162763844,-0.004040850016887365,-0.0014666536060645718,0.04455230062657067,-0.9680277898809418,0.011138009573633409,0.14488123480958082,1.070105728832374,1.0,0.8,-0.03852123606603641,-0.8660254037844385,-0.5000000000000004,0,2.0,0.92771083,True
XRPUSDT,trend_ema__directionshort_only_fast9_rsi_threshold55.0_slow89,trend_ema,2026-02-23 16:00:00+00:00,2026-02-24 01:00:00+00:00,short,0.019576825247903544,0.020376825247903543,target,36,0.33889280911301795,1,True,False,False,0.0059177319549972565,0.020730545891103323,0,0,0.007620386442058011,1.3699,1.3714,1.3606,1.3628,14577779.6,2026-02-23 16:14:59.999000+00:00,19900905.0222,38255,6369079.8,8696312.1885,-0.005196337670532285,-0.014496702607760759,-0.029142667613138724,-3.107197735101582,0.6574074074074016,0.13888888888889517,0.20370370370370333,0.007924860581156384,33.0553595443491,-0.005133512150057199,-0.01574864669824127,-0.013880471162763844,-0.004040850016887365,-0.0014666536060645718,0.04455230062657067,-0.9680277898809418,0.011138009573633409,0.14488123480958082,1.070105728832374,1.0,0.8,-0.03852123606603641,-0.8660254037844385,-0.5000000000000004,0,2.0,0.92771083,True
XRPUSDT,trend_ema__directionboth_fast9_rsi_threshold58.0_slow89,trend_ema,2026-02-23 16:00:00+00:00,2026-02-24 01:00:00+00:00,short,0.019576825247903544,0.020376825247903543,target,36,0.33889280911301795,1,True,False,False,0.0059177319549972565,0.020730545891103323,0,0,0.011157408558767887,1.3699,1.3714,1.3606,1.3628,14577779.6,2026-02-23 16:14:59.999000+00:00,19900905.0222,38255,6369079.8,8696312.1885,-0.005196337670532285,-0.014496702607760759,-0.029142667613138724,-3.107197735101582,0.6574074074074016,0.13888888888889517,0.20370370370370333,0.007924860581156384,33.0553595443491,-0.005133512150057199,-0.01574864669824127,-0.013880471162763844,-0.004040850016887365,-0.0014666536060645718,0.04455230062657067,-0.9680277898809418,0.011138009573633409,0.14488123480958082,1.070105728832374,1.0,0.8,-0.03852123606603641,-0.8660254037844385,-0.5000000000000004,0,2.0,0.92771083,True
ZECUSDT,trend_ema__directionboth_fast12_rsi_threshold55.0_slow89,trend_ema,2026-02-23 16:30:00+00:00,2026-02-23 20:15:00+00:00,short,0.02255307418322487,0.023353074183224867,target,15,0.25169262393504327,1,True,False,False,0.004361006664827877,0.02482689335621917,0,0,0.014908415117515778,242.26,242.82,240.87,241.55,15303.427,2026-02-23 16:44:59.999000+00:00,3699650.73388,21498,6954.074,1681469.60147,-0.0029350385882403974,-0.012016110999822359,-0.04028697251444459,-1.5762140318420967,0.3641025641025557,0.28717948717949005,0.34871794871795425,0.00807286276133301,37.41536880324784,-0.8445521892052226,-0.014481632929332583,-0.013695648227777114,-0.00504019057824312,-0.0021134709247239147,0.04509810174328966,-0.8330045557553859,2.240333503298538,-0.1681852257635459,0.9044650805604931,1.0,0.7,-0.0394862414506123,-0.8660254037844385,-0.5000000000000004,0,2.0,0.94623655,True
ZECUSDT,trend_ema__directionshort_only_fast12_rsi_threshold58.0_slow89,trend_ema,2026-02-23 16:30:00+00:00,2026-02-23 20:15:00+00:00,short,0.02255307418322487,0.023353074183224867,target,15,0.25169262393504327,1,True,False,False,0.004361006664827877,0.02482689335621917,0,0,0.011676942187901013,242.26,242.82,240.87,241.55,15303.427,2026-02-23 16:44:59.999000+00:00,3699650.73388,21498,6954.074,1681469.60147,-0.0029350385882403974,-0.012016110999822359,-0.04028697251444459,-1.5762140318420967,0.3641025641025557,0.28717948717949005,0.34871794871795425,0.00807286276133301,37.41536880324784,-0.8445521892052226,-0.014481632929332583,-0.013695648227777114,-0.00504019057824312,-0.0021134709247239147,0.04509810174328966,-0.8330045557553859,2.240333503298538,-0.1681852257635459,0.9044650805604931,1.0,0.7,-0.0394862414506123,-0.8660254037844385,-0.5000000000000004,0,2.0,0.94623655,True
ZECUSDT,trend_ema__directionboth_fast12_rsi_threshold52.0_slow89,trend_ema,2026-02-23 16:30:00+00:00,2026-02-23 20:15:00+00:00,short,0.02255307418322487,0.023353074183224867,target,15,0.25169262393504327,1,True,False,False,0.004361006664827877,0.02482689335621917,0,0,0.008445469258286247,242.26,242.82,240.87,241.55,15303.427,2026-02-23 16:44:59.999000+00:00,3699650.73388,21498,6954.074,1681469.60147,-0.0029350385882403974,-0.012016110999822359,-0.04028697251444459,-1.5762140318420967,0.3641025641025557,0.28717948717949005,0.34871794871795425,0.00807286276133301,37.41536880324784,-0.8445521892052226,-0.014481632929332583,-0.013695648227777114,-0.00504019057824312,-0.0021134709247239147,0.04509810174328966,-0.8330045557553859,2.240333503298538,-0.1681852257635459,0.9044650805604931,1.0,0.7,-0.0394862414506123,-0.8660254037844385,-0.5000000000000004,0,2.0,0.94623655,True
ZECUSDT,trend_ema__directionshort_only_fast12_rsi_threshold55.0_slow89,trend_ema,2026-02-23 16:30:00+00:00,2026-02-23 20:15:00+00:00,short,0.02255307418322487,0.023353074183224867,target,15,0.25169262393504327,1,True,False,False,0.004361006664827877,0.02482689335621917,0,0,0.018139888047130542,242.26,242.82,240.87,241.55,15303.427,2026-02-23 16:44:59.999000+00:00,3699650.73388,21498,6954.074,1681469.60147,-0.0029350385882403974,-0.012016110999822359,-0.04028697251444459,-1.5762140318420967,0.3641025641025557,0.28717948717949005,0.34871794871795425,0.00807286276133301,37.41536880324784,-0.8445521892052226,-0.014481632929332583,-0.013695648227777114,-0.00504019057824312,-0.0021134709247239147,0.04509810174328966,-0.8330045557553859,2.240333503298538,-0.1681852257635459,0.9044650805604931,1.0,0.7,-0.0394862414506123,-0.8660254037844385,-0.5000000000000004,0,2.0,0.94623655,True
ZECUSDT,trend_ema__directionboth_fast12_rsi_threshold58.0_slow89,trend_ema,2026-02-23 16:30:00+00:00,2026-02-23 20:15:00+00:00,short,0.02255307418322487,0.023353074183224867,target,15,0.25169262393504327,1,True,False,False,0.004361006664827877,0.02482689335621917,0,0,0.019248792724883942,242.26,242.82,240.87,241.55,15303.427,2026-02-23 16:44:59.999000+00:00,3699650.73388,21498,6954.074,1681469.60147,-0.0029350385882403974,-0.012016110999822359,-0.04028697251444459,-1.5762140318420967,0.3641025641025557,0.28717948717949005,0.34871794871795425,0.00807286276133301,37.41536880324784,-0.8445521892052226,-0.014481632929332583,-0.013695648227777114,-0.00504019057824312,-0.0021134709247239147,0.04509810174328966,-0.8330045557553859,2.240333503298538,-0.1681852257635459,0.9044650805604931,1.0,0.7,-0.0394862414506123,-0.8660254037844385,-0.5000000000000004,0,2.0,0.94623655,True
ZECUSDT,trend_ema__directionshort_only_fast12_rsi_threshold55.0_slow89,trend_ema,2026-02-23 16:30:00+00:00,2026-02-23 20:15:00+00:00,short,0.02255307418322487,0.023353074183224867,target,15,0.25169262393504327,1,True,False,False,0.004361006664827877,0.02482689335621917,0,0,0.018139888047130542,242.26,242.82,240.87,241.55,15303.427,2026-02-23 16:44:59.999000+00:00,3699650.73388,21498,6954.074,1681469.60147,-0.0029350385882403974,-0.012016110999822359,-0.04028697251444459,-1.5762140318420967,0.3641025641025557,0.28717948717949005,0.34871794871795425,0.00807286276133301,37.41536880324784,-0.8445521892052226,-0.014481632929332583,-0.013695648227777114,-0.00504019057824312,-0.0021134709247239147,0.04509810174328966,-0.8330045557553859,2.240333503298538,-0.1681852257635459,0.9044650805604931,1.0,0.7,-0.0394862414506123,-0.8660254037844385,-0.5000000000000004,0,2.0,0.92771083,True
ZECUSDT,trend_ema__directionboth_fast12_rsi_threshold55.0_slow89,trend_ema,2026-02-23 16:30:00+00:00,2026-02-23 20:15:00+00:00,short,0.02255307418322487,0.023353074183224867,target,15,0.25169262393504327,1,True,False,False,0.004361006664827877,0.02482689335621917,0,0,0.014908415117515778,242.26,242.82,240.87,241.55,15303.427,2026-02-23 16:44:59.999000+00:00,3699650.73388,21498,6954.074,1681469.60147,-0.0029350385882403974,-0.012016110999822359,-0.04028697251444459,-1.5762140318420967,0.3641025641025557,0.28717948717949005,0.34871794871795425,0.00807286276133301,37.41536880324784,-0.8445521892052226,-0.014481632929332583,-0.013695648227777114,-0.00504019057824312,-0.0021134709247239147,0.04509810174328966,-0.8330045557553859,2.240333503298538,-0.1681852257635459,0.9044650805604931,1.0,0.7,-0.0394862414506123,-0.8660254037844385,-0.5000000000000004,0,2.0,0.92771083,True
ZECUSDT,trend_ema__directionboth_fast12_rsi_threshold52.0_slow89,trend_ema,2026-02-23 16:30:00+00:00,2026-02-23 20:15:00+00:00,short,0.02255307418322487,0.023353074183224867,target,15,0.25169262393504327,1,True,False,False,0.004361006664827877,0.02482689335621917,0,0,0.008445469258286247,242.26,242.82,240.87,241.55,15303.427,2026-02-23 16:44:59.999000+00:00,3699650.73388,21498,6954.074,1681469.60147,-0.0029350385882403974,-0.012016110999822359,-0.04028697251444459,-1.5762140318420967,0.3641025641025557,0.28717948717949005,0.34871794871795425,0.00807286276133301,37.41536880324784,-0.8445521892052226,-0.014481632929332583,-0.013695648227777114,-0.00504019057824312,-0.0021134709247239147,0.04509810174328966,-0.8330045557553859,2.240333503298538,-0.1681852257635459,0.9044650805604931,1.0,0.7,-0.0394862414506123,-0.8660254037844385,-0.5000000000000004,0,2.0,0.92771083,True
ZECUSDT,trend_ema__directionshort_only_fast12_rsi_threshold58.0_slow89,trend_ema,2026-02-23 16:30:00+00:00,2026-02-23 20:15:00+00:00,short,0.02255307418322487,0.023353074183224867,target,15,0.25169262393504327,1,True,False,False,0.004361006664827877,0.02482689335621917,0,0,0.011676942187901013,242.26,242.82,240.87,241.55,15303.427,2026-02-23 16:44:59.999000+00:00,3699650.73388,21498,6954.074,1681469.60147,-0.0029350385882403974,-0.012016110999822359,-0.04028697251444459,-1.5762140318420967,0.3641025641025557,0.28717948717949005,0.34871794871795425,0.00807286276133301,37.41536880324784,-0.8445521892052226,-0.014481632929332583,-0.013695648227777114,-0.00504019057824312,-0.0021134709247239147,0.04509810174328966,-0.8330045557553859,2.240333503298538,-0.1681852257635459,0.9044650805604931,1.0,0.7,-0.0394862414506123,-0.8660254037844385,-0.5000000000000004,0,2.0,0.92771083,True
ZECUSDT,trend_ema__directionboth_fast12_rsi_threshold58.0_slow89,trend_ema,2026-02-23 16:30:00+00:00,2026-02-23 20:15:00+00:00,short,0.02255307418322487,0.023353074183224867,target,15,0.25169262393504327,1,True,False,False,0.004361006664827877,0.02482689335621917,0,0,0.019248792724883942,242.26,242.82,240.87,241.55,15303.427,2026-02-23 16:44:59.999000+00:00,3699650.73388,21498,6954.074,1681469.60147,-0.0029350385882403974,-0.012016110999822359,-0.04028697251444459,-1.5762140318420967,0.3641025641025557,0.28717948717949005,0.34871794871795425,0.00807286276133301,37.41536880324784,-0.8445521892052226,-0.014481632929332583,-0.013695648227777114,-0.00504019057824312,-0.0021134709247239147,0.04509810174328966,-0.8330045557553859,2.240333503298538,-0.1681852257635459,0.9044650805604931,1.0,0.7,-0.0394862414506123,-0.8660254037844385,-0.5000000000000004,0,2.0,0.92771083,True
ETHUSDT,trend_ema__directionboth_fast21_rsi_threshold58.0_slow55,trend_ema,2026-02-23 16:45:00+00:00,2026-02-23 17:15:00+00:00,short,0.014460329437333042,0.015260329437333043,target,2,0.24688030998098043,1,True,False,False,0.000541454090684742,0.01833189595687262,0,0,0.011562683709354033,1890.78,1891.52,1882.45,1884.2,47213.93,2026-02-23 16:59:59.999000+00:00,89035015.03198,97476,20334.153,38347005.98417,-0.0034861147152521975,-0.005567742728843915,-0.018446788077176767,-1.485727418361798,0.7254685777287733,0.08158765159867853,0.1929437706725482,0.004813714043095179,37.65598450095098,-4.00036836944421,-0.00944570803005533,-0.010216662879754517,-0.0021943951794934913,-0.0015782560146302416,0.028636887489303042,-0.892435771628683,11.363421967447538,-0.5229289224827491,0.610227052729363,-1.0,0.79,-0.024559441717918462,-0.8660254037844385,-0.5000000000000004,0,2.0,0.92771083,True
XRPUSDT,trend_ema__directionshort_only_fast21_rsi_threshold52.0_slow89,trend_ema,2026-02-23 16:45:00+00:00,2026-02-24 01:15:00+00:00,short,0.020093548578637405,0.020893548578637403,target,34,0.21819081686128114,1,True,False,False,0.004240914422168118,0.031189131660231784,0,0,0.019663571194025516,1.3691,1.3699,1.3632,1.3657,6787000.7,2026-02-23 16:59:59.999000+00:00,9271888.8316,20072,2843990.9,3884341.0425,-0.0025595099716514557,-0.0030706267729650478,-0.03348165439786762,-0.5724664538457989,0.50746268656718,0.119402985074615,0.373134328358205,0.004905909057626073,39.09045915693594,-0.003647544671992792,-0.010943807171768093,-0.010802619281403558,-0.0026124372393565576,-0.0018431462406369725,0.0498028713084518,-0.6655389333396922,0.01110182472058037,-1.0223869380588106,0.49825657031632314,1.0,0.98,-0.036475236348243345,-0.8660254037844385,-0.5000000000000004,0,2.0,0.92922455,True
ZECUSDT,trend_ema__directionboth_fast21_rsi_threshold58.0_slow89,trend_ema,2026-02-23 16:45:00+00:00,2026-02-24 01:15:00+00:00,short,0.022391496271208726,0.023191496271208725,target,34,0.22949307466985558,1,True,False,False,0.00735487900397942,0.033348419502306055,0,0,0.02240753918462598,241.54,241.9,240.58,241.81,12216.341,2026-02-23 16:59:59.999000+00:00,2947609.13081,15691,6298.594,1520082.03093,0.00107580281808991,-0.008974947028288037,-0.03246827104604831,-1.1766910875067058,0.20454545454546336,0.06818181818182112,0.7272727272727155,0.005458831313841417,38.52534626650722,-0.7842790834315382,-0.01211551971097453,-0.012111356886224806,-0.0041051578491402285,-0.00245606217474581,0.04782338569948104,-0.7099696374227196,2.1745953959200706,-0.4833999209848042,0.72405337425177,1.0,0.7,-0.03845236201686009,-0.8660254037844385,-0.5000000000000004,0,2.0,0.92370135,True
ETHUSDT,trend_ema__directionshort_only_fast21_rsi_threshold52.0_slow55,trend_ema,2026-02-23 16:45:00+00:00,2026-02-23 17:15:00+00:00,short,0.014460329437333042,0.015260329437333043,target,2,0.24688030998098043,1,True,False,False,0.000541454090684742,0.01833189595687262,0,0,0.00869632569330529,1890.78,1891.52,1882.45,1884.2,47213.93,2026-02-23 16:59:59.999000+00:00,89035015.03198,97476,20334.153,38347005.98417,-0.0034861147152521975,-0.005567742728843915,-0.018446788077176767,-1.485727418361798,0.7254685777287733,0.08158765159867853,0.1929437706725482,0.004813714043095179,37.65598450095098,-4.00036836944421,-0.00944570803005533,-0.010216662879754517,-0.0021943951794934913,-0.0015782560146302416,0.028636887489303042,-0.892435771628683,11.363421967447538,-0.5229289224827491,0.610227052729363,-1.0,0.79,-0.024559441717918462,-0.8660254037844385,-0.5000000000000004,0,2.0,0.94623655,True
ETHUSDT,trend_ema__directionshort_only_fast21_rsi_threshold58.0_slow55,trend_ema,2026-02-23 16:45:00+00:00,2026-02-23 17:15:00+00:00,short,0.014460329437333042,0.015260329437333043,target,2,0.24688030998098043,1,True,False,False,0.000541454090684742,0.01833189595687262,0,0,0.010607231037337784,1890.78,1891.52,1882.45,1884.2,47213.93,2026-02-23 16:59:59.999000+00:00,89035015.03198,97476,20334.153,38347005.98417,-0.0034861147152521975,-0.005567742728843915,-0.018446788077176767,-1.485727418361798,0.7254685777287733,0.08158765159867853,0.1929437706725482,0.004813714043095179,37.65598450095098,-4.00036836944421,-0.00944570803005533,-0.010216662879754517,-0.0021943951794934913,-0.0015782560146302416,0.028636887489303042,-0.892435771628683,11.363421967447538,-0.5229289224827491,0.610227052729363,-1.0,0.79,-0.024559441717918462,-0.8660254037844385,-0.5000000000000004,0,2.0,0.94623655,True
ETHUSDT,trend_ema__directionboth_fast21_rsi_threshold58.0_slow55,trend_ema,2026-02-23 16:45:00+00:00,2026-02-23 17:15:00+00:00,short,0.014460329437333042,0.015260329437333043,target,2,0.24688030998098043,1,True,False,False,0.000541454090684742,0.01833189595687262,0,0,0.011562683709354033,1890.78,1891.52,1882.45,1884.2,47213.93,2026-02-23 16:59:59.999000+00:00,89035015.03198,97476,20334.153,38347005.98417,-0.0034861147152521975,-0.005567742728843915,-0.018446788077176767,-1.485727418361798,0.7254685777287733,0.08158765159867853,0.1929437706725482,0.004813714043095179,37.65598450095098,-4.00036836944421,-0.00944570803005533,-0.010216662879754517,-0.0021943951794934913,-0.0015782560146302416,0.028636887489303042,-0.892435771628683,11.363421967447538,-0.5229289224827491,0.610227052729363,-1.0,0.79,-0.024559441717918462,-0.8660254037844385,-0.5000000000000004,0,2.0,0.94623655,True
XRPUSDT,trend_ema__directionboth_fast21_rsi_threshold58.0_slow89,trend_ema,2026-02-23 16:45:00+00:00,2026-02-24 01:15:00+00:00,short,0.020093548578637405,0.020893548578637403,target,34,0.21819081686128114,1,True,False,False,0.004240914422168118,0.031189131660231784,0,0,0.019715243527098903,1.3691,1.3699,1.3632,1.3657,6787000.7,2026-02-23 16:59:59.999000+00:00,9271888.8316,20072,2843990.9,3884341.0425,-0.0025595099716514557,-0.0030706267729650478,-0.03348165439786762,-0.5724664538457989,0.50746268656718,0.119402985074615,0.373134328358205,0.004905909057626073,39.09045915693594,-0.003647544671992792,-0.010943807171768093,-0.010802619281403558,-0.0026124372393565576,-0.0018431462406369725,0.0498028713084518,-0.6655389333396922,0.01110182472058037,-1.0223869380588106,0.49825657031632314,1.0,0.98,-0.036475236348243345,-0.8660254037844385,-0.5000000000000004,0,2.0,0.92922455,True
ETHUSDT,trend_ema__directionshort_only_fast21_rsi_threshold55.0_slow55,trend_ema,2026-02-23 16:45:00+00:00,2026-02-23 17:15:00+00:00,short,0.014460329437333042,0.015260329437333043,target,2,0.24688030998098043,1,True,False,False,0.000541454090684742,0.01833189595687262,0,0,0.012518136381370282,1890.78,1891.52,1882.45,1884.2,47213.93,2026-02-23 16:59:59.999000+00:00,89035015.03198,97476,20334.153,38347005.98417,-0.0034861147152521975,-0.005567742728843915,-0.018446788077176767,-1.485727418361798,0.7254685777287733,0.08158765159867853,0.1929437706725482,0.004813714043095179,37.65598450095098,-4.00036836944421,-0.00944570803005533,-0.010216662879754517,-0.0021943951794934913,-0.0015782560146302416,0.028636887489303042,-0.892435771628683,11.363421967447538,-0.5229289224827491,0.610227052729363,-1.0,0.79,-0.024559441717918462,-0.8660254037844385,-0.5000000000000004,0,2.0,0.94623655,True
XRPUSDT,trend_ema__directionshort_only_fast21_rsi_threshold58.0_slow89,trend_ema,2026-02-23 16:45:00+00:00,2026-02-24 01:15:00+00:00,short,0.020093548578637405,0.020893548578637403,target,34,0.21819081686128114,1,True,False,False,0.004240914422168118,0.031189131660231784,0,0,0.01976691586017229,1.3691,1.3699,1.3632,1.3657,6787000.7,2026-02-23 16:59:59.999000+00:00,9271888.8316,20072,2843990.9,3884341.0425,-0.0025595099716514557,-0.0030706267729650478,-0.03348165439786762,-0.5724664538457989,0.50746268656718,0.119402985074615,0.373134328358205,0.004905909057626073,39.09045915693594,-0.003647544671992792,-0.010943807171768093,-0.010802619281403558,-0.0026124372393565576,-0.0018431462406369725,0.0498028713084518,-0.6655389333396922,0.01110182472058037,-1.0223869380588106,0.49825657031632314,1.0,0.98,-0.036475236348243345,-0.8660254037844385,-0.5000000000000004,0,2.0,0.92922455,True
ZECUSDT,trend_ema__directionshort_only_fast21_rsi_threshold55.0_slow89,trend_ema,2026-02-23 16:45:00+00:00,2026-02-24 01:15:00+00:00,short,0.022391496271208726,0.023191496271208725,target,34,0.22949307466985558,1,True,False,False,0.00735487900397942,0.033348419502306055,0,0,0.022447991101522197,241.54,241.9,240.58,241.81,12216.341,2026-02-23 16:59:59.999000+00:00,2947609.13081,15691,6298.594,1520082.03093,0.00107580281808991,-0.008974947028288037,-0.03246827104604831,-1.1766910875067058,0.20454545454546336,0.06818181818182112,0.7272727272727155,0.005458831313841417,38.52534626650722,-0.7842790834315382,-0.01211551971097453,-0.012111356886224806,-0.0041051578491402285,-0.00245606217474581,0.04782338569948104,-0.7099696374227196,2.1745953959200706,-0.4833999209848042,0.72405337425177,1.0,0.7,-0.03845236201686009,-0.8660254037844385,-0.5000000000000004,0,2.0,0.92370135,True
ETHUSDT,trend_ema__directionboth_fast21_rsi_threshold55.0_slow55,trend_ema,2026-02-23 16:45:00+00:00,2026-02-23 17:15:00+00:00,short,0.014460329437333042,0.015260329437333043,target,2,0.24688030998098043,1,True,False,False,0.000541454090684742,0.01833189595687262,0,0,0.009651778365321538,1890.78,1891.52,1882.45,1884.2,47213.93,2026-02-23 16:59:59.999000+00:00,89035015.03198,97476,20334.153,38347005.98417,-0.0034861147152521975,-0.005567742728843915,-0.018446788077176767,-1.485727418361798,0.7254685777287733,0.08158765159867853,0.1929437706725482,0.004813714043095179,37.65598450095098,-4.00036836944421,-0.00944570803005533,-0.010216662879754517,-0.0021943951794934913,-0.0015782560146302416,0.028636887489303042,-0.892435771628683,11.363421967447538,-0.5229289224827491,0.610227052729363,-1.0,0.79,-0.024559441717918462,-0.8660254037844385,-0.5000000000000004,0,2.0,0.92771083,True
ZECUSDT,trend_ema__directionshort_only_fast21_rsi_threshold52.0_slow89,trend_ema,2026-02-23 16:45:00+00:00,2026-02-24 01:15:00+00:00,short,0.022391496271208726,0.023191496271208725,target,34,0.22949307466985558,1,True,False,False,0.00735487900397942,0.033348419502306055,0,0,0.02232663535083354,241.54,241.9,240.58,241.81,12216.341,2026-02-23 16:59:59.999000+00:00,2947609.13081,15691,6298.594,1520082.03093,0.00107580281808991,-0.008974947028288037,-0.03246827104604831,-1.1766910875067058,0.20454545454546336,0.06818181818182112,0.7272727272727155,0.005458831313841417,38.52534626650722,-0.7842790834315382,-0.01211551971097453,-0.012111356886224806,-0.0041051578491402285,-0.00245606217474581,0.04782338569948104,-0.7099696374227196,2.1745953959200706,-0.4833999209848042,0.72405337425177,1.0,0.7,-0.03845236201686009,-0.8660254037844385,-0.5000000000000004,0,2.0,0.92370135,True
ZECUSDT,trend_ema__directionshort_only_fast21_rsi_threshold52.0_slow89,trend_ema,2026-02-23 16:45:00+00:00,2026-02-24 01:15:00+00:00,short,0.022391496271208726,0.023191496271208725,target,34,0.22949307466985558,1,True,False,False,0.00735487900397942,0.033348419502306055,0,0,0.02232663535083354,241.54,241.9,240.58,241.81,12216.341,2026-02-23 16:59:59.999000+00:00,2947609.13081,15691,6298.594,1520082.03093,0.00107580281808991,-0.008974947028288037,-0.03246827104604831,-1.1766910875067058,0.20454545454546336,0.06818181818182112,0.7272727272727155,0.005458831313841417,38.52534626650722,-0.7842790834315382,-0.01211551971097453,-0.012111356886224806,-0.0041051578491402285,-0.00245606217474581,0.04782338569948104,-0.7099696374227196,2.1745953959200706,-0.4833999209848042,0.72405337425177,1.0,0.7,-0.03845236201686009,-0.8660254037844385,-0.5000000000000004,0,2.0,0.92771083,True
ETHUSDT,trend_ema__directionshort_only_fast21_rsi_threshold58.0_slow55,trend_ema,2026-02-23 16:45:00+00:00,2026-02-23 17:15:00+00:00,short,0.014460329437333042,0.015260329437333043,target,2,0.24688030998098043,1,True,False,False,0.000541454090684742,0.01833189595687262,0,0,0.010607231037337784,1890.78,1891.52,1882.45,1884.2,47213.93,2026-02-23 16:59:59.999000+00:00,89035015.03198,97476,20334.153,38347005.98417,-0.0034861147152521975,-0.005567742728843915,-0.018446788077176767,-1.485727418361798,0.7254685777287733,0.08158765159867853,0.1929437706725482,0.004813714043095179,37.65598450095098,-4.00036836944421,-0.00944570803005533,-0.010216662879754517,-0.0021943951794934913,-0.0015782560146302416,0.028636887489303042,-0.892435771628683,11.363421967447538,-0.5229289224827491,0.610227052729363,-1.0,0.79,-0.024559441717918462,-0.8660254037844385,-0.5000000000000004,0,2.0,0.92771083,True
XRPUSDT,trend_ema__directionshort_only_fast21_rsi_threshold55.0_slow89,trend_ema,2026-02-23 16:45:00+00:00,2026-02-24 01:15:00+00:00,short,0.020093548578637405,0.020893548578637403,target,34,0.21819081686128114,1,True,False,False,0.004240914422168118,0.031189131660231784,0,0,0.01961189886095213,1.3691,1.3699,1.3632,1.3657,6787000.7,2026-02-23 16:59:59.999000+00:00,9271888.8316,20072,2843990.9,3884341.0425,-0.0025595099716514557,-0.0030706267729650478,-0.03348165439786762,-0.5724664538457989,0.50746268656718,0.119402985074615,0.373134328358205,0.004905909057626073,39.09045915693594,-0.003647544671992792,-0.010943807171768093,-0.010802619281403558,-0.0026124372393565576,-0.0018431462406369725,0.0498028713084518,-0.6655389333396922,0.01110182472058037,-1.0223869380588106,0.49825657031632314,1.0,0.98,-0.036475236348243345,-0.8660254037844385,-0.5000000000000004,0,2.0,0.92771083,True
ZECUSDT,trend_ema__directionshort_only_fast21_rsi_threshold58.0_slow89,trend_ema,2026-02-23 16:45:00+00:00,2026-02-24 01:15:00+00:00,short,0.022391496271208726,0.023191496271208725,target,34,0.22949307466985558,1,True,False,False,0.00735487900397942,0.033348419502306055,0,0,0.02236708726772976,241.54,241.9,240.58,241.81,12216.341,2026-02-23 16:59:59.999000+00:00,2947609.13081,15691,6298.594,1520082.03093,0.00107580281808991,-0.008974947028288037,-0.03246827104604831,-1.1766910875067058,0.20454545454546336,0.06818181818182112,0.7272727272727155,0.005458831313841417,38.52534626650722,-0.7842790834315382,-0.01211551971097453,-0.012111356886224806,-0.0041051578491402285,-0.00245606217474581,0.04782338569948104,-0.7099696374227196,2.1745953959200706,-0.4833999209848042,0.72405337425177,1.0,0.7,-0.03845236201686009,-0.8660254037844385,-0.5000000000000004,0,2.0,0.92370135,True
ZECUSDT,trend_ema__directionshort_only_fast21_rsi_threshold58.0_slow89,trend_ema,2026-02-23 16:45:00+00:00,2026-02-24 01:15:00+00:00,short,0.022391496271208726,0.023191496271208725,target,34,0.22949307466985558,1,True,False,False,0.00735487900397942,0.033348419502306055,0,0,0.02236708726772976,241.54,241.9,240.58,241.81,12216.341,2026-02-23 16:59:59.999000+00:00,2947609.13081,15691,6298.594,1520082.03093,0.00107580281808991,-0.008974947028288037,-0.03246827104604831,-1.1766910875067058,0.20454545454546336,0.06818181818182112,0.7272727272727155,0.005458831313841417,38.52534626650722,-0.7842790834315382,-0.01211551971097453,-0.012111356886224806,-0.0041051578491402285,-0.00245606217474581,0.04782338569948104,-0.7099696374227196,2.1745953959200706,-0.4833999209848042,0.72405337425177,1.0,0.7,-0.03845236201686009,-0.8660254037844385,-0.5000000000000004,0,2.0,0.92771083,True
XRPUSDT,trend_ema__directionshort_only_fast21_rsi_threshold52.0_slow89,trend_ema,2026-02-23 16:45:00+00:00,2026-02-24 01:15:00+00:00,short,0.020093548578637405,0.020893548578637403,target,34,0.21819081686128114,1,True,False,False,0.004240914422168118,0.031189131660231784,0,0,0.019663571194025516,1.3691,1.3699,1.3632,1.3657,6787000.7,2026-02-23 16:59:59.999000+00:00,9271888.8316,20072,2843990.9,3884341.0425,-0.0025595099716514557,-0.0030706267729650478,-0.03348165439786762,-0.5724664538457989,0.50746268656718,0.119402985074615,0.373134328358205,0.004905909057626073,39.09045915693594,-0.003647544671992792,-0.010943807171768093,-0.010802619281403558,-0.0026124372393565576,-0.0018431462406369725,0.0498028713084518,-0.6655389333396922,0.01110182472058037,-1.0223869380588106,0.49825657031632314,1.0,0.98,-0.036475236348243345,-0.8660254037844385,-0.5000000000000004,0,2.0,0.92771083,True
ZECUSDT,trend_ema__directionboth_fast21_rsi_threshold58.0_slow89,trend_ema,2026-02-23 16:45:00+00:00,2026-02-24 01:15:00+00:00,short,0.022391496271208726,0.023191496271208725,target,34,0.22949307466985558,1,True,False,False,0.00735487900397942,0.033348419502306055,0,0,0.02240753918462598,241.54,241.9,240.58,241.81,12216.341,2026-02-23 16:59:59.999000+00:00,2947609.13081,15691,6298.594,1520082.03093,0.00107580281808991,-0.008974947028288037,-0.03246827104604831,-1.1766910875067058,0.20454545454546336,0.06818181818182112,0.7272727272727155,0.005458831313841417,38.52534626650722,-0.7842790834315382,-0.01211551971097453,-0.012111356886224806,-0.0041051578491402285,-0.00245606217474581,0.04782338569948104,-0.7099696374227196,2.1745953959200706,-0.4833999209848042,0.72405337425177,1.0,0.7,-0.03845236201686009,-0.8660254037844385,-0.5000000000000004,0,2.0,0.92771083,True
ETHUSDT,trend_ema__directionshort_only_fast21_rsi_threshold52.0_slow55,trend_ema,2026-02-23 16:45:00+00:00,2026-02-23 17:15:00+00:00,short,0.014460329437333042,0.015260329437333043,target,2,0.24688030998098043,1,True,False,False,0.000541454090684742,0.01833189595687262,0,0,0.00869632569330529,1890.78,1891.52,1882.45,1884.2,47213.93,2026-02-23 16:59:59.999000+00:00,89035015.03198,97476,20334.153,38347005.98417,-0.0034861147152521975,-0.005567742728843915,-0.018446788077176767,-1.485727418361798,0.7254685777287733,0.08158765159867853,0.1929437706725482,0.004813714043095179,37.65598450095098,-4.00036836944421,-0.00944570803005533,-0.010216662879754517,-0.0021943951794934913,-0.0015782560146302416,0.028636887489303042,-0.892435771628683,11.363421967447538,-0.5229289224827491,0.610227052729363,-1.0,0.79,-0.024559441717918462,-0.8660254037844385,-0.5000000000000004,0,2.0,0.92771083,True
ZECUSDT,trend_ema__directionshort_only_fast21_rsi_threshold55.0_slow89,trend_ema,2026-02-23 16:45:00+00:00,2026-02-24 01:15:00+00:00,short,0.022391496271208726,0.023191496271208725,target,34,0.22949307466985558,1,True,False,False,0.00735487900397942,0.033348419502306055,0,0,0.022447991101522197,241.54,241.9,240.58,241.81,12216.341,2026-02-23 16:59:59.999000+00:00,2947609.13081,15691,6298.594,1520082.03093,0.00107580281808991,-0.008974947028288037,-0.03246827104604831,-1.1766910875067058,0.20454545454546336,0.06818181818182112,0.7272727272727155,0.005458831313841417,38.52534626650722,-0.7842790834315382,-0.01211551971097453,-0.012111356886224806,-0.0041051578491402285,-0.00245606217474581,0.04782338569948104,-0.7099696374227196,2.1745953959200706,-0.4833999209848042,0.72405337425177,1.0,0.7,-0.03845236201686009,-0.8660254037844385,-0.5000000000000004,0,2.0,0.92771083,True
XRPUSDT,trend_ema__directionshort_only_fast21_rsi_threshold58.0_slow89,trend_ema,2026-02-23 16:45:00+00:00,2026-02-24 01:15:00+00:00,short,0.020093548578637405,0.020893548578637403,target,34,0.21819081686128114,1,True,False,False,0.004240914422168118,0.031189131660231784,0,0,0.01976691586017229,1.3691,1.3699,1.3632,1.3657,6787000.7,2026-02-23 16:59:59.999000+00:00,9271888.8316,20072,2843990.9,3884341.0425,-0.0025595099716514557,-0.0030706267729650478,-0.03348165439786762,-0.5724664538457989,0.50746268656718,0.119402985074615,0.373134328358205,0.004905909057626073,39.09045915693594,-0.003647544671992792,-0.010943807171768093,-0.010802619281403558,-0.0026124372393565576,-0.0018431462406369725,0.0498028713084518,-0.6655389333396922,0.01110182472058037,-1.0223869380588106,0.49825657031632314,1.0,0.98,-0.036475236348243345,-0.8660254037844385,-0.5000000000000004,0,2.0,0.92771083,True
ETHUSDT,trend_ema__directionshort_only_fast21_rsi_threshold55.0_slow55,trend_ema,2026-02-23 16:45:00+00:00,2026-02-23 17:15:00+00:00,short,0.014460329437333042,0.015260329437333043,target,2,0.24688030998098043,1,True,False,False,0.000541454090684742,0.01833189595687262,0,0,0.012518136381370282,1890.78,1891.52,1882.45,1884.2,47213.93,2026-02-23 16:59:59.999000+00:00,89035015.03198,97476,20334.153,38347005.98417,-0.0034861147152521975,-0.005567742728843915,-0.018446788077176767,-1.485727418361798,0.7254685777287733,0.08158765159867853,0.1929437706725482,0.004813714043095179,37.65598450095098,-4.00036836944421,-0.00944570803005533,-0.010216662879754517,-0.0021943951794934913,-0.0015782560146302416,0.028636887489303042,-0.892435771628683,11.363421967447538,-0.5229289224827491,0.610227052729363,-1.0,0.79,-0.024559441717918462,-0.8660254037844385,-0.5000000000000004,0,2.0,0.92771083,True
XRPUSDT,trend_ema__directionboth_fast21_rsi_threshold58.0_slow89,trend_ema,2026-02-23 16:45:00+00:00,2026-02-24 01:15:00+00:00,short,0.020093548578637405,0.020893548578637403,target,34,0.21819081686128114,1,True,False,False,0.004240914422168118,0.031189131660231784,0,0,0.019715243527098903,1.3691,1.3699,1.3632,1.3657,6787000.7,2026-02-23 16:59:59.999000+00:00,9271888.8316,20072,2843990.9,3884341.0425,-0.0025595099716514557,-0.0030706267729650478,-0.03348165439786762,-0.5724664538457989,0.50746268656718,0.119402985074615,0.373134328358205,0.004905909057626073,39.09045915693594,-0.003647544671992792,-0.010943807171768093,-0.010802619281403558,-0.0026124372393565576,-0.0018431462406369725,0.0498028713084518,-0.6655389333396922,0.01110182472058037,-1.0223869380588106,0.49825657031632314,1.0,0.98,-0.036475236348243345,-0.8660254037844385,-0.5000000000000004,0,2.0,0.92771083,True
ETHUSDT,trend_ema__directionboth_fast21_rsi_threshold55.0_slow55,trend_ema,2026-02-23 16:45:00+00:00,2026-02-23 17:15:00+00:00,short,0.014460329437333042,0.015260329437333043,target,2,0.24688030998098043,1,True,False,False,0.000541454090684742,0.01833189595687262,0,0,0.009651778365321538,1890.78,1891.52,1882.45,1884.2,47213.93,2026-02-23 16:59:59.999000+00:00,89035015.03198,97476,20334.153,38347005.98417,-0.0034861147152521975,-0.005567742728843915,-0.018446788077176767,-1.485727418361798,0.7254685777287733,0.08158765159867853,0.1929437706725482,0.004813714043095179,37.65598450095098,-4.00036836944421,-0.00944570803005533,-0.010216662879754517,-0.0021943951794934913,-0.0015782560146302416,0.028636887489303042,-0.892435771628683,11.363421967447538,-0.5229289224827491,0.610227052729363,-1.0,0.79,-0.024559441717918462,-0.8660254037844385,-0.5000000000000004,0,2.0,0.94623655,True
XRPUSDT,trend_ema__directionshort_only_fast21_rsi_threshold55.0_slow89,trend_ema,2026-02-23 16:45:00+00:00,2026-02-24 01:15:00+00:00,short,0.020093548578637405,0.020893548578637403,target,34,0.21819081686128114,1,True,False,False,0.004240914422168118,0.031189131660231784,0,0,0.01961189886095213,1.3691,1.3699,1.3632,1.3657,6787000.7,2026-02-23 16:59:59.999000+00:00,9271888.8316,20072,2843990.9,3884341.0425,-0.0025595099716514557,-0.0030706267729650478,-0.03348165439786762,-0.5724664538457989,0.50746268656718,0.119402985074615,0.373134328358205,0.004905909057626073,39.09045915693594,-0.003647544671992792,-0.010943807171768093,-0.010802619281403558,-0.0026124372393565576,-0.0018431462406369725,0.0498028713084518,-0.6655389333396922,0.01110182472058037,-1.0223869380588106,0.49825657031632314,1.0,0.98,-0.036475236348243345,-0.8660254037844385,-0.5000000000000004,0,2.0,0.92922455,True
DOGEUSDT,trend_ema__directionboth_fast12_rsi_threshold52.0_slow89,trend_ema,2026-02-23 17:00:00+00:00,2026-02-23 17:45:00+00:00,short,0.017448465745541375,0.018248465745541374,target,3,0.27923138090607424,1,True,False,False,0.004384357907708217,0.01848105327568827,0,0,0.013877302041903239,0.09448,0.09488,0.09427,0.09435,54070691.0,2026-02-23 17:14:59.999000+00:00,5115580.11086,15342,23946858.0,2266208.37705,-0.0013769000745475594,0.0010604454864390973,-0.02903901559967988,0.23158608340513379,0.2131147540983465,0.6557377049180522,0.13114754098360135,0.0064652888182299886,36.03843095469629,-0.000278783134227097,-0.012114866150591666,-0.011585099847946782,-0.0037437729852374257,-0.0019867809768461253,0.044201771909366076,-0.774672605108361,0.000683860958370532,-0.5792406319906969,0.6582655936164254,1.0,0.7,-0.03151303633750768,-0.9659258262890683,-0.25881904510252063,0,2.0,0.92105263,True
DOGEUSDT,trend_ema__directionboth_fast12_rsi_threshold55.0_slow89,trend_ema,2026-02-23 17:00:00+00:00,2026-02-23 17:45:00+00:00,short,0.017448465745541375,0.018248465745541374,target,3,0.27923138090607424,1,True,False,False,0.004384357907708217,0.01848105327568827,0,0,0.013026292418006133,0.09448,0.09488,0.09427,0.09435,54070691.0,2026-02-23 17:14:59.999000+00:00,5115580.11086,15342,23946858.0,2266208.37705,-0.0013769000745475594,0.0010604454864390973,-0.02903901559967988,0.23158608340513379,0.2131147540983465,0.6557377049180522,0.13114754098360135,0.0064652888182299886,36.03843095469629,-0.000278783134227097,-0.012114866150591666,-0.011585099847946782,-0.0037437729852374257,-0.0019867809768461253,0.044201771909366076,-0.774672605108361,0.000683860958370532,-0.5792406319906969,0.6582655936164254,1.0,0.7,-0.03151303633750768,-0.9659258262890683,-0.25881904510252063,0,2.0,0.92105263,True
DOGEUSDT,trend_ema__directionshort_only_fast12_rsi_threshold55.0_slow89,trend_ema,2026-02-23 17:00:00+00:00,2026-02-23 17:45:00+00:00,short,0.017448465745541375,0.018248465745541374,target,3,0.27923138090607424,1,True,False,False,0.004384357907708217,0.01848105327568827,0,0,0.012175282794109028,0.09448,0.09488,0.09427,0.09435,54070691.0,2026-02-23 17:14:59.999000+00:00,5115580.11086,15342,23946858.0,2266208.37705,-0.0013769000745475594,0.0010604454864390973,-0.02903901559967988,0.23158608340513379,0.2131147540983465,0.6557377049180522,0.13114754098360135,0.0064652888182299886,36.03843095469629,-0.000278783134227097,-0.012114866150591666,-0.011585099847946782,-0.0037437729852374257,-0.0019867809768461253,0.044201771909366076,-0.774672605108361,0.000683860958370532,-0.5792406319906969,0.6582655936164254,1.0,0.7,-0.03151303633750768,-0.9659258262890683,-0.25881904510252063,0,2.0,0.92105263,True
DOGEUSDT,trend_ema__directionshort_only_fast12_rsi_threshold52.0_slow89,trend_ema,2026-02-23 17:00:00+00:00,2026-02-23 17:45:00+00:00,short,0.017448465745541375,0.018248465745541374,target,3,0.27923138090607424,1,True,False,False,0.004384357907708217,0.01848105327568827,0,0,0.011324273170211924,0.09448,0.09488,0.09427,0.09435,54070691.0,2026-02-23 17:14:59.999000+00:00,5115580.11086,15342,23946858.0,2266208.37705,-0.0013769000745475594,0.0010604454864390973,-0.02903901559967988,0.23158608340513379,0.2131147540983465,0.6557377049180522,0.13114754098360135,0.0064652888182299886,36.03843095469629,-0.000278783134227097,-0.012114866150591666,-0.011585099847946782,-0.0037437729852374257,-0.0019867809768461253,0.044201771909366076,-0.774672605108361,0.000683860958370532,-0.5792406319906969,0.6582655936164254,1.0,0.7,-0.03151303633750768,-0.9659258262890683,-0.25881904510252063,0,2.0,0.92105263,True
DOGEUSDT,trend_ema__directionboth_fast12_rsi_threshold55.0_slow89,trend_ema,2026-02-23 17:00:00+00:00,2026-02-23 17:45:00+00:00,short,0.017448465745541375,0.018248465745541374,target,3,0.27923138090607424,1,True,False,False,0.004384357907708217,0.01848105327568827,0,0,0.013026292418006133,0.09448,0.09488,0.09427,0.09435,54070691.0,2026-02-23 17:14:59.999000+00:00,5115580.11086,15342,23946858.0,2266208.37705,-0.0013769000745475594,0.0010604454864390973,-0.02903901559967988,0.23158608340513379,0.2131147540983465,0.6557377049180522,0.13114754098360135,0.0064652888182299886,36.03843095469629,-0.000278783134227097,-0.012114866150591666,-0.011585099847946782,-0.0037437729852374257,-0.0019867809768461253,0.044201771909366076,-0.774672605108361,0.000683860958370532,-0.5792406319906969,0.6582655936164254,1.0,0.7,-0.03151303633750768,-0.9659258262890683,-0.25881904510252063,0,2.0,0.92771083,True
DOGEUSDT,trend_ema__directionshort_only_fast12_rsi_threshold52.0_slow89,trend_ema,2026-02-23 17:00:00+00:00,2026-02-23 17:45:00+00:00,short,0.017448465745541375,0.018248465745541374,target,3,0.27923138090607424,1,True,False,False,0.004384357907708217,0.01848105327568827,0,0,0.011324273170211924,0.09448,0.09488,0.09427,0.09435,54070691.0,2026-02-23 17:14:59.999000+00:00,5115580.11086,15342,23946858.0,2266208.37705,-0.0013769000745475594,0.0010604454864390973,-0.02903901559967988,0.23158608340513379,0.2131147540983465,0.6557377049180522,0.13114754098360135,0.0064652888182299886,36.03843095469629,-0.000278783134227097,-0.012114866150591666,-0.011585099847946782,-0.0037437729852374257,-0.0019867809768461253,0.044201771909366076,-0.774672605108361,0.000683860958370532,-0.5792406319906969,0.6582655936164254,1.0,0.7,-0.03151303633750768,-0.9659258262890683,-0.25881904510252063,0,2.0,0.92771083,True
DOGEUSDT,trend_ema__directionboth_fast12_rsi_threshold52.0_slow89,trend_ema,2026-02-23 17:00:00+00:00,2026-02-23 17:45:00+00:00,short,0.017448465745541375,0.018248465745541374,target,3,0.27923138090607424,1,True,False,False,0.004384357907708217,0.01848105327568827,0,0,0.013877302041903239,0.09448,0.09488,0.09427,0.09435,54070691.0,2026-02-23 17:14:59.999000+00:00,5115580.11086,15342,23946858.0,2266208.37705,-0.0013769000745475594,0.0010604454864390973,-0.02903901559967988,0.23158608340513379,0.2131147540983465,0.6557377049180522,0.13114754098360135,0.0064652888182299886,36.03843095469629,-0.000278783134227097,-0.012114866150591666,-0.011585099847946782,-0.0037437729852374257,-0.0019867809768461253,0.044201771909366076,-0.774672605108361,0.000683860958370532,-0.5792406319906969,0.6582655936164254,1.0,0.7,-0.03151303633750768,-0.9659258262890683,-0.25881904510252063,0,2.0,0.92771083,True
DOGEUSDT,trend_ema__directionshort_only_fast12_rsi_threshold55.0_slow89,trend_ema,2026-02-23 17:00:00+00:00,2026-02-23 17:45:00+00:00,short,0.017448465745541375,0.018248465745541374,target,3,0.27923138090607424,1,True,False,False,0.004384357907708217,0.01848105327568827,0,0,0.012175282794109028,0.09448,0.09488,0.09427,0.09435,54070691.0,2026-02-23 17:14:59.999000+00:00,5115580.11086,15342,23946858.0,2266208.37705,-0.0013769000745475594,0.0010604454864390973,-0.02903901559967988,0.23158608340513379,0.2131147540983465,0.6557377049180522,0.13114754098360135,0.0064652888182299886,36.03843095469629,-0.000278783134227097,-0.012114866150591666,-0.011585099847946782,-0.0037437729852374257,-0.0019867809768461253,0.044201771909366076,-0.774672605108361,0.000683860958370532,-0.5792406319906969,0.6582655936164254,1.0,0.7,-0.03151303633750768,-0.9659258262890683,-0.25881904510252063,0,2.0,0.92771083,True
XRPUSDT,trend_ema__directionshort_only_fast21_rsi_threshold52.0_slow55,trend_ema,2026-02-23 17:15:00+00:00,2026-02-24 01:15:00+00:00,short,0.019570842879555437,0.020370842879555436,target,32,0.31554260768100645,1,True,False,False,0.010291892082732223,0.02535163506210847,0,0,0.019818588193245678,1.3609,1.3637,1.3542,1.3558,14864333.1,2026-02-23 17:29:59.999000+00:00,20200522.74665,33678,7091244.8,9639245.90451,-0.0036810760847868747,-0.015660766467503483,-0.038701441200600185,-3.0097303940518527,0.5368421052631778,0.29473684210525897,0.1684210526315632,0.007006933175984543,34.222869615949676,-0.003754638447348416,-0.015319068660868171,-0.016924221987374206,-0.004087356605633086,-0.002149823315406696,0.05450756096599568,-0.7548997597159512,0.010974022335602445,0.3049711751558581,1.1456993024838504,-1.0,0.83,-0.043459856074502645,-0.9659258262890683,-0.25881904510252063,0,2.0,0.94623655,True
XRPUSDT,trend_ema__directionshort_only_fast21_rsi_threshold58.0_slow55,trend_ema,2026-02-23 17:15:00+00:00,2026-02-24 01:15:00+00:00,short,0.019570842879555437,0.020370842879555436,target,32,0.31554260768100645,1,True,False,False,0.010291892082732223,0.02535163506210847,0,0,0.0198121443542361,1.3609,1.3637,1.3542,1.3558,14864333.1,2026-02-23 17:29:59.999000+00:00,20200522.74665,33678,7091244.8,9639245.90451,-0.0036810760847868747,-0.015660766467503483,-0.038701441200600185,-3.0097303940518527,0.5368421052631778,0.29473684210525897,0.1684210526315632,0.007006933175984543,34.222869615949676,-0.003754638447348416,-0.015319068660868171,-0.016924221987374206,-0.004087356605633086,-0.002149823315406696,0.05450756096599568,-0.7548997597159512,0.010974022335602445,0.3049711751558581,1.1456993024838504,-1.0,0.83,-0.043459856074502645,-0.9659258262890683,-0.25881904510252063,0,2.0,0.94623655,True
ZECUSDT,trend_ema__directionshort_only_fast21_rsi_threshold58.0_slow55,trend_ema,2026-02-23 17:15:00+00:00,2026-02-24 01:15:00+00:00,short,0.021784433785846293,0.022584433785846292,target,32,0.3383668050653148,1,True,False,False,0.011458669249339791,0.02941044748331815,0,0,0.022488443018418413,240.56,241.3,239.47,239.64,17537.012,2026-02-23 17:29:59.999000+00:00,4215276.44744,22458,7484.468,1799894.00638,-0.003790170929738617,-0.010873732372931984,-0.038596184238888005,-1.4110660189323323,0.5027322404371637,0.4043715846994558,0.0928961748633805,0.007636454682023087,33.08165974673426,-0.7968588109590311,-0.017747284470670466,-0.019783346601325868,-0.004713684675503149,-0.0029533909928712854,0.05639603913961568,-0.8421293318523226,2.1483501117882255,0.13983222937191672,1.082031521583908,-1.0,0.7,-0.04708127882933033,-0.9659258262890683,-0.25881904510252063,0,2.0,0.94623655,True
ZECUSDT,trend_ema__directionshort_only_fast21_rsi_threshold55.0_slow55,trend_ema,2026-02-23 17:15:00+00:00,2026-02-24 01:15:00+00:00,short,0.021784433785846293,0.022584433785846292,target,32,0.3383668050653148,1,True,False,False,0.011458669249339791,0.02941044748331815,0,0,0.02218098685946698,240.56,241.3,239.47,239.64,17537.012,2026-02-23 17:29:59.999000+00:00,4215276.44744,22458,7484.468,1799894.00638,-0.003790170929738617,-0.010873732372931984,-0.038596184238888005,-1.4110660189323323,0.5027322404371637,0.4043715846994558,0.0928961748633805,0.007636454682023087,33.08165974673426,-0.7968588109590311,-0.017747284470670466,-0.019783346601325868,-0.004713684675503149,-0.0029533909928712854,0.05639603913961568,-0.8421293318523226,2.1483501117882255,0.13983222937191672,1.082031521583908,-1.0,0.7,-0.04708127882933033,-0.9659258262890683,-0.25881904510252063,0,2.0,0.94623655,True
XRPUSDT,trend_ema__directionshort_only_fast21_rsi_threshold55.0_slow55,trend_ema,2026-02-23 17:15:00+00:00,2026-02-24 01:15:00+00:00,short,0.019570842879555437,0.020370842879555436,target,32,0.31554260768100645,1,True,False,False,0.010291892082732223,0.02535163506210847,0,0,0.019792812837207373,1.3609,1.3637,1.3542,1.3558,14864333.1,2026-02-23 17:29:59.999000+00:00,20200522.74665,33678,7091244.8,9639245.90451,-0.0036810760847868747,-0.015660766467503483,-0.038701441200600185,-3.0097303940518527,0.5368421052631778,0.29473684210525897,0.1684210526315632,0.007006933175984543,34.222869615949676,-0.003754638447348416,-0.015319068660868171,-0.016924221987374206,-0.004087356605633086,-0.002149823315406696,0.05450756096599568,-0.7548997597159512,0.010974022335602445,0.3049711751558581,1.1456993024838504,-1.0,0.83,-0.043459856074502645,-0.9659258262890683,-0.25881904510252063,0,2.0,0.94623655,True
XRPUSDT,trend_ema__directionboth_fast21_rsi_threshold58.0_slow55,trend_ema,2026-02-23 17:15:00+00:00,2026-02-24 01:15:00+00:00,short,0.019570842879555437,0.020370842879555436,target,32,0.31554260768100645,1,True,False,False,0.010291892082732223,0.02535163506210847,0,0,0.019805700515226527,1.3609,1.3637,1.3542,1.3558,14864333.1,2026-02-23 17:29:59.999000+00:00,20200522.74665,33678,7091244.8,9639245.90451,-0.0036810760847868747,-0.015660766467503483,-0.038701441200600185,-3.0097303940518527,0.5368421052631778,0.29473684210525897,0.1684210526315632,0.007006933175984543,34.222869615949676,-0.003754638447348416,-0.015319068660868171,-0.016924221987374206,-0.004087356605633086,-0.002149823315406696,0.05450756096599568,-0.7548997597159512,0.010974022335602445,0.3049711751558581,1.1456993024838504,-1.0,0.83,-0.043459856074502645,-0.9659258262890683,-0.25881904510252063,0,2.0,0.94623655,True
ZECUSDT,trend_ema__directionboth_fast21_rsi_threshold55.0_slow55,trend_ema,2026-02-23 17:15:00+00:00,2026-02-24 01:15:00+00:00,short,0.021784433785846293,0.022584433785846292,target,32,0.3383668050653148,1,True,False,False,0.011458669249339791,0.02941044748331815,0,0,0.022257850899204838,240.56,241.3,239.47,239.64,17537.012,2026-02-23 17:29:59.999000+00:00,4215276.44744,22458,7484.468,1799894.00638,-0.003790170929738617,-0.010873732372931984,-0.038596184238888005,-1.4110660189323323,0.5027322404371637,0.4043715846994558,0.0928961748633805,0.007636454682023087,33.08165974673426,-0.7968588109590311,-0.017747284470670466,-0.019783346601325868,-0.004713684675503149,-0.0029533909928712854,0.05639603913961568,-0.8421293318523226,2.1483501117882255,0.13983222937191672,1.082031521583908,-1.0,0.7,-0.04708127882933033,-0.9659258262890683,-0.25881904510252063,0,2.0,0.94623655,True
XRPUSDT,trend_ema__directionboth_fast21_rsi_threshold55.0_slow55,trend_ema,2026-02-23 17:15:00+00:00,2026-02-24 01:15:00+00:00,short,0.019570842879555437,0.020370842879555436,target,32,0.31554260768100645,1,True,False,False,0.010291892082732223,0.02535163506210847,0,0,0.01979925667621695,1.3609,1.3637,1.3542,1.3558,14864333.1,2026-02-23 17:29:59.999000+00:00,20200522.74665,33678,7091244.8,9639245.90451,-0.0036810760847868747,-0.015660766467503483,-0.038701441200600185,-3.0097303940518527,0.5368421052631778,0.29473684210525897,0.1684210526315632,0.007006933175984543,34.222869615949676,-0.003754638447348416,-0.015319068660868171,-0.016924221987374206,-0.004087356605633086,-0.002149823315406696,0.05450756096599568,-0.7548997597159512,0.010974022335602445,0.3049711751558581,1.1456993024838504,-1.0,0.83,-0.043459856074502645,-0.9659258262890683,-0.25881904510252063,0,2.0,0.94623655,True
ZECUSDT,trend_ema__directionshort_only_fast21_rsi_threshold52.0_slow55,trend_ema,2026-02-23 17:15:00+00:00,2026-02-24 01:15:00+00:00,short,0.021784433785846293,0.022584433785846292,target,32,0.3383668050653148,1,True,False,False,0.011458669249339791,0.02941044748331815,0,0,0.022334714938942696,240.56,241.3,239.47,239.64,17537.012,2026-02-23 17:29:59.999000+00:00,4215276.44744,22458,7484.468,1799894.00638,-0.003790170929738617,-0.010873732372931984,-0.038596184238888005,-1.4110660189323323,0.5027322404371637,0.4043715846994558,0.0928961748633805,0.007636454682023087,33.08165974673426,-0.7968588109590311,-0.017747284470670466,-0.019783346601325868,-0.004713684675503149,-0.0029533909928712854,0.05639603913961568,-0.8421293318523226,2.1483501117882255,0.13983222937191672,1.082031521583908,-1.0,0.7,-0.04708127882933033,-0.9659258262890683,-0.25881904510252063,0,2.0,0.94623655,True
ZECUSDT,trend_ema__directionboth_fast21_rsi_threshold58.0_slow55,trend_ema,2026-02-23 17:15:00+00:00,2026-02-24 01:15:00+00:00,short,0.021784433785846293,0.022584433785846292,target,32,0.3383668050653148,1,True,False,False,0.011458669249339791,0.02941044748331815,0,0,0.022411578978680555,240.56,241.3,239.47,239.64,17537.012,2026-02-23 17:29:59.999000+00:00,4215276.44744,22458,7484.468,1799894.00638,-0.003790170929738617,-0.010873732372931984,-0.038596184238888005,-1.4110660189323323,0.5027322404371637,0.4043715846994558,0.0928961748633805,0.007636454682023087,33.08165974673426,-0.7968588109590311,-0.017747284470670466,-0.019783346601325868,-0.004713684675503149,-0.0029533909928712854,0.05639603913961568,-0.8421293318523226,2.1483501117882255,0.13983222937191672,1.082031521583908,-1.0,0.7,-0.04708127882933033,-0.9659258262890683,-0.25881904510252063,0,2.0,0.94623655,True
XRPUSDT,trend_ema__directionboth_fast21_rsi_threshold55.0_slow55,trend_ema,2026-02-23 17:15:00+00:00,2026-02-24 01:15:00+00:00,short,0.019570842879555437,0.020370842879555436,target,32,0.31554260768100645,1,True,False,False,0.010291892082732223,0.02535163506210847,0,0,0.01979925667621695,1.3609,1.3637,1.3542,1.3558,14864333.1,2026-02-23 17:29:59.999000+00:00,20200522.74665,33678,7091244.8,9639245.90451,-0.0036810760847868747,-0.015660766467503483,-0.038701441200600185,-3.0097303940518527,0.5368421052631778,0.29473684210525897,0.1684210526315632,0.007006933175984543,34.222869615949676,-0.003754638447348416,-0.015319068660868171,-0.016924221987374206,-0.004087356605633086,-0.002149823315406696,0.05450756096599568,-0.7548997597159512,0.010974022335602445,0.3049711751558581,1.1456993024838504,-1.0,0.83,-0.043459856074502645,-0.9659258262890683,-0.25881904510252063,0,2.0,1.0,True
ZECUSDT,trend_ema__directionshort_only_fast21_rsi_threshold55.0_slow55,trend_ema,2026-02-23 17:15:00+00:00,2026-02-24 01:15:00+00:00,short,0.021784433785846293,0.022584433785846292,target,32,0.3383668050653148,1,True,False,False,0.011458669249339791,0.02941044748331815,0,0,0.02218098685946698,240.56,241.3,239.47,239.64,17537.012,2026-02-23 17:29:59.999000+00:00,4215276.44744,22458,7484.468,1799894.00638,-0.003790170929738617,-0.010873732372931984,-0.038596184238888005,-1.4110660189323323,0.5027322404371637,0.4043715846994558,0.0928961748633805,0.007636454682023087,33.08165974673426,-0.7968588109590311,-0.017747284470670466,-0.019783346601325868,-0.004713684675503149,-0.0029533909928712854,0.05639603913961568,-0.8421293318523226,2.1483501117882255,0.13983222937191672,1.082031521583908,-1.0,0.7,-0.04708127882933033,-0.9659258262890683,-0.25881904510252063,0,2.0,1.0,True
XRPUSDT,trend_ema__directionshort_only_fast21_rsi_threshold55.0_slow55,trend_ema,2026-02-23 17:15:00+00:00,2026-02-24 01:15:00+00:00,short,0.019570842879555437,0.020370842879555436,target,32,0.31554260768100645,1,True,False,False,0.010291892082732223,0.02535163506210847,0,0,0.019792812837207373,1.3609,1.3637,1.3542,1.3558,14864333.1,2026-02-23 17:29:59.999000+00:00,20200522.74665,33678,7091244.8,9639245.90451,-0.0036810760847868747,-0.015660766467503483,-0.038701441200600185,-3.0097303940518527,0.5368421052631778,0.29473684210525897,0.1684210526315632,0.007006933175984543,34.222869615949676,-0.003754638447348416,-0.015319068660868171,-0.016924221987374206,-0.004087356605633086,-0.002149823315406696,0.05450756096599568,-0.7548997597159512,0.010974022335602445,0.3049711751558581,1.1456993024838504,-1.0,0.83,-0.043459856074502645,-0.9659258262890683,-0.25881904510252063,0,2.0,1.0,True
XRPUSDT,trend_ema__directionboth_fast21_rsi_threshold58.0_slow55,trend_ema,2026-02-23 17:15:00+00:00,2026-02-24 01:15:00+00:00,short,0.019570842879555437,0.020370842879555436,target,32,0.31554260768100645,1,True,False,False,0.010291892082732223,0.02535163506210847,0,0,0.019805700515226527,1.3609,1.3637,1.3542,1.3558,14864333.1,2026-02-23 17:29:59.999000+00:00,20200522.74665,33678,7091244.8,9639245.90451,-0.0036810760847868747,-0.015660766467503483,-0.038701441200600185,-3.0097303940518527,0.5368421052631778,0.29473684210525897,0.1684210526315632,0.007006933175984543,34.222869615949676,-0.003754638447348416,-0.015319068660868171,-0.016924221987374206,-0.004087356605633086,-0.002149823315406696,0.05450756096599568,-0.7548997597159512,0.010974022335602445,0.3049711751558581,1.1456993024838504,-1.0,0.83,-0.043459856074502645,-0.9659258262890683,-0.25881904510252063,0,2.0,1.0,True
XRPUSDT,trend_ema__directionshort_only_fast21_rsi_threshold58.0_slow55,trend_ema,2026-02-23 17:15:00+00:00,2026-02-24 01:15:00+00:00,short,0.019570842879555437,0.020370842879555436,target,32,0.31554260768100645,1,True,False,False,0.010291892082732223,0.02535163506210847,0,0,0.0198121443542361,1.3609,1.3637,1.3542,1.3558,14864333.1,2026-02-23 17:29:59.999000+00:00,20200522.74665,33678,7091244.8,9639245.90451,-0.0036810760847868747,-0.015660766467503483,-0.038701441200600185,-3.0097303940518527,0.5368421052631778,0.29473684210525897,0.1684210526315632,0.007006933175984543,34.222869615949676,-0.003754638447348416,-0.015319068660868171,-0.016924221987374206,-0.004087356605633086,-0.002149823315406696,0.05450756096599568,-0.7548997597159512,0.010974022335602445,0.3049711751558581,1.1456993024838504,-1.0,0.83,-0.043459856074502645,-0.9659258262890683,-0.25881904510252063,0,2.0,1.0,True
ZECUSDT,trend_ema__directionshort_only_fast21_rsi_threshold58.0_slow55,trend_ema,2026-02-23 17:15:00+00:00,2026-02-24 01:15:00+00:00,short,0.021784433785846293,0.022584433785846292,target,32,0.3383668050653148,1,True,False,False,0.011458669249339791,0.02941044748331815,0,0,0.022488443018418413,240.56,241.3,239.47,239.64,17537.012,2026-02-23 17:29:59.999000+00:00,4215276.44744,22458,7484.468,1799894.00638,-0.003790170929738617,-0.010873732372931984,-0.038596184238888005,-1.4110660189323323,0.5027322404371637,0.4043715846994558,0.0928961748633805,0.007636454682023087,33.08165974673426,-0.7968588109590311,-0.017747284470670466,-0.019783346601325868,-0.004713684675503149,-0.0029533909928712854,0.05639603913961568,-0.8421293318523226,2.1483501117882255,0.13983222937191672,1.082031521583908,-1.0,0.7,-0.04708127882933033,-0.9659258262890683,-0.25881904510252063,0,2.0,1.0,True
ZECUSDT,trend_ema__directionboth_fast21_rsi_threshold58.0_slow55,trend_ema,2026-02-23 17:15:00+00:00,2026-02-24 01:15:00+00:00,short,0.021784433785846293,0.022584433785846292,target,32,0.3383668050653148,1,True,False,False,0.011458669249339791,0.02941044748331815,0,0,0.022411578978680555,240.56,241.3,239.47,239.64,17537.012,2026-02-23 17:29:59.999000+00:00,4215276.44744,22458,7484.468,1799894.00638,-0.003790170929738617,-0.010873732372931984,-0.038596184238888005,-1.4110660189323323,0.5027322404371637,0.4043715846994558,0.0928961748633805,0.007636454682023087,33.08165974673426,-0.7968588109590311,-0.017747284470670466,-0.019783346601325868,-0.004713684675503149,-0.0029533909928712854,0.05639603913961568,-0.8421293318523226,2.1483501117882255,0.13983222937191672,1.082031521583908,-1.0,0.7,-0.04708127882933033,-0.9659258262890683,-0.25881904510252063,0,2.0,1.0,True
XRPUSDT,trend_ema__directionshort_only_fast21_rsi_threshold52.0_slow55,trend_ema,2026-02-23 17:15:00+00:00,2026-02-24 01:15:00+00:00,short,0.019570842879555437,0.020370842879555436,target,32,0.31554260768100645,1,True,False,False,0.010291892082732223,0.02535163506210847,0,0,0.019818588193245678,1.3609,1.3637,1.3542,1.3558,14864333.1,2026-02-23 17:29:59.999000+00:00,20200522.74665,33678,7091244.8,9639245.90451,-0.0036810760847868747,-0.015660766467503483,-0.038701441200600185,-3.0097303940518527,0.5368421052631778,0.29473684210525897,0.1684210526315632,0.007006933175984543,34.222869615949676,-0.003754638447348416,-0.015319068660868171,-0.016924221987374206,-0.004087356605633086,-0.002149823315406696,0.05450756096599568,-0.7548997597159512,0.010974022335602445,0.3049711751558581,1.1456993024838504,-1.0,0.83,-0.043459856074502645,-0.9659258262890683,-0.25881904510252063,0,2.0,1.0,True
ZECUSDT,trend_ema__directionboth_fast21_rsi_threshold55.0_slow55,trend_ema,2026-02-23 17:15:00+00:00,2026-02-24 01:15:00+00:00,short,0.021784433785846293,0.022584433785846292,target,32,0.3383668050653148,1,True,False,False,0.011458669249339791,0.02941044748331815,0,0,0.022257850899204838,240.56,241.3,239.47,239.64,17537.012,2026-02-23 17:29:59.999000+00:00,4215276.44744,22458,7484.468,1799894.00638,-0.003790170929738617,-0.010873732372931984,-0.038596184238888005,-1.4110660189323323,0.5027322404371637,0.4043715846994558,0.0928961748633805,0.007636454682023087,33.08165974673426,-0.7968588109590311,-0.017747284470670466,-0.019783346601325868,-0.004713684675503149,-0.0029533909928712854,0.05639603913961568,-0.8421293318523226,2.1483501117882255,0.13983222937191672,1.082031521583908,-1.0,0.7,-0.04708127882933033,-0.9659258262890683,-0.25881904510252063,0,2.0,1.0,True
ZECUSDT,trend_ema__directionshort_only_fast21_rsi_threshold52.0_slow55,trend_ema,2026-02-23 17:15:00+00:00,2026-02-24 01:15:00+00:00,short,0.021784433785846293,0.022584433785846292,target,32,0.3383668050653148,1,True,False,False,0.011458669249339791,0.02941044748331815,0,0,0.022334714938942696,240.56,241.3,239.47,239.64,17537.012,2026-02-23 17:29:59.999000+00:00,4215276.44744,22458,7484.468,1799894.00638,-0.003790170929738617,-0.010873732372931984,-0.038596184238888005,-1.4110660189323323,0.5027322404371637,0.4043715846994558,0.0928961748633805,0.007636454682023087,33.08165974673426,-0.7968588109590311,-0.017747284470670466,-0.019783346601325868,-0.004713684675503149,-0.0029533909928712854,0.05639603913961568,-0.8421293318523226,2.1483501117882255,0.13983222937191672,1.082031521583908,-1.0,0.7,-0.04708127882933033,-0.9659258262890683,-0.25881904510252063,0,2.0,1.0,True
DOGEUSDT,trend_ema__directionshort_only_fast21_rsi_threshold58.0_slow89,trend_ema,2026-02-23 17:30:00+00:00,2026-02-24 01:15:00+00:00,short,0.017739710317429946,0.018539710317429944,target,31,0.42561187514408116,1,True,False,False,0.006119158308575312,0.030974757052308673,0,0,0.017652753552983024,0.09383,0.09391,0.09277,0.09329,149323558.0,2026-02-23 17:44:59.999000+00:00,13944431.34621,30609,63444506.0,5926941.18305,-0.005771713329088563,-0.01394455508496298,-0.04331860740552704,-3.182682448326717,0.47368421052631965,0.07017543859648909,0.4561403508771913,0.012219959266802319,28.71940624279594,-0.00031314567062592125,-0.019829823353172744,-0.021522610302961806,-0.004951537769619541,-0.0028133621978259082,0.05128904927653882,-0.9603375569030322,0.0007274617447174481,1.2870071472222844,1.756486712785766,-1.0,0.66,-0.0423937589817287,-0.9659258262890683,-0.25881904510252063,0,2.0,0.92771083,True
DOGEUSDT,trend_ema__directionshort_only_fast21_rsi_threshold58.0_slow55,trend_ema,2026-02-23 17:30:00+00:00,2026-02-24 01:15:00+00:00,short,0.017739710317429946,0.018539710317429944,target,31,0.42561187514408116,1,True,False,False,0.006119158308575312,0.030974757052308673,0,0,0.014728311665800343,0.09383,0.09391,0.09277,0.09329,149323558.0,2026-02-23 17:44:59.999000+00:00,13944431.34621,30609,63444506.0,5926941.18305,-0.005771713329088563,-0.01394455508496298,-0.04331860740552704,-3.182682448326717,0.47368421052631965,0.07017543859648909,0.4561403508771913,0.012219959266802319,28.71940624279594,-0.00031314567062592125,-0.019829823353172744,-0.021522610302961806,-0.004951537769619541,-0.0028133621978259082,0.05128904927653882,-0.9603375569030322,0.0007274617447174481,1.2870071472222844,1.756486712785766,-1.0,0.66,-0.0423937589817287,-0.9659258262890683,-0.25881904510252063,0,2.0,0.92771083,True
DOGEUSDT,trend_ema__directionboth_fast21_rsi_threshold58.0_slow55,trend_ema,2026-02-23 17:30:00+00:00,2026-02-24 01:15:00+00:00,short,0.017739710317429946,0.018539710317429944,target,31,0.42561187514408116,1,True,False,False,0.006119158308575312,0.030974757052308673,0,0,0.01759422690052554,0.09383,0.09391,0.09277,0.09329,149323558.0,2026-02-23 17:44:59.999000+00:00,13944431.34621,30609,63444506.0,5926941.18305,-0.005771713329088563,-0.01394455508496298,-0.04331860740552704,-3.182682448326717,0.47368421052631965,0.07017543859648909,0.4561403508771913,0.012219959266802319,28.71940624279594,-0.00031314567062592125,-0.019829823353172744,-0.021522610302961806,-0.004951537769619541,-0.0028133621978259082,0.05128904927653882,-0.9603375569030322,0.0007274617447174481,1.2870071472222844,1.756486712785766,-1.0,0.66,-0.0423937589817287,-0.9659258262890683,-0.25881904510252063,0,2.0,0.92771083,True
DOGEUSDT,trend_ema__directionboth_fast21_rsi_threshold55.0_slow55,trend_ema,2026-02-23 17:30:00+00:00,2026-02-24 01:15:00+00:00,short,0.017739710317429946,0.018539710317429944,target,31,0.42561187514408116,1,True,False,False,0.006119158308575312,0.030974757052308673,0,0,0.0175649635742968,0.09383,0.09391,0.09277,0.09329,149323558.0,2026-02-23 17:44:59.999000+00:00,13944431.34621,30609,63444506.0,5926941.18305,-0.005771713329088563,-0.01394455508496298,-0.04331860740552704,-3.182682448326717,0.47368421052631965,0.07017543859648909,0.4561403508771913,0.012219959266802319,28.71940624279594,-0.00031314567062592125,-0.019829823353172744,-0.021522610302961806,-0.004951537769619541,-0.0028133621978259082,0.05128904927653882,-0.9603375569030322,0.0007274617447174481,1.2870071472222844,1.756486712785766,-1.0,0.66,-0.0423937589817287,-0.9659258262890683,-0.25881904510252063,0,2.0,0.92771083,True
DOGEUSDT,trend_ema__directionshort_only_fast21_rsi_threshold55.0_slow55,trend_ema,2026-02-23 17:30:00+00:00,2026-02-24 01:15:00+00:00,short,0.017739710317429946,0.018539710317429944,target,31,0.42561187514408116,1,True,False,False,0.006119158308575312,0.030974757052308673,0,0,0.01759408803148566,0.09383,0.09391,0.09277,0.09329,149323558.0,2026-02-23 17:44:59.999000+00:00,13944431.34621,30609,63444506.0,5926941.18305,-0.005771713329088563,-0.01394455508496298,-0.04331860740552704,-3.182682448326717,0.47368421052631965,0.07017543859648909,0.4561403508771913,0.012219959266802319,28.71940624279594,-0.00031314567062592125,-0.019829823353172744,-0.021522610302961806,-0.004951537769619541,-0.0028133621978259082,0.05128904927653882,-0.9603375569030322,0.0007274617447174481,1.2870071472222844,1.756486712785766,-1.0,0.66,-0.0423937589817287,-0.9659258262890683,-0.25881904510252063,0,2.0,0.92771083,True
DOGEUSDT,trend_ema__directionshort_only_fast21_rsi_threshold52.0_slow55,trend_ema,2026-02-23 17:30:00+00:00,2026-02-24 01:15:00+00:00,short,0.017739710317429946,0.018539710317429944,target,31,0.42561187514408116,1,True,False,False,0.006119158308575312,0.030974757052308673,0,0,0.017623212488674517,0.09383,0.09391,0.09277,0.09329,149323558.0,2026-02-23 17:44:59.999000+00:00,13944431.34621,30609,63444506.0,5926941.18305,-0.005771713329088563,-0.01394455508496298,-0.04331860740552704,-3.182682448326717,0.47368421052631965,0.07017543859648909,0.4561403508771913,0.012219959266802319,28.71940624279594,-0.00031314567062592125,-0.019829823353172744,-0.021522610302961806,-0.004951537769619541,-0.0028133621978259082,0.05128904927653882,-0.9603375569030322,0.0007274617447174481,1.2870071472222844,1.756486712785766,-1.0,0.66,-0.0423937589817287,-0.9659258262890683,-0.25881904510252063,0,2.0,0.92771083,True
DOGEUSDT,trend_ema__directionboth_fast21_rsi_threshold58.0_slow89,trend_ema,2026-02-23 17:30:00+00:00,2026-02-24 01:15:00+00:00,short,0.017739710317429946,0.018539710317429944,target,31,0.42561187514408116,1,True,False,False,0.006119158308575312,0.030974757052308673,0,0,0.01768146140305223,0.09383,0.09391,0.09277,0.09329,149323558.0,2026-02-23 17:44:59.999000+00:00,13944431.34621,30609,63444506.0,5926941.18305,-0.005771713329088563,-0.01394455508496298,-0.04331860740552704,-3.182682448326717,0.47368421052631965,0.07017543859648909,0.4561403508771913,0.012219959266802319,28.71940624279594,-0.00031314567062592125,-0.019829823353172744,-0.021522610302961806,-0.004951537769619541,-0.0028133621978259082,0.05128904927653882,-0.9603375569030322,0.0007274617447174481,1.2870071472222844,1.756486712785766,-1.0,0.66,-0.0423937589817287,-0.9659258262890683,-0.25881904510252063,0,2.0,0.92771083,True
DOGEUSDT,trend_ema__directionboth_fast21_rsi_threshold58.0_slow55,trend_ema,2026-02-23 17:30:00+00:00,2026-02-24 01:15:00+00:00,short,0.017739710317429946,0.018539710317429944,target,31,0.42561187514408116,1,True,False,False,0.006119158308575312,0.030974757052308673,0,0,0.01759422690052554,0.09383,0.09391,0.09277,0.09329,149323558.0,2026-02-23 17:44:59.999000+00:00,13944431.34621,30609,63444506.0,5926941.18305,-0.005771713329088563,-0.01394455508496298,-0.04331860740552704,-3.182682448326717,0.47368421052631965,0.07017543859648909,0.4561403508771913,0.012219959266802319,28.71940624279594,-0.00031314567062592125,-0.019829823353172744,-0.021522610302961806,-0.004951537769619541,-0.0028133621978259082,0.05128904927653882,-0.9603375569030322,0.0007274617447174481,1.2870071472222844,1.756486712785766,-1.0,0.66,-0.0423937589817287,-0.9659258262890683,-0.25881904510252063,0,2.0,0.94623655,True
DOGEUSDT,trend_ema__directionshort_only_fast21_rsi_threshold58.0_slow55,trend_ema,2026-02-23 17:30:00+00:00,2026-02-24 01:15:00+00:00,short,0.017739710317429946,0.018539710317429944,target,31,0.42561187514408116,1,True,False,False,0.006119158308575312,0.030974757052308673,0,0,0.014728311665800343,0.09383,0.09391,0.09277,0.09329,149323558.0,2026-02-23 17:44:59.999000+00:00,13944431.34621,30609,63444506.0,5926941.18305,-0.005771713329088563,-0.01394455508496298,-0.04331860740552704,-3.182682448326717,0.47368421052631965,0.07017543859648909,0.4561403508771913,0.012219959266802319,28.71940624279594,-0.00031314567062592125,-0.019829823353172744,-0.021522610302961806,-0.004951537769619541,-0.0028133621978259082,0.05128904927653882,-0.9603375569030322,0.0007274617447174481,1.2870071472222844,1.756486712785766,-1.0,0.66,-0.0423937589817287,-0.9659258262890683,-0.25881904510252063,0,2.0,0.94623655,True
DOGEUSDT,trend_ema__directionshort_only_fast21_rsi_threshold58.0_slow89,trend_ema,2026-02-23 17:30:00+00:00,2026-02-24 01:15:00+00:00,short,0.017739710317429946,0.018539710317429944,target,31,0.42561187514408116,1,True,False,False,0.006119158308575312,0.030974757052308673,0,0,0.017652753552983024,0.09383,0.09391,0.09277,0.09329,149323558.0,2026-02-23 17:44:59.999000+00:00,13944431.34621,30609,63444506.0,5926941.18305,-0.005771713329088563,-0.01394455508496298,-0.04331860740552704,-3.182682448326717,0.47368421052631965,0.07017543859648909,0.4561403508771913,0.012219959266802319,28.71940624279594,-0.00031314567062592125,-0.019829823353172744,-0.021522610302961806,-0.004951537769619541,-0.0028133621978259082,0.05128904927653882,-0.9603375569030322,0.0007274617447174481,1.2870071472222844,1.756486712785766,-1.0,0.66,-0.0423937589817287,-0.9659258262890683,-0.25881904510252063,0,2.0,0.94623655,True
DOGEUSDT,trend_ema__directionshort_only_fast21_rsi_threshold52.0_slow89,trend_ema,2026-02-23 17:30:00+00:00,2026-02-24 01:15:00+00:00,short,0.017739710317429946,0.018539710317429944,target,31,0.42561187514408116,1,True,False,False,0.006119158308575312,0.030974757052308673,0,0,0.01762349022675428,0.09383,0.09391,0.09277,0.09329,149323558.0,2026-02-23 17:44:59.999000+00:00,13944431.34621,30609,63444506.0,5926941.18305,-0.005771713329088563,-0.01394455508496298,-0.04331860740552704,-3.182682448326717,0.47368421052631965,0.07017543859648909,0.4561403508771913,0.012219959266802319,28.71940624279594,-0.00031314567062592125,-0.019829823353172744,-0.021522610302961806,-0.004951537769619541,-0.0028133621978259082,0.05128904927653882,-0.9603375569030322,0.0007274617447174481,1.2870071472222844,1.756486712785766,-1.0,0.66,-0.0423937589817287,-0.9659258262890683,-0.25881904510252063,0,2.0,0.94623655,True
DOGEUSDT,trend_ema__directionshort_only_fast21_rsi_threshold55.0_slow89,trend_ema,2026-02-23 17:30:00+00:00,2026-02-24 01:15:00+00:00,short,0.017739710317429946,0.018539710317429944,target,31,0.42561187514408116,1,True,False,False,0.006119158308575312,0.030974757052308673,0,0,0.01765233694586337,0.09383,0.09391,0.09277,0.09329,149323558.0,2026-02-23 17:44:59.999000+00:00,13944431.34621,30609,63444506.0,5926941.18305,-0.005771713329088563,-0.01394455508496298,-0.04331860740552704,-3.182682448326717,0.47368421052631965,0.07017543859648909,0.4561403508771913,0.012219959266802319,28.71940624279594,-0.00031314567062592125,-0.019829823353172744,-0.021522610302961806,-0.004951537769619541,-0.0028133621978259082,0.05128904927653882,-0.9603375569030322,0.0007274617447174481,1.2870071472222844,1.756486712785766,-1.0,0.66,-0.0423937589817287,-0.9659258262890683,-0.25881904510252063,0,2.0,0.94623655,True
DOGEUSDT,trend_ema__directionboth_fast21_rsi_threshold55.0_slow55,trend_ema,2026-02-23 17:30:00+00:00,2026-02-24 01:15:00+00:00,short,0.017739710317429946,0.018539710317429944,target,31,0.42561187514408116,1,True,False,False,0.006119158308575312,0.030974757052308673,0,0,0.0175649635742968,0.09383,0.09391,0.09277,0.09329,149323558.0,2026-02-23 17:44:59.999000+00:00,13944431.34621,30609,63444506.0,5926941.18305,-0.005771713329088563,-0.01394455508496298,-0.04331860740552704,-3.182682448326717,0.47368421052631965,0.07017543859648909,0.4561403508771913,0.012219959266802319,28.71940624279594,-0.00031314567062592125,-0.019829823353172744,-0.021522610302961806,-0.004951537769619541,-0.0028133621978259082,0.05128904927653882,-0.9603375569030322,0.0007274617447174481,1.2870071472222844,1.756486712785766,-1.0,0.66,-0.0423937589817287,-0.9659258262890683,-0.25881904510252063,0,2.0,0.94623655,True
DOGEUSDT,trend_ema__directionshort_only_fast21_rsi_threshold55.0_slow55,trend_ema,2026-02-23 17:30:00+00:00,2026-02-24 01:15:00+00:00,short,0.017739710317429946,0.018539710317429944,target,31,0.42561187514408116,1,True,False,False,0.006119158308575312,0.030974757052308673,0,0,0.01759408803148566,0.09383,0.09391,0.09277,0.09329,149323558.0,2026-02-23 17:44:59.999000+00:00,13944431.34621,30609,63444506.0,5926941.18305,-0.005771713329088563,-0.01394455508496298,-0.04331860740552704,-3.182682448326717,0.47368421052631965,0.07017543859648909,0.4561403508771913,0.012219959266802319,28.71940624279594,-0.00031314567062592125,-0.019829823353172744,-0.021522610302961806,-0.004951537769619541,-0.0028133621978259082,0.05128904927653882,-0.9603375569030322,0.0007274617447174481,1.2870071472222844,1.756486712785766,-1.0,0.66,-0.0423937589817287,-0.9659258262890683,-0.25881904510252063,0,2.0,0.94623655,True
DOGEUSDT,trend_ema__directionshort_only_fast21_rsi_threshold52.0_slow55,trend_ema,2026-02-23 17:30:00+00:00,2026-02-24 01:15:00+00:00,short,0.017739710317429946,0.018539710317429944,target,31,0.42561187514408116,1,True,False,False,0.006119158308575312,0.030974757052308673,0,0,0.017623212488674517,0.09383,0.09391,0.09277,0.09329,149323558.0,2026-02-23 17:44:59.999000+00:00,13944431.34621,30609,63444506.0,5926941.18305,-0.005771713329088563,-0.01394455508496298,-0.04331860740552704,-3.182682448326717,0.47368421052631965,0.07017543859648909,0.4561403508771913,0.012219959266802319,28.71940624279594,-0.00031314567062592125,-0.019829823353172744,-0.021522610302961806,-0.004951537769619541,-0.0028133621978259082,0.05128904927653882,-0.9603375569030322,0.0007274617447174481,1.2870071472222844,1.756486712785766,-1.0,0.66,-0.0423937589817287,-0.9659258262890683,-0.25881904510252063,0,2.0,0.94623655,True
DOGEUSDT,trend_ema__directionboth_fast21_rsi_threshold58.0_slow89,trend_ema,2026-02-23 17:30:00+00:00,2026-02-24 01:15:00+00:00,short,0.017739710317429946,0.018539710317429944,target,31,0.42561187514408116,1,True,False,False,0.006119158308575312,0.030974757052308673,0,0,0.01768146140305223,0.09383,0.09391,0.09277,0.09329,149323558.0,2026-02-23 17:44:59.999000+00:00,13944431.34621,30609,63444506.0,5926941.18305,-0.005771713329088563,-0.01394455508496298,-0.04331860740552704,-3.182682448326717,0.47368421052631965,0.07017543859648909,0.4561403508771913,0.012219959266802319,28.71940624279594,-0.00031314567062592125,-0.019829823353172744,-0.021522610302961806,-0.004951537769619541,-0.0028133621978259082,0.05128904927653882,-0.9603375569030322,0.0007274617447174481,1.2870071472222844,1.756486712785766,-1.0,0.66,-0.0423937589817287,-0.9659258262890683,-0.25881904510252063,0,2.0,0.94623655,True
DOGEUSDT,trend_ema__directionshort_only_fast21_rsi_threshold52.0_slow89,trend_ema,2026-02-23 17:30:00+00:00,2026-02-24 01:15:00+00:00,short,0.017739710317429946,0.018539710317429944,target,31,0.42561187514408116,1,True,False,False,0.006119158308575312,0.030974757052308673,0,0,0.01762349022675428,0.09383,0.09391,0.09277,0.09329,149323558.0,2026-02-23 17:44:59.999000+00:00,13944431.34621,30609,63444506.0,5926941.18305,-0.005771713329088563,-0.01394455508496298,-0.04331860740552704,-3.182682448326717,0.47368421052631965,0.07017543859648909,0.4561403508771913,0.012219959266802319,28.71940624279594,-0.00031314567062592125,-0.019829823353172744,-0.021522610302961806,-0.004951537769619541,-0.0028133621978259082,0.05128904927653882,-0.9603375569030322,0.0007274617447174481,1.2870071472222844,1.756486712785766,-1.0,0.66,-0.0423937589817287,-0.9659258262890683,-0.25881904510252063,0,2.0,0.92771083,True
DOGEUSDT,trend_ema__directionshort_only_fast21_rsi_threshold55.0_slow89,trend_ema,2026-02-23 17:30:00+00:00,2026-02-24 01:15:00+00:00,short,0.017739710317429946,0.018539710317429944,target,31,0.42561187514408116,1,True,False,False,0.006119158308575312,0.030974757052308673,0,0,0.01765233694586337,0.09383,0.09391,0.09277,0.09329,149323558.0,2026-02-23 17:44:59.999000+00:00,13944431.34621,30609,63444506.0,5926941.18305,-0.005771713329088563,-0.01394455508496298,-0.04331860740552704,-3.182682448326717,0.47368421052631965,0.07017543859648909,0.4561403508771913,0.012219959266802319,28.71940624279594,-0.00031314567062592125,-0.019829823353172744,-0.021522610302961806,-0.004951537769619541,-0.0028133621978259082,0.05128904927653882,-0.9603375569030322,0.0007274617447174481,1.2870071472222844,1.756486712785766,-1.0,0.66,-0.0423937589817287,-0.9659258262890683,-0.25881904510252063,0,2.0,0.92771083,True
XRPUSDT,trend_ema__directionlong_only_fast12_rsi_threshold58.0_slow55,trend_ema,2026-02-24 16:00:00+00:00,2026-02-25 01:00:00+00:00,long,0.014843762059563765,0.015643762059563766,target,36,0.46692385095988925,1,True,False,False,0.008070021359396011,0.02442436418072961,0,0,0.011492226652317042,1.3508,1.3637,1.35,1.3595,26550983.0,2026-02-24 16:14:59.999000+00:00,36084527.34985,43074,14498383.2,19704428.66032,0.00649400850580685,0.014372747046342624,0.018860077887764753,4.823330945334497,0.6350364963503681,0.30656934306569605,0.05839416058393593,0.010077234277307704,73.34619254799446,0.0031307345038225796,0.01577250540097145,0.016444363840136776,0.003870538723952821,0.002057987853936627,0.02782387829809273,1.3027133015225736,0.00882862645367581,1.8509988465097449,2.6245506441403252,1.0,0.4,0.0,-0.8660254037844385,-0.5000000000000004,1,2.0,0.94623655,True
XRPUSDT,trend_ema__directionlong_only_fast12_rsi_threshold58.0_slow55,trend_ema,2026-02-24 16:00:00+00:00,2026-02-25 01:00:00+00:00,long,0.014843762059563765,0.015643762059563766,target,36,0.46692385095988925,1,True,False,False,0.008070021359396011,0.02442436418072961,0,0,0.011492226652317042,1.3508,1.3637,1.35,1.3595,26550983.0,2026-02-24 16:14:59.999000+00:00,36084527.34985,43074,14498383.2,19704428.66032,0.00649400850580685,0.014372747046342624,0.018860077887764753,4.823330945334497,0.6350364963503681,0.30656934306569605,0.05839416058393593,0.010077234277307704,73.34619254799446,0.0031307345038225796,0.01577250540097145,0.016444363840136776,0.003870538723952821,0.002057987853936627,0.02782387829809273,1.3027133015225736,0.00882862645367581,1.8509988465097449,2.6245506441403252,1.0,0.4,0.0,-0.8660254037844385,-0.5000000000000004,1,2.0,0.92771083,True
XRPUSDT,trend_ema__directionlong_only_fast9_rsi_threshold58.0_slow89,trend_ema,2026-02-24 16:15:00+00:00,2026-02-24 16:30:00+00:00,long,-0.01054029243598882,-0.009740292435988819,stop,1,0.3065154954446706,0,False,True,False,0.01132970410477863,0.0016887933192248417,0,0,0.014254563207126517,1.3594,1.3619,1.3511,1.3535,9527751.5,2026-02-24 16:29:59.999000+00:00,12922388.45462,23659,3920577.1,5318630.86162,-0.004423155018169566,0.003404384578721815,0.015036757932943014,1.0549569789707227,0.5462962962962906,0.23148148148149406,0.22222222222221538,0.00797931289250103,65.32577477223353,0.0029715061482749622,0.01032285611412362,0.011610414819858852,0.0039695271241708685,0.002370688446523772,0.03007523525230488,0.8478803843868109,0.008969438849841834,-0.09389407560666216,0.9205076736993085,1.0,0.42,-0.0044133872747333935,-0.8660254037844385,-0.5000000000000004,1,2.0,0.8378378,True
XRPUSDT,trend_ema__directionlong_only_fast9_rsi_threshold58.0_slow89,trend_ema,2026-02-24 16:15:00+00:00,2026-02-24 16:30:00+00:00,long,-0.01054029243598882,-0.009740292435988819,stop,1,0.3065154954446706,0,False,True,False,0.01132970410477863,0.0016887933192248417,0,0,0.014254563207126517,1.3594,1.3619,1.3511,1.3535,9527751.5,2026-02-24 16:29:59.999000+00:00,12922388.45462,23659,3920577.1,5318630.86162,-0.004423155018169566,0.003404384578721815,0.015036757932943014,1.0549569789707227,0.5462962962962906,0.23148148148149406,0.22222222222221538,0.00797931289250103,65.32577477223353,0.0029715061482749622,0.01032285611412362,0.011610414819858852,0.0039695271241708685,0.002370688446523772,0.03007523525230488,0.8478803843868109,0.008969438849841834,-0.09389407560666216,0.9205076736993085,1.0,0.42,-0.0044133872747333935,-0.8660254037844385,-0.5000000000000004,1,2.0,0.75384617,True
ZECUSDT,trend_ema__directionboth_fast21_rsi_threshold55.0_slow55,trend_ema,2026-02-24 16:30:00+00:00,2026-02-24 16:30:00+00:00,long,0.01910669867884873,0.019906698678848728,target,0,0.6406597304068523,1,True,False,False,0.007563369597530473,0.022589978021395576,0,0,0.012773293981583476,240.07,245.53,238.29,245.39,50650.522,2026-02-24 16:44:59.999000+00:00,12277386.63958,45797,26079.201,6327333.59727,0.021918234168059998,0.03761964825806962,0.052797940076296825,5.974499354850417,0.7348066298342523,0.019337016574587654,0.24585635359116007,0.029504054769958064,82.03298652034262,1.1752739092810376,0.03748715742498022,0.041583575948560804,0.008777533022153117,0.004816796163297221,0.059735771007775634,1.481914288310256,2.292466686458627,2.9741421728111175,3.368530385083454,1.0,0.93,0.0,-0.8660254037844385,-0.5000000000000004,1,2.0,0.92771083,True
ZECUSDT,trend_ema__directionboth_fast21_rsi_threshold58.0_slow55,trend_ema,2026-02-24 16:30:00+00:00,2026-02-24 16:30:00+00:00,long,0.01910669867884873,0.019906698678848728,target,0,0.6406597304068523,1,True,False,False,0.007563369597530473,0.022589978021395576,0,0,0.009588581828272089,240.07,245.53,238.29,245.39,50650.522,2026-02-24 16:44:59.999000+00:00,12277386.63958,45797,26079.201,6327333.59727,0.021918234168059998,0.03761964825806962,0.052797940076296825,5.974499354850417,0.7348066298342523,0.019337016574587654,0.24585635359116007,0.029504054769958064,82.03298652034262,1.1752739092810376,0.03748715742498022,0.041583575948560804,0.008777533022153117,0.004816796163297221,0.059735771007775634,1.481914288310256,2.292466686458627,2.9741421728111175,3.368530385083454,1.0,0.93,0.0,-0.8660254037844385,-0.5000000000000004,1,2.0,0.92771083,True
ZECUSDT,trend_ema__directionboth_fast12_rsi_threshold52.0_slow89,trend_ema,2026-02-24 16:30:00+00:00,2026-02-24 16:30:00+00:00,long,0.01910669867884873,0.019906698678848728,target,0,0.6406597304068523,1,True,False,False,0.007563369597530473,0.022589978021395576,0,0,0.009543923244996567,240.07,245.53,238.29,245.39,50650.522,2026-02-24 16:44:59.999000+00:00,12277386.63958,45797,26079.201,6327333.59727,0.021918234168059998,0.03761964825806962,0.052797940076296825,5.974499354850417,0.7348066298342523,0.019337016574587654,0.24585635359116007,0.029504054769958064,82.03298652034262,1.1752739092810376,0.03748715742498022,0.041583575948560804,0.008777533022153117,0.004816796163297221,0.059735771007775634,1.481914288310256,2.292466686458627,2.9741421728111175,3.368530385083454,1.0,0.93,0.0,-0.8660254037844385,-0.5000000000000004,1,2.0,0.92771083,True
ZECUSDT,trend_ema__directionboth_fast12_rsi_threshold55.0_slow89,trend_ema,2026-02-24 16:30:00+00:00,2026-02-24 16:30:00+00:00,long,0.01910669867884873,0.019906698678848728,target,0,0.6406597304068523,1,True,False,False,0.007563369597530473,0.022589978021395576,0,1,0.009695543385184874,240.07,245.53,238.29,245.39,50650.522,2026-02-24 16:44:59.999000+00:00,12277386.63958,45797,26079.201,6327333.59727,0.021918234168059998,0.03761964825806962,0.052797940076296825,5.974499354850417,0.7348066298342523,0.019337016574587654,0.24585635359116007,0.029504054769958064,82.03298652034262,1.1752739092810376,0.03748715742498022,0.041583575948560804,0.008777533022153117,0.004816796163297221,0.059735771007775634,1.481914288310256,2.292466686458627,2.9741421728111175,3.368530385083454,1.0,0.93,0.0,-0.8660254037844385,-0.5000000000000004,1,2.0,0.75384617,True
ZECUSDT,trend_ema__directionboth_fast12_rsi_threshold58.0_slow89,trend_ema,2026-02-24 16:30:00+00:00,2026-02-24 16:30:00+00:00,long,0.01910669867884873,0.019906698678848728,target,0,0.6406597304068523,1,True,False,False,0.007563369597530473,0.022589978021395576,0,0,0.009499264661721046,240.07,245.53,238.29,245.39,50650.522,2026-02-24 16:44:59.999000+00:00,12277386.63958,45797,26079.201,6327333.59727,0.021918234168059998,0.03761964825806962,0.052797940076296825,5.974499354850417,0.7348066298342523,0.019337016574587654,0.24585635359116007,0.029504054769958064,82.03298652034262,1.1752739092810376,0.03748715742498022,0.041583575948560804,0.008777533022153117,0.004816796163297221,0.059735771007775634,1.481914288310256,2.292466686458627,2.9741421728111175,3.368530385083454,1.0,0.93,0.0,-0.8660254037844385,-0.5000000000000004,1,2.0,0.92771083,True
ZECUSDT,trend_ema__directionboth_fast12_rsi_threshold58.0_slow89,trend_ema,2026-02-24 16:30:00+00:00,2026-02-24 16:30:00+00:00,long,0.01910669867884873,0.019906698678848728,target,0,0.6406597304068523,1,True,False,False,0.007563369597530473,0.022589978021395576,0,0,0.009499264661721046,240.07,245.53,238.29,245.39,50650.522,2026-02-24 16:44:59.999000+00:00,12277386.63958,45797,26079.201,6327333.59727,0.021918234168059998,0.03761964825806962,0.052797940076296825,5.974499354850417,0.7348066298342523,0.019337016574587654,0.24585635359116007,0.029504054769958064,82.03298652034262,1.1752739092810376,0.03748715742498022,0.041583575948560804,0.008777533022153117,0.004816796163297221,0.059735771007775634,1.481914288310256,2.292466686458627,2.9741421728111175,3.368530385083454,1.0,0.93,0.0,-0.8660254037844385,-0.5000000000000004,1,2.0,0.94623655,True
ZECUSDT,trend_ema__directionboth_fast12_rsi_threshold52.0_slow89,trend_ema,2026-02-24 16:30:00+00:00,2026-02-24 16:30:00+00:00,long,0.01910669867884873,0.019906698678848728,target,0,0.6406597304068523,1,True,False,False,0.007563369597530473,0.022589978021395576,0,0,0.009543923244996567,240.07,245.53,238.29,245.39,50650.522,2026-02-24 16:44:59.999000+00:00,12277386.63958,45797,26079.201,6327333.59727,0.021918234168059998,0.03761964825806962,0.052797940076296825,5.974499354850417,0.7348066298342523,0.019337016574587654,0.24585635359116007,0.029504054769958064,82.03298652034262,1.1752739092810376,0.03748715742498022,0.041583575948560804,0.008777533022153117,0.004816796163297221,0.059735771007775634,1.481914288310256,2.292466686458627,2.9741421728111175,3.368530385083454,1.0,0.93,0.0,-0.8660254037844385,-0.5000000000000004,1,2.0,0.94623655,True
ZECUSDT,trend_ema__directionboth_fast21_rsi_threshold58.0_slow55,trend_ema,2026-02-24 16:30:00+00:00,2026-02-24 16:30:00+00:00,long,0.01910669867884873,0.019906698678848728,target,0,0.6406597304068523,1,True,False,False,0.007563369597530473,0.022589978021395576,0,0,0.009588581828272089,240.07,245.53,238.29,245.39,50650.522,2026-02-24 16:44:59.999000+00:00,12277386.63958,45797,26079.201,6327333.59727,0.021918234168059998,0.03761964825806962,0.052797940076296825,5.974499354850417,0.7348066298342523,0.019337016574587654,0.24585635359116007,0.029504054769958064,82.03298652034262,1.1752739092810376,0.03748715742498022,0.041583575948560804,0.008777533022153117,0.004816796163297221,0.059735771007775634,1.481914288310256,2.292466686458627,2.9741421728111175,3.368530385083454,1.0,0.93,0.0,-0.8660254037844385,-0.5000000000000004,1,2.0,0.94623655,True
ZECUSDT,trend_ema__directionboth_fast21_rsi_threshold55.0_slow55,trend_ema,2026-02-24 16:30:00+00:00,2026-02-24 16:30:00+00:00,long,0.01910669867884873,0.019906698678848728,target,0,0.6406597304068523,1,True,False,False,0.007563369597530473,0.022589978021395576,0,0,0.012773293981583476,240.07,245.53,238.29,245.39,50650.522,2026-02-24 16:44:59.999000+00:00,12277386.63958,45797,26079.201,6327333.59727,0.021918234168059998,0.03761964825806962,0.052797940076296825,5.974499354850417,0.7348066298342523,0.019337016574587654,0.24585635359116007,0.029504054769958064,82.03298652034262,1.1752739092810376,0.03748715742498022,0.041583575948560804,0.008777533022153117,0.004816796163297221,0.059735771007775634,1.481914288310256,2.292466686458627,2.9741421728111175,3.368530385083454,1.0,0.93,0.0,-0.8660254037844385,-0.5000000000000004,1,2.0,0.94623655,True
ETHUSDT,trend_ema__directionboth_fast12_rsi_threshold52.0_slow89,trend_ema,2026-02-24 17:15:00+00:00,2026-02-25 01:00:00+00:00,long,0.01554025072253202,0.01634025072253202,target,31,0.29058913768332334,1,True,False,False,0.008464134854814865,0.03147178525630787,0,0,0.008615387310047743,1859.2,1863.0,1854.04,1855.11,91042.877,2026-02-24 17:29:59.999000+00:00,169336333.90134,106221,41699.299,77561799.43825,-0.002207672825831663,0.003558674573181156,0.01917892352651217,1.1540765014617616,0.4564732142857287,0.4241071428571361,0.11941964285713527,0.004829902269946277,64.52945688416617,2.7761207432622763,0.0075754741814315855,0.009960257736372958,0.003074321694597648,0.0021380383257953994,0.035451537106672065,0.6017139493281786,11.925616127482533,0.12588525566174302,1.1098944774960948,1.0,0.38,-0.0022052377084891273,-0.9659258262890683,-0.25881904510252063,1,2.0,0.75384617,True
ETHUSDT,trend_ema__directionboth_fast12_rsi_threshold55.0_slow89,trend_ema,2026-02-24 17:15:00+00:00,2026-02-25 01:00:00+00:00,long,0.01554025072253202,0.01634025072253202,target,31,0.29058913768332334,1,True,False,False,0.008464134854814865,0.03147178525630787,0,0,0.006318547905783176,1859.2,1863.0,1854.04,1855.11,91042.877,2026-02-24 17:29:59.999000+00:00,169336333.90134,106221,41699.299,77561799.43825,-0.002207672825831663,0.003558674573181156,0.01917892352651217,1.1540765014617616,0.4564732142857287,0.4241071428571361,0.11941964285713527,0.004829902269946277,64.52945688416617,2.7761207432622763,0.0075754741814315855,0.009960257736372958,0.003074321694597648,0.0021380383257953994,0.035451537106672065,0.6017139493281786,11.925616127482533,0.12588525566174302,1.1098944774960948,1.0,0.38,-0.0022052377084891273,-0.9659258262890683,-0.25881904510252063,1,2.0,0.75384617,True
ETHUSDT,trend_ema__directionboth_fast12_rsi_threshold58.0_slow89,trend_ema,2026-02-24 17:15:00+00:00,2026-02-25 01:00:00+00:00,long,0.01554025072253202,0.01634025072253202,target,31,0.29058913768332334,1,True,False,False,0.008464134854814865,0.03147178525630787,0,0,0.0040217085015186085,1859.2,1863.0,1854.04,1855.11,91042.877,2026-02-24 17:29:59.999000+00:00,169336333.90134,106221,41699.299,77561799.43825,-0.002207672825831663,0.003558674573181156,0.01917892352651217,1.1540765014617616,0.4564732142857287,0.4241071428571361,0.11941964285713527,0.004829902269946277,64.52945688416617,2.7761207432622763,0.0075754741814315855,0.009960257736372958,0.003074321694597648,0.0021380383257953994,0.035451537106672065,0.6017139493281786,11.925616127482533,0.12588525566174302,1.1098944774960948,1.0,0.38,-0.0022052377084891273,-0.9659258262890683,-0.25881904510252063,1,2.0,0.75384617,True
DOGEUSDT,trend_ema__directionshort_only_fast21_rsi_threshold52.0_slow55,trend_ema,2026-02-25 00:00:00+00:00,2026-02-25 01:00:00+00:00,short,-0.007061176320729483,-0.006261176320729482,stop,4,0.25590988955352983,0,False,True,False,0.029282732313482458,0.005216529303749612,0,1,0.015259621653614002,0.09132,0.09142,0.09114,0.09121,40142320.0,2026-02-25 00:14:59.999000+00:00,3664711.08359,10532,20795217.0,1898514.30948,-0.0013147805115204542,-0.0038299548922988884,-0.007536489169574315,-1.8213806086245607,0.3928571428571358,0.3571428571428642,0.25,0.0030698388334612706,37.20450552232351,-9.652326836556062e-05,-0.0054851004456329495,-0.0057480225775486836,-0.0014576040652571898,-0.0007477511910565227,0.012593881644019388,-1.0679098424686178,0.00037390014896214756,0.19250485453554309,1.1105009374965138,-1.0,0.24,-0.011809317443120193,0.0,1.0,2,0.0,0.75384617,True
DOGEUSDT,trend_ema__directionshort_only_fast21_rsi_threshold55.0_slow55,trend_ema,2026-02-25 00:00:00+00:00,2026-02-25 01:00:00+00:00,short,-0.007061176320729483,-0.006261176320729482,stop,4,0.25590988955352983,0,False,True,False,0.029282732313482458,0.005216529303749612,0,0,0.017710585860241084,0.09132,0.09142,0.09114,0.09121,40142320.0,2026-02-25 00:14:59.999000+00:00,3664711.08359,10532,20795217.0,1898514.30948,-0.0013147805115204542,-0.0038299548922988884,-0.007536489169574315,-1.8213806086245607,0.3928571428571358,0.3571428571428642,0.25,0.0030698388334612706,37.20450552232351,-9.652326836556062e-05,-0.0054851004456329495,-0.0057480225775486836,-0.0014576040652571898,-0.0007477511910565227,0.012593881644019388,-1.0679098424686178,0.00037390014896214756,0.19250485453554309,1.1105009374965138,-1.0,0.24,-0.011809317443120193,0.0,1.0,2,0.0,1.0,True
DOGEUSDT,trend_ema__directionshort_only_fast21_rsi_threshold55.0_slow55,trend_ema,2026-02-25 00:00:00+00:00,2026-02-25 01:00:00+00:00,short,-0.007061176320729483,-0.006261176320729482,stop,4,0.25590988955352983,0,False,True,False,0.029282732313482458,0.005216529303749612,0,0,0.017710585860241084,0.09132,0.09142,0.09114,0.09121,40142320.0,2026-02-25 00:14:59.999000+00:00,3664711.08359,10532,20795217.0,1898514.30948,-0.0013147805115204542,-0.0038299548922988884,-0.007536489169574315,-1.8213806086245607,0.3928571428571358,0.3571428571428642,0.25,0.0030698388334612706,37.20450552232351,-9.652326836556062e-05,-0.0054851004456329495,-0.0057480225775486836,-0.0014576040652571898,-0.0007477511910565227,0.012593881644019388,-1.0679098424686178,0.00037390014896214756,0.19250485453554309,1.1105009374965138,-1.0,0.24,-0.011809317443120193,0.0,1.0,2,0.0,0.94623655,True
XRPUSDT,trend_ema__directionshort_only_fast12_rsi_threshold55.0_slow34,trend_ema,2026-02-25 00:15:00+00:00,2026-02-25 01:00:00+00:00,short,-0.007496923594345767,-0.006696923594345767,stop,3,0.256600844378371,0,False,True,False,0.02853888478575674,0.004086011920958972,0,0,0.019786368998197797,1.3458,1.3482,1.3401,1.3416,4825705.6,2026-02-25 00:29:59.999000+00:00,6483488.65328,11646,2270326.4,3049579.21221,-0.0031257002452187003,-0.005574771935772344,-0.014209830572653024,-2.5374330007113226,0.5185185185185439,0.29629629629629123,0.18518518518516489,0.00603756708407871,37.16995778108145,-0.0015974421482828436,-0.006371267717355388,-0.005131405308063366,-0.0013776721162342964,-0.00031742767612930045,0.01462924894238689,-1.0792220996095332,0.006157037249950399,-0.18386046638103679,0.9049666031167535,1.0,0.17,-0.014109347442680886,0.0,1.0,2,0.0,0.92771083,True
XRPUSDT,trend_ema__directionshort_only_fast12_rsi_threshold55.0_slow34,trend_ema,2026-02-25 00:15:00+00:00,2026-02-25 01:00:00+00:00,short,-0.007496923594345767,-0.006696923594345767,stop,3,0.256600844378371,0,False,True,False,0.02853888478575674,0.004086011920958972,0,0,0.019786368998197797,1.3458,1.3482,1.3401,1.3416,4825705.6,2026-02-25 00:29:59.999000+00:00,6483488.65328,11646,2270326.4,3049579.21221,-0.0031257002452187003,-0.005574771935772344,-0.014209830572653024,-2.5374330007113226,0.5185185185185439,0.29629629629629123,0.18518518518516489,0.00603756708407871,37.16995778108145,-0.0015974421482828436,-0.006371267717355388,-0.005131405308063366,-0.0013776721162342964,-0.00031742767612930045,0.01462924894238689,-1.0792220996095332,0.006157037249950399,-0.18386046638103679,0.9049666031167535,1.0,0.17,-0.014109347442680886,0.0,1.0,2,0.0,0.94623655,True
XRPUSDT,trend_ema__directionboth_fast12_rsi_threshold52.0_slow89,trend_ema,2026-02-25 01:00:00+00:00,2026-02-25 01:00:00+00:00,short,-0.007676732331323902,-0.0068767323313239015,stop,0,0.46300845209207636,0,False,True,False,0.028080534124087654,0.0006670935280815327,0,4,0.008739578254812886,1.3464,1.384,1.3453,1.383,39105398.5,2026-02-25 01:14:59.999000+00:00,53519865.30864,67410,23976391.5,32816998.40852,0.026820688788161885,0.027266420910540445,0.019494648696089117,4.178412408690601,0.9457364341085273,0.02583979328165093,0.02842377260982176,0.027982646420824264,73.15042260460382,0.0014379189881604645,0.021863537183335623,0.024055728674881108,0.0019368512940081128,0.0006261537885827728,0.025564790516665544,1.7473567291657757,0.008495084124686955,4.919290650875739,6.543027576134844,1.0,1.0,0.0,0.25881904510252074,0.9659258262890683,2,0.0,0.75384617,True
XRPUSDT,trend_ema__directionshort_only_fast12_rsi_threshold52.0_slow89,trend_ema,2026-02-25 01:00:00+00:00,2026-02-25 01:00:00+00:00,short,-0.007676732331323902,-0.0068767323313239015,stop,0,0.46300845209207636,0,False,True,False,0.028080534124087654,0.0006670935280815327,0,5,0.005962550163816756,1.3464,1.384,1.3453,1.383,39105398.5,2026-02-25 01:14:59.999000+00:00,53519865.30864,67410,23976391.5,32816998.40852,0.026820688788161885,0.027266420910540445,0.019494648696089117,4.178412408690601,0.9457364341085273,0.02583979328165093,0.02842377260982176,0.027982646420824264,73.15042260460382,0.0014379189881604645,0.021863537183335623,0.024055728674881108,0.0019368512940081128,0.0006261537885827728,0.025564790516665544,1.7473567291657757,0.008495084124686955,4.919290650875739,6.543027576134844,1.0,1.0,0.0,0.25881904510252074,0.9659258262890683,2,0.0,0.75384617,True
ZECUSDT,trend_ema__directionshort_only_fast12_rsi_threshold55.0_slow34,trend_ema,2026-02-25 04:00:00+00:00,2026-02-25 12:45:00+00:00,short,-0.010010411368835747,-0.009210411368835747,signal_exit,35,0.4127436496192456,0,False,False,False,0.012801164559755378,0.020058402431567868,0,0,0.022104122819729122,239.54,239.57,235.55,237.3,45915.912,2026-02-25 04:14:59.999000+00:00,10900207.88811,34815,17639.545,4186626.95474,-0.009436999887413202,-0.02250094929083768,-0.02093400327726395,-3.5337782010235164,0.5572139303482564,0.0074626865671644955,0.4353233830845791,0.016940581542351375,29.36281751903772,-1.0296276005732694,-0.025010847763730817,-0.02225654485454731,-0.006171128392091996,-0.002235694542036537,0.052753877094092926,-1.02477212958627,2.3925541942319875,2.1270886705481606,2.777368483603743,1.0,0.93,-0.04514727184934808,0.8660254037844386,0.5000000000000001,2,0.0,0.92771083,True
ZECUSDT,trend_ema__directionshort_only_fast12_rsi_threshold55.0_slow34,trend_ema,2026-02-25 04:00:00+00:00,2026-02-25 12:45:00+00:00,short,-0.010010411368835747,-0.009210411368835747,signal_exit,35,0.4127436496192456,0,False,False,False,0.012801164559755378,0.020058402431567868,0,0,0.022104122819729122,239.54,239.57,235.55,237.3,45915.912,2026-02-25 04:14:59.999000+00:00,10900207.88811,34815,17639.545,4186626.95474,-0.009436999887413202,-0.02250094929083768,-0.02093400327726395,-3.5337782010235164,0.5572139303482564,0.0074626865671644955,0.4353233830845791,0.016940581542351375,29.36281751903772,-1.0296276005732694,-0.025010847763730817,-0.02225654485454731,-0.006171128392091996,-0.002235694542036537,0.052753877094092926,-1.02477212958627,2.3925541942319875,2.1270886705481606,2.777368483603743,1.0,0.93,-0.04514727184934808,0.8660254037844386,0.5000000000000001,2,0.0,0.94623655,True
ZECUSDT,trend_ema__directionboth_fast21_rsi_threshold58.0_slow55,trend_ema,2026-02-25 13:45:00+00:00,2026-02-25 14:45:00+00:00,long,0.019028045819661374,0.019828045819661373,target,4,0.19581489326356846,1,True,False,False,0.011747649713350135,0.020921849469679617,0,0,0.015223185052050017,244.84,245.87,242.63,242.88,17422.799,2026-02-25 13:59:59.999000+00:00,4253787.38235,24682,7345.276,1794083.35357,-0.008078283941061281,0.004828833750050861,0.005408208042039841,0.9319487274490335,0.6049382716049391,0.3179012345679007,0.07716049382716028,0.013339920948616638,59.79074466317842,0.6044602875464211,0.009318802771255632,0.011209254045591567,0.004971197518208514,0.0026508770125828196,0.034786018714624785,0.6174137052443232,2.034872864653051,0.5048538258991447,1.2589898595144378,1.0,0.68,-0.008045742291198699,-0.2588190451025208,-0.9659258262890683,2,1.0,0.75384617,True
ZECUSDT,trend_ema__directionboth_fast21_rsi_threshold55.0_slow55,trend_ema,2026-02-25 13:45:00+00:00,2026-02-25 14:45:00+00:00,long,0.019028045819661374,0.019828045819661373,target,4,0.19581489326356846,1,True,False,False,0.011747649713350135,0.020921849469679617,0,0,0.01521531976613128,244.84,245.87,242.63,242.88,17422.799,2026-02-25 13:59:59.999000+00:00,4253787.38235,24682,7345.276,1794083.35357,-0.008078283941061281,0.004828833750050861,0.005408208042039841,0.9319487274490335,0.6049382716049391,0.3179012345679007,0.07716049382716028,0.013339920948616638,59.79074466317842,0.6044602875464211,0.009318802771255632,0.011209254045591567,0.004971197518208514,0.0026508770125828196,0.034786018714624785,0.6174137052443232,2.034872864653051,0.5048538258991447,1.2589898595144378,1.0,0.68,-0.008045742291198699,-0.2588190451025208,-0.9659258262890683,2,1.0,0.75384617,True
ZECUSDT,trend_ema__directionboth_fast21_rsi_threshold58.0_slow89,trend_ema,2026-02-25 13:45:00+00:00,2026-02-25 14:45:00+00:00,long,0.019028045819661374,0.019828045819661373,target,4,0.19581489326356846,1,True,False,False,0.011747649713350135,0.020921849469679617,0,0,0.015207454480212546,244.84,245.87,242.63,242.88,17422.799,2026-02-25 13:59:59.999000+00:00,4253787.38235,24682,7345.276,1794083.35357,-0.008078283941061281,0.004828833750050861,0.005408208042039841,0.9319487274490335,0.6049382716049391,0.3179012345679007,0.07716049382716028,0.013339920948616638,59.79074466317842,0.6044602875464211,0.009318802771255632,0.011209254045591567,0.004971197518208514,0.0026508770125828196,0.034786018714624785,0.6174137052443232,2.034872864653051,0.5048538258991447,1.2589898595144378,1.0,0.68,-0.008045742291198699,-0.2588190451025208,-0.9659258262890683,2,1.0,0.75384617,True
DOGEUSDT,trend_ema__directionshort_only_fast21_rsi_threshold58.0_slow55,trend_ema,2026-02-26 07:00:00+00:00,2026-02-26 11:15:00+00:00,short,0.015182461660812588,0.01598246166081259,target,17,0.21268307775872514,1,True,False,False,0.006253378983238219,0.0163590564995313,0,2,-0.0008248598173323607,0.09996,0.10018,0.09985,0.09989,37581502.0,2026-02-26 07:14:59.999000+00:00,3757545.01447,11204,15377563.0,1537750.36841,-0.0007005254226931651,-0.0031984035261789843,-0.011347921895582425,-0.8865389500616128,0.21212121212116497,0.6666666666666807,0.12121212121215434,0.0033036339973972454,39.36584611206374,-2.625565618814276e-05,-0.0060445444677059415,-0.00786128381644336,-0.0018832986694157228,-0.001480843128985554,0.019570842531394295,-0.6662397353180861,0.0006168792555885989,-0.5751715044428907,0.647776869168274,-1.0,0.4,-0.014405525407005348,0.9659258262890683,-0.25881904510252063,3,0.0,0.8378378,True
DOGEUSDT,trend_ema__directionshort_only_fast21_rsi_threshold55.0_slow55,trend_ema,2026-02-26 07:00:00+00:00,2026-02-26 11:15:00+00:00,short,0.015182461660812588,0.01598246166081259,target,17,0.21268307775872514,1,True,False,False,0.006253378983238219,0.0163590564995313,0,3,-0.0030492236154865673,0.09996,0.10018,0.09985,0.09989,37581502.0,2026-02-26 07:14:59.999000+00:00,3757545.01447,11204,15377563.0,1537750.36841,-0.0007005254226931651,-0.0031984035261789843,-0.011347921895582425,-0.8865389500616128,0.21212121212116497,0.6666666666666807,0.12121212121215434,0.0033036339973972454,39.36584611206374,-2.625565618814276e-05,-0.0060445444677059415,-0.00786128381644336,-0.0018832986694157228,-0.001480843128985554,0.019570842531394295,-0.6662397353180861,0.0006168792555885989,-0.5751715044428907,0.647776869168274,-1.0,0.4,-0.014405525407005348,0.9659258262890683,-0.25881904510252063,3,0.0,0.75384617,True
DOGEUSDT,trend_ema__directionshort_only_fast21_rsi_threshold58.0_slow55,trend_ema,2026-02-26 07:00:00+00:00,2026-02-26 11:15:00+00:00,short,0.015182461660812588,0.01598246166081259,target,17,0.21268307775872514,1,True,False,False,0.006253378983238219,0.0163590564995313,0,2,-0.0008248598173323607,0.09996,0.10018,0.09985,0.09989,37581502.0,2026-02-26 07:14:59.999000+00:00,3757545.01447,11204,15377563.0,1537750.36841,-0.0007005254226931651,-0.0031984035261789843,-0.011347921895582425,-0.8865389500616128,0.21212121212116497,0.6666666666666807,0.12121212121215434,0.0033036339973972454,39.36584611206374,-2.625565618814276e-05,-0.0060445444677059415,-0.00786128381644336,-0.0018832986694157228,-0.001480843128985554,0.019570842531394295,-0.6662397353180861,0.0006168792555885989,-0.5751715044428907,0.647776869168274,-1.0,0.4,-0.014405525407005348,0.9659258262890683,-0.25881904510252063,3,0.0,0.92771083,True
DOGEUSDT,trend_ema__directionboth_fast21_rsi_threshold55.0_slow55,trend_ema,2026-02-26 07:00:00+00:00,2026-02-26 11:15:00+00:00,short,0.015182461660812588,0.01598246166081259,target,17,0.21268307775872514,1,True,False,False,0.006253378983238219,0.0163590564995313,0,0,0.003623867778976053,0.09996,0.10018,0.09985,0.09989,37581502.0,2026-02-26 07:14:59.999000+00:00,3757545.01447,11204,15377563.0,1537750.36841,-0.0007005254226931651,-0.0031984035261789843,-0.011347921895582425,-0.8865389500616128,0.21212121212116497,0.6666666666666807,0.12121212121215434,0.0033036339973972454,39.36584611206374,-2.625565618814276e-05,-0.0060445444677059415,-0.00786128381644336,-0.0018832986694157228,-0.001480843128985554,0.019570842531394295,-0.6662397353180861,0.0006168792555885989,-0.5751715044428907,0.647776869168274,-1.0,0.4,-0.014405525407005348,0.9659258262890683,-0.25881904510252063,3,0.0,0.92771083,True
DOGEUSDT,trend_ema__directionshort_only_fast21_rsi_threshold52.0_slow55,trend_ema,2026-02-26 07:00:00+00:00,2026-02-26 11:15:00+00:00,short,0.015182461660812588,0.01598246166081259,target,17,0.21268307775872514,1,True,False,False,0.006253378983238219,0.0163590564995313,0,1,0.0013995039808218461,0.09996,0.10018,0.09985,0.09989,37581502.0,2026-02-26 07:14:59.999000+00:00,3757545.01447,11204,15377563.0,1537750.36841,-0.0007005254226931651,-0.0031984035261789843,-0.011347921895582425,-0.8865389500616128,0.21212121212116497,0.6666666666666807,0.12121212121215434,0.0033036339973972454,39.36584611206374,-2.625565618814276e-05,-0.0060445444677059415,-0.00786128381644336,-0.0018832986694157228,-0.001480843128985554,0.019570842531394295,-0.6662397353180861,0.0006168792555885989,-0.5751715044428907,0.647776869168274,-1.0,0.4,-0.014405525407005348,0.9659258262890683,-0.25881904510252063,3,0.0,0.75384617,True
DOGEUSDT,trend_ema__directionboth_fast21_rsi_threshold55.0_slow55,trend_ema,2026-02-26 07:00:00+00:00,2026-02-26 11:15:00+00:00,short,0.015182461660812588,0.01598246166081259,target,17,0.21268307775872514,1,True,False,False,0.006253378983238219,0.0163590564995313,0,0,0.003623867778976053,0.09996,0.10018,0.09985,0.09989,37581502.0,2026-02-26 07:14:59.999000+00:00,3757545.01447,11204,15377563.0,1537750.36841,-0.0007005254226931651,-0.0031984035261789843,-0.011347921895582425,-0.8865389500616128,0.21212121212116497,0.6666666666666807,0.12121212121215434,0.0033036339973972454,39.36584611206374,-2.625565618814276e-05,-0.0060445444677059415,-0.00786128381644336,-0.0018832986694157228,-0.001480843128985554,0.019570842531394295,-0.6662397353180861,0.0006168792555885989,-0.5751715044428907,0.647776869168274,-1.0,0.4,-0.014405525407005348,0.9659258262890683,-0.25881904510252063,3,0.0,0.94623655,True
DOGEUSDT,trend_ema__directionshort_only_fast21_rsi_threshold52.0_slow55,trend_ema,2026-02-26 07:00:00+00:00,2026-02-26 11:15:00+00:00,short,0.015182461660812588,0.01598246166081259,target,17,0.21268307775872514,1,True,False,False,0.006253378983238219,0.0163590564995313,0,1,0.0013995039808218461,0.09996,0.10018,0.09985,0.09989,37581502.0,2026-02-26 07:14:59.999000+00:00,3757545.01447,11204,15377563.0,1537750.36841,-0.0007005254226931651,-0.0031984035261789843,-0.011347921895582425,-0.8865389500616128,0.21212121212116497,0.6666666666666807,0.12121212121215434,0.0033036339973972454,39.36584611206374,-2.625565618814276e-05,-0.0060445444677059415,-0.00786128381644336,-0.0018832986694157228,-0.001480843128985554,0.019570842531394295,-0.6662397353180861,0.0006168792555885989,-0.5751715044428907,0.647776869168274,-1.0,0.4,-0.014405525407005348,0.9659258262890683,-0.25881904510252063,3,0.0,0.8378378,True
ETHUSDT,trend_ema__directionshort_only_fast12_rsi_threshold55.0_slow34,trend_ema,2026-02-26 08:30:00+00:00,2026-02-26 09:00:00+00:00,short,-0.008766794717303262,-0.007966794717303261,stop,2,0.17740034129563909,0,False,True,False,0.01270020058176784,0.0016184338860280691,0,0,0.013473589053386529,2047.29,2051.8,2043.67,2048.53,34056.887,2026-02-26 08:44:59.999000+00:00,69739370.01234,65261,15373.887,31482046.50273,0.0006054953771820981,-0.004369190809439698,-0.012655541622083655,-1.6432754287796005,0.1525215252152792,0.4022140221402138,0.44526445264450704,0.003968699506475428,41.129982935218045,-1.9996799975846493,-0.004633365021767989,-0.001856040539144637,-0.001539107993133837,-0.00011732699700628402,0.014895768592195005,-0.8200781590286385,10.67607637508991,-0.19989744118695638,0.8994443102265809,1.0,0.25,-0.012575797013428813,0.8660254037844387,-0.4999999999999998,3,1.0,0.75384617,True
ZECUSDT,trend_ema__directionshort_only_fast9_rsi_threshold52.0_slow89,trend_ema,2026-02-26 08:45:00+00:00,2026-02-26 15:15:00+00:00,short,0.02284968611715926,0.023649686117159258,target,26,0.36113257234438406,1,True,False,False,0.006290902160107458,0.028846316538014574,0,0,0.0026353914358732107,245.93,246.69,244.77,245.04,13346.659,2026-02-26 08:59:59.999000+00:00,3280025.0311,16867,5911.678,1454197.29073,-0.0036254800694718835,-0.0152680904588356,-0.039920510930876105,-3.107578067248917,0.4635416666666774,0.39583333333333115,0.14062499999999145,0.007835455435847159,31.943371382780796,-0.6176087616475446,-0.01642200587140711,-0.018735354650230823,-0.004331674318791889,-0.002428911399138034,0.04626476987183347,-0.9082881448018563,2.2971095274874433,-0.27336625368274214,0.8947582106504183,-1.0,0.25,-0.04326097141964713,0.8660254037844387,-0.4999999999999998,3,1.0,0.92771083,True
ZECUSDT,trend_ema__directionboth_fast21_rsi_threshold58.0_slow55,trend_ema,2026-02-26 08:45:00+00:00,2026-02-26 15:15:00+00:00,short,0.02284968611715926,0.023649686117159258,target,26,0.36113257234438406,1,True,False,False,0.006290902160107458,0.028846316538014574,0,1,-0.0010344116206741365,245.93,246.69,244.77,245.04,13346.659,2026-02-26 08:59:59.999000+00:00,3280025.0311,16867,5911.678,1454197.29073,-0.0036254800694718835,-0.0152680904588356,-0.039920510930876105,-3.107578067248917,0.4635416666666774,0.39583333333333115,0.14062499999999145,0.007835455435847159,31.943371382780796,-0.6176087616475446,-0.01642200587140711,-0.018735354650230823,-0.004331674318791889,-0.002428911399138034,0.04626476987183347,-0.9082881448018563,2.2971095274874433,-0.27336625368274214,0.8947582106504183,-1.0,0.25,-0.04326097141964713,0.8660254037844387,-0.4999999999999998,3,1.0,0.92771083,True
ZECUSDT,trend_ema__directionboth_fast9_rsi_threshold58.0_slow89,trend_ema,2026-02-26 08:45:00+00:00,2026-02-26 15:15:00+00:00,short,0.02284968611715926,0.023649686117159258,target,26,0.36113257234438406,1,True,False,False,0.006290902160107458,0.028846316538014574,0,0,0.006305194492420558,245.93,246.69,244.77,245.04,13346.659,2026-02-26 08:59:59.999000+00:00,3280025.0311,16867,5911.678,1454197.29073,-0.0036254800694718835,-0.0152680904588356,-0.039920510930876105,-3.107578067248917,0.4635416666666774,0.39583333333333115,0.14062499999999145,0.007835455435847159,31.943371382780796,-0.6176087616475446,-0.01642200587140711,-0.018735354650230823,-0.004331674318791889,-0.002428911399138034,0.04626476987183347,-0.9082881448018563,2.2971095274874433,-0.27336625368274214,0.8947582106504183,-1.0,0.25,-0.04326097141964713,0.8660254037844387,-0.4999999999999998,3,1.0,0.9563586,True
ZECUSDT,trend_ema__directionshort_only_fast21_rsi_threshold58.0_slow55,trend_ema,2026-02-26 08:45:00+00:00,2026-02-26 15:15:00+00:00,short,0.02284968611715926,0.023649686117159258,target,26,0.36113257234438406,1,True,False,False,0.006290902160107458,0.028846316538014574,0,2,-0.004704214677221483,245.93,246.69,244.77,245.04,13346.659,2026-02-26 08:59:59.999000+00:00,3280025.0311,16867,5911.678,1454197.29073,-0.0036254800694718835,-0.0152680904588356,-0.039920510930876105,-3.107578067248917,0.4635416666666774,0.39583333333333115,0.14062499999999145,0.007835455435847159,31.943371382780796,-0.6176087616475446,-0.01642200587140711,-0.018735354650230823,-0.004331674318791889,-0.002428911399138034,0.04626476987183347,-0.9082881448018563,2.2971095274874433,-0.27336625368274214,0.8947582106504183,-1.0,0.25,-0.04326097141964713,0.8660254037844387,-0.4999999999999998,3,1.0,0.75384617,True
ZECUSDT,trend_ema__directionboth_fast21_rsi_threshold55.0_slow55,trend_ema,2026-02-26 08:45:00+00:00,2026-02-26 15:15:00+00:00,short,0.02284968611715926,0.023649686117159258,target,26,0.36113257234438406,1,True,False,False,0.006290902160107458,0.028846316538014574,0,0,0.010438613297858246,245.93,246.69,244.77,245.04,13346.659,2026-02-26 08:59:59.999000+00:00,3280025.0311,16867,5911.678,1454197.29073,-0.0036254800694718835,-0.0152680904588356,-0.039920510930876105,-3.107578067248917,0.4635416666666774,0.39583333333333115,0.14062499999999145,0.007835455435847159,31.943371382780796,-0.6176087616475446,-0.01642200587140711,-0.018735354650230823,-0.004331674318791889,-0.002428911399138034,0.04626476987183347,-0.9082881448018563,2.2971095274874433,-0.27336625368274214,0.8947582106504183,-1.0,0.25,-0.04326097141964713,0.8660254037844387,-0.4999999999999998,3,1.0,1.0,True
ZECUSDT,trend_ema__directionshort_only_fast21_rsi_threshold55.0_slow55,trend_ema,2026-02-26 08:45:00+00:00,2026-02-26 15:15:00+00:00,short,0.02284968611715926,0.023649686117159258,target,26,0.36113257234438406,1,True,False,False,0.006290902160107458,0.028846316538014574,0,3,-0.00837401773376883,245.93,246.69,244.77,245.04,13346.659,2026-02-26 08:59:59.999000+00:00,3280025.0311,16867,5911.678,1454197.29073,-0.0036254800694718835,-0.0152680904588356,-0.039920510930876105,-3.107578067248917,0.4635416666666774,0.39583333333333115,0.14062499999999145,0.007835455435847159,31.943371382780796,-0.6176087616475446,-0.01642200587140711,-0.018735354650230823,-0.004331674318791889,-0.002428911399138034,0.04626476987183347,-0.9082881448018563,2.2971095274874433,-0.27336625368274214,0.8947582106504183,-1.0,0.25,-0.04326097141964713,0.8660254037844387,-0.4999999999999998,3,1.0,0.75384617,True
ZECUSDT,trend_ema__directionshort_only_fast9_rsi_threshold52.0_slow89,trend_ema,2026-02-26 08:45:00+00:00,2026-02-26 15:15:00+00:00,short,0.02284968611715926,0.023649686117159258,target,26,0.36113257234438406,1,True,False,False,0.006290902160107458,0.028846316538014574,0,0,0.0026353914358732107,245.93,246.69,244.77,245.04,13346.659,2026-02-26 08:59:59.999000+00:00,3280025.0311,16867,5911.678,1454197.29073,-0.0036254800694718835,-0.0152680904588356,-0.039920510930876105,-3.107578067248917,0.4635416666666774,0.39583333333333115,0.14062499999999145,0.007835455435847159,31.943371382780796,-0.6176087616475446,-0.01642200587140711,-0.018735354650230823,-0.004331674318791889,-0.002428911399138034,0.04626476987183347,-0.9082881448018563,2.2971095274874433,-0.27336625368274214,0.8947582106504183,-1.0,0.25,-0.04326097141964713,0.8660254037844387,-0.4999999999999998,3,1.0,0.94623655,True
ZECUSDT,trend_ema__directionboth_fast21_rsi_threshold55.0_slow55,trend_ema,2026-02-26 08:45:00+00:00,2026-02-26 15:15:00+00:00,short,0.02284968611715926,0.023649686117159258,target,26,0.36113257234438406,1,True,False,False,0.006290902160107458,0.028846316538014574,0,0,0.010438613297858246,245.93,246.69,244.77,245.04,13346.659,2026-02-26 08:59:59.999000+00:00,3280025.0311,16867,5911.678,1454197.29073,-0.0036254800694718835,-0.0152680904588356,-0.039920510930876105,-3.107578067248917,0.4635416666666774,0.39583333333333115,0.14062499999999145,0.007835455435847159,31.943371382780796,-0.6176087616475446,-0.01642200587140711,-0.018735354650230823,-0.004331674318791889,-0.002428911399138034,0.04626476987183347,-0.9082881448018563,2.2971095274874433,-0.27336625368274214,0.8947582106504183,-1.0,0.25,-0.04326097141964713,0.8660254037844387,-0.4999999999999998,3,1.0,0.94623655,True
ZECUSDT,trend_ema__directionboth_fast9_rsi_threshold58.0_slow89,trend_ema,2026-02-26 08:45:00+00:00,2026-02-26 15:15:00+00:00,short,0.02284968611715926,0.023649686117159258,target,26,0.36113257234438406,1,True,False,False,0.006290902160107458,0.028846316538014574,0,0,0.006305194492420558,245.93,246.69,244.77,245.04,13346.659,2026-02-26 08:59:59.999000+00:00,3280025.0311,16867,5911.678,1454197.29073,-0.0036254800694718835,-0.0152680904588356,-0.039920510930876105,-3.107578067248917,0.4635416666666774,0.39583333333333115,0.14062499999999145,0.007835455435847159,31.943371382780796,-0.6176087616475446,-0.01642200587140711,-0.018735354650230823,-0.004331674318791889,-0.002428911399138034,0.04626476987183347,-0.9082881448018563,2.2971095274874433,-0.27336625368274214,0.8947582106504183,-1.0,0.25,-0.04326097141964713,0.8660254037844387,-0.4999999999999998,3,1.0,0.94623655,True
ZECUSDT,trend_ema__directionboth_fast21_rsi_threshold58.0_slow55,trend_ema,2026-02-26 08:45:00+00:00,2026-02-26 15:15:00+00:00,short,0.02284968611715926,0.023649686117159258,target,26,0.36113257234438406,1,True,False,False,0.006290902160107458,0.028846316538014574,0,1,-0.0010344116206741365,245.93,246.69,244.77,245.04,13346.659,2026-02-26 08:59:59.999000+00:00,3280025.0311,16867,5911.678,1454197.29073,-0.0036254800694718835,-0.0152680904588356,-0.039920510930876105,-3.107578067248917,0.4635416666666774,0.39583333333333115,0.14062499999999145,0.007835455435847159,31.943371382780796,-0.6176087616475446,-0.01642200587140711,-0.018735354650230823,-0.004331674318791889,-0.002428911399138034,0.04626476987183347,-0.9082881448018563,2.2971095274874433,-0.27336625368274214,0.8947582106504183,-1.0,0.25,-0.04326097141964713,0.8660254037844387,-0.4999999999999998,3,1.0,0.92105263,True
ZECUSDT,trend_ema__directionshort_only_fast21_rsi_threshold55.0_slow89,trend_ema,2026-02-26 10:00:00+00:00,2026-02-26 11:45:00+00:00,short,0.021293074976509327,0.022093074976509326,target,7,0.23000848684938405,1,True,False,False,0.0007976569831218523,0.022355275667812247,0,0,0.02256853696016648,247.09,247.25,245.45,245.53,8576.801,2026-02-26 10:14:59.999000+00:00,2113194.8661,14080,3132.41,772112.77992,-0.006293031466217158,-0.006333503368604386,-0.014916901153240267,-1.3707533737994262,0.8666666666666625,0.08888888888888644,0.044444444444451114,0.0073310797051277295,38.4995756575308,-0.2540398413664464,-0.010316420792693643,-0.014425597662730959,-0.002161056859535382,-0.0022392832139390695,0.03368474716473062,-0.6943907539144624,2.1558876468684836,-0.9317548534053847,0.5528725790780838,-1.0,0.16,-0.028604209526823854,0.49999999999999994,-0.8660254037844387,3,1.0,0.92771083,True
ZECUSDT,trend_ema__directionshort_only_fast21_rsi_threshold52.0_slow89,trend_ema,2026-02-26 10:00:00+00:00,2026-02-26 11:45:00+00:00,short,0.021293074976509327,0.022093074976509326,target,7,0.23000848684938405,1,True,False,False,0.0007976569831218523,0.022355275667812247,0,0,0.022724198074231473,247.09,247.25,245.45,245.53,8576.801,2026-02-26 10:14:59.999000+00:00,2113194.8661,14080,3132.41,772112.77992,-0.006293031466217158,-0.006333503368604386,-0.014916901153240267,-1.3707533737994262,0.8666666666666625,0.08888888888888644,0.044444444444451114,0.0073310797051277295,38.4995756575308,-0.2540398413664464,-0.010316420792693643,-0.014425597662730959,-0.002161056859535382,-0.0022392832139390695,0.03368474716473062,-0.6943907539144624,2.1558876468684836,-0.9317548534053847,0.5528725790780838,-1.0,0.16,-0.028604209526823854,0.49999999999999994,-0.8660254037844387,3,1.0,0.92771083,True
ZECUSDT,trend_ema__directionshort_only_fast21_rsi_threshold55.0_slow89,trend_ema,2026-02-26 10:00:00+00:00,2026-02-26 11:45:00+00:00,short,0.021293074976509327,0.022093074976509326,target,7,0.23000848684938405,1,True,False,False,0.0007976569831218523,0.022355275667812247,0,0,0.02256853696016648,247.09,247.25,245.45,245.53,8576.801,2026-02-26 10:14:59.999000+00:00,2113194.8661,14080,3132.41,772112.77992,-0.006293031466217158,-0.006333503368604386,-0.014916901153240267,-1.3707533737994262,0.8666666666666625,0.08888888888888644,0.044444444444451114,0.0073310797051277295,38.4995756575308,-0.2540398413664464,-0.010316420792693643,-0.014425597662730959,-0.002161056859535382,-0.0022392832139390695,0.03368474716473062,-0.6943907539144624,2.1558876468684836,-0.9317548534053847,0.5528725790780838,-1.0,0.16,-0.028604209526823854,0.49999999999999994,-0.8660254037844387,3,1.0,0.94623655,True
ZECUSDT,trend_ema__directionshort_only_fast21_rsi_threshold52.0_slow89,trend_ema,2026-02-26 10:00:00+00:00,2026-02-26 11:45:00+00:00,short,0.021293074976509327,0.022093074976509326,target,7,0.23000848684938405,1,True,False,False,0.0007976569831218523,0.022355275667812247,0,0,0.022724198074231473,247.09,247.25,245.45,245.53,8576.801,2026-02-26 10:14:59.999000+00:00,2113194.8661,14080,3132.41,772112.77992,-0.006293031466217158,-0.006333503368604386,-0.014916901153240267,-1.3707533737994262,0.8666666666666625,0.08888888888888644,0.044444444444451114,0.0073310797051277295,38.4995756575308,-0.2540398413664464,-0.010316420792693643,-0.014425597662730959,-0.002161056859535382,-0.0022392832139390695,0.03368474716473062,-0.6943907539144624,2.1558876468684836,-0.9317548534053847,0.5528725790780838,-1.0,0.16,-0.028604209526823854,0.49999999999999994,-0.8660254037844387,3,1.0,0.94623655,True
DOGEUSDT,trend_ema__directionshort_only_fast12_rsi_threshold55.0_slow89,trend_ema,2026-02-26 11:00:00+00:00,2026-02-26 15:15:00+00:00,short,0.013115489651056534,0.013915489651056535,target,17,0.34033159580183053,1,True,False,False,0.005712592150223954,0.015222897247915285,0,0,0.01383776994502513,0.09889,0.099,0.09844,0.09864,79832537.0,2026-02-26 11:14:59.999000+00:00,7878345.61387,14674,24900855.0,2457824.21667,-0.0025312624258105503,-0.01078911398461254,-0.012592721687969483,-3.5835654323534323,0.4464285714285679,0.1964285714285679,0.3571428571428642,0.005677210056772151,32.98342020990847,-6.972827320348189e-05,-0.011018116513348802,-0.015517004981492557,-0.0028621689414174423,-0.002181014996429642,0.0169585980483689,-1.2655669080797987,0.0005510472180086879,1.0147130042139663,1.4830384754999064,-1.0,0.21,-0.01664838999102769,0.258819045102521,-0.9659258262890682,3,1.0,0.92771083,True
DOGEUSDT,trend_ema__directionboth_fast12_rsi_threshold55.0_slow89,trend_ema,2026-02-26 11:00:00+00:00,2026-02-26 15:15:00+00:00,short,0.013115489651056534,0.013915489651056535,target,17,0.34033159580183053,1,True,False,False,0.005712592150223954,0.015222897247915285,0,0,0.005848231577130261,0.09889,0.099,0.09844,0.09864,79832537.0,2026-02-26 11:14:59.999000+00:00,7878345.61387,14674,24900855.0,2457824.21667,-0.0025312624258105503,-0.01078911398461254,-0.012592721687969483,-3.5835654323534323,0.4464285714285679,0.1964285714285679,0.3571428571428642,0.005677210056772151,32.98342020990847,-6.972827320348189e-05,-0.011018116513348802,-0.015517004981492557,-0.0028621689414174423,-0.002181014996429642,0.0169585980483689,-1.2655669080797987,0.0005510472180086879,1.0147130042139663,1.4830384754999064,-1.0,0.21,-0.01664838999102769,0.258819045102521,-0.9659258262890682,3,1.0,0.92771083,True
DOGEUSDT,trend_ema__directionshort_only_fast9_rsi_threshold55.0_slow89,trend_ema,2026-02-26 11:00:00+00:00,2026-02-26 15:15:00+00:00,short,0.013115489651056534,0.013915489651056535,target,17,0.34033159580183053,1,True,False,False,0.005712592150223954,0.015222897247915285,0,0,0.007865898174308864,0.09889,0.099,0.09844,0.09864,79832537.0,2026-02-26 11:14:59.999000+00:00,7878345.61387,14674,24900855.0,2457824.21667,-0.0025312624258105503,-0.01078911398461254,-0.012592721687969483,-3.5835654323534323,0.4464285714285679,0.1964285714285679,0.3571428571428642,0.005677210056772151,32.98342020990847,-6.972827320348189e-05,-0.011018116513348802,-0.015517004981492557,-0.0028621689414174423,-0.002181014996429642,0.0169585980483689,-1.2655669080797987,0.0005510472180086879,1.0147130042139663,1.4830384754999064,-1.0,0.21,-0.01664838999102769,0.258819045102521,-0.9659258262890682,3,1.0,0.92771083,True
DOGEUSDT,trend_ema__directionshort_only_fast12_rsi_threshold58.0_slow89,trend_ema,2026-02-26 11:00:00+00:00,2026-02-26 15:15:00+00:00,short,0.013115489651056534,0.013915489651056535,target,17,0.34033159580183053,1,True,False,False,0.005712592150223954,0.015222897247915285,0,0,0.010177266886773263,0.09889,0.099,0.09844,0.09864,79832537.0,2026-02-26 11:14:59.999000+00:00,7878345.61387,14674,24900855.0,2457824.21667,-0.0025312624258105503,-0.01078911398461254,-0.012592721687969483,-3.5835654323534323,0.4464285714285679,0.1964285714285679,0.3571428571428642,0.005677210056772151,32.98342020990847,-6.972827320348189e-05,-0.011018116513348802,-0.015517004981492557,-0.0028621689414174423,-0.002181014996429642,0.0169585980483689,-1.2655669080797987,0.0005510472180086879,1.0147130042139663,1.4830384754999064,-1.0,0.21,-0.01664838999102769,0.258819045102521,-0.9659258262890682,3,1.0,0.92771083,True
DOGEUSDT,trend_ema__directionboth_fast12_rsi_threshold52.0_slow89,trend_ema,2026-02-26 11:00:00+00:00,2026-02-26 15:15:00+00:00,short,0.013115489651056534,0.013915489651056535,target,17,0.34033159580183053,1,True,False,False,0.005712592150223954,0.015222897247915285,0,0,0.01414897565593456,0.09889,0.099,0.09844,0.09864,79832537.0,2026-02-26 11:14:59.999000+00:00,7878345.61387,14674,24900855.0,2457824.21667,-0.0025312624258105503,-0.01078911398461254,-0.012592721687969483,-3.5835654323534323,0.4464285714285679,0.1964285714285679,0.3571428571428642,0.005677210056772151,32.98342020990847,-6.972827320348189e-05,-0.011018116513348802,-0.015517004981492557,-0.0028621689414174423,-0.002181014996429642,0.0169585980483689,-1.2655669080797987,0.0005510472180086879,1.0147130042139663,1.4830384754999064,-1.0,0.21,-0.01664838999102769,0.258819045102521,-0.9659258262890682,3,1.0,0.92771083,True
DOGEUSDT,trend_ema__directionboth_fast12_rsi_threshold58.0_slow89,trend_ema,2026-02-26 11:00:00+00:00,2026-02-26 15:15:00+00:00,short,0.013115489651056534,0.013915489651056535,target,17,0.34033159580183053,1,True,False,False,0.005712592150223954,0.015222897247915285,0,0,0.013942278454958953,0.09889,0.099,0.09844,0.09864,79832537.0,2026-02-26 11:14:59.999000+00:00,7878345.61387,14674,24900855.0,2457824.21667,-0.0025312624258105503,-0.01078911398461254,-0.012592721687969483,-3.5835654323534323,0.4464285714285679,0.1964285714285679,0.3571428571428642,0.005677210056772151,32.98342020990847,-6.972827320348189e-05,-0.011018116513348802,-0.015517004981492557,-0.0028621689414174423,-0.002181014996429642,0.0169585980483689,-1.2655669080797987,0.0005510472180086879,1.0147130042139663,1.4830384754999064,-1.0,0.21,-0.01664838999102769,0.258819045102521,-0.9659258262890682,3,1.0,0.92771083,True
DOGEUSDT,trend_ema__directionshort_only_fast12_rsi_threshold52.0_slow89,trend_ema,2026-02-26 11:00:00+00:00,2026-02-26 15:15:00+00:00,short,0.013115489651056534,0.013915489651056535,target,17,0.34033159580183053,1,True,False,False,0.005712592150223954,0.015222897247915285,0,0,0.01373558125398335,0.09889,0.099,0.09844,0.09864,79832537.0,2026-02-26 11:14:59.999000+00:00,7878345.61387,14674,24900855.0,2457824.21667,-0.0025312624258105503,-0.01078911398461254,-0.012592721687969483,-3.5835654323534323,0.4464285714285679,0.1964285714285679,0.3571428571428642,0.005677210056772151,32.98342020990847,-6.972827320348189e-05,-0.011018116513348802,-0.015517004981492557,-0.0028621689414174423,-0.002181014996429642,0.0169585980483689,-1.2655669080797987,0.0005510472180086879,1.0147130042139663,1.4830384754999064,-1.0,0.21,-0.01664838999102769,0.258819045102521,-0.9659258262890682,3,1.0,0.92771083,True
DOGEUSDT,trend_ema__directionboth_fast9_rsi_threshold58.0_slow89,trend_ema,2026-02-26 11:00:00+00:00,2026-02-26 15:15:00+00:00,short,0.013115489651056534,0.013915489651056535,target,17,0.34033159580183053,1,True,False,False,0.005712592150223954,0.015222897247915285,0,0,0.013528884053007745,0.09889,0.099,0.09844,0.09864,79832537.0,2026-02-26 11:14:59.999000+00:00,7878345.61387,14674,24900855.0,2457824.21667,-0.0025312624258105503,-0.01078911398461254,-0.012592721687969483,-3.5835654323534323,0.4464285714285679,0.1964285714285679,0.3571428571428642,0.005677210056772151,32.98342020990847,-6.972827320348189e-05,-0.011018116513348802,-0.015517004981492557,-0.0028621689414174423,-0.002181014996429642,0.0169585980483689,-1.2655669080797987,0.0005510472180086879,1.0147130042139663,1.4830384754999064,-1.0,0.21,-0.01664838999102769,0.258819045102521,-0.9659258262890682,3,1.0,0.92771083,True
DOGEUSDT,trend_ema__directionshort_only_fast9_rsi_threshold52.0_slow89,trend_ema,2026-02-26 11:00:00+00:00,2026-02-26 15:15:00+00:00,short,0.013115489651056534,0.013915489651056535,target,17,0.34033159580183053,1,True,False,False,0.005712592150223954,0.015222897247915285,0,0,0.012007518415899197,0.09889,0.099,0.09844,0.09864,79832537.0,2026-02-26 11:14:59.999000+00:00,7878345.61387,14674,24900855.0,2457824.21667,-0.0025312624258105503,-0.01078911398461254,-0.012592721687969483,-3.5835654323534323,0.4464285714285679,0.1964285714285679,0.3571428571428642,0.005677210056772151,32.98342020990847,-6.972827320348189e-05,-0.011018116513348802,-0.015517004981492557,-0.0028621689414174423,-0.002181014996429642,0.0169585980483689,-1.2655669080797987,0.0005510472180086879,1.0147130042139663,1.4830384754999064,-1.0,0.21,-0.01664838999102769,0.258819045102521,-0.9659258262890682,3,1.0,0.92771083,True
DOGEUSDT,trend_ema__directionboth_fast9_rsi_threshold58.0_slow89,trend_ema,2026-02-26 11:00:00+00:00,2026-02-26 15:15:00+00:00,short,0.013115489651056534,0.013915489651056535,target,17,0.34033159580183053,1,True,False,False,0.005712592150223954,0.015222897247915285,0,0,0.013528884053007745,0.09889,0.099,0.09844,0.09864,79832537.0,2026-02-26 11:14:59.999000+00:00,7878345.61387,14674,24900855.0,2457824.21667,-0.0025312624258105503,-0.01078911398461254,-0.012592721687969483,-3.5835654323534323,0.4464285714285679,0.1964285714285679,0.3571428571428642,0.005677210056772151,32.98342020990847,-6.972827320348189e-05,-0.011018116513348802,-0.015517004981492557,-0.0028621689414174423,-0.002181014996429642,0.0169585980483689,-1.2655669080797987,0.0005510472180086879,1.0147130042139663,1.4830384754999064,-1.0,0.21,-0.01664838999102769,0.258819045102521,-0.9659258262890682,3,1.0,0.92105263,True
DOGEUSDT,trend_ema__directionshort_only_fast12_rsi_threshold52.0_slow89,trend_ema,2026-02-26 11:00:00+00:00,2026-02-26 15:15:00+00:00,short,0.013115489651056534,0.013915489651056535,target,17,0.34033159580183053,1,True,False,False,0.005712592150223954,0.015222897247915285,0,0,0.01373558125398335,0.09889,0.099,0.09844,0.09864,79832537.0,2026-02-26 11:14:59.999000+00:00,7878345.61387,14674,24900855.0,2457824.21667,-0.0025312624258105503,-0.01078911398461254,-0.012592721687969483,-3.5835654323534323,0.4464285714285679,0.1964285714285679,0.3571428571428642,0.005677210056772151,32.98342020990847,-6.972827320348189e-05,-0.011018116513348802,-0.015517004981492557,-0.0028621689414174423,-0.002181014996429642,0.0169585980483689,-1.2655669080797987,0.0005510472180086879,1.0147130042139663,1.4830384754999064,-1.0,0.21,-0.01664838999102769,0.258819045102521,-0.9659258262890682,3,1.0,0.92105263,True
DOGEUSDT,trend_ema__directionboth_fast12_rsi_threshold58.0_slow89,trend_ema,2026-02-26 11:00:00+00:00,2026-02-26 15:15:00+00:00,short,0.013115489651056534,0.013915489651056535,target,17,0.34033159580183053,1,True,False,False,0.005712592150223954,0.015222897247915285,0,0,0.013942278454958953,0.09889,0.099,0.09844,0.09864,79832537.0,2026-02-26 11:14:59.999000+00:00,7878345.61387,14674,24900855.0,2457824.21667,-0.0025312624258105503,-0.01078911398461254,-0.012592721687969483,-3.5835654323534323,0.4464285714285679,0.1964285714285679,0.3571428571428642,0.005677210056772151,32.98342020990847,-6.972827320348189e-05,-0.011018116513348802,-0.015517004981492557,-0.0028621689414174423,-0.002181014996429642,0.0169585980483689,-1.2655669080797987,0.0005510472180086879,1.0147130042139663,1.4830384754999064,-1.0,0.21,-0.01664838999102769,0.258819045102521,-0.9659258262890682,3,1.0,0.92105263,True
DOGEUSDT,trend_ema__directionboth_fast12_rsi_threshold52.0_slow89,trend_ema,2026-02-26 11:00:00+00:00,2026-02-26 15:15:00+00:00,short,0.013115489651056534,0.013915489651056535,target,17,0.34033159580183053,1,True,False,False,0.005712592150223954,0.015222897247915285,0,0,0.01414897565593456,0.09889,0.099,0.09844,0.09864,79832537.0,2026-02-26 11:14:59.999000+00:00,7878345.61387,14674,24900855.0,2457824.21667,-0.0025312624258105503,-0.01078911398461254,-0.012592721687969483,-3.5835654323534323,0.4464285714285679,0.1964285714285679,0.3571428571428642,0.005677210056772151,32.98342020990847,-6.972827320348189e-05,-0.011018116513348802,-0.015517004981492557,-0.0028621689414174423,-0.002181014996429642,0.0169585980483689,-1.2655669080797987,0.0005510472180086879,1.0147130042139663,1.4830384754999064,-1.0,0.21,-0.01664838999102769,0.258819045102521,-0.9659258262890682,3,1.0,0.92105263,True
DOGEUSDT,trend_ema__directionshort_only_fast12_rsi_threshold58.0_slow89,trend_ema,2026-02-26 11:00:00+00:00,2026-02-26 15:15:00+00:00,short,0.013115489651056534,0.013915489651056535,target,17,0.34033159580183053,1,True,False,False,0.005712592150223954,0.015222897247915285,0,0,0.010177266886773263,0.09889,0.099,0.09844,0.09864,79832537.0,2026-02-26 11:14:59.999000+00:00,7878345.61387,14674,24900855.0,2457824.21667,-0.0025312624258105503,-0.01078911398461254,-0.012592721687969483,-3.5835654323534323,0.4464285714285679,0.1964285714285679,0.3571428571428642,0.005677210056772151,32.98342020990847,-6.972827320348189e-05,-0.011018116513348802,-0.015517004981492557,-0.0028621689414174423,-0.002181014996429642,0.0169585980483689,-1.2655669080797987,0.0005510472180086879,1.0147130042139663,1.4830384754999064,-1.0,0.21,-0.01664838999102769,0.258819045102521,-0.9659258262890682,3,1.0,0.92105263,True
DOGEUSDT,trend_ema__directionshort_only_fast9_rsi_threshold52.0_slow89,trend_ema,2026-02-26 11:00:00+00:00,2026-02-26 15:15:00+00:00,short,0.013115489651056534,0.013915489651056535,target,17,0.34033159580183053,1,True,False,False,0.005712592150223954,0.015222897247915285,0,0,0.012007518415899197,0.09889,0.099,0.09844,0.09864,79832537.0,2026-02-26 11:14:59.999000+00:00,7878345.61387,14674,24900855.0,2457824.21667,-0.0025312624258105503,-0.01078911398461254,-0.012592721687969483,-3.5835654323534323,0.4464285714285679,0.1964285714285679,0.3571428571428642,0.005677210056772151,32.98342020990847,-6.972827320348189e-05,-0.011018116513348802,-0.015517004981492557,-0.0028621689414174423,-0.002181014996429642,0.0169585980483689,-1.2655669080797987,0.0005510472180086879,1.0147130042139663,1.4830384754999064,-1.0,0.21,-0.01664838999102769,0.258819045102521,-0.9659258262890682,3,1.0,0.92105263,True
DOGEUSDT,trend_ema__directionshort_only_fast9_rsi_threshold55.0_slow89,trend_ema,2026-02-26 11:00:00+00:00,2026-02-26 15:15:00+00:00,short,0.013115489651056534,0.013915489651056535,target,17,0.34033159580183053,1,True,False,False,0.005712592150223954,0.015222897247915285,0,0,0.007865898174308864,0.09889,0.099,0.09844,0.09864,79832537.0,2026-02-26 11:14:59.999000+00:00,7878345.61387,14674,24900855.0,2457824.21667,-0.0025312624258105503,-0.01078911398461254,-0.012592721687969483,-3.5835654323534323,0.4464285714285679,0.1964285714285679,0.3571428571428642,0.005677210056772151,32.98342020990847,-6.972827320348189e-05,-0.011018116513348802,-0.015517004981492557,-0.0028621689414174423,-0.002181014996429642,0.0169585980483689,-1.2655669080797987,0.0005510472180086879,1.0147130042139663,1.4830384754999064,-1.0,0.21,-0.01664838999102769,0.258819045102521,-0.9659258262890682,3,1.0,0.92105263,True
DOGEUSDT,trend_ema__directionboth_fast12_rsi_threshold55.0_slow89,trend_ema,2026-02-26 11:00:00+00:00,2026-02-26 15:15:00+00:00,short,0.013115489651056534,0.013915489651056535,target,17,0.34033159580183053,1,True,False,False,0.005712592150223954,0.015222897247915285,0,0,0.005848231577130261,0.09889,0.099,0.09844,0.09864,79832537.0,2026-02-26 11:14:59.999000+00:00,7878345.61387,14674,24900855.0,2457824.21667,-0.0025312624258105503,-0.01078911398461254,-0.012592721687969483,-3.5835654323534323,0.4464285714285679,0.1964285714285679,0.3571428571428642,0.005677210056772151,32.98342020990847,-6.972827320348189e-05,-0.011018116513348802,-0.015517004981492557,-0.0028621689414174423,-0.002181014996429642,0.0169585980483689,-1.2655669080797987,0.0005510472180086879,1.0147130042139663,1.4830384754999064,-1.0,0.21,-0.01664838999102769,0.258819045102521,-0.9659258262890682,3,1.0,0.92105263,True
DOGEUSDT,trend_ema__directionshort_only_fast12_rsi_threshold55.0_slow89,trend_ema,2026-02-26 11:00:00+00:00,2026-02-26 15:15:00+00:00,short,0.013115489651056534,0.013915489651056535,target,17,0.34033159580183053,1,True,False,False,0.005712592150223954,0.015222897247915285,0,0,0.01383776994502513,0.09889,0.099,0.09844,0.09864,79832537.0,2026-02-26 11:14:59.999000+00:00,7878345.61387,14674,24900855.0,2457824.21667,-0.0025312624258105503,-0.01078911398461254,-0.012592721687969483,-3.5835654323534323,0.4464285714285679,0.1964285714285679,0.3571428571428642,0.005677210056772151,32.98342020990847,-6.972827320348189e-05,-0.011018116513348802,-0.015517004981492557,-0.0028621689414174423,-0.002181014996429642,0.0169585980483689,-1.2655669080797987,0.0005510472180086879,1.0147130042139663,1.4830384754999064,-1.0,0.21,-0.01664838999102769,0.258819045102521,-0.9659258262890682,3,1.0,0.92105263,True
BTCUSDT,trend_ema__directionshort_only_fast21_rsi_threshold52.0_slow55,trend_ema,2026-02-26 14:45:00+00:00,2026-02-26 15:15:00+00:00,short,0.009308247421857367,0.010108247421857368,target,2,0.24519625893422087,1,True,False,False,0.0005352541919325595,0.01373307811949471,0,0,0.0035141406825886243,67761.6,67787.7,67235.8,67659.8,8759.596,2026-02-26 14:59:59.999000+00:00,590852042.1681,216082,3990.526,269164694.5399,-0.001503455423966139,-0.0032168223133307427,-0.009006054323311571,-1.6957322883512207,0.1844537053814169,0.04729117593765455,0.7682551186809286,0.00815698538866497,37.740187053288956,-40.471669997289354,-0.005501068176268418,-0.006394424876963646,-0.0010951086532330345,-0.0007512047180953108,0.01185757532715321,-1.0878043420284331,293.79364531502875,4.467279908744797,4.788537156516401,-1.0,0.01,-0.012082532089891074,-0.4999999999999997,-0.8660254037844388,3,1.0,0.8378378,True
BTCUSDT,trend_ema__directionshort_only_fast21_rsi_threshold52.0_slow55,trend_ema,2026-02-26 14:45:00+00:00,2026-02-26 15:15:00+00:00,short,0.009308247421857367,0.010108247421857368,target,2,0.24519625893422087,1,True,False,False,0.0005352541919325595,0.01373307811949471,0,0,0.0035141406825886243,67761.6,67787.7,67235.8,67659.8,8759.596,2026-02-26 14:59:59.999000+00:00,590852042.1681,216082,3990.526,269164694.5399,-0.001503455423966139,-0.0032168223133307427,-0.009006054323311571,-1.6957322883512207,0.1844537053814169,0.04729117593765455,0.7682551186809286,0.00815698538866497,37.740187053288956,-40.471669997289354,-0.005501068176268418,-0.006394424876963646,-0.0010951086532330345,-0.0007512047180953108,0.01185757532715321,-1.0878043420284331,293.79364531502875,4.467279908744797,4.788537156516401,-1.0,0.01,-0.012082532089891074,-0.4999999999999997,-0.8660254037844388,3,1.0,0.92771083,True
BTCUSDT,trend_ema__directionshort_only_fast21_rsi_threshold55.0_slow55,trend_ema,2026-02-26 14:45:00+00:00,2026-02-26 15:15:00+00:00,short,0.009308247421857367,0.010108247421857368,target,2,0.24519625893422087,1,True,False,False,0.0005352541919325595,0.01373307811949471,0,1,0.001031951287433551,67761.6,67787.7,67235.8,67659.8,8759.596,2026-02-26 14:59:59.999000+00:00,590852042.1681,216082,3990.526,269164694.5399,-0.001503455423966139,-0.0032168223133307427,-0.009006054323311571,-1.6957322883512207,0.1844537053814169,0.04729117593765455,0.7682551186809286,0.00815698538866497,37.740187053288956,-40.471669997289354,-0.005501068176268418,-0.006394424876963646,-0.0010951086532330345,-0.0007512047180953108,0.01185757532715321,-1.0878043420284331,293.79364531502875,4.467279908744797,4.788537156516401,-1.0,0.01,-0.012082532089891074,-0.4999999999999997,-0.8660254037844388,3,1.0,0.75384617,True
XRPUSDT,trend_ema__directionshort_only_fast21_rsi_threshold58.0_slow55,trend_ema,2026-02-26 14:45:00+00:00,2026-02-26 15:15:00+00:00,short,0.012642022121796815,0.013442022121796815,target,2,0.11705539322952944,1,True,False,False,0.0040606775278266664,0.0139562688348232,0,0,0.0016324057963719315,1.4322,1.4378,1.4214,1.4349,28650584.7,2026-02-26 14:59:59.999000+00:00,40908128.45387,55769,14306796.5,20428029.68102,0.0018834367815216751,-0.002992243281962438,-0.00493587849053344,-1.1149331087991696,0.16463414634147266,0.1768292682926773,0.65853658536585,0.011429367900202084,44.14723033852353,-0.0005792071394043704,-0.003228674967734216,-0.0038956125863205955,-0.0010078644763521494,-0.0005200257246519291,0.013865458898054387,-0.5762103899457496,0.008320974066626444,4.347664242618603,3.913406572266339,-1.0,0.02,-0.011844914262103101,-0.4999999999999997,-0.8660254037844388,3,1.0,0.75384617,True
BTCUSDT,trend_ema__directionshort_only_fast21_rsi_threshold58.0_slow55,trend_ema,2026-02-26 14:45:00+00:00,2026-02-26 15:15:00+00:00,short,0.009308247421857367,0.010108247421857368,target,2,0.24519625893422087,1,True,False,False,0.0005352541919325595,0.01373307811949471,0,3,-0.0014502381077215213,67761.6,67787.7,67235.8,67659.8,8759.596,2026-02-26 14:59:59.999000+00:00,590852042.1681,216082,3990.526,269164694.5399,-0.001503455423966139,-0.0032168223133307427,-0.009006054323311571,-1.6957322883512207,0.1844537053814169,0.04729117593765455,0.7682551186809286,0.00815698538866497,37.740187053288956,-40.471669997289354,-0.005501068176268418,-0.006394424876963646,-0.0010951086532330345,-0.0007512047180953108,0.01185757532715321,-1.0878043420284331,293.79364531502875,4.467279908744797,4.788537156516401,-1.0,0.01,-0.012082532089891074,-0.4999999999999997,-0.8660254037844388,3,1.0,0.75384617,True
BTCUSDT,trend_ema__directionboth_fast21_rsi_threshold58.0_slow55,trend_ema,2026-02-26 14:45:00+00:00,2026-02-26 15:15:00+00:00,short,0.009308247421857367,0.010108247421857368,target,2,0.24519625893422087,1,True,False,False,0.0005352541919325595,0.01373307811949471,0,2,-0.00020914341014398509,67761.6,67787.7,67235.8,67659.8,8759.596,2026-02-26 14:59:59.999000+00:00,590852042.1681,216082,3990.526,269164694.5399,-0.001503455423966139,-0.0032168223133307427,-0.009006054323311571,-1.6957322883512207,0.1844537053814169,0.04729117593765455,0.7682551186809286,0.00815698538866497,37.740187053288956,-40.471669997289354,-0.005501068176268418,-0.006394424876963646,-0.0010951086532330345,-0.0007512047180953108,0.01185757532715321,-1.0878043420284331,293.79364531502875,4.467279908744797,4.788537156516401,-1.0,0.01,-0.012082532089891074,-0.4999999999999997,-0.8660254037844388,3,1.0,0.75384617,True
ETHUSDT,trend_ema__directionshort_only_fast12_rsi_threshold55.0_slow34,trend_ema,2026-02-26 15:00:00+00:00,2026-02-26 15:15:00+00:00,short,0.013428573306396178,0.014228573306396179,target,1,0.3137289920853846,1,True,False,False,0.0012427520886921783,0.017094616264900137,0,1,0.01185617664728975,2050.22,2052.46,2037.35,2041.7,91784.538,2026-02-26 15:14:59.999000+00:00,187766928.06428,194038,42250.278,86441590.11059,-0.004164310305405377,-0.011536276406271674,-0.010548081380181354,-4.634485337335919,0.5638649900727785,0.14824619457314478,0.28788881535407673,0.007400695498849061,34.31355039573077,-2.272743666877597,-0.009382239050014077,-0.008486403666343397,-0.0019006349576781156,-0.00029244017295282365,0.0137335157462791,-1.4636150605729585,11.912865357407536,0.9171404653014728,1.8477555629235907,1.0,0.07,-0.014366678574532,-0.7071067811865471,-0.7071067811865479,3,1.0,0.8378378,True
ETHUSDT,trend_ema__directionshort_only_fast12_rsi_threshold55.0_slow34,trend_ema,2026-02-26 15:00:00+00:00,2026-02-26 15:15:00+00:00,short,0.013428573306396178,0.014228573306396179,target,1,0.3137289920853846,1,True,False,False,0.0012427520886921783,0.017094616264900137,0,1,0.01185617664728975,2050.22,2052.46,2037.35,2041.7,91784.538,2026-02-26 15:14:59.999000+00:00,187766928.06428,194038,42250.278,86441590.11059,-0.004164310305405377,-0.011536276406271674,-0.010548081380181354,-4.634485337335919,0.5638649900727785,0.14824619457314478,0.28788881535407673,0.007400695498849061,34.31355039573077,-2.272743666877597,-0.009382239050014077,-0.008486403666343397,-0.0019006349576781156,-0.00029244017295282365,0.0137335157462791,-1.4636150605729585,11.912865357407536,0.9171404653014728,1.8477555629235907,1.0,0.07,-0.014366678574532,-0.7071067811865471,-0.7071067811865479,3,1.0,0.92771083,True
BTCUSDT,trend_ema__directionshort_only_fast9_rsi_threshold52.0_slow89,trend_ema,2026-02-26 15:15:00+00:00,2026-02-26 16:45:00+00:00,short,0.010663493795175153,0.011463493795175153,target,6,0.4770296721743506,1,True,False,False,0.004312685782220303,0.01298991495335568,0,0,0.007658454856932641,67346.8,67369.8,66821.0,66950.7,9177.534,2026-02-26 15:29:59.999000+00:00,615146542.6642,197659,3924.375,262997449.698,-0.005897376236738273,-0.016682889842881195,-0.01738185376016149,-7.098622316255783,0.7217565597667707,0.04190962099125342,0.23633381924197594,0.00819707635618452,26.14851639128247,-102.73702979955164,-0.0137305392452315,-0.01596507747372796,-0.002955891595044502,-0.0015660315398428049,0.01983027637280968,-1.5190439249251144,325.9108472359185,3.4013907908220373,4.295368356523505,-1.0,0.34,-0.021368870646635396,-0.7071067811865471,-0.7071067811865479,3,1.0,1.0,True
BTCUSDT,trend_ema__directionboth_fast9_rsi_threshold58.0_slow89,trend_ema,2026-02-26 15:15:00+00:00,2026-02-26 16:45:00+00:00,short,0.010663493795175153,0.011463493795175153,target,6,0.4770296721743506,1,True,False,False,0.004312685782220303,0.01298991495335568,0,0,0.004137898796246335,67346.8,67369.8,66821.0,66950.7,9177.534,2026-02-26 15:29:59.999000+00:00,615146542.6642,197659,3924.375,262997449.698,-0.005897376236738273,-0.016682889842881195,-0.01738185376016149,-7.098622316255783,0.7217565597667707,0.04190962099125342,0.23633381924197594,0.00819707635618452,26.14851639128247,-102.73702979955164,-0.0137305392452315,-0.01596507747372796,-0.002955891595044502,-0.0015660315398428049,0.01983027637280968,-1.5190439249251144,325.9108472359185,3.4013907908220373,4.295368356523505,-1.0,0.34,-0.021368870646635396,-0.7071067811865471,-0.7071067811865479,3,1.0,0.94623655,True
BTCUSDT,trend_ema__directionshort_only_fast9_rsi_threshold55.0_slow89,trend_ema,2026-02-26 15:15:00+00:00,2026-02-26 16:45:00+00:00,short,0.010663493795175153,0.011463493795175153,target,6,0.4770296721743506,1,True,False,False,0.004312685782220303,0.01298991495335568,0,0,0.005898176826589488,67346.8,67369.8,66821.0,66950.7,9177.534,2026-02-26 15:29:59.999000+00:00,615146542.6642,197659,3924.375,262997449.698,-0.005897376236738273,-0.016682889842881195,-0.01738185376016149,-7.098622316255783,0.7217565597667707,0.04190962099125342,0.23633381924197594,0.00819707635618452,26.14851639128247,-102.73702979955164,-0.0137305392452315,-0.01596507747372796,-0.002955891595044502,-0.0015660315398428049,0.01983027637280968,-1.5190439249251144,325.9108472359185,3.4013907908220373,4.295368356523505,-1.0,0.34,-0.021368870646635396,-0.7071067811865471,-0.7071067811865479,3,1.0,1.0,True
BTCUSDT,trend_ema__directionshort_only_fast9_rsi_threshold52.0_slow89,trend_ema,2026-02-26 15:15:00+00:00,2026-02-26 16:45:00+00:00,short,0.010663493795175153,0.011463493795175153,target,6,0.4770296721743506,1,True,False,False,0.004312685782220303,0.01298991495335568,0,0,0.007658454856932641,67346.8,67369.8,66821.0,66950.7,9177.534,2026-02-26 15:29:59.999000+00:00,615146542.6642,197659,3924.375,262997449.698,-0.005897376236738273,-0.016682889842881195,-0.01738185376016149,-7.098622316255783,0.7217565597667707,0.04190962099125342,0.23633381924197594,0.00819707635618452,26.14851639128247,-102.73702979955164,-0.0137305392452315,-0.01596507747372796,-0.002955891595044502,-0.0015660315398428049,0.01983027637280968,-1.5190439249251144,325.9108472359185,3.4013907908220373,4.295368356523505,-1.0,0.34,-0.021368870646635396,-0.7071067811865471,-0.7071067811865479,3,1.0,0.94623655,True
BTCUSDT,trend_ema__directionshort_only_fast9_rsi_threshold55.0_slow89,trend_ema,2026-02-26 15:15:00+00:00,2026-02-26 16:45:00+00:00,short,0.010663493795175153,0.011463493795175153,target,6,0.4770296721743506,1,True,False,False,0.004312685782220303,0.01298991495335568,0,0,0.005898176826589488,67346.8,67369.8,66821.0,66950.7,9177.534,2026-02-26 15:29:59.999000+00:00,615146542.6642,197659,3924.375,262997449.698,-0.005897376236738273,-0.016682889842881195,-0.01738185376016149,-7.098622316255783,0.7217565597667707,0.04190962099125342,0.23633381924197594,0.00819707635618452,26.14851639128247,-102.73702979955164,-0.0137305392452315,-0.01596507747372796,-0.002955891595044502,-0.0015660315398428049,0.01983027637280968,-1.5190439249251144,325.9108472359185,3.4013907908220373,4.295368356523505,-1.0,0.34,-0.021368870646635396,-0.7071067811865471,-0.7071067811865479,3,1.0,0.94623655,True
BTCUSDT,trend_ema__directionboth_fast9_rsi_threshold58.0_slow89,trend_ema,2026-02-26 15:15:00+00:00,2026-02-26 16:45:00+00:00,short,0.010663493795175153,0.011463493795175153,target,6,0.4770296721743506,1,True,False,False,0.004312685782220303,0.01298991495335568,0,0,0.004137898796246335,67346.8,67369.8,66821.0,66950.7,9177.534,2026-02-26 15:29:59.999000+00:00,615146542.6642,197659,3924.375,262997449.698,-0.005897376236738273,-0.016682889842881195,-0.01738185376016149,-7.098622316255783,0.7217565597667707,0.04190962099125342,0.23633381924197594,0.00819707635618452,26.14851639128247,-102.73702979955164,-0.0137305392452315,-0.01596507747372796,-0.002955891595044502,-0.0015660315398428049,0.01983027637280968,-1.5190439249251144,325.9108472359185,3.4013907908220373,4.295368356523505,-1.0,0.34,-0.021368870646635396,-0.7071067811865471,-0.7071067811865479,3,1.0,1.0,True
XRPUSDT,trend_ema__directionboth_fast12_rsi_threshold58.0_slow89,trend_ema,2026-02-26 15:30:00+00:00,2026-02-26 15:45:00+00:00,short,-0.010413573456347198,-0.009613573456347198,stop,1,0.21846930745804286,0,False,True,False,0.009691415552485594,0.005433459354992553,0,0,0.0036651099030162787,1.4151,1.4277,1.4072,1.4235,31334131.4,2026-02-26 15:44:59.999000+00:00,44431951.60295,58090,17373971.2,24655765.91652,0.005706451076407932,-0.0060930958547471435,-0.012218689281429928,-1.67626988471568,0.40975609756097453,0.20487804878048727,0.38536585365853815,0.01440112399016506,39.07653462709786,-0.002054831117068443,-0.008092382648738296,-0.010482938779158013,-0.0031352664768120597,-0.0018341836879758322,0.019742699263417453,-0.9167716769535272,0.009884650154656805,2.199209751324397,3.2290086104704314,-1.0,0.35,-0.014333194848358932,-0.7071067811865471,-0.7071067811865479,3,1.0,0.75384617,True
SOLUSDT,trend_ema__directionboth_fast12_rsi_threshold58.0_slow89,trend_ema,2026-02-26 15:45:00+00:00,2026-02-26 16:45:00+00:00,short,0.018836219908544737,0.019636219908544736,target,4,0.18556675483402985,1,True,False,False,0.0054755116844328365,0.024625079338935266,0,0,0.004143050733624825,86.39,86.85,86.12,86.52,383104.39,2026-02-26 15:59:59.999000+00:00,33120473.4852,39323,171449.9,14824326.5254,0.0013879252748480759,-0.005187630516815875,-0.0027700848738157124,-1.3531887203148258,0.1780821917808182,0.452054794520552,0.3698630136986299,0.008437355524734048,40.72166225829851,-0.12174395607829624,-0.006681353040703517,-0.009956686963377566,-0.0034035194223416276,-0.0024197909376010296,0.02590525455933933,-0.5501880991421653,0.6821297590075851,0.19830616384380872,1.1712411216841065,-1.0,0.25,-0.015475648611743331,-0.7071067811865471,-0.7071067811865479,3,1.0,0.92771083,True
ETHUSDT,trend_ema__directionboth_fast21_rsi_threshold58.0_slow55,trend_ema,2026-02-26 15:45:00+00:00,2026-02-26 16:45:00+00:00,short,0.016010308339227813,0.016810308339227812,target,4,0.29443798621263484,1,True,False,False,0.00451460403442584,0.025588679203462913,0,0,0.012654432969533636,2027.99,2036.84,2021.16,2032.33,110092.771,2026-02-26 15:59:59.999000+00:00,223587765.16255,179765,54799.536,111334685.27767,0.002132832376393562,-0.008764186360091932,-0.011827453201872107,-2.718565940329969,0.27678571428571197,0.2876275510204106,0.43558673469387743,0.007715282459049385,35.27810068936826,-4.380754456365536,-0.009802220686229216,-0.011379892871245186,-0.004175144445211054,-0.0022641991924732263,0.027852789859597712,-0.8422100934787081,13.78052302850741,0.6034745416050935,1.6840836519603957,-1.0,0.39,-0.018558403677876867,-0.7071067811865471,-0.7071067811865479,3,1.0,0.75384617,True
SOLUSDT,trend_ema__directionboth_fast12_rsi_threshold58.0_slow89,trend_ema,2026-02-26 15:45:00+00:00,2026-02-26 16:45:00+00:00,short,0.018836219908544737,0.019636219908544736,target,4,0.18556675483402985,1,True,False,False,0.0054755116844328365,0.024625079338935266,0,0,0.004143050733624825,86.39,86.85,86.12,86.52,383104.39,2026-02-26 15:59:59.999000+00:00,33120473.4852,39323,171449.9,14824326.5254,0.0013879252748480759,-0.005187630516815875,-0.0027700848738157124,-1.3531887203148258,0.1780821917808182,0.452054794520552,0.3698630136986299,0.008437355524734048,40.72166225829851,-0.12174395607829624,-0.006681353040703517,-0.009956686963377566,-0.0034035194223416276,-0.0024197909376010296,0.02590525455933933,-0.5501880991421653,0.6821297590075851,0.19830616384380872,1.1712411216841065,-1.0,0.25,-0.015475648611743331,-0.7071067811865471,-0.7071067811865479,3,1.0,0.87815535,True
SOLUSDT,trend_ema__directionshort_only_fast21_rsi_threshold52.0_slow89,trend_ema,2026-02-26 16:30:00+00:00,2026-02-26 16:45:00+00:00,short,0.018878239171330833,0.01967823917133083,target,1,0.33281210698046865,1,True,False,False,0.0008437681837246636,0.025865440509718108,0,0,0.009744199113135928,86.5,86.56,85.36,85.49,611999.84,2026-02-26 16:44:59.999000+00:00,52479245.8763,42598,275257.9,23590927.8395,-0.0118606041541407,-0.01058826577186778,-0.022095872623347553,-2.2802907026793426,0.8416666666666689,0.05000000000000178,0.10833333333332928,0.01403672944204004,33.35939465097657,-0.13870205696087173,-0.015597776504598955,-0.02036861189211312,-0.0031529602160705883,-0.0025931923620112762,0.032488904219282105,-1.0708795700589717,0.7178531634619778,0.9778418896805249,1.7920076356567363,-1.0,0.73,-0.02719617660446061,-0.8660254037844385,-0.5000000000000004,3,2.0,0.92105263,True
ETHUSDT,trend_ema__directionboth_fast12_rsi_threshold52.0_slow89,trend_ema,2026-02-26 16:30:00+00:00,2026-02-26 16:45:00+00:00,short,0.01636692793676752,0.01716692793676752,target,1,0.40563323401128343,1,True,False,False,0.0007700478066277774,0.027741274471498274,0,0,0.01625805525571893,2032.48,2033.74,2006.28,2010.86,154900.579,2026-02-26 16:44:59.999000+00:00,312184685.89017,197833,82284.658,165846598.15227,-0.010694231031799284,-0.008487594467722459,-0.026427289454395403,-2.086237017664662,0.7873270211216348,0.04588492352512707,0.1667880553532382,0.013655848741334572,29.71833829943583,-4.4390464341721225,-0.016739538933765993,-0.020339011468270676,-0.00376682803378936,-0.00281985971571197,0.036984423961604215,-1.055413015778012,14.919161477270691,1.1210470333568814,2.1981241510392127,-1.0,0.53,-0.02892657768162432,-0.8660254037844385,-0.5000000000000004,3,2.0,0.8447146,True
ETHUSDT,trend_ema__directionboth_fast12_rsi_threshold55.0_slow89,trend_ema,2026-02-26 16:30:00+00:00,2026-02-26 16:45:00+00:00,short,0.01636692793676752,0.01716692793676752,target,1,0.40563323401128343,1,True,False,False,0.0007700478066277774,0.027741274471498274,0,0,0.01596421979268179,2032.48,2033.74,2006.28,2010.86,154900.579,2026-02-26 16:44:59.999000+00:00,312184685.89017,197833,82284.658,165846598.15227,-0.010694231031799284,-0.008487594467722459,-0.026427289454395403,-2.086237017664662,0.7873270211216348,0.04588492352512707,0.1667880553532382,0.013655848741334572,29.71833829943583,-4.4390464341721225,-0.016739538933765993,-0.020339011468270676,-0.00376682803378936,-0.00281985971571197,0.036984423961604215,-1.055413015778012,14.919161477270691,1.1210470333568814,2.1981241510392127,-1.0,0.53,-0.02892657768162432,-0.8660254037844385,-0.5000000000000004,3,2.0,0.8447146,True
ETHUSDT,trend_ema__directionshort_only_fast12_rsi_threshold55.0_slow89,trend_ema,2026-02-26 16:30:00+00:00,2026-02-26 16:45:00+00:00,short,0.01636692793676752,0.01716692793676752,target,1,0.40563323401128343,1,True,False,False,0.0007700478066277774,0.027741274471498274,0,0,0.013450847527274712,2032.48,2033.74,2006.28,2010.86,154900.579,2026-02-26 16:44:59.999000+00:00,312184685.89017,197833,82284.658,165846598.15227,-0.010694231031799284,-0.008487594467722459,-0.026427289454395403,-2.086237017664662,0.7873270211216348,0.04588492352512707,0.1667880553532382,0.013655848741334572,29.71833829943583,-4.4390464341721225,-0.016739538933765993,-0.020339011468270676,-0.00376682803378936,-0.00281985971571197,0.036984423961604215,-1.055413015778012,14.919161477270691,1.1210470333568814,2.1981241510392127,-1.0,0.53,-0.02892657768162432,-0.8660254037844385,-0.5000000000000004,3,2.0,0.8447146,True
ETHUSDT,trend_ema__directionboth_fast12_rsi_threshold58.0_slow89,trend_ema,2026-02-26 16:30:00+00:00,2026-02-26 16:45:00+00:00,short,0.01636692793676752,0.01716692793676752,target,1,0.40563323401128343,1,True,False,False,0.0007700478066277774,0.027741274471498274,0,0,0.016293717215472896,2032.48,2033.74,2006.28,2010.86,154900.579,2026-02-26 16:44:59.999000+00:00,312184685.89017,197833,82284.658,165846598.15227,-0.010694231031799284,-0.008487594467722459,-0.026427289454395403,-2.086237017664662,0.7873270211216348,0.04588492352512707,0.1667880553532382,0.013655848741334572,29.71833829943583,-4.4390464341721225,-0.016739538933765993,-0.020339011468270676,-0.00376682803378936,-0.00281985971571197,0.036984423961604215,-1.055413015778012,14.919161477270691,1.1210470333568814,2.1981241510392127,-1.0,0.53,-0.02892657768162432,-0.8660254037844385,-0.5000000000000004,3,2.0,0.8447146,True
ETHUSDT,trend_ema__directionshort_only_fast12_rsi_threshold58.0_slow89,trend_ema,2026-02-26 16:30:00+00:00,2026-02-26 16:45:00+00:00,short,0.01636692793676752,0.01716692793676752,target,1,0.40563323401128343,1,True,False,False,0.0007700478066277774,0.027741274471498274,0,0,0.01636504113498084,2032.48,2033.74,2006.28,2010.86,154900.579,2026-02-26 16:44:59.999000+00:00,312184685.89017,197833,82284.658,165846598.15227,-0.010694231031799284,-0.008487594467722459,-0.026427289454395403,-2.086237017664662,0.7873270211216348,0.04588492352512707,0.1667880553532382,0.013655848741334572,29.71833829943583,-4.4390464341721225,-0.016739538933765993,-0.020339011468270676,-0.00376682803378936,-0.00281985971571197,0.036984423961604215,-1.055413015778012,14.919161477270691,1.1210470333568814,2.1981241510392127,-1.0,0.53,-0.02892657768162432,-0.8660254037844385,-0.5000000000000004,3,2.0,0.8447146,True
ETHUSDT,trend_ema__directionshort_only_fast12_rsi_threshold58.0_slow89,trend_ema,2026-02-26 16:30:00+00:00,2026-02-26 16:45:00+00:00,short,0.01636692793676752,0.01716692793676752,target,1,0.40563323401128343,1,True,False,False,0.0007700478066277774,0.027741274471498274,0,0,0.01636504113498084,2032.48,2033.74,2006.28,2010.86,154900.579,2026-02-26 16:44:59.999000+00:00,312184685.89017,197833,82284.658,165846598.15227,-0.010694231031799284,-0.008487594467722459,-0.026427289454395403,-2.086237017664662,0.7873270211216348,0.04588492352512707,0.1667880553532382,0.013655848741334572,29.71833829943583,-4.4390464341721225,-0.016739538933765993,-0.020339011468270676,-0.00376682803378936,-0.00281985971571197,0.036984423961604215,-1.055413015778012,14.919161477270691,1.1210470333568814,2.1981241510392127,-1.0,0.53,-0.02892657768162432,-0.8660254037844385,-0.5000000000000004,3,2.0,0.92771083,True
ETHUSDT,trend_ema__directionboth_fast12_rsi_threshold58.0_slow89,trend_ema,2026-02-26 16:30:00+00:00,2026-02-26 16:45:00+00:00,short,0.01636692793676752,0.01716692793676752,target,1,0.40563323401128343,1,True,False,False,0.0007700478066277774,0.027741274471498274,0,0,0.016293717215472896,2032.48,2033.74,2006.28,2010.86,154900.579,2026-02-26 16:44:59.999000+00:00,312184685.89017,197833,82284.658,165846598.15227,-0.010694231031799284,-0.008487594467722459,-0.026427289454395403,-2.086237017664662,0.7873270211216348,0.04588492352512707,0.1667880553532382,0.013655848741334572,29.71833829943583,-4.4390464341721225,-0.016739538933765993,-0.020339011468270676,-0.00376682803378936,-0.00281985971571197,0.036984423961604215,-1.055413015778012,14.919161477270691,1.1210470333568814,2.1981241510392127,-1.0,0.53,-0.02892657768162432,-0.8660254037844385,-0.5000000000000004,3,2.0,0.92771083,True
ETHUSDT,trend_ema__directionshort_only_fast12_rsi_threshold55.0_slow89,trend_ema,2026-02-26 16:30:00+00:00,2026-02-26 16:45:00+00:00,short,0.01636692793676752,0.01716692793676752,target,1,0.40563323401128343,1,True,False,False,0.0007700478066277774,0.027741274471498274,0,0,0.013450847527274712,2032.48,2033.74,2006.28,2010.86,154900.579,2026-02-26 16:44:59.999000+00:00,312184685.89017,197833,82284.658,165846598.15227,-0.010694231031799284,-0.008487594467722459,-0.026427289454395403,-2.086237017664662,0.7873270211216348,0.04588492352512707,0.1667880553532382,0.013655848741334572,29.71833829943583,-4.4390464341721225,-0.016739538933765993,-0.020339011468270676,-0.00376682803378936,-0.00281985971571197,0.036984423961604215,-1.055413015778012,14.919161477270691,1.1210470333568814,2.1981241510392127,-1.0,0.53,-0.02892657768162432,-0.8660254037844385,-0.5000000000000004,3,2.0,0.92771083,True
ETHUSDT,trend_ema__directionboth_fast12_rsi_threshold55.0_slow89,trend_ema,2026-02-26 16:30:00+00:00,2026-02-26 16:45:00+00:00,short,0.01636692793676752,0.01716692793676752,target,1,0.40563323401128343,1,True,False,False,0.0007700478066277774,0.027741274471498274,0,0,0.01596421979268179,2032.48,2033.74,2006.28,2010.86,154900.579,2026-02-26 16:44:59.999000+00:00,312184685.89017,197833,82284.658,165846598.15227,-0.010694231031799284,-0.008487594467722459,-0.026427289454395403,-2.086237017664662,0.7873270211216348,0.04588492352512707,0.1667880553532382,0.013655848741334572,29.71833829943583,-4.4390464341721225,-0.016739538933765993,-0.020339011468270676,-0.00376682803378936,-0.00281985971571197,0.036984423961604215,-1.055413015778012,14.919161477270691,1.1210470333568814,2.1981241510392127,-1.0,0.53,-0.02892657768162432,-0.8660254037844385,-0.5000000000000004,3,2.0,0.92771083,True
ETHUSDT,trend_ema__directionboth_fast12_rsi_threshold52.0_slow89,trend_ema,2026-02-26 16:30:00+00:00,2026-02-26 16:45:00+00:00,short,0.01636692793676752,0.01716692793676752,target,1,0.40563323401128343,1,True,False,False,0.0007700478066277774,0.027741274471498274,0,0,0.01625805525571893,2032.48,2033.74,2006.28,2010.86,154900.579,2026-02-26 16:44:59.999000+00:00,312184685.89017,197833,82284.658,165846598.15227,-0.010694231031799284,-0.008487594467722459,-0.026427289454395403,-2.086237017664662,0.7873270211216348,0.04588492352512707,0.1667880553532382,0.013655848741334572,29.71833829943583,-4.4390464341721225,-0.016739538933765993,-0.020339011468270676,-0.00376682803378936,-0.00281985971571197,0.036984423961604215,-1.055413015778012,14.919161477270691,1.1210470333568814,2.1981241510392127,-1.0,0.53,-0.02892657768162432,-0.8660254037844385,-0.5000000000000004,3,2.0,0.92771083,True
SOLUSDT,trend_ema__directionshort_only_fast21_rsi_threshold52.0_slow89,trend_ema,2026-02-26 16:30:00+00:00,2026-02-26 16:45:00+00:00,short,0.018878239171330833,0.01967823917133083,target,1,0.33281210698046865,1,True,False,False,0.0008437681837246636,0.025865440509718108,0,0,0.009744199113135928,86.5,86.56,85.36,85.49,611999.84,2026-02-26 16:44:59.999000+00:00,52479245.8763,42598,275257.9,23590927.8395,-0.0118606041541407,-0.01058826577186778,-0.022095872623347553,-2.2802907026793426,0.8416666666666689,0.05000000000000178,0.10833333333332928,0.01403672944204004,33.35939465097657,-0.13870205696087173,-0.015597776504598955,-0.02036861189211312,-0.0031529602160705883,-0.0025931923620112762,0.032488904219282105,-1.0708795700589717,0.7178531634619778,0.9778418896805249,1.7920076356567363,-1.0,0.73,-0.02719617660446061,-0.8660254037844385,-0.5000000000000004,3,2.0,0.92771083,True
SOLUSDT,trend_ema__directionshort_only_fast21_rsi_threshold55.0_slow89,trend_ema,2026-02-26 16:30:00+00:00,2026-02-26 16:45:00+00:00,short,0.018878239171330833,0.01967823917133083,target,1,0.33281210698046865,1,True,False,False,0.0008437681837246636,0.025865440509718108,0,0,0.006941523960241072,86.5,86.56,85.36,85.49,611999.84,2026-02-26 16:44:59.999000+00:00,52479245.8763,42598,275257.9,23590927.8395,-0.0118606041541407,-0.01058826577186778,-0.022095872623347553,-2.2802907026793426,0.8416666666666689,0.05000000000000178,0.10833333333332928,0.01403672944204004,33.35939465097657,-0.13870205696087173,-0.015597776504598955,-0.02036861189211312,-0.0031529602160705883,-0.0025931923620112762,0.032488904219282105,-1.0708795700589717,0.7178531634619778,0.9778418896805249,1.7920076356567363,-1.0,0.73,-0.02719617660446061,-0.8660254037844385,-0.5000000000000004,3,2.0,0.92771083,True
ETHUSDT,trend_ema__directionshort_only_fast12_rsi_threshold52.0_slow89,trend_ema,2026-02-26 16:30:00+00:00,2026-02-26 16:45:00+00:00,short,0.01636692793676752,0.01716692793676752,target,1,0.40563323401128343,1,True,False,False,0.0007700478066277774,0.027741274471498274,0,0,0.01632937917522687,2032.48,2033.74,2006.28,2010.86,154900.579,2026-02-26 16:44:59.999000+00:00,312184685.89017,197833,82284.658,165846598.15227,-0.010694231031799284,-0.008487594467722459,-0.026427289454395403,-2.086237017664662,0.7873270211216348,0.04588492352512707,0.1667880553532382,0.013655848741334572,29.71833829943583,-4.4390464341721225,-0.016739538933765993,-0.020339011468270676,-0.00376682803378936,-0.00281985971571197,0.036984423961604215,-1.055413015778012,14.919161477270691,1.1210470333568814,2.1981241510392127,-1.0,0.53,-0.02892657768162432,-0.8660254037844385,-0.5000000000000004,3,2.0,0.92771083,True
SOLUSDT,trend_ema__directionshort_only_fast21_rsi_threshold55.0_slow89,trend_ema,2026-02-26 16:30:00+00:00,2026-02-26 16:45:00+00:00,short,0.018878239171330833,0.01967823917133083,target,1,0.33281210698046865,1,True,False,False,0.0008437681837246636,0.025865440509718108,0,0,0.006941523960241072,86.5,86.56,85.36,85.49,611999.84,2026-02-26 16:44:59.999000+00:00,52479245.8763,42598,275257.9,23590927.8395,-0.0118606041541407,-0.01058826577186778,-0.022095872623347553,-2.2802907026793426,0.8416666666666689,0.05000000000000178,0.10833333333332928,0.01403672944204004,33.35939465097657,-0.13870205696087173,-0.015597776504598955,-0.02036861189211312,-0.0031529602160705883,-0.0025931923620112762,0.032488904219282105,-1.0708795700589717,0.7178531634619778,0.9778418896805249,1.7920076356567363,-1.0,0.73,-0.02719617660446061,-0.8660254037844385,-0.5000000000000004,3,2.0,0.92105263,True
ETHUSDT,trend_ema__directionshort_only_fast12_rsi_threshold52.0_slow89,trend_ema,2026-02-26 16:30:00+00:00,2026-02-26 16:45:00+00:00,short,0.01636692793676752,0.01716692793676752,target,1,0.40563323401128343,1,True,False,False,0.0007700478066277774,0.027741274471498274,0,0,0.01632937917522687,2032.48,2033.74,2006.28,2010.86,154900.579,2026-02-26 16:44:59.999000+00:00,312184685.89017,197833,82284.658,165846598.15227,-0.010694231031799284,-0.008487594467722459,-0.026427289454395403,-2.086237017664662,0.7873270211216348,0.04588492352512707,0.1667880553532382,0.013655848741334572,29.71833829943583,-4.4390464341721225,-0.016739538933765993,-0.020339011468270676,-0.00376682803378936,-0.00281985971571197,0.036984423961604215,-1.055413015778012,14.919161477270691,1.1210470333568814,2.1981241510392127,-1.0,0.53,-0.02892657768162432,-0.8660254037844385,-0.5000000000000004,3,2.0,0.8447146,True
ETHUSDT,trend_ema__directionlong_only_fast9_rsi_threshold58.0_slow89,trend_ema,2026-02-27 04:15:00+00:00,2026-02-27 06:00:00+00:00,long,-0.008828266452936991,-0.008028266452936991,stop,7,0.40806844947888865,0,False,True,False,0.00868237667774527,0.00561950314908396,0,0,0.013048661664698823,2051.87,2063.71,2051.25,2055.68,89461.474,2026-02-27 04:29:59.999000+00:00,184085151.98668,117880,52579.837,108187619.24942,0.0018551209809584128,0.01771712445358616,0.016643220462301263,6.004405152483123,0.3057784911717443,0.6444622792937541,0.04975922953450153,0.006061254669987565,70.40342247394443,4.115585771506856,0.012682783040951233,0.013187085215274664,0.0037129839104588225,0.0013513566543217337,0.025783249196419493,1.1858857979642379,11.089075733260062,1.843025706352935,2.503153762753997,1.0,0.51,0.0,0.8660254037844386,0.5000000000000001,4,0.0,0.75384617,True
ZECUSDT,trend_ema__directionshort_only_fast21_rsi_threshold55.0_slow55,trend_ema,2026-02-27 07:30:00+00:00,2026-02-27 08:45:00+00:00,short,-0.010013290552442801,-0.0092132905524428,stop,5,0.22694211355316513,0,False,True,False,0.00985899271678451,0.004851568212623014,0,0,0.020841421824371414,237.96,238.51,236.77,237.76,14187.784,2026-02-27 07:44:59.999000+00:00,3370691.05221,14870,6411.607,1523757.84167,-0.0008408307903106208,-0.011749345957652643,-0.005076259510891382,-2.623372983377255,0.11494252873564326,0.31609195402298224,0.5689655172413746,0.0073183041722744814,38.652894322341744,-0.5289776180156701,-0.009416295010157772,-0.009923778132041322,-0.0026234650756717937,-0.0010942825807900292,0.03330131326089494,-0.7153231320783445,1.481278804222002,1.1287447729940787,1.6360838096498589,-1.0,0.83,-0.02677036430618096,0.9659258262890683,-0.25881904510252063,4,0.0,0.92105263,True
ZECUSDT,trend_ema__directionshort_only_fast21_rsi_threshold55.0_slow55,trend_ema,2026-02-27 07:30:00+00:00,2026-02-27 08:45:00+00:00,short,-0.010013290552442801,-0.0092132905524428,stop,5,0.22694211355316513,0,False,True,False,0.00985899271678451,0.004851568212623014,0,0,0.020841421824371414,237.96,238.51,236.77,237.76,14187.784,2026-02-27 07:44:59.999000+00:00,3370691.05221,14870,6411.607,1523757.84167,-0.0008408307903106208,-0.011749345957652643,-0.005076259510891382,-2.623372983377255,0.11494252873564326,0.31609195402298224,0.5689655172413746,0.0073183041722744814,38.652894322341744,-0.5289776180156701,-0.009416295010157772,-0.009923778132041322,-0.0026234650756717937,-0.0010942825807900292,0.03330131326089494,-0.7153231320783445,1.481278804222002,1.1287447729940787,1.6360838096498589,-1.0,0.83,-0.02677036430618096,0.9659258262890683,-0.25881904510252063,4,0.0,0.92771083,True
ETHUSDT,trend_ema__directionshort_only_fast12_rsi_threshold55.0_slow34,trend_ema,2026-02-27 09:45:00+00:00,2026-02-27 10:00:00+00:00,short,0.012111202249893305,0.012911202249893306,target,1,0.32459927513437464,1,True,False,False,0.00015002250337552736,0.01760054357018979,0,4,0.00453306190349536,2018.83,2018.83,2006.88,2008.8,101619.038,2026-02-27 09:59:59.999000+00:00,204557800.69705,143411,53389.199,107481058.56869,-0.004980606825375931,-0.011792992172802389,-0.015745556785007265,-4.043962509767553,0.8393305439330648,0.0,0.1606694560669351,0.005948825169255187,33.77003624328127,-2.6147705896934696,-0.010878106453039863,-0.011154817491360524,-0.0017403918861430556,-0.0005736920234420406,0.017008477208195063,-1.4417726280788923,10.53359896934924,2.161178510058904,2.4135179049739177,-1.0,0.46,-0.01783618868810144,0.7071067811865476,-0.7071067811865475,4,1.0,0.75384617,True
ETHUSDT,trend_ema__directionboth_fast21_rsi_threshold58.0_slow89,trend_ema,2026-02-27 10:00:00+00:00,2026-02-27 10:45:00+00:00,short,0.012311219137494578,0.013111219137494579,target,3,0.49586313696063344,1,True,False,False,0.0021365710519133645,0.015543213148232421,0,0,0.01231121913749458,2008.81,2012.8,1983.0,1985.52,200704.007,2026-02-27 10:14:59.999000+00:00,400518861.73456,242127,83259.016,166162867.98166,-0.011656684293338068,-0.024747643658371333,-0.025356713911839454,-6.640780081555462,0.7815436241610738,0.13389261744966494,0.08456375838926126,0.015008662718078868,25.20684315196833,-4.7046082553698785,-0.02056572596586105,-0.022108122329741884,-0.003974081813793107,-0.0014601985111599713,0.026479887897409203,-1.682151870284944,11.909770471538577,3.846860360953762,4.174523984047988,-1.0,0.79,-0.029014353131036508,0.49999999999999994,-0.8660254037844387,4,1.0,0.94623655,True
ETHUSDT,trend_ema__directionshort_only_fast9_rsi_threshold52.0_slow89,trend_ema,2026-02-27 10:00:00+00:00,2026-02-27 10:45:00+00:00,short,0.012311219137494578,0.013111219137494579,target,3,0.49586313696063344,1,True,False,False,0.0021365710519133645,0.015543213148232421,0,0,0.01231121913749458,2008.81,2012.8,1983.0,1985.52,200704.007,2026-02-27 10:14:59.999000+00:00,400518861.73456,242127,83259.016,166162867.98166,-0.011656684293338068,-0.024747643658371333,-0.025356713911839454,-6.640780081555462,0.7815436241610738,0.13389261744966494,0.08456375838926126,0.015008662718078868,25.20684315196833,-4.7046082553698785,-0.02056572596586105,-0.022108122329741884,-0.003974081813793107,-0.0014601985111599713,0.026479887897409203,-1.682151870284944,11.909770471538577,3.846860360953762,4.174523984047988,-1.0,0.79,-0.029014353131036508,0.49999999999999994,-0.8660254037844387,4,1.0,0.94623655,True
ETHUSDT,trend_ema__directionshort_only_fast21_rsi_threshold58.0_slow89,trend_ema,2026-02-27 10:00:00+00:00,2026-02-27 10:45:00+00:00,short,0.012311219137494578,0.013111219137494579,target,3,0.49586313696063344,1,True,False,False,0.0021365710519133645,0.015543213148232421,0,0,0.01231121913749458,2008.81,2012.8,1983.0,1985.52,200704.007,2026-02-27 10:14:59.999000+00:00,400518861.73456,242127,83259.016,166162867.98166,-0.011656684293338068,-0.024747643658371333,-0.025356713911839454,-6.640780081555462,0.7815436241610738,0.13389261744966494,0.08456375838926126,0.015008662718078868,25.20684315196833,-4.7046082553698785,-0.02056572596586105,-0.022108122329741884,-0.003974081813793107,-0.0014601985111599713,0.026479887897409203,-1.682151870284944,11.909770471538577,3.846860360953762,4.174523984047988,-1.0,0.79,-0.029014353131036508,0.49999999999999994,-0.8660254037844387,4,1.0,1.0,True
ETHUSDT,trend_ema__directionboth_fast21_rsi_threshold58.0_slow55,trend_ema,2026-02-27 10:00:00+00:00,2026-02-27 10:45:00+00:00,short,0.012311219137494578,0.013111219137494579,target,3,0.49586313696063344,1,True,False,False,0.0021365710519133645,0.015543213148232421,0,1,0.0028907766950260552,2008.81,2012.8,1983.0,1985.52,200704.007,2026-02-27 10:14:59.999000+00:00,400518861.73456,242127,83259.016,166162867.98166,-0.011656684293338068,-0.024747643658371333,-0.025356713911839454,-6.640780081555462,0.7815436241610738,0.13389261744966494,0.08456375838926126,0.015008662718078868,25.20684315196833,-4.7046082553698785,-0.02056572596586105,-0.022108122329741884,-0.003974081813793107,-0.0014601985111599713,0.026479887897409203,-1.682151870284944,11.909770471538577,3.846860360953762,4.174523984047988,-1.0,0.79,-0.029014353131036508,0.49999999999999994,-0.8660254037844387,4,1.0,0.92771083,True
ETHUSDT,trend_ema__directionshort_only_fast9_rsi_threshold55.0_slow89,trend_ema,2026-02-27 10:00:00+00:00,2026-02-27 10:45:00+00:00,short,0.012311219137494578,0.013111219137494579,target,3,0.49586313696063344,1,True,False,False,0.0021365710519133645,0.015543213148232421,0,0,0.002485205815098761,2008.81,2012.8,1983.0,1985.52,200704.007,2026-02-27 10:14:59.999000+00:00,400518861.73456,242127,83259.016,166162867.98166,-0.011656684293338068,-0.024747643658371333,-0.025356713911839454,-6.640780081555462,0.7815436241610738,0.13389261744966494,0.08456375838926126,0.015008662718078868,25.20684315196833,-4.7046082553698785,-0.02056572596586105,-0.022108122329741884,-0.003974081813793107,-0.0014601985111599713,0.026479887897409203,-1.682151870284944,11.909770471538577,3.846860360953762,4.174523984047988,-1.0,0.79,-0.029014353131036508,0.49999999999999994,-0.8660254037844387,4,1.0,1.0,True
ETHUSDT,trend_ema__directionshort_only_fast12_rsi_threshold52.0_slow89,trend_ema,2026-02-27 10:00:00+00:00,2026-02-27 10:45:00+00:00,short,0.012311219137494578,0.013111219137494579,target,3,0.49586313696063344,1,True,False,False,0.0021365710519133645,0.015543213148232421,0,0,0.0020796349351714667,2008.81,2012.8,1983.0,1985.52,200704.007,2026-02-27 10:14:59.999000+00:00,400518861.73456,242127,83259.016,166162867.98166,-0.011656684293338068,-0.024747643658371333,-0.025356713911839454,-6.640780081555462,0.7815436241610738,0.13389261744966494,0.08456375838926126,0.015008662718078868,25.20684315196833,-4.7046082553698785,-0.02056572596586105,-0.022108122329741884,-0.003974081813793107,-0.0014601985111599713,0.026479887897409203,-1.682151870284944,11.909770471538577,3.846860360953762,4.174523984047988,-1.0,0.79,-0.029014353131036508,0.49999999999999994,-0.8660254037844387,4,1.0,1.0,True
ETHUSDT,trend_ema__directionshort_only_fast12_rsi_threshold55.0_slow89,trend_ema,2026-02-27 10:00:00+00:00,2026-02-27 10:45:00+00:00,short,0.012311219137494578,0.013111219137494579,target,3,0.49586313696063344,1,True,False,False,0.0021365710519133645,0.015543213148232421,0,0,0.00718542619195296,2008.81,2012.8,1983.0,1985.52,200704.007,2026-02-27 10:14:59.999000+00:00,400518861.73456,242127,83259.016,166162867.98166,-0.011656684293338068,-0.024747643658371333,-0.025356713911839454,-6.640780081555462,0.7815436241610738,0.13389261744966494,0.08456375838926126,0.015008662718078868,25.20684315196833,-4.7046082553698785,-0.02056572596586105,-0.022108122329741884,-0.003974081813793107,-0.0014601985111599713,0.026479887897409203,-1.682151870284944,11.909770471538577,3.846860360953762,4.174523984047988,-1.0,0.79,-0.029014353131036508,0.49999999999999994,-0.8660254037844387,4,1.0,1.0,True
ETHUSDT,trend_ema__directionshort_only_fast21_rsi_threshold55.0_slow89,trend_ema,2026-02-27 10:00:00+00:00,2026-02-27 10:45:00+00:00,short,0.012311219137494578,0.013111219137494579,target,3,0.49586313696063344,1,True,False,False,0.0021365710519133645,0.015543213148232421,0,0,0.004632530563562213,2008.81,2012.8,1983.0,1985.52,200704.007,2026-02-27 10:14:59.999000+00:00,400518861.73456,242127,83259.016,166162867.98166,-0.011656684293338068,-0.024747643658371333,-0.025356713911839454,-6.640780081555462,0.7815436241610738,0.13389261744966494,0.08456375838926126,0.015008662718078868,25.20684315196833,-4.7046082553698785,-0.02056572596586105,-0.022108122329741884,-0.003974081813793107,-0.0014601985111599713,0.026479887897409203,-1.682151870284944,11.909770471538577,3.846860360953762,4.174523984047988,-1.0,0.79,-0.029014353131036508,0.49999999999999994,-0.8660254037844387,4,1.0,1.0,True
ETHUSDT,trend_ema__directionshort_only_fast21_rsi_threshold58.0_slow55,trend_ema,2026-02-27 10:00:00+00:00,2026-02-27 10:45:00+00:00,short,0.012311219137494578,0.013111219137494579,target,3,0.49586313696063344,1,True,False,False,0.0021365710519133645,0.015543213148232421,0,0,0.01229121744873445,2008.81,2012.8,1983.0,1985.52,200704.007,2026-02-27 10:14:59.999000+00:00,400518861.73456,242127,83259.016,166162867.98166,-0.011656684293338068,-0.024747643658371333,-0.025356713911839454,-6.640780081555462,0.7815436241610738,0.13389261744966494,0.08456375838926126,0.015008662718078868,25.20684315196833,-4.7046082553698785,-0.02056572596586105,-0.022108122329741884,-0.003974081813793107,-0.0014601985111599713,0.026479887897409203,-1.682151870284944,11.909770471538577,3.846860360953762,4.174523984047988,-1.0,0.79,-0.029014353131036508,0.49999999999999994,-0.8660254037844387,4,1.0,1.0,True
ETHUSDT,trend_ema__directionboth_fast21_rsi_threshold55.0_slow55,trend_ema,2026-02-27 10:00:00+00:00,2026-02-27 10:45:00+00:00,short,0.012311219137494578,0.013111219137494579,target,3,0.49586313696063344,1,True,False,False,0.0021365710519133645,0.015543213148232421,0,0,0.01231121913749458,2008.81,2012.8,1983.0,1985.52,200704.007,2026-02-27 10:14:59.999000+00:00,400518861.73456,242127,83259.016,166162867.98166,-0.011656684293338068,-0.024747643658371333,-0.025356713911839454,-6.640780081555462,0.7815436241610738,0.13389261744966494,0.08456375838926126,0.015008662718078868,25.20684315196833,-4.7046082553698785,-0.02056572596586105,-0.022108122329741884,-0.003974081813793107,-0.0014601985111599713,0.026479887897409203,-1.682151870284944,11.909770471538577,3.846860360953762,4.174523984047988,-1.0,0.79,-0.029014353131036508,0.49999999999999994,-0.8660254037844387,4,1.0,1.0,True
ETHUSDT,trend_ema__directionboth_fast12_rsi_threshold55.0_slow89,trend_ema,2026-02-27 10:00:00+00:00,2026-02-27 10:45:00+00:00,short,0.012311219137494578,0.013111219137494579,target,3,0.49586313696063344,1,True,False,False,0.0021365710519133645,0.015543213148232421,0,0,0.01231121913749458,2008.81,2012.8,1983.0,1985.52,200704.007,2026-02-27 10:14:59.999000+00:00,400518861.73456,242127,83259.016,166162867.98166,-0.011656684293338068,-0.024747643658371333,-0.025356713911839454,-6.640780081555462,0.7815436241610738,0.13389261744966494,0.08456375838926126,0.015008662718078868,25.20684315196833,-4.7046082553698785,-0.02056572596586105,-0.022108122329741884,-0.003974081813793107,-0.0014601985111599713,0.026479887897409203,-1.682151870284944,11.909770471538577,3.846860360953762,4.174523984047988,-1.0,0.79,-0.029014353131036508,0.49999999999999994,-0.8660254037844387,4,1.0,1.0,True
ETHUSDT,trend_ema__directionshort_only_fast21_rsi_threshold52.0_slow89,trend_ema,2026-02-27 10:00:00+00:00,2026-02-27 10:45:00+00:00,short,0.012311219137494578,0.013111219137494579,target,3,0.49586313696063344,1,True,False,False,0.0021365710519133645,0.015543213148232421,0,0,0.01231121913749458,2008.81,2012.8,1983.0,1985.52,200704.007,2026-02-27 10:14:59.999000+00:00,400518861.73456,242127,83259.016,166162867.98166,-0.011656684293338068,-0.024747643658371333,-0.025356713911839454,-6.640780081555462,0.7815436241610738,0.13389261744966494,0.08456375838926126,0.015008662718078868,25.20684315196833,-4.7046082553698785,-0.02056572596586105,-0.022108122329741884,-0.003974081813793107,-0.0014601985111599713,0.026479887897409203,-1.682151870284944,11.909770471538577,3.846860360953762,4.174523984047988,-1.0,0.79,-0.029014353131036508,0.49999999999999994,-0.8660254037844387,4,1.0,1.0,True
ETHUSDT,trend_ema__directionboth_fast12_rsi_threshold52.0_slow89,trend_ema,2026-02-27 10:00:00+00:00,2026-02-27 10:45:00+00:00,short,0.012311219137494578,0.013111219137494579,target,3,0.49586313696063344,1,True,False,False,0.0021365710519133645,0.015543213148232421,0,0,0.01231121913749458,2008.81,2012.8,1983.0,1985.52,200704.007,2026-02-27 10:14:59.999000+00:00,400518861.73456,242127,83259.016,166162867.98166,-0.011656684293338068,-0.024747643658371333,-0.025356713911839454,-6.640780081555462,0.7815436241610738,0.13389261744966494,0.08456375838926126,0.015008662718078868,25.20684315196833,-4.7046082553698785,-0.02056572596586105,-0.022108122329741884,-0.003974081813793107,-0.0014601985111599713,0.026479887897409203,-1.682151870284944,11.909770471538577,3.846860360953762,4.174523984047988,-1.0,0.79,-0.029014353131036508,0.49999999999999994,-0.8660254037844387,4,1.0,1.0,True
ETHUSDT,trend_ema__directionshort_only_fast21_rsi_threshold52.0_slow55,trend_ema,2026-02-27 10:00:00+00:00,2026-02-27 10:45:00+00:00,short,0.012311219137494578,0.013111219137494579,target,3,0.49586313696063344,1,True,False,False,0.0021365710519133645,0.015543213148232421,0,0,0.01231121913749458,2008.81,2012.8,1983.0,1985.52,200704.007,2026-02-27 10:14:59.999000+00:00,400518861.73456,242127,83259.016,166162867.98166,-0.011656684293338068,-0.024747643658371333,-0.025356713911839454,-6.640780081555462,0.7815436241610738,0.13389261744966494,0.08456375838926126,0.015008662718078868,25.20684315196833,-4.7046082553698785,-0.02056572596586105,-0.022108122329741884,-0.003974081813793107,-0.0014601985111599713,0.026479887897409203,-1.682151870284944,11.909770471538577,3.846860360953762,4.174523984047988,-1.0,0.79,-0.029014353131036508,0.49999999999999994,-0.8660254037844387,4,1.0,1.0,True
ETHUSDT,trend_ema__directionboth_fast21_rsi_threshold58.0_slow89,trend_ema,2026-02-27 10:00:00+00:00,2026-02-27 10:45:00+00:00,short,0.012311219137494578,0.013111219137494579,target,3,0.49586313696063344,1,True,False,False,0.0021365710519133645,0.015543213148232421,0,0,0.01231121913749458,2008.81,2012.8,1983.0,1985.52,200704.007,2026-02-27 10:14:59.999000+00:00,400518861.73456,242127,83259.016,166162867.98166,-0.011656684293338068,-0.024747643658371333,-0.025356713911839454,-6.640780081555462,0.7815436241610738,0.13389261744966494,0.08456375838926126,0.015008662718078868,25.20684315196833,-4.7046082553698785,-0.02056572596586105,-0.022108122329741884,-0.003974081813793107,-0.0014601985111599713,0.026479887897409203,-1.682151870284944,11.909770471538577,3.846860360953762,4.174523984047988,-1.0,0.79,-0.029014353131036508,0.49999999999999994,-0.8660254037844387,4,1.0,1.0,True
ETHUSDT,trend_ema__directionshort_only_fast9_rsi_threshold52.0_slow89,trend_ema,2026-02-27 10:00:00+00:00,2026-02-27 10:45:00+00:00,short,0.012311219137494578,0.013111219137494579,target,3,0.49586313696063344,1,True,False,False,0.0021365710519133645,0.015543213148232421,0,0,0.01231121913749458,2008.81,2012.8,1983.0,1985.52,200704.007,2026-02-27 10:14:59.999000+00:00,400518861.73456,242127,83259.016,166162867.98166,-0.011656684293338068,-0.024747643658371333,-0.025356713911839454,-6.640780081555462,0.7815436241610738,0.13389261744966494,0.08456375838926126,0.015008662718078868,25.20684315196833,-4.7046082553698785,-0.02056572596586105,-0.022108122329741884,-0.003974081813793107,-0.0014601985111599713,0.026479887897409203,-1.682151870284944,11.909770471538577,3.846860360953762,4.174523984047988,-1.0,0.79,-0.029014353131036508,0.49999999999999994,-0.8660254037844387,4,1.0,1.0,True
ETHUSDT,trend_ema__directionboth_fast12_rsi_threshold52.0_slow89,trend_ema,2026-02-27 10:00:00+00:00,2026-02-27 10:45:00+00:00,short,0.012311219137494578,0.013111219137494579,target,3,0.49586313696063344,1,True,False,False,0.0021365710519133645,0.015543213148232421,0,0,0.01231121913749458,2008.81,2012.8,1983.0,1985.52,200704.007,2026-02-27 10:14:59.999000+00:00,400518861.73456,242127,83259.016,166162867.98166,-0.011656684293338068,-0.024747643658371333,-0.025356713911839454,-6.640780081555462,0.7815436241610738,0.13389261744966494,0.08456375838926126,0.015008662718078868,25.20684315196833,-4.7046082553698785,-0.02056572596586105,-0.022108122329741884,-0.003974081813793107,-0.0014601985111599713,0.026479887897409203,-1.682151870284944,11.909770471538577,3.846860360953762,4.174523984047988,-1.0,0.79,-0.029014353131036508,0.49999999999999994,-0.8660254037844387,4,1.0,0.94623655,True
ETHUSDT,trend_ema__directionboth_fast9_rsi_threshold58.0_slow89,trend_ema,2026-02-27 10:00:00+00:00,2026-02-27 10:45:00+00:00,short,0.012311219137494578,0.013111219137494579,target,3,0.49586313696063344,1,True,False,False,0.0021365710519133645,0.015543213148232421,0,0,0.009738321820343707,2008.81,2012.8,1983.0,1985.52,200704.007,2026-02-27 10:14:59.999000+00:00,400518861.73456,242127,83259.016,166162867.98166,-0.011656684293338068,-0.024747643658371333,-0.025356713911839454,-6.640780081555462,0.7815436241610738,0.13389261744966494,0.08456375838926126,0.015008662718078868,25.20684315196833,-4.7046082553698785,-0.02056572596586105,-0.022108122329741884,-0.003974081813793107,-0.0014601985111599713,0.026479887897409203,-1.682151870284944,11.909770471538577,3.846860360953762,4.174523984047988,-1.0,0.79,-0.029014353131036508,0.49999999999999994,-0.8660254037844387,4,1.0,1.0,True
ETHUSDT,trend_ema__directionshort_only_fast21_rsi_threshold52.0_slow89,trend_ema,2026-02-27 10:00:00+00:00,2026-02-27 10:45:00+00:00,short,0.012311219137494578,0.013111219137494579,target,3,0.49586313696063344,1,True,False,False,0.0021365710519133645,0.015543213148232421,0,0,0.01231121913749458,2008.81,2012.8,1983.0,1985.52,200704.007,2026-02-27 10:14:59.999000+00:00,400518861.73456,242127,83259.016,166162867.98166,-0.011656684293338068,-0.024747643658371333,-0.025356713911839454,-6.640780081555462,0.7815436241610738,0.13389261744966494,0.08456375838926126,0.015008662718078868,25.20684315196833,-4.7046082553698785,-0.02056572596586105,-0.022108122329741884,-0.003974081813793107,-0.0014601985111599713,0.026479887897409203,-1.682151870284944,11.909770471538577,3.846860360953762,4.174523984047988,-1.0,0.79,-0.029014353131036508,0.49999999999999994,-0.8660254037844387,4,1.0,0.94623655,True
ETHUSDT,trend_ema__directionshort_only_fast21_rsi_threshold52.0_slow55,trend_ema,2026-02-27 10:00:00+00:00,2026-02-27 10:45:00+00:00,short,0.012311219137494578,0.013111219137494579,target,3,0.49586313696063344,1,True,False,False,0.0021365710519133645,0.015543213148232421,0,0,0.01231121913749458,2008.81,2012.8,1983.0,1985.52,200704.007,2026-02-27 10:14:59.999000+00:00,400518861.73456,242127,83259.016,166162867.98166,-0.011656684293338068,-0.024747643658371333,-0.025356713911839454,-6.640780081555462,0.7815436241610738,0.13389261744966494,0.08456375838926126,0.015008662718078868,25.20684315196833,-4.7046082553698785,-0.02056572596586105,-0.022108122329741884,-0.003974081813793107,-0.0014601985111599713,0.026479887897409203,-1.682151870284944,11.909770471538577,3.846860360953762,4.174523984047988,-1.0,0.79,-0.029014353131036508,0.49999999999999994,-0.8660254037844387,4,1.0,0.94623655,True
ETHUSDT,trend_ema__directionboth_fast21_rsi_threshold55.0_slow55,trend_ema,2026-02-27 10:00:00+00:00,2026-02-27 10:45:00+00:00,short,0.012311219137494578,0.013111219137494579,target,3,0.49586313696063344,1,True,False,False,0.0021365710519133645,0.015543213148232421,0,0,0.01231121913749458,2008.81,2012.8,1983.0,1985.52,200704.007,2026-02-27 10:14:59.999000+00:00,400518861.73456,242127,83259.016,166162867.98166,-0.011656684293338068,-0.024747643658371333,-0.025356713911839454,-6.640780081555462,0.7815436241610738,0.13389261744966494,0.08456375838926126,0.015008662718078868,25.20684315196833,-4.7046082553698785,-0.02056572596586105,-0.022108122329741884,-0.003974081813793107,-0.0014601985111599713,0.026479887897409203,-1.682151870284944,11.909770471538577,3.846860360953762,4.174523984047988,-1.0,0.79,-0.029014353131036508,0.49999999999999994,-0.8660254037844387,4,1.0,0.94623655,True
ETHUSDT,trend_ema__directionshort_only_fast21_rsi_threshold58.0_slow89,trend_ema,2026-02-27 10:00:00+00:00,2026-02-27 10:45:00+00:00,short,0.012311219137494578,0.013111219137494579,target,3,0.49586313696063344,1,True,False,False,0.0021365710519133645,0.015543213148232421,0,0,0.01231121913749458,2008.81,2012.8,1983.0,1985.52,200704.007,2026-02-27 10:14:59.999000+00:00,400518861.73456,242127,83259.016,166162867.98166,-0.011656684293338068,-0.024747643658371333,-0.025356713911839454,-6.640780081555462,0.7815436241610738,0.13389261744966494,0.08456375838926126,0.015008662718078868,25.20684315196833,-4.7046082553698785,-0.02056572596586105,-0.022108122329741884,-0.003974081813793107,-0.0014601985111599713,0.026479887897409203,-1.682151870284944,11.909770471538577,3.846860360953762,4.174523984047988,-1.0,0.79,-0.029014353131036508,0.49999999999999994,-0.8660254037844387,4,1.0,0.94623655,True
ETHUSDT,trend_ema__directionboth_fast12_rsi_threshold55.0_slow89,trend_ema,2026-02-27 10:00:00+00:00,2026-02-27 10:45:00+00:00,short,0.012311219137494578,0.013111219137494579,target,3,0.49586313696063344,1,True,False,False,0.0021365710519133645,0.015543213148232421,0,0,0.01231121913749458,2008.81,2012.8,1983.0,1985.52,200704.007,2026-02-27 10:14:59.999000+00:00,400518861.73456,242127,83259.016,166162867.98166,-0.011656684293338068,-0.024747643658371333,-0.025356713911839454,-6.640780081555462,0.7815436241610738,0.13389261744966494,0.08456375838926126,0.015008662718078868,25.20684315196833,-4.7046082553698785,-0.02056572596586105,-0.022108122329741884,-0.003974081813793107,-0.0014601985111599713,0.026479887897409203,-1.682151870284944,11.909770471538577,3.846860360953762,4.174523984047988,-1.0,0.79,-0.029014353131036508,0.49999999999999994,-0.8660254037844387,4,1.0,0.94623655,True
ETHUSDT,trend_ema__directionshort_only_fast21_rsi_threshold58.0_slow55,trend_ema,2026-02-27 10:00:00+00:00,2026-02-27 10:45:00+00:00,short,0.012311219137494578,0.013111219137494579,target,3,0.49586313696063344,1,True,False,False,0.0021365710519133645,0.015543213148232421,0,0,0.01229121744873445,2008.81,2012.8,1983.0,1985.52,200704.007,2026-02-27 10:14:59.999000+00:00,400518861.73456,242127,83259.016,166162867.98166,-0.011656684293338068,-0.024747643658371333,-0.025356713911839454,-6.640780081555462,0.7815436241610738,0.13389261744966494,0.08456375838926126,0.015008662718078868,25.20684315196833,-4.7046082553698785,-0.02056572596586105,-0.022108122329741884,-0.003974081813793107,-0.0014601985111599713,0.026479887897409203,-1.682151870284944,11.909770471538577,3.846860360953762,4.174523984047988,-1.0,0.79,-0.029014353131036508,0.49999999999999994,-0.8660254037844387,4,1.0,0.94623655,True
ETHUSDT,trend_ema__directionshort_only_fast21_rsi_threshold55.0_slow89,trend_ema,2026-02-27 10:00:00+00:00,2026-02-27 10:45:00+00:00,short,0.012311219137494578,0.013111219137494579,target,3,0.49586313696063344,1,True,False,False,0.0021365710519133645,0.015543213148232421,0,0,0.004632530563562213,2008.81,2012.8,1983.0,1985.52,200704.007,2026-02-27 10:14:59.999000+00:00,400518861.73456,242127,83259.016,166162867.98166,-0.011656684293338068,-0.024747643658371333,-0.025356713911839454,-6.640780081555462,0.7815436241610738,0.13389261744966494,0.08456375838926126,0.015008662718078868,25.20684315196833,-4.7046082553698785,-0.02056572596586105,-0.022108122329741884,-0.003974081813793107,-0.0014601985111599713,0.026479887897409203,-1.682151870284944,11.909770471538577,3.846860360953762,4.174523984047988,-1.0,0.79,-0.029014353131036508,0.49999999999999994,-0.8660254037844387,4,1.0,0.94623655,True
ETHUSDT,trend_ema__directionshort_only_fast12_rsi_threshold55.0_slow89,trend_ema,2026-02-27 10:00:00+00:00,2026-02-27 10:45:00+00:00,short,0.012311219137494578,0.013111219137494579,target,3,0.49586313696063344,1,True,False,False,0.0021365710519133645,0.015543213148232421,0,0,0.00718542619195296,2008.81,2012.8,1983.0,1985.52,200704.007,2026-02-27 10:14:59.999000+00:00,400518861.73456,242127,83259.016,166162867.98166,-0.011656684293338068,-0.024747643658371333,-0.025356713911839454,-6.640780081555462,0.7815436241610738,0.13389261744966494,0.08456375838926126,0.015008662718078868,25.20684315196833,-4.7046082553698785,-0.02056572596586105,-0.022108122329741884,-0.003974081813793107,-0.0014601985111599713,0.026479887897409203,-1.682151870284944,11.909770471538577,3.846860360953762,4.174523984047988,-1.0,0.79,-0.029014353131036508,0.49999999999999994,-0.8660254037844387,4,1.0,0.94623655,True
ETHUSDT,trend_ema__directionshort_only_fast12_rsi_threshold52.0_slow89,trend_ema,2026-02-27 10:00:00+00:00,2026-02-27 10:45:00+00:00,short,0.012311219137494578,0.013111219137494579,target,3,0.49586313696063344,1,True,False,False,0.0021365710519133645,0.015543213148232421,0,0,0.0020796349351714667,2008.81,2012.8,1983.0,1985.52,200704.007,2026-02-27 10:14:59.999000+00:00,400518861.73456,242127,83259.016,166162867.98166,-0.011656684293338068,-0.024747643658371333,-0.025356713911839454,-6.640780081555462,0.7815436241610738,0.13389261744966494,0.08456375838926126,0.015008662718078868,25.20684315196833,-4.7046082553698785,-0.02056572596586105,-0.022108122329741884,-0.003974081813793107,-0.0014601985111599713,0.026479887897409203,-1.682151870284944,11.909770471538577,3.846860360953762,4.174523984047988,-1.0,0.79,-0.029014353131036508,0.49999999999999994,-0.8660254037844387,4,1.0,0.94623655,True
ETHUSDT,trend_ema__directionshort_only_fast9_rsi_threshold55.0_slow89,trend_ema,2026-02-27 10:00:00+00:00,2026-02-27 10:45:00+00:00,short,0.012311219137494578,0.013111219137494579,target,3,0.49586313696063344,1,True,False,False,0.0021365710519133645,0.015543213148232421,0,0,0.002485205815098761,2008.81,2012.8,1983.0,1985.52,200704.007,2026-02-27 10:14:59.999000+00:00,400518861.73456,242127,83259.016,166162867.98166,-0.011656684293338068,-0.024747643658371333,-0.025356713911839454,-6.640780081555462,0.7815436241610738,0.13389261744966494,0.08456375838926126,0.015008662718078868,25.20684315196833,-4.7046082553698785,-0.02056572596586105,-0.022108122329741884,-0.003974081813793107,-0.0014601985111599713,0.026479887897409203,-1.682151870284944,11.909770471538577,3.846860360953762,4.174523984047988,-1.0,0.79,-0.029014353131036508,0.49999999999999994,-0.8660254037844387,4,1.0,0.94623655,True
ETHUSDT,trend_ema__directionboth_fast21_rsi_threshold58.0_slow55,trend_ema,2026-02-27 10:00:00+00:00,2026-02-27 10:45:00+00:00,short,0.012311219137494578,0.013111219137494579,target,3,0.49586313696063344,1,True,False,False,0.0021365710519133645,0.015543213148232421,0,1,0.0028907766950260552,2008.81,2012.8,1983.0,1985.52,200704.007,2026-02-27 10:14:59.999000+00:00,400518861.73456,242127,83259.016,166162867.98166,-0.011656684293338068,-0.024747643658371333,-0.025356713911839454,-6.640780081555462,0.7815436241610738,0.13389261744966494,0.08456375838926126,0.015008662718078868,25.20684315196833,-4.7046082553698785,-0.02056572596586105,-0.022108122329741884,-0.003974081813793107,-0.0014601985111599713,0.026479887897409203,-1.682151870284944,11.909770471538577,3.846860360953762,4.174523984047988,-1.0,0.79,-0.029014353131036508,0.49999999999999994,-0.8660254037844387,4,1.0,0.92105263,True
ETHUSDT,trend_ema__directionboth_fast9_rsi_threshold58.0_slow89,trend_ema,2026-02-27 10:00:00+00:00,2026-02-27 10:45:00+00:00,short,0.012311219137494578,0.013111219137494579,target,3,0.49586313696063344,1,True,False,False,0.0021365710519133645,0.015543213148232421,0,0,0.009738321820343707,2008.81,2012.8,1983.0,1985.52,200704.007,2026-02-27 10:14:59.999000+00:00,400518861.73456,242127,83259.016,166162867.98166,-0.011656684293338068,-0.024747643658371333,-0.025356713911839454,-6.640780081555462,0.7815436241610738,0.13389261744966494,0.08456375838926126,0.015008662718078868,25.20684315196833,-4.7046082553698785,-0.02056572596586105,-0.022108122329741884,-0.003974081813793107,-0.0014601985111599713,0.026479887897409203,-1.682151870284944,11.909770471538577,3.846860360953762,4.174523984047988,-1.0,0.79,-0.029014353131036508,0.49999999999999994,-0.8660254037844387,4,1.0,0.94623655,True
SOLUSDT,trend_ema__directionshort_only_fast12_rsi_threshold55.0_slow34,trend_ema,2026-02-27 10:15:00+00:00,2026-02-27 11:30:00+00:00,short,0.013945882756622856,0.014745882756622856,target,5,0.4567039815766739,1,True,False,False,0.004133750334340289,0.023400839085562956,0,0,0.01278047527997701,85.36,85.7,85.03,85.15,550740.32,2026-02-27 10:29:59.999000+00:00,47002700.4348,36073,246552.29,21048068.0312,-0.002580343913517779,-0.02573756720130591,-0.021953375998935223,-7.01177744214546,0.3134328358208854,0.507462686567168,0.17910447761194662,0.007868467410452162,27.164800921166304,-0.2840503979190114,-0.019457433847987513,-0.019123666297312325,-0.005005712511090055,-0.0016669767257452284,0.03266709842195628,-1.3455869891872185,0.5153073341626458,2.0280640316705707,2.2420531811741897,1.0,0.61,-0.029408412173714815,0.49999999999999994,-0.8660254037844387,4,1.0,0.92105263,True
SOLUSDT,trend_ema__directionshort_only_fast12_rsi_threshold55.0_slow34,trend_ema,2026-02-27 10:15:00+00:00,2026-02-27 11:30:00+00:00,short,0.013945882756622856,0.014745882756622856,target,5,0.4567039815766739,1,True,False,False,0.004133750334340289,0.023400839085562956,0,0,0.01278047527997701,85.36,85.7,85.03,85.15,550740.32,2026-02-27 10:29:59.999000+00:00,47002700.4348,36073,246552.29,21048068.0312,-0.002580343913517779,-0.02573756720130591,-0.021953375998935223,-7.01177744214546,0.3134328358208854,0.507462686567168,0.17910447761194662,0.007868467410452162,27.164800921166304,-0.2840503979190114,-0.019457433847987513,-0.019123666297312325,-0.005005712511090055,-0.0016669767257452284,0.03266709842195628,-1.3455869891872185,0.5153073341626458,2.0280640316705707,2.2420531811741897,1.0,0.61,-0.029408412173714815,0.49999999999999994,-0.8660254037844387,4,1.0,0.75384617,True
XRPUSDT,trend_ema__directionshort_only_fast12_rsi_threshold55.0_slow34,trend_ema,2026-02-27 10:30:00+00:00,2026-02-27 12:30:00+00:00,short,0.012160614477294097,0.012960614477294097,target,8,0.26888497479775336,1,True,False,False,0.003450610855133696,0.013339338586418122,0,0,0.011827288598647007,1.3939,1.3985,1.3933,1.3964,5509009.6,2026-02-27 10:44:59.999000+00:00,7693944.56488,14762,3037506.9,4242217.43274,0.0017919224950402968,-0.011888376357819464,-0.009834042054059073,-3.679503895933074,0.4807692307692546,0.4038461538461448,0.1153846153846006,0.003723861357777208,36.55575126011233,-0.0029128304712034594,-0.00857428951189814,-0.00887927255912865,-0.0034260242206368696,-0.0013680883458043747,0.02486245332420913,-0.8086573231121064,0.00708057652707687,-0.1573235161040031,0.89249553926355,-1.0,0.71,-0.0183479789103691,0.49999999999999994,-0.8660254037844387,4,1.0,0.75384617,True
SOLUSDT,trend_ema__directionshort_only_fast21_rsi_threshold55.0_slow55,trend_ema,2026-02-27 10:45:00+00:00,2026-02-27 11:30:00+00:00,short,0.013986816695710603,0.014786816695710603,target,3,0.500756094943267,1,True,False,False,0.0009711637369578122,0.022255402584373266,0,0,0.01422821322072865,85.26,85.33,84.5,84.65,430324.98,2026-02-27 10:59:59.999000+00:00,36488972.0492,33445,185721.76,15747624.1236,-0.007180302757919979,-0.018956804509342937,-0.030596232945670952,-4.943035908524747,0.7349397590361454,0.08433734939758232,0.18072289156627228,0.009805079740106299,24.96219525283665,-0.33235641519594833,-0.02147792705640983,-0.023481453585614702,-0.005898907067598103,-0.003373452555337497,0.04326994570015346,-1.1454056665188712,0.5274843850688118,1.1447537614486645,1.6496689558080162,-1.0,0.69,-0.03510771685854319,0.49999999999999994,-0.8660254037844387,4,1.0,0.92771083,True
XRPUSDT,trend_ema__directionboth_fast21_rsi_threshold55.0_slow55,trend_ema,2026-02-27 10:45:00+00:00,2026-02-27 12:00:00+00:00,short,0.011878385084669126,0.012678385084669126,target,5,0.38228885330365725,1,True,False,False,0.0010095040466323905,0.012957071031293472,0,0,0.01187595013231835,1.3964,1.3976,1.3858,1.3881,11313222.7,2026-02-27 10:59:59.999000+00:00,15726837.94039,22052,4564972.5,6346931.50649,-0.005961590649817467,-0.012670630160741415,-0.016858746309090414,-3.6846146490821714,0.7033898305084892,0.1016949152542258,0.19491525423728495,0.00850082847057131,30.885557334817136,-0.0034075994089644594,-0.013214006799766755,-0.014326986583110629,-0.0034346315633112523,-0.002009259665573304,0.028689209956362483,-1.0591556410749496,0.007417678203714239,1.138812799742661,1.743395143011023,-1.0,0.75,-0.024182776801406125,0.49999999999999994,-0.8660254037844387,4,1.0,0.92771083,True
DOGEUSDT,trend_ema__directionboth_fast21_rsi_threshold58.0_slow55,trend_ema,2026-02-27 10:45:00+00:00,2026-02-27 11:30:00+00:00,short,0.013184494143535964,0.013984494143535964,target,3,0.3979840298368893,1,True,False,False,0.00035696436609095007,0.021682344013095857,0,0,0.013434849917221053,0.09666,0.09668,0.09586,0.09599,90414752.0,2026-02-27 10:59:59.999000+00:00,8700993.63046,17982,38080260.0,3663588.07171,-0.006955647041492398,-0.013760498539876268,-0.029055994042158386,-3.626103761103895,0.8170731707316939,0.024390243902446453,0.15853658536585966,0.008542556516303795,30.100798508155535,-0.00027737438106580764,-0.015835179855593958,-0.01737252996009836,-0.003942293707959843,-0.0024483250223291675,0.033938036399194786,-1.1328991807459343,0.0005605714215867677,0.7137568788563253,1.6177134703278528,-1.0,0.68,-0.02863792754503136,0.49999999999999994,-0.8660254037844387,4,1.0,0.92771083,True
DOGEUSDT,trend_ema__directionboth_fast21_rsi_threshold55.0_slow55,trend_ema,2026-02-27 10:45:00+00:00,2026-02-27 11:30:00+00:00,short,0.013184494143535964,0.013984494143535964,target,3,0.3979840298368893,1,True,False,False,0.00035696436609095007,0.021682344013095857,0,0,0.013409814339852544,0.09666,0.09668,0.09586,0.09599,90414752.0,2026-02-27 10:59:59.999000+00:00,8700993.63046,17982,38080260.0,3663588.07171,-0.006955647041492398,-0.013760498539876268,-0.029055994042158386,-3.626103761103895,0.8170731707316939,0.024390243902446453,0.15853658536585966,0.008542556516303795,30.100798508155535,-0.00027737438106580764,-0.015835179855593958,-0.01737252996009836,-0.003942293707959843,-0.0024483250223291675,0.033938036399194786,-1.1328991807459343,0.0005605714215867677,0.7137568788563253,1.6177134703278528,-1.0,0.68,-0.02863792754503136,0.49999999999999994,-0.8660254037844387,4,1.0,0.92771083,True
DOGEUSDT,trend_ema__directionshort_only_fast21_rsi_threshold58.0_slow55,trend_ema,2026-02-27 10:45:00+00:00,2026-02-27 11:30:00+00:00,short,0.013184494143535964,0.013984494143535964,target,3,0.3979840298368893,1,True,False,False,0.00035696436609095007,0.021682344013095857,0,0,0.013384778762484038,0.09666,0.09668,0.09586,0.09599,90414752.0,2026-02-27 10:59:59.999000+00:00,8700993.63046,17982,38080260.0,3663588.07171,-0.006955647041492398,-0.013760498539876268,-0.029055994042158386,-3.626103761103895,0.8170731707316939,0.024390243902446453,0.15853658536585966,0.008542556516303795,30.100798508155535,-0.00027737438106580764,-0.015835179855593958,-0.01737252996009836,-0.003942293707959843,-0.0024483250223291675,0.033938036399194786,-1.1328991807459343,0.0005605714215867677,0.7137568788563253,1.6177134703278528,-1.0,0.68,-0.02863792754503136,0.49999999999999994,-0.8660254037844387,4,1.0,0.92771083,True
XRPUSDT,trend_ema__directionshort_only_fast21_rsi_threshold55.0_slow55,trend_ema,2026-02-27 10:45:00+00:00,2026-02-27 12:00:00+00:00,short,0.011878385084669126,0.012678385084669126,target,5,0.38228885330365725,1,True,False,False,0.0010095040466323905,0.012957071031293472,0,0,0.011860621186511714,1.3964,1.3976,1.3858,1.3881,11313222.7,2026-02-27 10:59:59.999000+00:00,15726837.94039,22052,4564972.5,6346931.50649,-0.005961590649817467,-0.012670630160741415,-0.016858746309090414,-3.6846146490821714,0.7033898305084892,0.1016949152542258,0.19491525423728495,0.00850082847057131,30.885557334817136,-0.0034075994089644594,-0.013214006799766755,-0.014326986583110629,-0.0034346315633112523,-0.002009259665573304,0.028689209956362483,-1.0591556410749496,0.007417678203714239,1.138812799742661,1.743395143011023,-1.0,0.75,-0.024182776801406125,0.49999999999999994,-0.8660254037844387,4,1.0,0.92771083,True
SOLUSDT,trend_ema__directionshort_only_fast21_rsi_threshold52.0_slow55,trend_ema,2026-02-27 10:45:00+00:00,2026-02-27 11:30:00+00:00,short,0.013986816695710603,0.014786816695710603,target,3,0.500756094943267,1,True,False,False,0.0009711637369578122,0.022255402584373266,0,0,0.014293090262539315,85.26,85.33,84.5,84.65,430324.98,2026-02-27 10:59:59.999000+00:00,36488972.0492,33445,185721.76,15747624.1236,-0.007180302757919979,-0.018956804509342937,-0.030596232945670952,-4.943035908524747,0.7349397590361454,0.08433734939758232,0.18072289156627228,0.009805079740106299,24.96219525283665,-0.33235641519594833,-0.02147792705640983,-0.023481453585614702,-0.005898907067598103,-0.003373452555337497,0.04326994570015346,-1.1454056665188712,0.5274843850688118,1.1447537614486645,1.6496689558080162,-1.0,0.69,-0.03510771685854319,0.49999999999999994,-0.8660254037844387,4,1.0,0.92771083,True
DOGEUSDT,trend_ema__directionshort_only_fast21_rsi_threshold52.0_slow55,trend_ema,2026-02-27 10:45:00+00:00,2026-02-27 11:30:00+00:00,short,0.013184494143535964,0.013984494143535964,target,3,0.3979840298368893,1,True,False,False,0.00035696436609095007,0.021682344013095857,0,0,0.013334707607747017,0.09666,0.09668,0.09586,0.09599,90414752.0,2026-02-27 10:59:59.999000+00:00,8700993.63046,17982,38080260.0,3663588.07171,-0.006955647041492398,-0.013760498539876268,-0.029055994042158386,-3.626103761103895,0.8170731707316939,0.024390243902446453,0.15853658536585966,0.008542556516303795,30.100798508155535,-0.00027737438106580764,-0.015835179855593958,-0.01737252996009836,-0.003942293707959843,-0.0024483250223291675,0.033938036399194786,-1.1328991807459343,0.0005605714215867677,0.7137568788563253,1.6177134703278528,-1.0,0.68,-0.02863792754503136,0.49999999999999994,-0.8660254037844387,4,1.0,0.92771083,True
XRPUSDT,trend_ema__directionboth_fast21_rsi_threshold58.0_slow55,trend_ema,2026-02-27 10:45:00+00:00,2026-02-27 12:00:00+00:00,short,0.011878385084669126,0.012678385084669126,target,5,0.38228885330365725,1,True,False,False,0.0010095040466323905,0.012957071031293472,0,0,0.011865730835113926,1.3964,1.3976,1.3858,1.3881,11313222.7,2026-02-27 10:59:59.999000+00:00,15726837.94039,22052,4564972.5,6346931.50649,-0.005961590649817467,-0.012670630160741415,-0.016858746309090414,-3.6846146490821714,0.7033898305084892,0.1016949152542258,0.19491525423728495,0.00850082847057131,30.885557334817136,-0.0034075994089644594,-0.013214006799766755,-0.014326986583110629,-0.0034346315633112523,-0.002009259665573304,0.028689209956362483,-1.0591556410749496,0.007417678203714239,1.138812799742661,1.743395143011023,-1.0,0.75,-0.024182776801406125,0.49999999999999994,-0.8660254037844387,4,1.0,0.92771083,True
DOGEUSDT,trend_ema__directionshort_only_fast21_rsi_threshold55.0_slow55,trend_ema,2026-02-27 10:45:00+00:00,2026-02-27 11:30:00+00:00,short,0.013184494143535964,0.013984494143535964,target,3,0.3979840298368893,1,True,False,False,0.00035696436609095007,0.021682344013095857,0,0,0.013359743185115527,0.09666,0.09668,0.09586,0.09599,90414752.0,2026-02-27 10:59:59.999000+00:00,8700993.63046,17982,38080260.0,3663588.07171,-0.006955647041492398,-0.013760498539876268,-0.029055994042158386,-3.626103761103895,0.8170731707316939,0.024390243902446453,0.15853658536585966,0.008542556516303795,30.100798508155535,-0.00027737438106580764,-0.015835179855593958,-0.01737252996009836,-0.003942293707959843,-0.0024483250223291675,0.033938036399194786,-1.1328991807459343,0.0005605714215867677,0.7137568788563253,1.6177134703278528,-1.0,0.68,-0.02863792754503136,0.49999999999999994,-0.8660254037844387,4,1.0,0.92771083,True
SOLUSDT,trend_ema__directionshort_only_fast21_rsi_threshold58.0_slow55,trend_ema,2026-02-27 10:45:00+00:00,2026-02-27 11:30:00+00:00,short,0.013986816695710603,0.014786816695710603,target,3,0.500756094943267,1,True,False,False,0.0009711637369578122,0.022255402584373266,0,0,0.01426269843858837,85.26,85.33,84.5,84.65,430324.98,2026-02-27 10:59:59.999000+00:00,36488972.0492,33445,185721.76,15747624.1236,-0.007180302757919979,-0.018956804509342937,-0.030596232945670952,-4.943035908524747,0.7349397590361454,0.08433734939758232,0.18072289156627228,0.009805079740106299,24.96219525283665,-0.33235641519594833,-0.02147792705640983,-0.023481453585614702,-0.005898907067598103,-0.003373452555337497,0.04326994570015346,-1.1454056665188712,0.5274843850688118,1.1447537614486645,1.6496689558080162,-1.0,0.69,-0.03510771685854319,0.49999999999999994,-0.8660254037844387,4,1.0,0.92771083,True
XRPUSDT,trend_ema__directionshort_only_fast21_rsi_threshold52.0_slow55,trend_ema,2026-02-27 10:45:00+00:00,2026-02-27 12:00:00+00:00,short,0.011878385084669126,0.012678385084669126,target,5,0.38228885330365725,1,True,False,False,0.0010095040466323905,0.012957071031293472,0,0,0.011870840483716139,1.3964,1.3976,1.3858,1.3881,11313222.7,2026-02-27 10:59:59.999000+00:00,15726837.94039,22052,4564972.5,6346931.50649,-0.005961590649817467,-0.012670630160741415,-0.016858746309090414,-3.6846146490821714,0.7033898305084892,0.1016949152542258,0.19491525423728495,0.00850082847057131,30.885557334817136,-0.0034075994089644594,-0.013214006799766755,-0.014326986583110629,-0.0034346315633112523,-0.002009259665573304,0.028689209956362483,-1.0591556410749496,0.007417678203714239,1.138812799742661,1.743395143011023,-1.0,0.75,-0.024182776801406125,0.49999999999999994,-0.8660254037844387,4,1.0,0.92771083,True
SOLUSDT,trend_ema__directionboth_fast21_rsi_threshold55.0_slow55,trend_ema,2026-02-27 10:45:00+00:00,2026-02-27 11:30:00+00:00,short,0.013986816695710603,0.014786816695710603,target,3,0.500756094943267,1,True,False,False,0.0009711637369578122,0.022255402584373266,0,0,0.01429718365644809,85.26,85.33,84.5,84.65,430324.98,2026-02-27 10:59:59.999000+00:00,36488972.0492,33445,185721.76,15747624.1236,-0.007180302757919979,-0.018956804509342937,-0.030596232945670952,-4.943035908524747,0.7349397590361454,0.08433734939758232,0.18072289156627228,0.009805079740106299,24.96219525283665,-0.33235641519594833,-0.02147792705640983,-0.023481453585614702,-0.005898907067598103,-0.003373452555337497,0.04326994570015346,-1.1454056665188712,0.5274843850688118,1.1447537614486645,1.6496689558080162,-1.0,0.69,-0.03510771685854319,0.49999999999999994,-0.8660254037844387,4,1.0,0.92771083,True
SOLUSDT,trend_ema__directionboth_fast21_rsi_threshold58.0_slow55,trend_ema,2026-02-27 10:45:00+00:00,2026-02-27 11:30:00+00:00,short,0.013986816695710603,0.014786816695710603,target,3,0.500756094943267,1,True,False,False,0.0009711637369578122,0.022255402584373266,0,0,0.01419372800286893,85.26,85.33,84.5,84.65,430324.98,2026-02-27 10:59:59.999000+00:00,36488972.0492,33445,185721.76,15747624.1236,-0.007180302757919979,-0.018956804509342937,-0.030596232945670952,-4.943035908524747,0.7349397590361454,0.08433734939758232,0.18072289156627228,0.009805079740106299,24.96219525283665,-0.33235641519594833,-0.02147792705640983,-0.023481453585614702,-0.005898907067598103,-0.003373452555337497,0.04326994570015346,-1.1454056665188712,0.5274843850688118,1.1447537614486645,1.6496689558080162,-1.0,0.69,-0.03510771685854319,0.49999999999999994,-0.8660254037844387,4,1.0,0.92771083,True
DOGEUSDT,trend_ema__directionshort_only_fast21_rsi_threshold58.0_slow55,trend_ema,2026-02-27 10:45:00+00:00,2026-02-27 11:30:00+00:00,short,0.013184494143535964,0.013984494143535964,target,3,0.3979840298368893,1,True,False,False,0.00035696436609095007,0.021682344013095857,0,0,0.013384778762484038,0.09666,0.09668,0.09586,0.09599,90414752.0,2026-02-27 10:59:59.999000+00:00,8700993.63046,17982,38080260.0,3663588.07171,-0.006955647041492398,-0.013760498539876268,-0.029055994042158386,-3.626103761103895,0.8170731707316939,0.024390243902446453,0.15853658536585966,0.008542556516303795,30.100798508155535,-0.00027737438106580764,-0.015835179855593958,-0.01737252996009836,-0.003942293707959843,-0.0024483250223291675,0.033938036399194786,-1.1328991807459343,0.0005605714215867677,0.7137568788563253,1.6177134703278528,-1.0,0.68,-0.02863792754503136,0.49999999999999994,-0.8660254037844387,4,1.0,0.8378378,True
SOLUSDT,trend_ema__directionshort_only_fast21_rsi_threshold52.0_slow55,trend_ema,2026-02-27 10:45:00+00:00,2026-02-27 11:30:00+00:00,short,0.013986816695710603,0.014786816695710603,target,3,0.500756094943267,1,True,False,False,0.0009711637369578122,0.022255402584373266,0,0,0.014293090262539315,85.26,85.33,84.5,84.65,430324.98,2026-02-27 10:59:59.999000+00:00,36488972.0492,33445,185721.76,15747624.1236,-0.007180302757919979,-0.018956804509342937,-0.030596232945670952,-4.943035908524747,0.7349397590361454,0.08433734939758232,0.18072289156627228,0.009805079740106299,24.96219525283665,-0.33235641519594833,-0.02147792705640983,-0.023481453585614702,-0.005898907067598103,-0.003373452555337497,0.04326994570015346,-1.1454056665188712,0.5274843850688118,1.1447537614486645,1.6496689558080162,-1.0,0.69,-0.03510771685854319,0.49999999999999994,-0.8660254037844387,4,1.0,0.8378378,True
SOLUSDT,trend_ema__directionboth_fast21_rsi_threshold55.0_slow55,trend_ema,2026-02-27 10:45:00+00:00,2026-02-27 11:30:00+00:00,short,0.013986816695710603,0.014786816695710603,target,3,0.500756094943267,1,True,False,False,0.0009711637369578122,0.022255402584373266,0,0,0.01429718365644809,85.26,85.33,84.5,84.65,430324.98,2026-02-27 10:59:59.999000+00:00,36488972.0492,33445,185721.76,15747624.1236,-0.007180302757919979,-0.018956804509342937,-0.030596232945670952,-4.943035908524747,0.7349397590361454,0.08433734939758232,0.18072289156627228,0.009805079740106299,24.96219525283665,-0.33235641519594833,-0.02147792705640983,-0.023481453585614702,-0.005898907067598103,-0.003373452555337497,0.04326994570015346,-1.1454056665188712,0.5274843850688118,1.1447537614486645,1.6496689558080162,-1.0,0.69,-0.03510771685854319,0.49999999999999994,-0.8660254037844387,4,1.0,0.8378378,True
DOGEUSDT,trend_ema__directionshort_only_fast21_rsi_threshold55.0_slow55,trend_ema,2026-02-27 10:45:00+00:00,2026-02-27 11:30:00+00:00,short,0.013184494143535964,0.013984494143535964,target,3,0.3979840298368893,1,True,False,False,0.00035696436609095007,0.021682344013095857,0,0,0.013359743185115527,0.09666,0.09668,0.09586,0.09599,90414752.0,2026-02-27 10:59:59.999000+00:00,8700993.63046,17982,38080260.0,3663588.07171,-0.006955647041492398,-0.013760498539876268,-0.029055994042158386,-3.626103761103895,0.8170731707316939,0.024390243902446453,0.15853658536585966,0.008542556516303795,30.100798508155535,-0.00027737438106580764,-0.015835179855593958,-0.01737252996009836,-0.003942293707959843,-0.0024483250223291675,0.033938036399194786,-1.1328991807459343,0.0005605714215867677,0.7137568788563253,1.6177134703278528,-1.0,0.68,-0.02863792754503136,0.49999999999999994,-0.8660254037844387,4,1.0,0.8378378,True
SOLUSDT,trend_ema__directionshort_only_fast21_rsi_threshold58.0_slow55,trend_ema,2026-02-27 10:45:00+00:00,2026-02-27 11:30:00+00:00,short,0.013986816695710603,0.014786816695710603,target,3,0.500756094943267,1,True,False,False,0.0009711637369578122,0.022255402584373266,0,0,0.01426269843858837,85.26,85.33,84.5,84.65,430324.98,2026-02-27 10:59:59.999000+00:00,36488972.0492,33445,185721.76,15747624.1236,-0.007180302757919979,-0.018956804509342937,-0.030596232945670952,-4.943035908524747,0.7349397590361454,0.08433734939758232,0.18072289156627228,0.009805079740106299,24.96219525283665,-0.33235641519594833,-0.02147792705640983,-0.023481453585614702,-0.005898907067598103,-0.003373452555337497,0.04326994570015346,-1.1454056665188712,0.5274843850688118,1.1447537614486645,1.6496689558080162,-1.0,0.69,-0.03510771685854319,0.49999999999999994,-0.8660254037844387,4,1.0,0.8378378,True
DOGEUSDT,trend_ema__directionboth_fast21_rsi_threshold58.0_slow55,trend_ema,2026-02-27 10:45:00+00:00,2026-02-27 11:30:00+00:00,short,0.013184494143535964,0.013984494143535964,target,3,0.3979840298368893,1,True,False,False,0.00035696436609095007,0.021682344013095857,0,0,0.013434849917221053,0.09666,0.09668,0.09586,0.09599,90414752.0,2026-02-27 10:59:59.999000+00:00,8700993.63046,17982,38080260.0,3663588.07171,-0.006955647041492398,-0.013760498539876268,-0.029055994042158386,-3.626103761103895,0.8170731707316939,0.024390243902446453,0.15853658536585966,0.008542556516303795,30.100798508155535,-0.00027737438106580764,-0.015835179855593958,-0.01737252996009836,-0.003942293707959843,-0.0024483250223291675,0.033938036399194786,-1.1328991807459343,0.0005605714215867677,0.7137568788563253,1.6177134703278528,-1.0,0.68,-0.02863792754503136,0.49999999999999994,-0.8660254037844387,4,1.0,0.8378378,True
DOGEUSDT,trend_ema__directionboth_fast21_rsi_threshold55.0_slow55,trend_ema,2026-02-27 10:45:00+00:00,2026-02-27 11:30:00+00:00,short,0.013184494143535964,0.013984494143535964,target,3,0.3979840298368893,1,True,False,False,0.00035696436609095007,0.021682344013095857,0,0,0.013409814339852544,0.09666,0.09668,0.09586,0.09599,90414752.0,2026-02-27 10:59:59.999000+00:00,8700993.63046,17982,38080260.0,3663588.07171,-0.006955647041492398,-0.013760498539876268,-0.029055994042158386,-3.626103761103895,0.8170731707316939,0.024390243902446453,0.15853658536585966,0.008542556516303795,30.100798508155535,-0.00027737438106580764,-0.015835179855593958,-0.01737252996009836,-0.003942293707959843,-0.0024483250223291675,0.033938036399194786,-1.1328991807459343,0.0005605714215867677,0.7137568788563253,1.6177134703278528,-1.0,0.68,-0.02863792754503136,0.49999999999999994,-0.8660254037844387,4,1.0,0.8378378,True
SOLUSDT,trend_ema__directionboth_fast21_rsi_threshold58.0_slow55,trend_ema,2026-02-27 10:45:00+00:00,2026-02-27 11:30:00+00:00,short,0.013986816695710603,0.014786816695710603,target,3,0.500756094943267,1,True,False,False,0.0009711637369578122,0.022255402584373266,0,0,0.01419372800286893,85.26,85.33,84.5,84.65,430324.98,2026-02-27 10:59:59.999000+00:00,36488972.0492,33445,185721.76,15747624.1236,-0.007180302757919979,-0.018956804509342937,-0.030596232945670952,-4.943035908524747,0.7349397590361454,0.08433734939758232,0.18072289156627228,0.009805079740106299,24.96219525283665,-0.33235641519594833,-0.02147792705640983,-0.023481453585614702,-0.005898907067598103,-0.003373452555337497,0.04326994570015346,-1.1454056665188712,0.5274843850688118,1.1447537614486645,1.6496689558080162,-1.0,0.69,-0.03510771685854319,0.49999999999999994,-0.8660254037844387,4,1.0,0.8378378,True
DOGEUSDT,trend_ema__directionshort_only_fast21_rsi_threshold52.0_slow55,trend_ema,2026-02-27 10:45:00+00:00,2026-02-27 11:30:00+00:00,short,0.013184494143535964,0.013984494143535964,target,3,0.3979840298368893,1,True,False,False,0.00035696436609095007,0.021682344013095857,0,0,0.013334707607747017,0.09666,0.09668,0.09586,0.09599,90414752.0,2026-02-27 10:59:59.999000+00:00,8700993.63046,17982,38080260.0,3663588.07171,-0.006955647041492398,-0.013760498539876268,-0.029055994042158386,-3.626103761103895,0.8170731707316939,0.024390243902446453,0.15853658536585966,0.008542556516303795,30.100798508155535,-0.00027737438106580764,-0.015835179855593958,-0.01737252996009836,-0.003942293707959843,-0.0024483250223291675,0.033938036399194786,-1.1328991807459343,0.0005605714215867677,0.7137568788563253,1.6177134703278528,-1.0,0.68,-0.02863792754503136,0.49999999999999994,-0.8660254037844387,4,1.0,0.8378378,True
SOLUSDT,trend_ema__directionshort_only_fast21_rsi_threshold55.0_slow55,trend_ema,2026-02-27 10:45:00+00:00,2026-02-27 11:30:00+00:00,short,0.013986816695710603,0.014786816695710603,target,3,0.500756094943267,1,True,False,False,0.0009711637369578122,0.022255402584373266,0,0,0.01422821322072865,85.26,85.33,84.5,84.65,430324.98,2026-02-27 10:59:59.999000+00:00,36488972.0492,33445,185721.76,15747624.1236,-0.007180302757919979,-0.018956804509342937,-0.030596232945670952,-4.943035908524747,0.7349397590361454,0.08433734939758232,0.18072289156627228,0.009805079740106299,24.96219525283665,-0.33235641519594833,-0.02147792705640983,-0.023481453585614702,-0.005898907067598103,-0.003373452555337497,0.04326994570015346,-1.1454056665188712,0.5274843850688118,1.1447537614486645,1.6496689558080162,-1.0,0.69,-0.03510771685854319,0.49999999999999994,-0.8660254037844387,4,1.0,0.8378378,True
XRPUSDT,trend_ema__directionshort_only_fast21_rsi_threshold58.0_slow55,trend_ema,2026-02-27 10:45:00+00:00,2026-02-27 12:00:00+00:00,short,0.011878385084669126,0.012678385084669126,target,5,0.38228885330365725,1,True,False,False,0.0010095040466323905,0.012957071031293472,0,0,0.011881059780920562,1.3964,1.3976,1.3858,1.3881,11313222.7,2026-02-27 10:59:59.999000+00:00,15726837.94039,22052,4564972.5,6346931.50649,-0.005961590649817467,-0.012670630160741415,-0.016858746309090414,-3.6846146490821714,0.7033898305084892,0.1016949152542258,0.19491525423728495,0.00850082847057131,30.885557334817136,-0.0034075994089644594,-0.013214006799766755,-0.014326986583110629,-0.0034346315633112523,-0.002009259665573304,0.028689209956362483,-1.0591556410749496,0.007417678203714239,1.138812799742661,1.743395143011023,-1.0,0.75,-0.024182776801406125,0.49999999999999994,-0.8660254037844387,4,1.0,0.92771083,True
BTCUSDT,trend_ema__directionshort_only_fast12_rsi_threshold55.0_slow34,trend_ema,2026-02-28 04:30:00+00:00,2026-02-28 06:15:00+00:00,short,0.005521252177932024,0.0063212521779320244,target,7,0.1581621901574546,1,True,False,False,0.0011145666749208668,0.019495898513579843,0,0,0.009885462255868286,65636.7,65647.3,65441.0,65616.8,2093.067,2026-02-28 04:44:59.999000+00:00,137207062.9307,37350,785.722,51509596.7179,-0.0003032300114279337,-0.0017556299232830467,-0.004610124877579837,-1.2744682380037724,0.09646146388751284,0.05138148327680887,0.8521570528356783,0.0031440118993916635,42.09189049212727,-29.940966916079542,-0.002126730010784608,-0.0033638016383574164,-0.0005501620572729848,-0.0004957920056303244,0.005910289136616199,-1.0042968554725045,168.82059027987134,1.2864430116073367,2.235366321879243,-1.0,0.03,-0.005344902333506041,0.8660254037844386,0.5000000000000001,5,0.0,0.92771083,True
SOLUSDT,trend_ema__directionboth_fast12_rsi_threshold58.0_slow89,trend_ema,2026-02-28 18:00:00+00:00,2026-02-28 20:15:00+00:00,long,0.019121142180476416,0.019921142180476414,target,9,0.17939139990645017,1,True,False,False,0.0037156010464638395,0.029112726057151407,0,0,0.00883277248143988,81.32,81.45,81.11,81.15,217122.35,2026-02-28 18:14:59.999000+00:00,17647969.5994,19895,107116.46,8707387.876,-0.002215658218083583,0.0022205782625773635,0.009285117775679478,0.31381272498333745,0.4999999999999582,0.38235294117649515,0.11764705882354662,0.004189772027110331,58.96956999532251,0.023598042406569153,0.0070071619557639225,0.010743568216931119,0.0021609755013380916,0.0021470138305756947,0.03384042066726353,0.4010794055671196,0.6260855326489325,-0.37985861654960185,0.5900796065175511,1.0,0.83,-0.0022132054592400863,-1.0,-1.8369701987210297e-16,5,2.0,0.75384617,True
SOLUSDT,trend_ema__directionboth_fast12_rsi_threshold52.0_slow89,trend_ema,2026-02-28 18:00:00+00:00,2026-02-28 20:15:00+00:00,long,0.019121142180476416,0.019921142180476414,target,9,0.17939139990645017,1,True,False,False,0.0037156010464638395,0.029112726057151407,0,0,0.00602619439383634,81.32,81.45,81.11,81.15,217122.35,2026-02-28 18:14:59.999000+00:00,17647969.5994,19895,107116.46,8707387.876,-0.002215658218083583,0.0022205782625773635,0.009285117775679478,0.31381272498333745,0.4999999999999582,0.38235294117649515,0.11764705882354662,0.004189772027110331,58.96956999532251,0.023598042406569153,0.0070071619557639225,0.010743568216931119,0.0021609755013380916,0.0021470138305756947,0.03384042066726353,0.4010794055671196,0.6260855326489325,-0.37985861654960185,0.5900796065175511,1.0,0.83,-0.0022132054592400863,-1.0,-1.8369701987210297e-16,5,2.0,0.75384617,True
SOLUSDT,trend_ema__directionboth_fast12_rsi_threshold55.0_slow89,trend_ema,2026-02-28 18:00:00+00:00,2026-02-28 20:15:00+00:00,long,0.019121142180476416,0.019921142180476414,target,9,0.17939139990645017,1,True,False,False,0.0037156010464638395,0.029112726057151407,0,0,0.01163935056904342,81.32,81.45,81.11,81.15,217122.35,2026-02-28 18:14:59.999000+00:00,17647969.5994,19895,107116.46,8707387.876,-0.002215658218083583,0.0022205782625773635,0.009285117775679478,0.31381272498333745,0.4999999999999582,0.38235294117649515,0.11764705882354662,0.004189772027110331,58.96956999532251,0.023598042406569153,0.0070071619557639225,0.010743568216931119,0.0021609755013380916,0.0021470138305756947,0.03384042066726353,0.4010794055671196,0.6260855326489325,-0.37985861654960185,0.5900796065175511,1.0,0.83,-0.0022132054592400863,-1.0,-1.8369701987210297e-16,5,2.0,0.75384617,True
BTCUSDT,trend_ema__directionboth_fast21_rsi_threshold58.0_slow89,trend_ema,2026-02-28 19:00:00+00:00,2026-02-28 20:15:00+00:00,long,0.013542460486060604,0.014342460486060605,target,5,0.2936422444557638,1,True,False,False,0.004940303526669879,0.017305266244374746,0,0,0.00898281935104927,65872.9,65915.9,65557.3,65721.0,2582.184,2026-02-28 19:14:59.999000+00:00,169708252.9022,76594,1288.925,84703078.9634,-0.0023101367478547013,0.007345731368658916,0.023524338638137358,1.8571535578870644,0.4235917456776293,0.11991076408254614,0.4564974902398245,0.0054563990200999874,64.68211222278819,73.5659613307484,0.009813045977293822,0.01371521557913311,0.0036157336691617914,0.0024503123213437394,0.025330408648629548,0.8521801089191469,376.5850105581807,-0.08384481123171339,0.9095826546000679,1.0,0.59,-0.0023074704355350306,-0.9659258262890684,0.2588190451025203,5,2.0,0.75384617,True
DOGEUSDT,trend_ema__directionlong_only_fast9_rsi_threshold58.0_slow89,trend_ema,2026-02-28 19:30:00+00:00,2026-02-28 20:15:00+00:00,long,0.018593114670966457,0.019393114670966455,target,3,0.35625804930855565,1,True,False,False,0.0005855945483573144,0.02500690684437834,0,2,-0.0006882972334224531,0.09181,0.09339,0.09177,0.09281,190226656.0,2026-02-28 19:44:59.999000+00:00,17640792.30983,33672,94068706.0,8726557.30552,0.01083316845169288,0.011377919786186312,0.023989810373332258,1.8804630194204666,0.6172839506172858,0.35802469135802373,0.024691358024690406,0.017455015623316413,67.81290246542778,0.00015415409752277527,0.01828932093908224,0.021745332311991362,0.0040039456309093335,0.0030803457358088426,0.031468452916525294,1.2716102155535483,0.0007771353169389028,0.9081431107092902,1.9940955257265636,1.0,0.63,0.0,-0.9659258262890684,0.2588190451025203,5,2.0,0.75384617,True
XRPUSDT,trend_ema__directionboth_fast12_rsi_threshold52.0_slow89,trend_ema,2026-02-28 19:30:00+00:00,2026-02-28 20:15:00+00:00,long,0.01833358675040959,0.01913358675040959,target,3,0.33096449777701453,1,True,False,False,0.0001499775033746673,0.02852598101770264,0,0,0.008499141734517802,1.3389,1.3586,1.3389,1.3517,24859101.7,2026-02-28 19:44:59.999000+00:00,33561829.94419,48881,13260532.1,17906214.78452,0.009589369152610421,0.01018709780160822,0.020177040799566164,1.6675771232846568,0.6497461928933954,0.3502538071066046,0.0,0.01457423984611974,66.54822488885073,0.001996836813561779,0.01722365887073698,0.02115647124169624,0.003865580517018685,0.003118633219553857,0.02956385485317695,1.2555659069704206,0.010930955026349701,0.6310368915660434,1.6809119898334226,1.0,0.6,0.0,-0.9659258262890684,0.2588190451025203,5,2.0,0.92771083,True
XRPUSDT,trend_ema__directionboth_fast12_rsi_threshold55.0_slow89,trend_ema,2026-02-28 19:30:00+00:00,2026-02-28 20:15:00+00:00,long,0.01833358675040959,0.01913358675040959,target,3,0.33096449777701453,1,True,False,False,0.0001499775033746673,0.02852598101770264,0,0,0.00595417181954973,1.3389,1.3586,1.3389,1.3517,24859101.7,2026-02-28 19:44:59.999000+00:00,33561829.94419,48881,13260532.1,17906214.78452,0.009589369152610421,0.01018709780160822,0.020177040799566164,1.6675771232846568,0.6497461928933954,0.3502538071066046,0.0,0.01457423984611974,66.54822488885073,0.001996836813561779,0.01722365887073698,0.02115647124169624,0.003865580517018685,0.003118633219553857,0.02956385485317695,1.2555659069704206,0.010930955026349701,0.6310368915660434,1.6809119898334226,1.0,0.6,0.0,-0.9659258262890684,0.2588190451025203,5,2.0,0.92771083,True
DOGEUSDT,trend_ema__directionboth_fast9_rsi_threshold58.0_slow89,trend_ema,2026-02-28 19:30:00+00:00,2026-02-28 20:15:00+00:00,long,0.018593114670966457,0.019393114670966455,target,3,0.35625804930855565,1,True,False,False,0.0005855945483573144,0.02500690684437834,0,3,-0.003469747914838424,0.09181,0.09339,0.09177,0.09281,190226656.0,2026-02-28 19:44:59.999000+00:00,17640792.30983,33672,94068706.0,8726557.30552,0.01083316845169288,0.011377919786186312,0.023989810373332258,1.8804630194204666,0.6172839506172858,0.35802469135802373,0.024691358024690406,0.017455015623316413,67.81290246542778,0.00015415409752277527,0.01828932093908224,0.021745332311991362,0.0040039456309093335,0.0030803457358088426,0.031468452916525294,1.2716102155535483,0.0007771353169389028,0.9081431107092902,1.9940955257265636,1.0,0.63,0.0,-0.9659258262890684,0.2588190451025203,5,2.0,0.75384617,True
DOGEUSDT,trend_ema__directionboth_fast9_rsi_threshold58.0_slow89,trend_ema,2026-02-28 19:30:00+00:00,2026-02-28 20:15:00+00:00,long,0.018593114670966457,0.019393114670966455,target,3,0.35625804930855565,1,True,False,False,0.0005855945483573144,0.02500690684437834,0,3,-0.003469747914838424,0.09181,0.09339,0.09177,0.09281,190226656.0,2026-02-28 19:44:59.999000+00:00,17640792.30983,33672,94068706.0,8726557.30552,0.01083316845169288,0.011377919786186312,0.023989810373332258,1.8804630194204666,0.6172839506172858,0.35802469135802373,0.024691358024690406,0.017455015623316413,67.81290246542778,0.00015415409752277527,0.01828932093908224,0.021745332311991362,0.0040039456309093335,0.0030803457358088426,0.031468452916525294,1.2716102155535483,0.0007771353169389028,0.9081431107092902,1.9940955257265636,1.0,0.63,0.0,-0.9659258262890684,0.2588190451025203,5,2.0,0.8378378,True
DOGEUSDT,trend_ema__directionlong_only_fast9_rsi_threshold58.0_slow89,trend_ema,2026-02-28 19:30:00+00:00,2026-02-28 20:15:00+00:00,long,0.018593114670966457,0.019393114670966455,target,3,0.35625804930855565,1,True,False,False,0.0005855945483573144,0.02500690684437834,0,2,-0.0006882972334224531,0.09181,0.09339,0.09177,0.09281,190226656.0,2026-02-28 19:44:59.999000+00:00,17640792.30983,33672,94068706.0,8726557.30552,0.01083316845169288,0.011377919786186312,0.023989810373332258,1.8804630194204666,0.6172839506172858,0.35802469135802373,0.024691358024690406,0.017455015623316413,67.81290246542778,0.00015415409752277527,0.01828932093908224,0.021745332311991362,0.0040039456309093335,0.0030803457358088426,0.031468452916525294,1.2716102155535483,0.0007771353169389028,0.9081431107092902,1.9940955257265636,1.0,0.63,0.0,-0.9659258262890684,0.2588190451025203,5,2.0,0.8378378,True
XRPUSDT,trend_ema__directionboth_fast12_rsi_threshold52.0_slow89,trend_ema,2026-02-28 19:30:00+00:00,2026-02-28 20:15:00+00:00,long,0.01833358675040959,0.01913358675040959,target,3,0.33096449777701453,1,True,False,False,0.0001499775033746673,0.02852598101770264,0,0,0.008499141734517802,1.3389,1.3586,1.3389,1.3517,24859101.7,2026-02-28 19:44:59.999000+00:00,33561829.94419,48881,13260532.1,17906214.78452,0.009589369152610421,0.01018709780160822,0.020177040799566164,1.6675771232846568,0.6497461928933954,0.3502538071066046,0.0,0.01457423984611974,66.54822488885073,0.001996836813561779,0.01722365887073698,0.02115647124169624,0.003865580517018685,0.003118633219553857,0.02956385485317695,1.2555659069704206,0.010930955026349701,0.6310368915660434,1.6809119898334226,1.0,0.6,0.0,-0.9659258262890684,0.2588190451025203,5,2.0,0.92105263,True
XRPUSDT,trend_ema__directionboth_fast12_rsi_threshold55.0_slow89,trend_ema,2026-02-28 19:30:00+00:00,2026-02-28 20:15:00+00:00,long,0.01833358675040959,0.01913358675040959,target,3,0.33096449777701453,1,True,False,False,0.0001499775033746673,0.02852598101770264,0,0,0.00595417181954973,1.3389,1.3586,1.3389,1.3517,24859101.7,2026-02-28 19:44:59.999000+00:00,33561829.94419,48881,13260532.1,17906214.78452,0.009589369152610421,0.01018709780160822,0.020177040799566164,1.6675771232846568,0.6497461928933954,0.3502538071066046,0.0,0.01457423984611974,66.54822488885073,0.001996836813561779,0.01722365887073698,0.02115647124169624,0.003865580517018685,0.003118633219553857,0.02956385485317695,1.2555659069704206,0.010930955026349701,0.6310368915660434,1.6809119898334226,1.0,0.6,0.0,-0.9659258262890684,0.2588190451025203,5,2.0,0.92105263,True
XRPUSDT,trend_ema__directionboth_fast21_rsi_threshold58.0_slow89,trend_ema,2026-02-28 20:15:00+00:00,2026-02-28 22:30:00+00:00,long,0.01912644941316138,0.01992644941316138,target,9,0.4864575999844368,1,True,False,False,0.0027208525244870104,0.023061351258668795,0,0,0.011032218852133941,1.3612,1.3773,1.3577,1.3732,20768375.4,2026-02-28 20:29:59.999000+00:00,28431543.27319,48548,10897217.3,14916324.76251,0.008703657065109591,0.025370092246365408,0.037695515076722565,5.324186908995056,0.6122448979591822,0.2091836734693867,0.178571428571431,0.014273230410719533,74.32287999922184,0.003881371617344989,0.026034854410617626,0.033209942078314694,0.006797673860682529,0.004805222398863496,0.04652902164513078,1.2732146232029198,0.011476096280207848,0.331303537496877,1.336396662152447,1.0,0.51,0.0,-0.8660254037844386,0.5000000000000001,5,2.0,0.92105263,True
XRPUSDT,trend_ema__directionboth_fast21_rsi_threshold58.0_slow89,trend_ema,2026-02-28 20:15:00+00:00,2026-02-28 22:30:00+00:00,long,0.01912644941316138,0.01992644941316138,target,9,0.4864575999844368,1,True,False,False,0.0027208525244870104,0.023061351258668795,0,0,0.011032218852133941,1.3612,1.3773,1.3577,1.3732,20768375.4,2026-02-28 20:29:59.999000+00:00,28431543.27319,48548,10897217.3,14916324.76251,0.008703657065109591,0.025370092246365408,0.037695515076722565,5.324186908995056,0.6122448979591822,0.2091836734693867,0.178571428571431,0.014273230410719533,74.32287999922184,0.003881371617344989,0.026034854410617626,0.033209942078314694,0.006797673860682529,0.004805222398863496,0.04652902164513078,1.2732146232029198,0.011476096280207848,0.331303537496877,1.336396662152447,1.0,0.51,0.0,-0.8660254037844386,0.5000000000000001,5,2.0,0.92771083,True
DOGEUSDT,trend_ema__directionboth_fast21_rsi_threshold58.0_slow89,trend_ema,2026-02-28 20:30:00+00:00,2026-03-01 01:45:00+00:00,long,0.02044359162225173,0.02124359162225173,target,21,0.46262896089326916,1,True,False,False,0.008251971501641238,0.024902240780739687,0,0,0.010887120004634526,0.09379,0.09398,0.09328,0.0938,75276622.0,2026-02-28 20:44:59.999000+00:00,7051328.52479,18126,38002551.0,3560710.76605,0.00021324235073867984,0.010610463404877382,0.030195465422914652,2.356173246296249,0.014285714285708904,0.2571428571428594,0.7285714285714316,0.007462686567164097,73.13144804466346,0.0002494095539155544,0.020358116420854087,0.027887748214838328,0.006782384359658167,0.005233064761389183,0.049541826405121,0.968680850837981,0.000790158834524469,-0.26021168443240106,0.7376172616534268,1.0,0.5,0.0,-0.8660254037844386,0.5000000000000001,5,2.0,0.8378378,True
ZECUSDT,trend_ema__directionboth_fast12_rsi_threshold52.0_slow89,trend_ema,2026-02-28 20:30:00+00:00,2026-03-01 01:45:00+00:00,long,0.026493517516310437,0.027293517516310435,target,21,0.3762351443033819,1,True,False,False,0.010768177870454155,0.03696795567637277,0,0,0.011691788120638924,218.46,219.2,216.56,217.99,24941.775,2026-02-28 20:44:59.999000+00:00,5437176.54748,24216,11016.039,2400930.75306,-0.0021079652201209513,0.006119885659902447,0.03891432402017663,0.9621518923334474,0.1780303030303035,0.28030303030302445,0.5416666666666721,0.012110647277397983,68.8117572151691,0.8021236556315752,0.021623908373976916,0.027509630308317937,0.007518936279334643,0.0056071929830705525,0.06835944634890279,0.8141690096367826,2.4035620237872157,0.34907994334189674,1.2782147643719413,1.0,0.5,-0.0021057450217439877,-0.8660254037844386,0.5000000000000001,5,2.0,0.8378378,True
ZECUSDT,trend_ema__directionboth_fast12_rsi_threshold55.0_slow89,trend_ema,2026-02-28 20:30:00+00:00,2026-03-01 01:45:00+00:00,long,0.026493517516310437,0.027293517516310435,target,21,0.3762351443033819,1,True,False,False,0.010768177870454155,0.03696795567637277,0,0,0.015387473954506367,218.46,219.2,216.56,217.99,24941.775,2026-02-28 20:44:59.999000+00:00,5437176.54748,24216,11016.039,2400930.75306,-0.0021079652201209513,0.006119885659902447,0.03891432402017663,0.9621518923334474,0.1780303030303035,0.28030303030302445,0.5416666666666721,0.012110647277397983,68.8117572151691,0.8021236556315752,0.021623908373976916,0.027509630308317937,0.007518936279334643,0.0056071929830705525,0.06835944634890279,0.8141690096367826,2.4035620237872157,0.34907994334189674,1.2782147643719413,1.0,0.5,-0.0021057450217439877,-0.8660254037844386,0.5000000000000001,5,2.0,0.8378378,True
ZECUSDT,trend_ema__directionboth_fast12_rsi_threshold55.0_slow89,trend_ema,2026-02-28 20:30:00+00:00,2026-03-01 01:45:00+00:00,long,0.026493517516310437,0.027293517516310435,target,21,0.3762351443033819,1,True,False,False,0.010768177870454155,0.03696795567637277,0,0,0.015387473954506367,218.46,219.2,216.56,217.99,24941.775,2026-02-28 20:44:59.999000+00:00,5437176.54748,24216,11016.039,2400930.75306,-0.0021079652201209513,0.006119885659902447,0.03891432402017663,0.9621518923334474,0.1780303030303035,0.28030303030302445,0.5416666666666721,0.012110647277397983,68.8117572151691,0.8021236556315752,0.021623908373976916,0.027509630308317937,0.007518936279334643,0.0056071929830705525,0.06835944634890279,0.8141690096367826,2.4035620237872157,0.34907994334189674,1.2782147643719413,1.0,0.5,-0.0021057450217439877,-0.8660254037844386,0.5000000000000001,5,2.0,0.92771083,True
ZECUSDT,trend_ema__directionboth_fast12_rsi_threshold52.0_slow89,trend_ema,2026-02-28 20:30:00+00:00,2026-03-01 01:45:00+00:00,long,0.026493517516310437,0.027293517516310435,target,21,0.3762351443033819,1,True,False,False,0.010768177870454155,0.03696795567637277,0,0,0.011691788120638924,218.46,219.2,216.56,217.99,24941.775,2026-02-28 20:44:59.999000+00:00,5437176.54748,24216,11016.039,2400930.75306,-0.0021079652201209513,0.006119885659902447,0.03891432402017663,0.9621518923334474,0.1780303030303035,0.28030303030302445,0.5416666666666721,0.012110647277397983,68.8117572151691,0.8021236556315752,0.021623908373976916,0.027509630308317937,0.007518936279334643,0.0056071929830705525,0.06835944634890279,0.8141690096367826,2.4035620237872157,0.34907994334189674,1.2782147643719413,1.0,0.5,-0.0021057450217439877,-0.8660254037844386,0.5000000000000001,5,2.0,0.92771083,True
DOGEUSDT,trend_ema__directionboth_fast21_rsi_threshold58.0_slow89,trend_ema,2026-02-28 20:30:00+00:00,2026-03-01 01:45:00+00:00,long,0.02044359162225173,0.02124359162225173,target,21,0.46262896089326916,1,True,False,False,0.008251971501641238,0.024902240780739687,0,0,0.010887120004634526,0.09379,0.09398,0.09328,0.0938,75276622.0,2026-02-28 20:44:59.999000+00:00,7051328.52479,18126,38002551.0,3560710.76605,0.00021324235073867984,0.010610463404877382,0.030195465422914652,2.356173246296249,0.014285714285708904,0.2571428571428594,0.7285714285714316,0.007462686567164097,73.13144804466346,0.0002494095539155544,0.020358116420854087,0.027887748214838328,0.006782384359658167,0.005233064761389183,0.049541826405121,0.968680850837981,0.000790158834524469,-0.26021168443240106,0.7376172616534268,1.0,0.5,0.0,-0.8660254037844386,0.5000000000000001,5,2.0,0.75384617,True
ZECUSDT,trend_ema__directionboth_fast12_rsi_threshold58.0_slow89,trend_ema,2026-02-28 20:30:00+00:00,2026-03-01 01:45:00+00:00,long,0.026493517516310437,0.027293517516310435,target,21,0.3762351443033819,1,True,False,False,0.010768177870454155,0.03696795567637277,0,0,0.007996102286771481,218.46,219.2,216.56,217.99,24941.775,2026-02-28 20:44:59.999000+00:00,5437176.54748,24216,11016.039,2400930.75306,-0.0021079652201209513,0.006119885659902447,0.03891432402017663,0.9621518923334474,0.1780303030303035,0.28030303030302445,0.5416666666666721,0.012110647277397983,68.8117572151691,0.8021236556315752,0.021623908373976916,0.027509630308317937,0.007518936279334643,0.0056071929830705525,0.06835944634890279,0.8141690096367826,2.4035620237872157,0.34907994334189674,1.2782147643719413,1.0,0.5,-0.0021057450217439877,-0.8660254037844386,0.5000000000000001,5,2.0,0.75384617,True
ZECUSDT,trend_ema__directionboth_fast12_rsi_threshold58.0_slow89,trend_ema,2026-02-28 20:30:00+00:00,2026-03-01 01:45:00+00:00,long,0.026493517516310437,0.027293517516310435,target,21,0.3762351443033819,1,True,False,False,0.010768177870454155,0.03696795567637277,0,0,0.007996102286771481,218.46,219.2,216.56,217.99,24941.775,2026-02-28 20:44:59.999000+00:00,5437176.54748,24216,11016.039,2400930.75306,-0.0021079652201209513,0.006119885659902447,0.03891432402017663,0.9621518923334474,0.1780303030303035,0.28030303030302445,0.5416666666666721,0.012110647277397983,68.8117572151691,0.8021236556315752,0.021623908373976916,0.027509630308317937,0.007518936279334643,0.0056071929830705525,0.06835944634890279,0.8141690096367826,2.4035620237872157,0.34907994334189674,1.2782147643719413,1.0,0.5,-0.0021057450217439877,-0.8660254037844386,0.5000000000000001,5,2.0,0.8378378,True
ZECUSDT,trend_ema__directionboth_fast21_rsi_threshold58.0_slow89,trend_ema,2026-02-28 21:30:00+00:00,2026-02-28 22:30:00+00:00,long,0.02627498974925517,0.02707498974925517,target,4,0.27958203347576754,1,True,False,False,0.00028864013593235424,0.03585608608412882,0,0,0.019088451476514955,216.32,219.16,216.29,218.47,13743.154,2026-02-28 21:44:59.999000+00:00,2994723.48106,20224,7888.527,1718587.41924,0.009889912483402187,0.0021995151606775576,0.05171015533431927,0.31759016133037676,0.749128919860628,0.24041811846689778,0.010452961672474247,0.013136815123357919,63.97910167378838,0.3488974104344522,0.016787360375795726,0.025628995233210387,0.0044275295273019655,0.005300753264590119,0.07620513711655423,0.5823615329946757,2.380732115821188,-0.3455682919371038,0.8061689328805156,1.0,0.57,-0.004057257476294707,-0.7071067811865477,0.7071067811865474,5,2.0,0.92105263,True
ZECUSDT,trend_ema__directionboth_fast21_rsi_threshold58.0_slow89,trend_ema,2026-02-28 21:30:00+00:00,2026-02-28 22:30:00+00:00,long,0.02627498974925517,0.02707498974925517,target,4,0.27958203347576754,1,True,False,False,0.00028864013593235424,0.03585608608412882,0,0,0.019088451476514955,216.32,219.16,216.29,218.47,13743.154,2026-02-28 21:44:59.999000+00:00,2994723.48106,20224,7888.527,1718587.41924,0.009889912483402187,0.0021995151606775576,0.05171015533431927,0.31759016133037676,0.749128919860628,0.24041811846689778,0.010452961672474247,0.013136815123357919,63.97910167378838,0.3488974104344522,0.016787360375795726,0.025628995233210387,0.0044275295273019655,0.005300753264590119,0.07620513711655423,0.5823615329946757,2.380732115821188,-0.3455682919371038,0.8061689328805156,1.0,0.57,-0.004057257476294707,-0.7071067811865477,0.7071067811865474,5,2.0,0.92771083,True
DOGEUSDT,trend_ema__directionshort_only_fast12_rsi_threshold55.0_slow34,trend_ema,2026-03-01 08:45:00+00:00,2026-03-01 10:00:00+00:00,short,0.013676055680803746,0.014476055680803747,target,5,0.3865586950094547,1,True,False,False,0.0006791464175134972,0.014665447092484402,0,0,0.013309672030378509,0.09451,0.09456,0.09327,0.09359,158102863.0,2026-03-01 08:59:59.999000+00:00,14823117.16117,26908,60981129.0,5713573.4337,-0.009676294330531868,-0.012845869091810886,-0.027401861995359045,-4.0202700607660855,0.7131782945736361,0.03875968992248713,0.24806201550387671,0.013783523880756484,30.672065249527265,-0.00021260654437469463,-0.014074612304989187,-0.009901052178600775,-0.0026619900319270196,-0.00027503806182482826,0.03347162723691739,-1.0237766710381224,0.0006002299552474906,1.1363806985013325,1.9962482382754911,1.0,0.09,-0.028242134773128424,0.8660254037844387,-0.4999999999999998,6,1.0,0.92105263,True
DOGEUSDT,trend_ema__directionshort_only_fast12_rsi_threshold55.0_slow34,trend_ema,2026-03-01 08:45:00+00:00,2026-03-01 10:00:00+00:00,short,0.013676055680803746,0.014476055680803747,target,5,0.3865586950094547,1,True,False,False,0.0006791464175134972,0.014665447092484402,0,0,0.013309672030378509,0.09451,0.09456,0.09327,0.09359,158102863.0,2026-03-01 08:59:59.999000+00:00,14823117.16117,26908,60981129.0,5713573.4337,-0.009676294330531868,-0.012845869091810886,-0.027401861995359045,-4.0202700607660855,0.7131782945736361,0.03875968992248713,0.24806201550387671,0.013783523880756484,30.672065249527265,-0.00021260654437469463,-0.014074612304989187,-0.009901052178600775,-0.0026619900319270196,-0.00027503806182482826,0.03347162723691739,-1.0237766710381224,0.0006002299552474906,1.1363806985013325,1.9962482382754911,1.0,0.09,-0.028242134773128424,0.8660254037844387,-0.4999999999999998,6,1.0,0.92771083,True
SOLUSDT,trend_ema__directionshort_only_fast12_rsi_threshold55.0_slow34,trend_ema,2026-03-01 09:30:00+00:00,2026-03-01 13:45:00+00:00,short,-0.011396614579507417,-0.010596614579507417,stop,17,0.3298923329494815,0,False,True,False,0.01699268455933225,0.012131085245759718,0,0,0.014338131101063911,85.51,85.58,84.83,84.96,414320.26,2026-03-01 09:44:59.999000+00:00,35264110.6225,28739,193265.91,16446078.0083,-0.006452770674235404,-0.015764908737937625,-0.02922963831493848,-3.914257428677781,0.7333333333333485,0.09333333333332423,0.17333333333332726,0.00882768361581921,33.505383352525925,-0.26914075512722374,-0.014902736892610756,-0.008341871068863799,-0.0038481428593286626,-0.0005616957042560156,0.036589840101199825,-0.9957816824850328,0.6144165589437199,0.6254452536496807,1.3763513080605032,1.0,0.16,-0.032346241457858804,0.7071067811865476,-0.7071067811865475,6,1.0,0.92105263,True
SOLUSDT,trend_ema__directionshort_only_fast12_rsi_threshold55.0_slow34,trend_ema,2026-03-01 09:30:00+00:00,2026-03-01 13:45:00+00:00,short,-0.011396614579507417,-0.010596614579507417,stop,17,0.3298923329494815,0,False,True,False,0.01699268455933225,0.012131085245759718,0,0,0.014338131101063911,85.51,85.58,84.83,84.96,414320.26,2026-03-01 09:44:59.999000+00:00,35264110.6225,28739,193265.91,16446078.0083,-0.006452770674235404,-0.015764908737937625,-0.02922963831493848,-3.914257428677781,0.7333333333333485,0.09333333333332423,0.17333333333332726,0.00882768361581921,33.505383352525925,-0.26914075512722374,-0.014902736892610756,-0.008341871068863799,-0.0038481428593286626,-0.0005616957042560156,0.036589840101199825,-0.9957816824850328,0.6144165589437199,0.6254452536496807,1.3763513080605032,1.0,0.16,-0.032346241457858804,0.7071067811865476,-0.7071067811865475,6,1.0,0.92771083,True
DOGEUSDT,trend_ema__directionboth_fast9_rsi_threshold58.0_slow89,trend_ema,2026-03-01 10:45:00+00:00,2026-03-01 13:45:00+00:00,short,-0.00994974638093292,-0.00914974638093292,stop,12,0.23495464241407618,0,False,True,False,0.01457988816950307,0.012035197392465627,0,0,0.01333379260673678,0.09357,0.09374,0.09345,0.09363,17157704.0,2026-03-01 10:59:59.999000+00:00,1606121.8474,6443,9271675.0,867997.85144,0.0006410256629762398,0.00203132587088099,-0.01178545254480795,0.5740303288479516,0.20689655172415444,0.3793103448275846,0.41379310344826103,0.0030972978746128224,38.25226787929619,-8.908085055051436e-05,-0.0063988777860611865,-0.0070604259859671295,-0.002395486702775118,-0.0016494112636640246,0.023772537494667043,-0.5631858971908943,0.0005506273104181577,-1.0309895425675986,0.320668603616776,-1.0,0.24,-0.014732189834788967,0.49999999999999994,-0.8660254037844387,6,1.0,0.75384617,True
ETHUSDT,trend_ema__directionlong_only_fast12_rsi_threshold58.0_slow55,trend_ema,2026-03-01 14:00:00+00:00,2026-03-01 16:00:00+00:00,long,-0.00998983734572057,-0.00918983734572057,stop,8,0.35472677624711424,0,False,True,False,0.012043340717541737,0.010771379915837726,0,0,0.010339172362808303,2005.86,2027.77,2001.16,2015.0,143470.5,2026-03-01 14:14:59.999000+00:00,289170199.57477,243918,81896.06,165122377.08575,0.004546298922497372,0.01847735201538157,0.016205036912935254,4.768073000425968,0.3434798947764049,0.4798947763998508,0.1766253288237443,0.013205955334987543,67.73633881235571,3.3332496704946553,0.012988548588490434,0.014394517767250904,0.0020757914231734897,0.0005778262617630592,0.01934722811105452,1.5825782398384962,13.313657055983331,1.648902362108353,2.7701954980990995,1.0,0.4,0.0,-0.4999999999999997,-0.8660254037844388,6,1.0,0.92771083,True
ETHUSDT,trend_ema__directionlong_only_fast12_rsi_threshold58.0_slow55,trend_ema,2026-03-01 14:00:00+00:00,2026-03-01 16:00:00+00:00,long,-0.00998983734572057,-0.00918983734572057,stop,8,0.35472677624711424,0,False,True,False,0.012043340717541737,0.010771379915837726,0,0,0.010339172362808303,2005.86,2027.77,2001.16,2015.0,143470.5,2026-03-01 14:14:59.999000+00:00,289170199.57477,243918,81896.06,165122377.08575,0.004546298922497372,0.01847735201538157,0.016205036912935254,4.768073000425968,0.3434798947764049,0.4798947763998508,0.1766253288237443,0.013205955334987543,67.73633881235571,3.3332496704946553,0.012988548588490434,0.014394517767250904,0.0020757914231734897,0.0005778262617630592,0.01934722811105452,1.5825782398384962,13.313657055983331,1.648902362108353,2.7701954980990995,1.0,0.4,0.0,-0.4999999999999997,-0.8660254037844388,6,1.0,0.8378378,True
ZECUSDT,trend_ema__directionboth_fast12_rsi_threshold55.0_slow89,trend_ema,2026-03-01 14:45:00+00:00,2026-03-01 20:00:00+00:00,short,0.024291465930481773,0.025091465930481772,target,21,0.17821106634109085,1,True,False,False,0.013452063202126552,0.030313012680454134,0,0,0.005652188079370212,220.3,220.43,219.18,219.66,14447.461,2026-03-01 14:59:59.999000+00:00,3176332.57701,20091,6792.789,1493996.79864,-0.0029093574480976887,-0.016972511782502378,-0.01719628049609479,-2.6394366708184904,0.5120000000000118,0.10399999999999636,0.3839999999999918,0.005690612765182555,41.08944668294546,0.13174243197765034,-0.008797004372868922,-0.012032402658096148,-0.0012862978889007781,-0.0004141138971570646,0.032720422379637196,-0.48845682480136987,2.142104867454712,-0.02488853036847952,0.984125477900444,-1.0,0.42,-0.019725098179221745,-0.4999999999999997,-0.8660254037844388,6,1.0,0.92771083,True
ZECUSDT,trend_ema__directionboth_fast12_rsi_threshold55.0_slow89,trend_ema,2026-03-01 14:45:00+00:00,2026-03-01 20:00:00+00:00,short,0.024291465930481773,0.025091465930481772,target,21,0.17821106634109085,1,True,False,False,0.013452063202126552,0.030313012680454134,0,0,0.005652188079370212,220.3,220.43,219.18,219.66,14447.461,2026-03-01 14:59:59.999000+00:00,3176332.57701,20091,6792.789,1493996.79864,-0.0029093574480976887,-0.016972511782502378,-0.01719628049609479,-2.6394366708184904,0.5120000000000118,0.10399999999999636,0.3839999999999918,0.005690612765182555,41.08944668294546,0.13174243197765034,-0.008797004372868922,-0.012032402658096148,-0.0012862978889007781,-0.0004141138971570646,0.032720422379637196,-0.48845682480136987,2.142104867454712,-0.02488853036847952,0.984125477900444,-1.0,0.42,-0.019725098179221745,-0.4999999999999997,-0.8660254037844388,6,1.0,0.92105263,True
DOGEUSDT,trend_ema__directionshort_only_fast21_rsi_threshold52.0_slow89,trend_ema,2026-03-01 17:15:00+00:00,2026-03-01 20:00:00+00:00,short,0.019133470610736374,0.019933470610736373,target,11,0.30877154308659016,1,True,False,False,0.009319772467002585,0.020023427416604164,0,0,0.01913347061073637,0.09271,0.09275,0.09158,0.09231,178345985.0,2026-03-01 17:29:59.999000+00:00,16408477.79657,28097,67397517.0,6203706.8504,-0.004215994569749325,-0.021858793812499073,-0.0046474009612545684,-3.7001374379435292,0.34188034188033856,0.034188034188032665,0.6239316239316288,0.012674683132921723,34.56142284567049,-0.0001428475324269569,-0.01401145521344102,-0.016612637138234326,-0.003732966517746017,-0.0014865921754404487,0.03125109678311195,-0.903927904190666,0.0007698803749045764,1.3256721787370704,2.3717023835547573,-1.0,0.72,-0.026060350284870193,-0.9659258262890683,-0.25881904510252063,6,2.0,0.8378378,True
DOGEUSDT,trend_ema__directionboth_fast21_rsi_threshold58.0_slow89,trend_ema,2026-03-01 17:15:00+00:00,2026-03-01 20:00:00+00:00,short,0.019133470610736374,0.019933470610736373,target,11,0.30877154308659016,1,True,False,False,0.009319772467002585,0.020023427416604164,0,0,0.01913347061073637,0.09271,0.09275,0.09158,0.09231,178345985.0,2026-03-01 17:29:59.999000+00:00,16408477.79657,28097,67397517.0,6203706.8504,-0.004215994569749325,-0.021858793812499073,-0.0046474009612545684,-3.7001374379435292,0.34188034188033856,0.034188034188032665,0.6239316239316288,0.012674683132921723,34.56142284567049,-0.0001428475324269569,-0.01401145521344102,-0.016612637138234326,-0.003732966517746017,-0.0014865921754404487,0.03125109678311195,-0.903927904190666,0.0007698803749045764,1.3256721787370704,2.3717023835547573,-1.0,0.72,-0.026060350284870193,-0.9659258262890683,-0.25881904510252063,6,2.0,0.8378378,True
SOLUSDT,trend_ema__directionboth_fast21_rsi_threshold58.0_slow55,trend_ema,2026-03-01 17:15:00+00:00,2026-03-01 20:15:00+00:00,short,0.020422283964279943,0.021222283964279942,target,12,0.3441411681775861,1,True,False,False,0.011335519483187194,0.021744992861362306,0,0,0.005732634838127688,84.05,84.09,83.14,83.66,637024.57,2026-03-01 17:29:59.999000+00:00,53182480.7425,42848,276914.69,23121268.307,-0.00453190996274738,-0.026306441764081073,-0.01270876419632044,-4.007603614996266,0.4105263157894731,0.042105263157901196,0.5473684210526257,0.011355486492947679,32.792941591120695,-0.21904223027706973,-0.018770482995300385,-0.020673066887666368,-0.00553224444901157,-0.002119113878084833,0.03849262243817676,-1.0383567501259328,0.7302871512652703,0.816218586658086,1.8140696687249827,-1.0,0.91,-0.03260869565217395,-0.9659258262890683,-0.25881904510252063,6,2.0,0.94623655,True
DOGEUSDT,trend_ema__directionshort_only_fast21_rsi_threshold55.0_slow89,trend_ema,2026-03-01 17:15:00+00:00,2026-03-01 20:00:00+00:00,short,0.019133470610736374,0.019933470610736373,target,11,0.30877154308659016,1,True,False,False,0.009319772467002585,0.020023427416604164,0,0,0.01913347061073637,0.09271,0.09275,0.09158,0.09231,178345985.0,2026-03-01 17:29:59.999000+00:00,16408477.79657,28097,67397517.0,6203706.8504,-0.004215994569749325,-0.021858793812499073,-0.0046474009612545684,-3.7001374379435292,0.34188034188033856,0.034188034188032665,0.6239316239316288,0.012674683132921723,34.56142284567049,-0.0001428475324269569,-0.01401145521344102,-0.016612637138234326,-0.003732966517746017,-0.0014865921754404487,0.03125109678311195,-0.903927904190666,0.0007698803749045764,1.3256721787370704,2.3717023835547573,-1.0,0.72,-0.026060350284870193,-0.9659258262890683,-0.25881904510252063,6,2.0,0.8378378,True
DOGEUSDT,trend_ema__directionshort_only_fast12_rsi_threshold55.0_slow89,trend_ema,2026-03-01 17:15:00+00:00,2026-03-01 20:00:00+00:00,short,0.019133470610736374,0.019933470610736373,target,11,0.30877154308659016,1,True,False,False,0.009319772467002585,0.020023427416604164,0,0,0.008193189836252054,0.09271,0.09275,0.09158,0.09231,178345985.0,2026-03-01 17:29:59.999000+00:00,16408477.79657,28097,67397517.0,6203706.8504,-0.004215994569749325,-0.021858793812499073,-0.0046474009612545684,-3.7001374379435292,0.34188034188033856,0.034188034188032665,0.6239316239316288,0.012674683132921723,34.56142284567049,-0.0001428475324269569,-0.01401145521344102,-0.016612637138234326,-0.003732966517746017,-0.0014865921754404487,0.03125109678311195,-0.903927904190666,0.0007698803749045764,1.3256721787370704,2.3717023835547573,-1.0,0.72,-0.026060350284870193,-0.9659258262890683,-0.25881904510252063,6,2.0,0.92771083,True
DOGEUSDT,trend_ema__directionshort_only_fast9_rsi_threshold55.0_slow89,trend_ema,2026-03-01 17:15:00+00:00,2026-03-01 20:00:00+00:00,short,0.019133470610736374,0.019933470610736373,target,11,0.30877154308659016,1,True,False,False,0.009319772467002585,0.020023427416604164,0,0,0.005364945043620227,0.09271,0.09275,0.09158,0.09231,178345985.0,2026-03-01 17:29:59.999000+00:00,16408477.79657,28097,67397517.0,6203706.8504,-0.004215994569749325,-0.021858793812499073,-0.0046474009612545684,-3.7001374379435292,0.34188034188033856,0.034188034188032665,0.6239316239316288,0.012674683132921723,34.56142284567049,-0.0001428475324269569,-0.01401145521344102,-0.016612637138234326,-0.003732966517746017,-0.0014865921754404487,0.03125109678311195,-0.903927904190666,0.0007698803749045764,1.3256721787370704,2.3717023835547573,-1.0,0.72,-0.026060350284870193,-0.9659258262890683,-0.25881904510252063,6,2.0,0.92771083,True
DOGEUSDT,trend_ema__directionboth_fast12_rsi_threshold52.0_slow89,trend_ema,2026-03-01 17:15:00+00:00,2026-03-01 20:00:00+00:00,short,0.019133470610736374,0.019933470610736373,target,11,0.30877154308659016,1,True,False,False,0.009319772467002585,0.020023427416604164,0,0,0.010938855243711736,0.09271,0.09275,0.09158,0.09231,178345985.0,2026-03-01 17:29:59.999000+00:00,16408477.79657,28097,67397517.0,6203706.8504,-0.004215994569749325,-0.021858793812499073,-0.0046474009612545684,-3.7001374379435292,0.34188034188033856,0.034188034188032665,0.6239316239316288,0.012674683132921723,34.56142284567049,-0.0001428475324269569,-0.01401145521344102,-0.016612637138234326,-0.003732966517746017,-0.0014865921754404487,0.03125109678311195,-0.903927904190666,0.0007698803749045764,1.3256721787370704,2.3717023835547573,-1.0,0.72,-0.026060350284870193,-0.9659258262890683,-0.25881904510252063,6,2.0,0.92771083,True
DOGEUSDT,trend_ema__directionboth_fast21_rsi_threshold58.0_slow89,trend_ema,2026-03-01 17:15:00+00:00,2026-03-01 20:00:00+00:00,short,0.019133470610736374,0.019933470610736373,target,11,0.30877154308659016,1,True,False,False,0.009319772467002585,0.020023427416604164,0,0,0.01913347061073637,0.09271,0.09275,0.09158,0.09231,178345985.0,2026-03-01 17:29:59.999000+00:00,16408477.79657,28097,67397517.0,6203706.8504,-0.004215994569749325,-0.021858793812499073,-0.0046474009612545684,-3.7001374379435292,0.34188034188033856,0.034188034188032665,0.6239316239316288,0.012674683132921723,34.56142284567049,-0.0001428475324269569,-0.01401145521344102,-0.016612637138234326,-0.003732966517746017,-0.0014865921754404487,0.03125109678311195,-0.903927904190666,0.0007698803749045764,1.3256721787370704,2.3717023835547573,-1.0,0.72,-0.026060350284870193,-0.9659258262890683,-0.25881904510252063,6,2.0,0.92771083,True
DOGEUSDT,trend_ema__directionshort_only_fast9_rsi_threshold52.0_slow89,trend_ema,2026-03-01 17:15:00+00:00,2026-03-01 20:00:00+00:00,short,0.019133470610736374,0.019933470610736373,target,11,0.30877154308659016,1,True,False,False,0.009319772467002585,0.020023427416604164,0,0,0.013684520651171417,0.09271,0.09275,0.09158,0.09231,178345985.0,2026-03-01 17:29:59.999000+00:00,16408477.79657,28097,67397517.0,6203706.8504,-0.004215994569749325,-0.021858793812499073,-0.0046474009612545684,-3.7001374379435292,0.34188034188033856,0.034188034188032665,0.6239316239316288,0.012674683132921723,34.56142284567049,-0.0001428475324269569,-0.01401145521344102,-0.016612637138234326,-0.003732966517746017,-0.0014865921754404487,0.03125109678311195,-0.903927904190666,0.0007698803749045764,1.3256721787370704,2.3717023835547573,-1.0,0.72,-0.026060350284870193,-0.9659258262890683,-0.25881904510252063,6,2.0,0.92771083,True
DOGEUSDT,trend_ema__directionshort_only_fast21_rsi_threshold55.0_slow89,trend_ema,2026-03-01 17:15:00+00:00,2026-03-01 20:00:00+00:00,short,0.019133470610736374,0.019933470610736373,target,11,0.30877154308659016,1,True,False,False,0.009319772467002585,0.020023427416604164,0,0,0.01913347061073637,0.09271,0.09275,0.09158,0.09231,178345985.0,2026-03-01 17:29:59.999000+00:00,16408477.79657,28097,67397517.0,6203706.8504,-0.004215994569749325,-0.021858793812499073,-0.0046474009612545684,-3.7001374379435292,0.34188034188033856,0.034188034188032665,0.6239316239316288,0.012674683132921723,34.56142284567049,-0.0001428475324269569,-0.01401145521344102,-0.016612637138234326,-0.003732966517746017,-0.0014865921754404487,0.03125109678311195,-0.903927904190666,0.0007698803749045764,1.3256721787370704,2.3717023835547573,-1.0,0.72,-0.026060350284870193,-0.9659258262890683,-0.25881904510252063,6,2.0,0.92771083,True
DOGEUSDT,trend_ema__directionshort_only_fast21_rsi_threshold52.0_slow89,trend_ema,2026-03-01 17:15:00+00:00,2026-03-01 20:00:00+00:00,short,0.019133470610736374,0.019933470610736373,target,11,0.30877154308659016,1,True,False,False,0.009319772467002585,0.020023427416604164,0,0,0.01913347061073637,0.09271,0.09275,0.09158,0.09231,178345985.0,2026-03-01 17:29:59.999000+00:00,16408477.79657,28097,67397517.0,6203706.8504,-0.004215994569749325,-0.021858793812499073,-0.0046474009612545684,-3.7001374379435292,0.34188034188033856,0.034188034188032665,0.6239316239316288,0.012674683132921723,34.56142284567049,-0.0001428475324269569,-0.01401145521344102,-0.016612637138234326,-0.003732966517746017,-0.0014865921754404487,0.03125109678311195,-0.903927904190666,0.0007698803749045764,1.3256721787370704,2.3717023835547573,-1.0,0.72,-0.026060350284870193,-0.9659258262890683,-0.25881904510252063,6,2.0,0.92771083,True
DOGEUSDT,trend_ema__directionboth_fast9_rsi_threshold58.0_slow89,trend_ema,2026-03-01 17:15:00+00:00,2026-03-01 20:00:00+00:00,short,0.019133470610736374,0.019933470610736373,target,11,0.30877154308659016,1,True,False,False,0.009319772467002585,0.020023427416604164,0,0,0.019175851466090778,0.09271,0.09275,0.09158,0.09231,178345985.0,2026-03-01 17:29:59.999000+00:00,16408477.79657,28097,67397517.0,6203706.8504,-0.004215994569749325,-0.021858793812499073,-0.0046474009612545684,-3.7001374379435292,0.34188034188033856,0.034188034188032665,0.6239316239316288,0.012674683132921723,34.56142284567049,-0.0001428475324269569,-0.01401145521344102,-0.016612637138234326,-0.003732966517746017,-0.0014865921754404487,0.03125109678311195,-0.903927904190666,0.0007698803749045764,1.3256721787370704,2.3717023835547573,-1.0,0.72,-0.026060350284870193,-0.9659258262890683,-0.25881904510252063,6,2.0,0.92771083,True
DOGEUSDT,trend_ema__directionshort_only_fast12_rsi_threshold52.0_slow89,trend_ema,2026-03-01 17:15:00+00:00,2026-03-01 20:00:00+00:00,short,0.019133470610736374,0.019933470610736373,target,11,0.30877154308659016,1,True,False,False,0.009319772467002585,0.020023427416604164,0,0,0.016430186058631096,0.09271,0.09275,0.09158,0.09231,178345985.0,2026-03-01 17:29:59.999000+00:00,16408477.79657,28097,67397517.0,6203706.8504,-0.004215994569749325,-0.021858793812499073,-0.0046474009612545684,-3.7001374379435292,0.34188034188033856,0.034188034188032665,0.6239316239316288,0.012674683132921723,34.56142284567049,-0.0001428475324269569,-0.01401145521344102,-0.016612637138234326,-0.003732966517746017,-0.0014865921754404487,0.03125109678311195,-0.903927904190666,0.0007698803749045764,1.3256721787370704,2.3717023835547573,-1.0,0.72,-0.026060350284870193,-0.9659258262890683,-0.25881904510252063,6,2.0,0.92771083,True
DOGEUSDT,trend_ema__directionboth_fast9_rsi_threshold58.0_slow89,trend_ema,2026-03-01 17:15:00+00:00,2026-03-01 20:00:00+00:00,short,0.019133470610736374,0.019933470610736373,target,11,0.30877154308659016,1,True,False,False,0.009319772467002585,0.020023427416604164,0,0,0.019175851466090778,0.09271,0.09275,0.09158,0.09231,178345985.0,2026-03-01 17:29:59.999000+00:00,16408477.79657,28097,67397517.0,6203706.8504,-0.004215994569749325,-0.021858793812499073,-0.0046474009612545684,-3.7001374379435292,0.34188034188033856,0.034188034188032665,0.6239316239316288,0.012674683132921723,34.56142284567049,-0.0001428475324269569,-0.01401145521344102,-0.016612637138234326,-0.003732966517746017,-0.0014865921754404487,0.03125109678311195,-0.903927904190666,0.0007698803749045764,1.3256721787370704,2.3717023835547573,-1.0,0.72,-0.026060350284870193,-0.9659258262890683,-0.25881904510252063,6,2.0,0.8378378,True
SOLUSDT,trend_ema__directionboth_fast21_rsi_threshold58.0_slow55,trend_ema,2026-03-01 17:15:00+00:00,2026-03-01 20:15:00+00:00,short,0.020422283964279943,0.021222283964279942,target,12,0.3441411681775861,1,True,False,False,0.011335519483187194,0.021744992861362306,0,0,0.005732634838127688,84.05,84.09,83.14,83.66,637024.57,2026-03-01 17:29:59.999000+00:00,53182480.7425,42848,276914.69,23121268.307,-0.00453190996274738,-0.026306441764081073,-0.01270876419632044,-4.007603614996266,0.4105263157894731,0.042105263157901196,0.5473684210526257,0.011355486492947679,32.792941591120695,-0.21904223027706973,-0.018770482995300385,-0.020673066887666368,-0.00553224444901157,-0.002119113878084833,0.03849262243817676,-1.0383567501259328,0.7302871512652703,0.816218586658086,1.8140696687249827,-1.0,0.91,-0.03260869565217395,-0.9659258262890683,-0.25881904510252063,6,2.0,0.92771083,True
XRPUSDT,trend_ema__directionboth_fast12_rsi_threshold55.0_slow89,trend_ema,2026-03-01 17:30:00+00:00,2026-03-01 20:30:00+00:00,short,0.01760665981101371,0.01840665981101371,target,12,0.16642123624221752,1,True,False,False,0.009895074004690495,0.021025314969406548,0,0,0.009835858302164432,1.365,1.3699,1.3619,1.3679,5461607.5,2026-03-01 17:44:59.999000+00:00,7464015.05524,15905,3197084.0,4369010.55213,0.0021222884763385606,-0.008589367118589193,0.0017560551816389316,-1.5941843223409589,0.36249999999999755,0.25000000000000694,0.3874999999999955,0.0058483807295853394,41.67893818788912,-0.0013076606478495609,-0.006099193724496877,-0.008357012550706824,-0.0023473072226529723,-0.0015247620688950692,0.02654871193699926,-0.47528414863230667,0.00990220526913386,-0.43286787719582304,0.5647059236868337,-1.0,0.88,-0.017242618004166932,-0.9659258262890683,-0.25881904510252063,6,2.0,0.92771083,True
XRPUSDT,trend_ema__directionboth_fast9_rsi_threshold58.0_slow89,trend_ema,2026-03-01 17:30:00+00:00,2026-03-01 20:30:00+00:00,short,0.01760665981101371,0.01840665981101371,target,12,0.16642123624221752,1,True,False,False,0.009895074004690495,0.021025314969406548,0,0,0.007245591132548007,1.365,1.3699,1.3619,1.3679,5461607.5,2026-03-01 17:44:59.999000+00:00,7464015.05524,15905,3197084.0,4369010.55213,0.0021222884763385606,-0.008589367118589193,0.0017560551816389316,-1.5941843223409589,0.36249999999999755,0.25000000000000694,0.3874999999999955,0.0058483807295853394,41.67893818788912,-0.0013076606478495609,-0.006099193724496877,-0.008357012550706824,-0.0023473072226529723,-0.0015247620688950692,0.02654871193699926,-0.47528414863230667,0.00990220526913386,-0.43286787719582304,0.5647059236868337,-1.0,0.88,-0.017242618004166932,-0.9659258262890683,-0.25881904510252063,6,2.0,0.75384617,True
XRPUSDT,trend_ema__directionshort_only_fast9_rsi_threshold52.0_slow89,trend_ema,2026-03-01 17:30:00+00:00,2026-03-01 20:30:00+00:00,short,0.01760665981101371,0.01840665981101371,target,12,0.16642123624221752,1,True,False,False,0.009895074004690495,0.021025314969406548,0,0,0.00465532396293158,1.365,1.3699,1.3619,1.3679,5461607.5,2026-03-01 17:44:59.999000+00:00,7464015.05524,15905,3197084.0,4369010.55213,0.0021222884763385606,-0.008589367118589193,0.0017560551816389316,-1.5941843223409589,0.36249999999999755,0.25000000000000694,0.3874999999999955,0.0058483807295853394,41.67893818788912,-0.0013076606478495609,-0.006099193724496877,-0.008357012550706824,-0.0023473072226529723,-0.0015247620688950692,0.02654871193699926,-0.47528414863230667,0.00990220526913386,-0.43286787719582304,0.5647059236868337,-1.0,0.88,-0.017242618004166932,-0.9659258262890683,-0.25881904510252063,6,2.0,0.75384617,True
XRPUSDT,trend_ema__directionshort_only_fast12_rsi_threshold52.0_slow89,trend_ema,2026-03-01 17:30:00+00:00,2026-03-01 20:30:00+00:00,short,0.01760665981101371,0.01840665981101371,target,12,0.16642123624221752,1,True,False,False,0.009895074004690495,0.021025314969406548,0,0,0.012426125471780859,1.365,1.3699,1.3619,1.3679,5461607.5,2026-03-01 17:44:59.999000+00:00,7464015.05524,15905,3197084.0,4369010.55213,0.0021222884763385606,-0.008589367118589193,0.0017560551816389316,-1.5941843223409589,0.36249999999999755,0.25000000000000694,0.3874999999999955,0.0058483807295853394,41.67893818788912,-0.0013076606478495609,-0.006099193724496877,-0.008357012550706824,-0.0023473072226529723,-0.0015247620688950692,0.02654871193699926,-0.47528414863230667,0.00990220526913386,-0.43286787719582304,0.5647059236868337,-1.0,0.88,-0.017242618004166932,-0.9659258262890683,-0.25881904510252063,6,2.0,0.92771083,True
SOLUSDT,trend_ema__directionboth_fast12_rsi_threshold58.0_slow89,trend_ema,2026-03-01 17:45:00+00:00,2026-03-01 20:30:00+00:00,short,0.020713752837207024,0.021513752837207023,target,11,0.281563903364368,1,True,False,False,0.012419609487397313,0.02748632876160581,0,0,0.010272121975986127,83.96,84.26,83.83,83.85,400181.68,2026-03-01 17:59:59.999000+00:00,33628891.8395,26565,156898.85,13186915.9963,-0.0014301039262540303,-0.0013110066832143616,-0.025550339086372383,-0.1991207156248375,0.2558139534883667,0.6976744186046665,0.04651162790696675,0.00512820512820521,35.9218048317816,-0.22119914506420024,-0.01359901230781796,-0.01700240777421756,-0.004746849352694094,-0.0035756124450737614,0.043737958422406194,-0.7546325587016868,0.7015231049175044,0.12540380289046552,1.1225976884116837,-1.0,0.92,-0.0304116558741907,-0.9659258262890683,-0.25881904510252063,6,2.0,0.92771083,True
SOLUSDT,trend_ema__directionshort_only_fast21_rsi_threshold58.0_slow89,trend_ema,2026-03-01 18:45:00+00:00,2026-03-01 20:00:00+00:00,short,0.01986902345726146,0.02066902345726146,target,5,0.2291008519129777,1,True,False,False,0.0012180517158257532,0.02287194052055125,0,0,0.01699922166101153,84.28,84.37,83.8,83.89,289121.43,2026-03-01 18:59:59.999000+00:00,24281981.5495,17178,154219.83,12947786.7423,-0.004519512926058741,0.00047692858898547606,-0.02192966918784606,0.07931930825671357,0.6842105263157816,0.1578947368421092,0.1578947368421092,0.006794611991894235,38.544957404351116,-0.10287777765708495,-0.00993142215735978,-0.014607782209213558,-0.0025056295584939825,-0.002559300166938616,0.04738761724726627,-0.5861580843643664,0.6876403425538545,-0.2592795064166694,0.7622460957771614,-1.0,0.73,-0.029949121184088878,-1.0,-1.8369701987210297e-16,6,2.0,0.92105263,True
SOLUSDT,trend_ema__directionboth_fast21_rsi_threshold58.0_slow89,trend_ema,2026-03-01 18:45:00+00:00,2026-03-01 20:00:00+00:00,short,0.01986902345726146,0.02066902345726146,target,5,0.2291008519129777,1,True,False,False,0.0012180517158257532,0.02287194052055125,0,0,0.010301268863278836,84.28,84.37,83.8,83.89,289121.43,2026-03-01 18:59:59.999000+00:00,24281981.5495,17178,154219.83,12947786.7423,-0.004519512926058741,0.00047692858898547606,-0.02192966918784606,0.07931930825671357,0.6842105263157816,0.1578947368421092,0.1578947368421092,0.006794611991894235,38.544957404351116,-0.10287777765708495,-0.00993142215735978,-0.014607782209213558,-0.0025056295584939825,-0.002559300166938616,0.04738761724726627,-0.5861580843643664,0.6876403425538545,-0.2592795064166694,0.7622460957771614,-1.0,0.73,-0.029949121184088878,-1.0,-1.8369701987210297e-16,6,2.0,0.92771083,True
SOLUSDT,trend_ema__directionshort_only_fast21_rsi_threshold52.0_slow89,trend_ema,2026-03-01 18:45:00+00:00,2026-03-01 20:00:00+00:00,short,0.01986902345726146,0.02066902345726146,target,5,0.2291008519129777,1,True,False,False,0.0012180517158257532,0.02287194052055125,0,0,0.013622582236794255,84.28,84.37,83.8,83.89,289121.43,2026-03-01 18:59:59.999000+00:00,24281981.5495,17178,154219.83,12947786.7423,-0.004519512926058741,0.00047692858898547606,-0.02192966918784606,0.07931930825671357,0.6842105263157816,0.1578947368421092,0.1578947368421092,0.006794611991894235,38.544957404351116,-0.10287777765708495,-0.00993142215735978,-0.014607782209213558,-0.0025056295584939825,-0.002559300166938616,0.04738761724726627,-0.5861580843643664,0.6876403425538545,-0.2592795064166694,0.7622460957771614,-1.0,0.73,-0.029949121184088878,-1.0,-1.8369701987210297e-16,6,2.0,0.92771083,True
SOLUSDT,trend_ema__directionshort_only_fast21_rsi_threshold58.0_slow89,trend_ema,2026-03-01 18:45:00+00:00,2026-03-01 20:00:00+00:00,short,0.01986902345726146,0.02066902345726146,target,5,0.2291008519129777,1,True,False,False,0.0012180517158257532,0.02287194052055125,0,0,0.01699922166101153,84.28,84.37,83.8,83.89,289121.43,2026-03-01 18:59:59.999000+00:00,24281981.5495,17178,154219.83,12947786.7423,-0.004519512926058741,0.00047692858898547606,-0.02192966918784606,0.07931930825671357,0.6842105263157816,0.1578947368421092,0.1578947368421092,0.006794611991894235,38.544957404351116,-0.10287777765708495,-0.00993142215735978,-0.014607782209213558,-0.0025056295584939825,-0.002559300166938616,0.04738761724726627,-0.5861580843643664,0.6876403425538545,-0.2592795064166694,0.7622460957771614,-1.0,0.73,-0.029949121184088878,-1.0,-1.8369701987210297e-16,6,2.0,0.92771083,True
SOLUSDT,trend_ema__directionshort_only_fast21_rsi_threshold55.0_slow89,trend_ema,2026-03-01 18:45:00+00:00,2026-03-01 20:00:00+00:00,short,0.01986902345726146,0.02066902345726146,target,5,0.2291008519129777,1,True,False,False,0.0012180517158257532,0.02287194052055125,0,0,0.010245942812576988,84.28,84.37,83.8,83.89,289121.43,2026-03-01 18:59:59.999000+00:00,24281981.5495,17178,154219.83,12947786.7423,-0.004519512926058741,0.00047692858898547606,-0.02192966918784606,0.07931930825671357,0.6842105263157816,0.1578947368421092,0.1578947368421092,0.006794611991894235,38.544957404351116,-0.10287777765708495,-0.00993142215735978,-0.014607782209213558,-0.0025056295584939825,-0.002559300166938616,0.04738761724726627,-0.5861580843643664,0.6876403425538545,-0.2592795064166694,0.7622460957771614,-1.0,0.73,-0.029949121184088878,-1.0,-1.8369701987210297e-16,6,2.0,0.92771083,True
SOLUSDT,trend_ema__directionshort_only_fast21_rsi_threshold52.0_slow89,trend_ema,2026-03-01 18:45:00+00:00,2026-03-01 20:00:00+00:00,short,0.01986902345726146,0.02066902345726146,target,5,0.2291008519129777,1,True,False,False,0.0012180517158257532,0.02287194052055125,0,0,0.013622582236794255,84.28,84.37,83.8,83.89,289121.43,2026-03-01 18:59:59.999000+00:00,24281981.5495,17178,154219.83,12947786.7423,-0.004519512926058741,0.00047692858898547606,-0.02192966918784606,0.07931930825671357,0.6842105263157816,0.1578947368421092,0.1578947368421092,0.006794611991894235,38.544957404351116,-0.10287777765708495,-0.00993142215735978,-0.014607782209213558,-0.0025056295584939825,-0.002559300166938616,0.04738761724726627,-0.5861580843643664,0.6876403425538545,-0.2592795064166694,0.7622460957771614,-1.0,0.73,-0.029949121184088878,-1.0,-1.8369701987210297e-16,6,2.0,0.92105263,True
SOLUSDT,trend_ema__directionboth_fast21_rsi_threshold58.0_slow89,trend_ema,2026-03-01 18:45:00+00:00,2026-03-01 20:00:00+00:00,short,0.01986902345726146,0.02066902345726146,target,5,0.2291008519129777,1,True,False,False,0.0012180517158257532,0.02287194052055125,0,0,0.010301268863278836,84.28,84.37,83.8,83.89,289121.43,2026-03-01 18:59:59.999000+00:00,24281981.5495,17178,154219.83,12947786.7423,-0.004519512926058741,0.00047692858898547606,-0.02192966918784606,0.07931930825671357,0.6842105263157816,0.1578947368421092,0.1578947368421092,0.006794611991894235,38.544957404351116,-0.10287777765708495,-0.00993142215735978,-0.014607782209213558,-0.0025056295584939825,-0.002559300166938616,0.04738761724726627,-0.5861580843643664,0.6876403425538545,-0.2592795064166694,0.7622460957771614,-1.0,0.73,-0.029949121184088878,-1.0,-1.8369701987210297e-16,6,2.0,0.92105263,True
SOLUSDT,trend_ema__directionshort_only_fast21_rsi_threshold55.0_slow89,trend_ema,2026-03-01 18:45:00+00:00,2026-03-01 20:00:00+00:00,short,0.01986902345726146,0.02066902345726146,target,5,0.2291008519129777,1,True,False,False,0.0012180517158257532,0.02287194052055125,0,0,0.010245942812576988,84.28,84.37,83.8,83.89,289121.43,2026-03-01 18:59:59.999000+00:00,24281981.5495,17178,154219.83,12947786.7423,-0.004519512926058741,0.00047692858898547606,-0.02192966918784606,0.07931930825671357,0.6842105263157816,0.1578947368421092,0.1578947368421092,0.006794611991894235,38.544957404351116,-0.10287777765708495,-0.00993142215735978,-0.014607782209213558,-0.0025056295584939825,-0.002559300166938616,0.04738761724726627,-0.5861580843643664,0.6876403425538545,-0.2592795064166694,0.7622460957771614,-1.0,0.73,-0.029949121184088878,-1.0,-1.8369701987210297e-16,6,2.0,0.92105263,True
ETHUSDT,trend_ema__directionshort_only_fast12_rsi_threshold52.0_slow89,trend_ema,2026-03-01 19:15:00+00:00,2026-03-01 20:15:00+00:00,short,0.019140972683114113,0.01994097268311411,target,4,0.2409059392380145,1,True,False,False,0.002351278914956222,0.020532615863767485,0,0,0.003302476794188933,1962.81,1965.76,1955.59,1959.0,45656.425,2026-03-01 19:29:59.999000+00:00,89516552.45035,86165,16150.34,31669727.36161,-0.0019429810208134086,-0.010359629518050034,-0.02521290202243382,-1.9695160723606726,0.37463126843657013,0.29006882989184113,0.33529990167158874,0.005191424196018414,37.954703038099275,-2.3224193810830407,-0.0102506255385523,-0.01271448296133766,-0.002488079778141694,-0.0014789970359128102,0.03599431172297819,-0.7200171477748039,15.262088686677385,-0.44939189445875677,0.6018612523066612,-1.0,0.63,-0.026661234386334498,-0.9659258262890684,0.2588190451025203,6,2.0,0.92771083,True
ETHUSDT,trend_ema__directionshort_only_fast12_rsi_threshold52.0_slow89,trend_ema,2026-03-01 19:15:00+00:00,2026-03-01 20:15:00+00:00,short,0.019140972683114113,0.01994097268311411,target,4,0.2409059392380145,1,True,False,False,0.002351278914956222,0.020532615863767485,0,0,0.003302476794188933,1962.81,1965.76,1955.59,1959.0,45656.425,2026-03-01 19:29:59.999000+00:00,89516552.45035,86165,16150.34,31669727.36161,-0.0019429810208134086,-0.010359629518050034,-0.02521290202243382,-1.9695160723606726,0.37463126843657013,0.29006882989184113,0.33529990167158874,0.005191424196018414,37.954703038099275,-2.3224193810830407,-0.0102506255385523,-0.01271448296133766,-0.002488079778141694,-0.0014789970359128102,0.03599431172297819,-0.7200171477748039,15.262088686677385,-0.44939189445875677,0.6018612523066612,-1.0,0.63,-0.026661234386334498,-0.9659258262890684,0.2588190451025203,6,2.0,0.8378378,True
ETHUSDT,trend_ema__directionshort_only_fast21_rsi_threshold58.0_slow89,trend_ema,2026-03-01 19:45:00+00:00,2026-03-01 20:30:00+00:00,short,0.019621828085477824,0.020421828085477822,target,3,0.26353227116180195,1,True,False,False,0.0029309962737837517,0.022087505764058796,0,0,0.012901745408016783,1949.25,1954.67,1947.73,1952.97,38961.826,2026-03-01 19:59:59.999000+00:00,76036435.40161,80007,19470.733,37998577.21856,0.0019014774207712997,-0.01106519728766897,-0.01994347875098486,-2.085214572428078,0.536023054755043,0.24495677233429858,0.21902017291065848,0.0035535620106811956,36.8233864419099,-3.0468447427696557,-0.010780814864066658,-0.014551673325497597,-0.003619106232610858,-0.002462952503247795,0.0401391057072612,-0.6798751373221457,15.2790458573902,-0.602751463483343,0.4950965339560747,-1.0,0.66,-0.02965726948416525,-0.9659258262890684,0.2588190451025203,6,2.0,0.75384617,True
ETHUSDT,trend_ema__directionshort_only_fast21_rsi_threshold52.0_slow89,trend_ema,2026-03-01 19:45:00+00:00,2026-03-01 20:30:00+00:00,short,0.019621828085477824,0.020421828085477822,target,3,0.26353227116180195,1,True,False,False,0.0029309962737837517,0.022087505764058796,0,0,0.009685960689995377,1949.25,1954.67,1947.73,1952.97,38961.826,2026-03-01 19:59:59.999000+00:00,76036435.40161,80007,19470.733,37998577.21856,0.0019014774207712997,-0.01106519728766897,-0.01994347875098486,-2.085214572428078,0.536023054755043,0.24495677233429858,0.21902017291065848,0.0035535620106811956,36.8233864419099,-3.0468447427696557,-0.010780814864066658,-0.014551673325497597,-0.003619106232610858,-0.002462952503247795,0.0401391057072612,-0.6798751373221457,15.2790458573902,-0.602751463483343,0.4950965339560747,-1.0,0.66,-0.02965726948416525,-0.9659258262890684,0.2588190451025203,6,2.0,0.75384617,True
ETHUSDT,trend_ema__directionshort_only_fast21_rsi_threshold55.0_slow89,trend_ema,2026-03-01 19:45:00+00:00,2026-03-01 20:30:00+00:00,short,0.019621828085477824,0.020421828085477822,target,3,0.26353227116180195,1,True,False,False,0.0029309962737837517,0.022087505764058796,0,0,0.016117530126038192,1949.25,1954.67,1947.73,1952.97,38961.826,2026-03-01 19:59:59.999000+00:00,76036435.40161,80007,19470.733,37998577.21856,0.0019014774207712997,-0.01106519728766897,-0.01994347875098486,-2.085214572428078,0.536023054755043,0.24495677233429858,0.21902017291065848,0.0035535620106811956,36.8233864419099,-3.0468447427696557,-0.010780814864066658,-0.014551673325497597,-0.003619106232610858,-0.002462952503247795,0.0401391057072612,-0.6798751373221457,15.2790458573902,-0.602751463483343,0.4950965339560747,-1.0,0.66,-0.02965726948416525,-0.9659258262890684,0.2588190451025203,6,2.0,0.75384617,True
SOLUSDT,trend_ema__directionshort_only_fast21_rsi_threshold52.0_slow89,trend_ema,2026-03-02 06:15:00+00:00,2026-03-02 07:00:00+00:00,short,0.015896592680500532,0.01669659268050053,target,3,0.2159694264568178,1,True,False,False,0.001103909029368152,0.017735349858988208,0,0,0.0194124290538875,83.88,83.96,82.82,83.32,604915.18,2026-03-02 06:29:59.999000+00:00,50355417.9111,42619,250622.72,20861006.6842,-0.006698589640947966,-0.010387532956801464,-0.009080110175924482,-2.7224370652077257,0.49122807017544035,0.0701754385964897,0.43859649122806993,0.01368218915026405,39.20152867715911,-0.12951538033977847,-0.01028673059595714,-0.010588271543611737,-0.0017258038473201287,-0.0005149806250585032,0.01862847090694557,-1.2632085846489054,0.6015400436470464,2.158324228862952,2.2964445091397243,-1.0,0.19,-0.017916077322018054,1.0,6.123233995736766e-17,0,0.0,1.0,True
SOLUSDT,trend_ema__directionshort_only_fast9_rsi_threshold52.0_slow89,trend_ema,2026-03-02 06:15:00+00:00,2026-03-02 07:00:00+00:00,short,0.015896592680500532,0.01669659268050053,target,3,0.2159694264568178,1,True,False,False,0.001103909029368152,0.017735349858988208,0,0,0.0203758610852288,83.88,83.96,82.82,83.32,604915.18,2026-03-02 06:29:59.999000+00:00,50355417.9111,42619,250622.72,20861006.6842,-0.006698589640947966,-0.010387532956801464,-0.009080110175924482,-2.7224370652077257,0.49122807017544035,0.0701754385964897,0.43859649122806993,0.01368218915026405,39.20152867715911,-0.12951538033977847,-0.01028673059595714,-0.010588271543611737,-0.0017258038473201287,-0.0005149806250585032,0.01862847090694557,-1.2632085846489054,0.6015400436470464,2.158324228862952,2.2964445091397243,-1.0,0.19,-0.017916077322018054,1.0,6.123233995736766e-17,0,0.0,1.0,True
SOLUSDT,trend_ema__directionshort_only_fast12_rsi_threshold52.0_slow89,trend_ema,2026-03-02 06:15:00+00:00,2026-03-02 07:00:00+00:00,short,0.015896592680500532,0.01669659268050053,target,3,0.2159694264568178,1,True,False,False,0.001103909029368152,0.017735349858988208,0,0,0.01989414506955815,83.88,83.96,82.82,83.32,604915.18,2026-03-02 06:29:59.999000+00:00,50355417.9111,42619,250622.72,20861006.6842,-0.006698589640947966,-0.010387532956801464,-0.009080110175924482,-2.7224370652077257,0.49122807017544035,0.0701754385964897,0.43859649122806993,0.01368218915026405,39.20152867715911,-0.12951538033977847,-0.01028673059595714,-0.010588271543611737,-0.0017258038473201287,-0.0005149806250585032,0.01862847090694557,-1.2632085846489054,0.6015400436470464,2.158324228862952,2.2964445091397243,-1.0,0.19,-0.017916077322018054,1.0,6.123233995736766e-17,0,0.0,1.0,True
SOLUSDT,trend_ema__directionshort_only_fast12_rsi_threshold52.0_slow89,trend_ema,2026-03-02 06:15:00+00:00,2026-03-02 07:00:00+00:00,short,0.015896592680500532,0.01669659268050053,target,3,0.2159694264568178,1,True,False,False,0.001103909029368152,0.017735349858988208,0,0,0.01989414506955815,83.88,83.96,82.82,83.32,604915.18,2026-03-02 06:29:59.999000+00:00,50355417.9111,42619,250622.72,20861006.6842,-0.006698589640947966,-0.010387532956801464,-0.009080110175924482,-2.7224370652077257,0.49122807017544035,0.0701754385964897,0.43859649122806993,0.01368218915026405,39.20152867715911,-0.12951538033977847,-0.01028673059595714,-0.010588271543611737,-0.0017258038473201287,-0.0005149806250585032,0.01862847090694557,-1.2632085846489054,0.6015400436470464,2.158324228862952,2.2964445091397243,-1.0,0.19,-0.017916077322018054,1.0,6.123233995736766e-17,0,0.0,0.94623655,True
SOLUSDT,trend_ema__directionshort_only_fast9_rsi_threshold52.0_slow89,trend_ema,2026-03-02 06:15:00+00:00,2026-03-02 07:00:00+00:00,short,0.015896592680500532,0.01669659268050053,target,3,0.2159694264568178,1,True,False,False,0.001103909029368152,0.017735349858988208,0,0,0.0203758610852288,83.88,83.96,82.82,83.32,604915.18,2026-03-02 06:29:59.999000+00:00,50355417.9111,42619,250622.72,20861006.6842,-0.006698589640947966,-0.010387532956801464,-0.009080110175924482,-2.7224370652077257,0.49122807017544035,0.0701754385964897,0.43859649122806993,0.01368218915026405,39.20152867715911,-0.12951538033977847,-0.01028673059595714,-0.010588271543611737,-0.0017258038473201287,-0.0005149806250585032,0.01862847090694557,-1.2632085846489054,0.6015400436470464,2.158324228862952,2.2964445091397243,-1.0,0.19,-0.017916077322018054,1.0,6.123233995736766e-17,0,0.0,0.94623655,True
SOLUSDT,trend_ema__directionshort_only_fast21_rsi_threshold52.0_slow89,trend_ema,2026-03-02 06:15:00+00:00,2026-03-02 07:00:00+00:00,short,0.015896592680500532,0.01669659268050053,target,3,0.2159694264568178,1,True,False,False,0.001103909029368152,0.017735349858988208,0,0,0.0194124290538875,83.88,83.96,82.82,83.32,604915.18,2026-03-02 06:29:59.999000+00:00,50355417.9111,42619,250622.72,20861006.6842,-0.006698589640947966,-0.010387532956801464,-0.009080110175924482,-2.7224370652077257,0.49122807017544035,0.0701754385964897,0.43859649122806993,0.01368218915026405,39.20152867715911,-0.12951538033977847,-0.01028673059595714,-0.010588271543611737,-0.0017258038473201287,-0.0005149806250585032,0.01862847090694557,-1.2632085846489054,0.6015400436470464,2.158324228862952,2.2964445091397243,-1.0,0.19,-0.017916077322018054,1.0,6.123233995736766e-17,0,0.0,0.94623655,True
DOGEUSDT,trend_ema__directionshort_only_fast9_rsi_threshold52.0_slow89,trend_ema,2026-03-02 06:30:00+00:00,2026-03-02 14:45:00+00:00,short,-0.01032716129280279,-0.00952716129280279,stop,33,0.17593683860613113,0,False,True,False,0.018492437457588332,0.01537048245788148,0,0,0.01913347061073637,0.09215,0.09232,0.09202,0.09221,43852113.0,2026-03-02 06:44:59.999000+00:00,4042810.65201,9761,22572207.0,2081187.29509,0.0005423876034686402,-0.013143908253814401,-0.006808996855186497,-4.360791772491355,0.2000000000000185,0.36666666666666975,0.43333333333331175,0.0032534432274156245,41.203158069693444,-0.00012743910409050005,-0.00676783471146781,-0.00688305959110984,-0.0018125534254006537,-0.0004018654832753654,0.01479615883546501,-1.099204913877941,0.0005648262338705946,-0.0944161987888075,0.9382695237991252,-1.0,0.07,-0.013057904313389712,1.0,6.123233995736766e-17,0,0.0,0.92105263,True
SOLUSDT,trend_ema__directionboth_fast21_rsi_threshold58.0_slow55,trend_ema,2026-03-02 06:30:00+00:00,2026-03-02 11:45:00+00:00,short,-0.011629778378560133,-0.010829778378560133,stop,21,0.22387154451273275,0,False,True,False,0.0115521888465678,0.012212326268717065,0,0,0.01893071303821685,83.33,83.56,83.09,83.28,251365.72,2026-03-02 06:44:59.999000+00:00,20945130.95,20622,120153.86,10013254.5993,-0.0004801920860577322,-0.01537116948741735,-0.011105254735187333,-4.028717496846473,0.10638297872339847,0.4893617021276692,0.4042553191489323,0.005643611911623425,38.80642277436336,-0.15567916992053737,-0.009746076044009743,-0.010639403209977373,-0.002567093702762979,-0.0009184071589459775,0.021022353307031613,-1.0841803702537482,0.5921443262436858,0.014638612231082697,1.0081006950966696,-1.0,0.19,-0.018387553041018467,1.0,6.123233995736766e-17,0,0.0,0.94623655,True
XRPUSDT,trend_ema__directionshort_only_fast12_rsi_threshold55.0_slow34,trend_ema,2026-03-02 06:30:00+00:00,2026-03-02 14:30:00+00:00,short,-0.009690415800387011,-0.00889041580038701,stop,32,0.18554439377057405,0,False,True,False,0.010653003068046264,0.014125155306353354,0,0,0.016017577026400626,1.3522,1.3542,1.35,1.3531,3567653.7,2026-03-02 06:44:59.999000+00:00,4824555.0216,11305,1421973.5,1923156.19532,0.0006653606130208395,-0.011463127947622123,-0.007363261307198841,-3.488558779018464,0.21428571428569163,0.26190476190478706,0.5238095238095213,0.003103983445421611,40.7227803114713,-0.0019690294300913646,-0.007124632066416925,-0.007978155225612595,-0.0018555671522478834,-0.0007528556024319899,0.01832293391983266,-0.9527777424499918,0.007740839096628839,-0.7069380442948471,0.649158302428457,-1.0,0.29,-0.014637343431401106,1.0,6.123233995736766e-17,0,0.0,0.92771083,True
SOLUSDT,trend_ema__directionboth_fast21_rsi_threshold58.0_slow55,trend_ema,2026-03-02 06:30:00+00:00,2026-03-02 11:45:00+00:00,short,-0.011629778378560133,-0.010829778378560133,stop,21,0.22387154451273275,0,False,True,False,0.0115521888465678,0.012212326268717065,0,0,0.01893071303821685,83.33,83.56,83.09,83.28,251365.72,2026-03-02 06:44:59.999000+00:00,20945130.95,20622,120153.86,10013254.5993,-0.0004801920860577322,-0.01537116948741735,-0.011105254735187333,-4.028717496846473,0.10638297872339847,0.4893617021276692,0.4042553191489323,0.005643611911623425,38.80642277436336,-0.15567916992053737,-0.009746076044009743,-0.010639403209977373,-0.002567093702762979,-0.0009184071589459775,0.021022353307031613,-1.0841803702537482,0.5921443262436858,0.014638612231082697,1.0081006950966696,-1.0,0.19,-0.018387553041018467,1.0,6.123233995736766e-17,0,0.0,0.92771083,True
XRPUSDT,trend_ema__directionshort_only_fast12_rsi_threshold55.0_slow34,trend_ema,2026-03-02 06:30:00+00:00,2026-03-02 14:30:00+00:00,short,-0.009690415800387011,-0.00889041580038701,stop,32,0.18554439377057405,0,False,True,False,0.010653003068046264,0.014125155306353354,0,0,0.016017577026400626,1.3522,1.3542,1.35,1.3531,3567653.7,2026-03-02 06:44:59.999000+00:00,4824555.0216,11305,1421973.5,1923156.19532,0.0006653606130208395,-0.011463127947622123,-0.007363261307198841,-3.488558779018464,0.21428571428569163,0.26190476190478706,0.5238095238095213,0.003103983445421611,40.7227803114713,-0.0019690294300913646,-0.007124632066416925,-0.007978155225612595,-0.0018555671522478834,-0.0007528556024319899,0.01832293391983266,-0.9527777424499918,0.007740839096628839,-0.7069380442948471,0.649158302428457,-1.0,0.29,-0.014637343431401106,1.0,6.123233995736766e-17,0,0.0,0.94623655,True
DOGEUSDT,trend_ema__directionshort_only_fast9_rsi_threshold52.0_slow89,trend_ema,2026-03-02 06:30:00+00:00,2026-03-02 14:45:00+00:00,short,-0.01032716129280279,-0.00952716129280279,stop,33,0.17593683860613113,0,False,True,False,0.018492437457588332,0.01537048245788148,0,0,0.01913347061073637,0.09215,0.09232,0.09202,0.09221,43852113.0,2026-03-02 06:44:59.999000+00:00,4042810.65201,9761,22572207.0,2081187.29509,0.0005423876034686402,-0.013143908253814401,-0.006808996855186497,-4.360791772491355,0.2000000000000185,0.36666666666666975,0.43333333333331175,0.0032534432274156245,41.203158069693444,-0.00012743910409050005,-0.00676783471146781,-0.00688305959110984,-0.0018125534254006537,-0.0004018654832753654,0.01479615883546501,-1.099204913877941,0.0005648262338705946,-0.0944161987888075,0.9382695237991252,-1.0,0.07,-0.013057904313389712,1.0,6.123233995736766e-17,0,0.0,0.92771083,True
DOGEUSDT,trend_ema__directionboth_fast21_rsi_threshold55.0_slow55,trend_ema,2026-03-02 06:45:00+00:00,2026-03-02 13:45:00+00:00,short,0.014515881425988886,0.015315881425988886,target,28,0.22897794550378578,1,True,False,False,0.007959457664447195,0.016011169704953778,0,2,-0.002874248477165288,0.09221,0.09225,0.09173,0.09197,31511415.0,2026-03-02 06:59:59.999000+00:00,2898183.54549,9420,14401552.0,1324533.58621,-0.0026061476364436916,-0.010814423553160316,-0.007582358683993853,-3.5584957037674423,0.4615384615384759,0.07692307692307487,0.46153846153844924,0.005654017614439412,38.55110272481071,-0.0001522455580570236,-0.008500276351058855,-0.009137604402099504,-0.002429090717525062,-0.0010023003079701054,0.017305213055412792,-1.1588125183640066,0.0005616243600226944,-0.47780369731718453,0.6824968695787685,-1.0,0.13,-0.015626672375040118,1.0,6.123233995736766e-17,0,0.0,0.92771083,True
DOGEUSDT,trend_ema__directionshort_only_fast21_rsi_threshold55.0_slow55,trend_ema,2026-03-02 06:45:00+00:00,2026-03-02 13:45:00+00:00,short,0.014515881425988886,0.015315881425988886,target,28,0.22897794550378578,1,True,False,False,0.007959457664447195,0.016011169704953778,0,1,-0.0003899442052861203,0.09221,0.09225,0.09173,0.09197,31511415.0,2026-03-02 06:59:59.999000+00:00,2898183.54549,9420,14401552.0,1324533.58621,-0.0026061476364436916,-0.010814423553160316,-0.007582358683993853,-3.5584957037674423,0.4615384615384759,0.07692307692307487,0.46153846153844924,0.005654017614439412,38.55110272481071,-0.0001522455580570236,-0.008500276351058855,-0.009137604402099504,-0.002429090717525062,-0.0010023003079701054,0.017305213055412792,-1.1588125183640066,0.0005616243600226944,-0.47780369731718453,0.6824968695787685,-1.0,0.13,-0.015626672375040118,1.0,6.123233995736766e-17,0,0.0,0.92105263,True
DOGEUSDT,trend_ema__directionboth_fast21_rsi_threshold55.0_slow55,trend_ema,2026-03-02 06:45:00+00:00,2026-03-02 13:45:00+00:00,short,0.014515881425988886,0.015315881425988886,target,28,0.22897794550378578,1,True,False,False,0.007959457664447195,0.016011169704953778,0,2,-0.002874248477165288,0.09221,0.09225,0.09173,0.09197,31511415.0,2026-03-02 06:59:59.999000+00:00,2898183.54549,9420,14401552.0,1324533.58621,-0.0026061476364436916,-0.010814423553160316,-0.007582358683993853,-3.5584957037674423,0.4615384615384759,0.07692307692307487,0.46153846153844924,0.005654017614439412,38.55110272481071,-0.0001522455580570236,-0.008500276351058855,-0.009137604402099504,-0.002429090717525062,-0.0010023003079701054,0.017305213055412792,-1.1588125183640066,0.0005616243600226944,-0.47780369731718453,0.6824968695787685,-1.0,0.13,-0.015626672375040118,1.0,6.123233995736766e-17,0,0.0,0.8378378,True
DOGEUSDT,trend_ema__directionboth_fast21_rsi_threshold58.0_slow55,trend_ema,2026-03-02 06:45:00+00:00,2026-03-02 13:45:00+00:00,short,0.014515881425988886,0.015315881425988886,target,28,0.22897794550378578,1,True,False,False,0.007959457664447195,0.016011169704953778,0,0,0.002094360066593048,0.09221,0.09225,0.09173,0.09197,31511415.0,2026-03-02 06:59:59.999000+00:00,2898183.54549,9420,14401552.0,1324533.58621,-0.0026061476364436916,-0.010814423553160316,-0.007582358683993853,-3.5584957037674423,0.4615384615384759,0.07692307692307487,0.46153846153844924,0.005654017614439412,38.55110272481071,-0.0001522455580570236,-0.008500276351058855,-0.009137604402099504,-0.002429090717525062,-0.0010023003079701054,0.017305213055412792,-1.1588125183640066,0.0005616243600226944,-0.47780369731718453,0.6824968695787685,-1.0,0.13,-0.015626672375040118,1.0,6.123233995736766e-17,0,0.0,0.94623655,True
ETHUSDT,trend_ema__directionshort_only_fast9_rsi_threshold52.0_slow89,trend_ema,2026-03-02 06:45:00+00:00,2026-03-02 14:45:00+00:00,short,-0.010996504234702121,-0.010196504234702121,stop,32,0.21481773770195958,0,False,True,False,0.01915574869604851,0.016077509182343613,0,0,0.019333314844059597,1947.6,1948.21,1936.12,1942.38,55011.599,2026-03-02 06:59:59.999000+00:00,106818093.03173,107412,24694.476,47962851.59799,-0.00267868549901402,-0.014114441305211571,-0.0062050316492350665,-3.302189768223806,0.43176178660047454,0.050454921422673285,0.5177832919768521,0.00622432273808428,39.25911311490202,-3.5906824748784727,-0.009489465507613221,-0.009541538331233642,-0.0026082575715670187,-0.0006811536660397133,0.024261830537584954,-0.8808287797016857,13.155215568088781,0.38785469810506246,1.216727031004198,-1.0,0.39,-0.018960362034829648,1.0,6.123233995736766e-17,0,0.0,0.94623655,True
DOGEUSDT,trend_ema__directionshort_only_fast21_rsi_threshold55.0_slow55,trend_ema,2026-03-02 06:45:00+00:00,2026-03-02 13:45:00+00:00,short,0.014515881425988886,0.015315881425988886,target,28,0.22897794550378578,1,True,False,False,0.007959457664447195,0.016011169704953778,0,1,-0.0003899442052861203,0.09221,0.09225,0.09173,0.09197,31511415.0,2026-03-02 06:59:59.999000+00:00,2898183.54549,9420,14401552.0,1324533.58621,-0.0026061476364436916,-0.010814423553160316,-0.007582358683993853,-3.5584957037674423,0.4615384615384759,0.07692307692307487,0.46153846153844924,0.005654017614439412,38.55110272481071,-0.0001522455580570236,-0.008500276351058855,-0.009137604402099504,-0.002429090717525062,-0.0010023003079701054,0.017305213055412792,-1.1588125183640066,0.0005616243600226944,-0.47780369731718453,0.6824968695787685,-1.0,0.13,-0.015626672375040118,1.0,6.123233995736766e-17,0,0.0,0.92771083,True
DOGEUSDT,trend_ema__directionboth_fast21_rsi_threshold58.0_slow55,trend_ema,2026-03-02 06:45:00+00:00,2026-03-02 13:45:00+00:00,short,0.014515881425988886,0.015315881425988886,target,28,0.22897794550378578,1,True,False,False,0.007959457664447195,0.016011169704953778,0,0,0.002094360066593048,0.09221,0.09225,0.09173,0.09197,31511415.0,2026-03-02 06:59:59.999000+00:00,2898183.54549,9420,14401552.0,1324533.58621,-0.0026061476364436916,-0.010814423553160316,-0.007582358683993853,-3.5584957037674423,0.4615384615384759,0.07692307692307487,0.46153846153844924,0.005654017614439412,38.55110272481071,-0.0001522455580570236,-0.008500276351058855,-0.009137604402099504,-0.002429090717525062,-0.0010023003079701054,0.017305213055412792,-1.1588125183640066,0.0005616243600226944,-0.47780369731718453,0.6824968695787685,-1.0,0.13,-0.015626672375040118,1.0,6.123233995736766e-17,0,0.0,0.92771083,True
DOGEUSDT,trend_ema__directionshort_only_fast12_rsi_threshold55.0_slow34,trend_ema,2026-03-02 06:45:00+00:00,2026-03-02 13:45:00+00:00,short,0.014515881425988886,0.015315881425988886,target,28,0.22897794550378578,1,True,False,False,0.007959457664447195,0.016011169704953778,0,3,-0.0024124895586905394,0.09221,0.09225,0.09173,0.09197,31511415.0,2026-03-02 06:59:59.999000+00:00,2898183.54549,9420,14401552.0,1324533.58621,-0.0026061476364436916,-0.010814423553160316,-0.007582358683993853,-3.5584957037674423,0.4615384615384759,0.07692307692307487,0.46153846153844924,0.005654017614439412,38.55110272481071,-0.0001522455580570236,-0.008500276351058855,-0.009137604402099504,-0.002429090717525062,-0.0010023003079701054,0.017305213055412792,-1.1588125183640066,0.0005616243600226944,-0.47780369731718453,0.6824968695787685,-1.0,0.13,-0.015626672375040118,1.0,6.123233995736766e-17,0,0.0,0.92771083,True
ETHUSDT,trend_ema__directionshort_only_fast9_rsi_threshold52.0_slow89,trend_ema,2026-03-02 06:45:00+00:00,2026-03-02 14:45:00+00:00,short,-0.010996504234702121,-0.010196504234702121,stop,32,0.21481773770195958,0,False,True,False,0.01915574869604851,0.016077509182343613,0,0,0.019333314844059597,1947.6,1948.21,1936.12,1942.38,55011.599,2026-03-02 06:59:59.999000+00:00,106818093.03173,107412,24694.476,47962851.59799,-0.00267868549901402,-0.014114441305211571,-0.0062050316492350665,-3.302189768223806,0.43176178660047454,0.050454921422673285,0.5177832919768521,0.00622432273808428,39.25911311490202,-3.5906824748784727,-0.009489465507613221,-0.009541538331233642,-0.0026082575715670187,-0.0006811536660397133,0.024261830537584954,-0.8808287797016857,13.155215568088781,0.38785469810506246,1.216727031004198,-1.0,0.39,-0.018960362034829648,1.0,6.123233995736766e-17,0,0.0,0.92771083,True
SOLUSDT,trend_ema__directionboth_fast12_rsi_threshold55.0_slow89,trend_ema,2026-03-02 15:00:00+00:00,2026-03-02 15:00:00+00:00,long,0.018977806112491318,0.019777806112491317,target,0,0.6182781197468075,1,True,False,False,0.002369270777607763,0.02683195651493387,0,1,1.65201494386244e-05,85.6,87.91,85.41,87.78,1709746.6,2026-03-02 15:14:59.999000+00:00,148328267.2169,123329,933960.75,81054140.2065,0.02503158550569377,0.052865442493258606,0.049029427240318606,7.083630110114144,0.8720000000000028,0.05199999999999818,0.0759999999999991,0.028480291638186373,80.91390598734037,0.37209882963263097,0.04124834236777076,0.04390536097516554,0.00833320465229459,0.00284837242473035,0.05123652851572435,1.7837715686347928,0.8074869700964764,3.2814684460008423,4.573242146607321,1.0,1.0,0.0,-0.7071067811865471,-0.7071067811865479,0,1.0,0.92771083,True
SOLUSDT,trend_ema__directionlong_only_fast12_rsi_threshold58.0_slow55,trend_ema,2026-03-02 15:00:00+00:00,2026-03-02 15:00:00+00:00,long,0.018977806112491318,0.019777806112491317,target,0,0.6182781197468075,1,True,False,False,0.002369270777607763,0.02683195651493387,0,0,0.0032807279515608113,85.6,87.91,85.41,87.78,1709746.6,2026-03-02 15:14:59.999000+00:00,148328267.2169,123329,933960.75,81054140.2065,0.02503158550569377,0.052865442493258606,0.049029427240318606,7.083630110114144,0.8720000000000028,0.05199999999999818,0.0759999999999991,0.028480291638186373,80.91390598734037,0.37209882963263097,0.04124834236777076,0.04390536097516554,0.00833320465229459,0.00284837242473035,0.05123652851572435,1.7837715686347928,0.8074869700964764,3.2814684460008423,4.573242146607321,1.0,1.0,0.0,-0.7071067811865471,-0.7071067811865479,0,1.0,0.94623655,True
SOLUSDT,trend_ema__directionlong_only_fast9_rsi_threshold58.0_slow89,trend_ema,2026-03-02 15:00:00+00:00,2026-03-02 15:00:00+00:00,long,0.018977806112491318,0.019777806112491317,target,0,0.6182781197468075,1,True,False,False,0.002369270777607763,0.02683195651493387,0,2,-0.0032476876526835617,85.6,87.91,85.41,87.78,1709746.6,2026-03-02 15:14:59.999000+00:00,148328267.2169,123329,933960.75,81054140.2065,0.02503158550569377,0.052865442493258606,0.049029427240318606,7.083630110114144,0.8720000000000028,0.05199999999999818,0.0759999999999991,0.028480291638186373,80.91390598734037,0.37209882963263097,0.04124834236777076,0.04390536097516554,0.00833320465229459,0.00284837242473035,0.05123652851572435,1.7837715686347928,0.8074869700964764,3.2814684460008423,4.573242146607321,1.0,1.0,0.0,-0.7071067811865471,-0.7071067811865479,0,1.0,0.92771083,True
SOLUSDT,trend_ema__directionlong_only_fast9_rsi_threshold58.0_slow89,trend_ema,2026-03-02 15:00:00+00:00,2026-03-02 15:00:00+00:00,long,0.018977806112491318,0.019777806112491317,target,0,0.6182781197468075,1,True,False,False,0.002369270777607763,0.02683195651493387,0,2,-0.0032476876526835617,85.6,87.91,85.41,87.78,1709746.6,2026-03-02 15:14:59.999000+00:00,148328267.2169,123329,933960.75,81054140.2065,0.02503158550569377,0.052865442493258606,0.049029427240318606,7.083630110114144,0.8720000000000028,0.05199999999999818,0.0759999999999991,0.028480291638186373,80.91390598734037,0.37209882963263097,0.04124834236777076,0.04390536097516554,0.00833320465229459,0.00284837242473035,0.05123652851572435,1.7837715686347928,0.8074869700964764,3.2814684460008423,4.573242146607321,1.0,1.0,0.0,-0.7071067811865471,-0.7071067811865479,0,1.0,0.94623655,True
SOLUSDT,trend_ema__directionboth_fast12_rsi_threshold52.0_slow89,trend_ema,2026-03-02 15:00:00+00:00,2026-03-02 15:00:00+00:00,long,0.018977806112491318,0.019777806112491317,target,0,0.6182781197468075,1,True,False,False,0.002369270777607763,0.02683195651493387,0,3,-0.006276935617868915,85.6,87.91,85.41,87.78,1709746.6,2026-03-02 15:14:59.999000+00:00,148328267.2169,123329,933960.75,81054140.2065,0.02503158550569377,0.052865442493258606,0.049029427240318606,7.083630110114144,0.8720000000000028,0.05199999999999818,0.0759999999999991,0.028480291638186373,80.91390598734037,0.37209882963263097,0.04124834236777076,0.04390536097516554,0.00833320465229459,0.00284837242473035,0.05123652851572435,1.7837715686347928,0.8074869700964764,3.2814684460008423,4.573242146607321,1.0,1.0,0.0,-0.7071067811865471,-0.7071067811865479,0,1.0,0.94623655,True
SOLUSDT,trend_ema__directionboth_fast9_rsi_threshold58.0_slow89,trend_ema,2026-03-02 15:00:00+00:00,2026-03-02 15:00:00+00:00,long,0.018977806112491318,0.019777806112491317,target,0,0.6182781197468075,1,True,False,False,0.002369270777607763,0.02683195651493387,0,5,-0.006221808580124039,85.6,87.91,85.41,87.78,1709746.6,2026-03-02 15:14:59.999000+00:00,148328267.2169,123329,933960.75,81054140.2065,0.02503158550569377,0.052865442493258606,0.049029427240318606,7.083630110114144,0.8720000000000028,0.05199999999999818,0.0759999999999991,0.028480291638186373,80.91390598734037,0.37209882963263097,0.04124834236777076,0.04390536097516554,0.00833320465229459,0.00284837242473035,0.05123652851572435,1.7837715686347928,0.8074869700964764,3.2814684460008423,4.573242146607321,1.0,1.0,0.0,-0.7071067811865471,-0.7071067811865479,0,1.0,0.7277046,True
SOLUSDT,trend_ema__directionboth_fast12_rsi_threshold55.0_slow89,trend_ema,2026-03-02 15:00:00+00:00,2026-03-02 15:00:00+00:00,long,0.018977806112491318,0.019777806112491317,target,0,0.6182781197468075,1,True,False,False,0.002369270777607763,0.02683195651493387,0,1,1.65201494386244e-05,85.6,87.91,85.41,87.78,1709746.6,2026-03-02 15:14:59.999000+00:00,148328267.2169,123329,933960.75,81054140.2065,0.02503158550569377,0.052865442493258606,0.049029427240318606,7.083630110114144,0.8720000000000028,0.05199999999999818,0.0759999999999991,0.028480291638186373,80.91390598734037,0.37209882963263097,0.04124834236777076,0.04390536097516554,0.00833320465229459,0.00284837242473035,0.05123652851572435,1.7837715686347928,0.8074869700964764,3.2814684460008423,4.573242146607321,1.0,1.0,0.0,-0.7071067811865471,-0.7071067811865479,0,1.0,0.92105263,True
SOLUSDT,trend_ema__directionboth_fast12_rsi_threshold58.0_slow89,trend_ema,2026-03-02 15:00:00+00:00,2026-03-02 15:00:00+00:00,long,0.018977806112491318,0.019777806112491317,target,0,0.6182781197468075,1,True,False,False,0.002369270777607763,0.02683195651493387,0,4,-0.006236142186922549,85.6,87.91,85.41,87.78,1709746.6,2026-03-02 15:14:59.999000+00:00,148328267.2169,123329,933960.75,81054140.2065,0.02503158550569377,0.052865442493258606,0.049029427240318606,7.083630110114144,0.8720000000000028,0.05199999999999818,0.0759999999999991,0.028480291638186373,80.91390598734037,0.37209882963263097,0.04124834236777076,0.04390536097516554,0.00833320465229459,0.00284837242473035,0.05123652851572435,1.7837715686347928,0.8074869700964764,3.2814684460008423,4.573242146607321,1.0,1.0,0.0,-0.7071067811865471,-0.7071067811865479,0,1.0,0.75384617,True
SOLUSDT,trend_ema__directionboth_fast12_rsi_threshold52.0_slow89,trend_ema,2026-03-02 15:00:00+00:00,2026-03-02 15:00:00+00:00,long,0.018977806112491318,0.019777806112491317,target,0,0.6182781197468075,1,True,False,False,0.002369270777607763,0.02683195651493387,0,3,-0.006276935617868915,85.6,87.91,85.41,87.78,1709746.6,2026-03-02 15:14:59.999000+00:00,148328267.2169,123329,933960.75,81054140.2065,0.02503158550569377,0.052865442493258606,0.049029427240318606,7.083630110114144,0.8720000000000028,0.05199999999999818,0.0759999999999991,0.028480291638186373,80.91390598734037,0.37209882963263097,0.04124834236777076,0.04390536097516554,0.00833320465229459,0.00284837242473035,0.05123652851572435,1.7837715686347928,0.8074869700964764,3.2814684460008423,4.573242146607321,1.0,1.0,0.0,-0.7071067811865471,-0.7071067811865479,0,1.0,0.92771083,True
SOLUSDT,trend_ema__directionlong_only_fast12_rsi_threshold58.0_slow55,trend_ema,2026-03-02 15:00:00+00:00,2026-03-02 15:00:00+00:00,long,0.018977806112491318,0.019777806112491317,target,0,0.6182781197468075,1,True,False,False,0.002369270777607763,0.02683195651493387,0,0,0.0032807279515608113,85.6,87.91,85.41,87.78,1709746.6,2026-03-02 15:14:59.999000+00:00,148328267.2169,123329,933960.75,81054140.2065,0.02503158550569377,0.052865442493258606,0.049029427240318606,7.083630110114144,0.8720000000000028,0.05199999999999818,0.0759999999999991,0.028480291638186373,80.91390598734037,0.37209882963263097,0.04124834236777076,0.04390536097516554,0.00833320465229459,0.00284837242473035,0.05123652851572435,1.7837715686347928,0.8074869700964764,3.2814684460008423,4.573242146607321,1.0,1.0,0.0,-0.7071067811865471,-0.7071067811865479,0,1.0,0.92771083,True
BTCUSDT,trend_ema__directionlong_only_fast12_rsi_threshold58.0_slow55,trend_ema,2026-03-02 15:15:00+00:00,2026-03-02 15:45:00+00:00,long,0.0159629639124354,0.0167629639124354,target,2,0.592601166299381,1,True,False,False,0.0024449783810440067,0.01722624888697929,0,0,0.010797301876445954,68399.3,68777.0,68242.3,68525.3,13880.153,2026-03-02 15:29:59.999000+00:00,950960157.6454,306646,6700.478,459149077.2046,0.0018404294855036234,0.04436082484662941,0.03685306528808327,7.486593997800371,0.2356461567233976,0.4707312511688769,0.29362259210772557,0.007802957447833094,79.63005831496905,298.42184456127245,0.02939151840430855,0.03214958649206902,0.008241145843434383,0.0032721065934511184,0.05093421716925032,1.3235471657628104,464.1274511203159,2.5854516061254067,4.219109198816105,1.0,1.0,0.0,-0.7071067811865471,-0.7071067811865479,0,1.0,0.92771083,True
BTCUSDT,trend_ema__directionboth_fast21_rsi_threshold55.0_slow55,trend_ema,2026-03-02 15:15:00+00:00,2026-03-02 15:45:00+00:00,long,0.0159629639124354,0.0167629639124354,target,2,0.592601166299381,1,True,False,False,0.0024449783810440067,0.01722624888697929,0,0,0.0029350608024624456,68399.3,68777.0,68242.3,68525.3,13880.153,2026-03-02 15:29:59.999000+00:00,950960157.6454,306646,6700.478,459149077.2046,0.0018404294855036234,0.04436082484662941,0.03685306528808327,7.486593997800371,0.2356461567233976,0.4707312511688769,0.29362259210772557,0.007802957447833094,79.63005831496905,298.42184456127245,0.02939151840430855,0.03214958649206902,0.008241145843434383,0.0032721065934511184,0.05093421716925032,1.3235471657628104,464.1274511203159,2.5854516061254067,4.219109198816105,1.0,1.0,0.0,-0.7071067811865471,-0.7071067811865479,0,1.0,0.75384617,True
BTCUSDT,trend_ema__directionboth_fast21_rsi_threshold58.0_slow55,trend_ema,2026-03-02 15:15:00+00:00,2026-03-02 15:45:00+00:00,long,0.0159629639124354,0.0167629639124354,target,2,0.592601166299381,1,True,False,False,0.0024449783810440067,0.01722624888697929,0,0,0.005571796167840981,68399.3,68777.0,68242.3,68525.3,13880.153,2026-03-02 15:29:59.999000+00:00,950960157.6454,306646,6700.478,459149077.2046,0.0018404294855036234,0.04436082484662941,0.03685306528808327,7.486593997800371,0.2356461567233976,0.4707312511688769,0.29362259210772557,0.007802957447833094,79.63005831496905,298.42184456127245,0.02939151840430855,0.03214958649206902,0.008241145843434383,0.0032721065934511184,0.05093421716925032,1.3235471657628104,464.1274511203159,2.5854516061254067,4.219109198816105,1.0,1.0,0.0,-0.7071067811865471,-0.7071067811865479,0,1.0,0.92771083,True
ETHUSDT,trend_ema__directionboth_fast12_rsi_threshold55.0_slow89,trend_ema,2026-03-02 15:15:00+00:00,2026-03-02 16:00:00+00:00,long,0.021412070462343422,0.02221207046234342,target,3,0.5903305572661378,1,True,False,False,0.0036608011222234327,0.023799559458351383,0,0,0.004770150340346969,2027.71,2045.0,2025.0,2030.46,303448.063,2026-03-02 15:29:59.999000+00:00,617273399.47161,406593,138738.403,282269726.574,0.0013552908926616355,0.05266130388281687,0.04700841269592146,6.958248627179125,0.1375,0.7269999999999982,0.1355000000000018,0.009849984732523664,79.51652786330689,10.863113939118506,0.0350353277494949,0.03774700641408794,0.00985775679269807,0.0038628790812529346,0.06132254939963958,1.3432922781190315,18.160088955900086,2.1396228622554285,3.3121631039545307,1.0,1.0,0.0,-0.7071067811865471,-0.7071067811865479,0,1.0,0.75384617,True
ETHUSDT,trend_ema__directionlong_only_fast12_rsi_threshold58.0_slow55,trend_ema,2026-03-02 15:15:00+00:00,2026-03-02 16:00:00+00:00,long,0.021412070462343422,0.02221207046234342,target,3,0.5903305572661378,1,True,False,False,0.0036608011222234327,0.023799559458351383,0,0,0.00813912706695798,2027.71,2045.0,2025.0,2030.46,303448.063,2026-03-02 15:29:59.999000+00:00,617273399.47161,406593,138738.403,282269726.574,0.0013552908926616355,0.05266130388281687,0.04700841269592146,6.958248627179125,0.1375,0.7269999999999982,0.1355000000000018,0.009849984732523664,79.51652786330689,10.863113939118506,0.0350353277494949,0.03774700641408794,0.00985775679269807,0.0038628790812529346,0.06132254939963958,1.3432922781190315,18.160088955900086,2.1396228622554285,3.3121631039545307,1.0,1.0,0.0,-0.7071067811865471,-0.7071067811865479,0,1.0,0.75384617,True
ETHUSDT,trend_ema__directionboth_fast21_rsi_threshold58.0_slow55,trend_ema,2026-03-02 15:15:00+00:00,2026-03-02 16:00:00+00:00,long,0.021412070462343422,0.02221207046234342,target,3,0.5903305572661378,1,True,False,False,0.0036608011222234327,0.023799559458351383,0,0,0.01150810379356899,2027.71,2045.0,2025.0,2030.46,303448.063,2026-03-02 15:29:59.999000+00:00,617273399.47161,406593,138738.403,282269726.574,0.0013552908926616355,0.05266130388281687,0.04700841269592146,6.958248627179125,0.1375,0.7269999999999982,0.1355000000000018,0.009849984732523664,79.51652786330689,10.863113939118506,0.0350353277494949,0.03774700641408794,0.00985775679269807,0.0038628790812529346,0.06132254939963958,1.3432922781190315,18.160088955900086,2.1396228622554285,3.3121631039545307,1.0,1.0,0.0,-0.7071067811865471,-0.7071067811865479,0,1.0,0.75384617,True
BTCUSDT,trend_ema__directionboth_fast12_rsi_threshold55.0_slow89,trend_ema,2026-03-02 15:15:00+00:00,2026-03-02 15:45:00+00:00,long,0.0159629639124354,0.0167629639124354,target,2,0.592601166299381,1,True,False,False,0.0024449783810440067,0.01722624888697929,0,0,0.008208531533219517,68399.3,68777.0,68242.3,68525.3,13880.153,2026-03-02 15:29:59.999000+00:00,950960157.6454,306646,6700.478,459149077.2046,0.0018404294855036234,0.04436082484662941,0.03685306528808327,7.486593997800371,0.2356461567233976,0.4707312511688769,0.29362259210772557,0.007802957447833094,79.63005831496905,298.42184456127245,0.02939151840430855,0.03214958649206902,0.008241145843434383,0.0032721065934511184,0.05093421716925032,1.3235471657628104,464.1274511203159,2.5854516061254067,4.219109198816105,1.0,1.0,0.0,-0.7071067811865471,-0.7071067811865479,0,1.0,0.92771083,True
DOGEUSDT,trend_ema__directionboth_fast21_rsi_threshold58.0_slow89,trend_ema,2026-03-02 15:30:00+00:00,2026-03-02 16:45:00+00:00,long,0.01949216740430505,0.020292167404305048,target,5,0.6629550423447108,1,True,False,False,0.008715345435334795,0.02095007520706399,0,0,0.013107946829779163,0.09572,0.0966,0.0949,0.0965,242645750.0,2026-03-02 15:44:59.999000+00:00,23242820.61213,48818,124150593.0,11900201.77046,0.00801127938667851,0.03823467095530413,0.04949507577368402,5.580320100051157,0.4588235294117645,0.05882352941176615,0.4823529411764693,0.0176165803108809,83.14775211723554,0.0006051753118504258,0.03720477612766007,0.04144632045683532,0.01176469753989684,0.005872175297484183,0.07363626429668815,1.2352918344760693,0.000842987115583876,1.7938227825209798,2.9103200631163384,1.0,1.0,0.0,-0.7071067811865471,-0.7071067811865479,0,1.0,0.75384617,True
ETHUSDT,trend_ema__directionboth_fast21_rsi_threshold58.0_slow89,trend_ema,2026-03-02 15:30:00+00:00,2026-03-02 16:00:00+00:00,long,0.021556111332717752,0.02235611133271775,target,2,0.6708873217737542,1,True,False,False,0.0050151162260677375,0.022407917728059806,0,0,0.014877080520180002,2030.47,2062.6,2020.59,2061.31,314935.474,2026-03-02 15:44:59.999000+00:00,643147156.76918,379948,173502.352,354525479.7155,0.015079334649870393,0.047829101670526675,0.058018031193316076,5.920082771925366,0.7341109259700054,0.03070697452987298,0.23518209950012167,0.020380243631477068,83.54436608868771,13.856630294885395,0.04476507888909633,0.05010325668146779,0.012957948448329315,0.006434283977783117,0.07952199597218272,1.3580753242785208,19.86365403047865,2.021694456202508,3.1977496419021114,1.0,1.0,0.0,-0.7071067811865471,-0.7071067811865479,0,1.0,0.92771083,True
DOGEUSDT,trend_ema__directionboth_fast21_rsi_threshold58.0_slow55,trend_ema,2026-03-02 15:30:00+00:00,2026-03-02 16:45:00+00:00,long,0.01949216740430505,0.020292167404305048,target,5,0.6629550423447108,1,True,False,False,0.008715345435334795,0.02095007520706399,0,0,0.006820157488335749,0.09572,0.0966,0.0949,0.0965,242645750.0,2026-03-02 15:44:59.999000+00:00,23242820.61213,48818,124150593.0,11900201.77046,0.00801127938667851,0.03823467095530413,0.04949507577368402,5.580320100051157,0.4588235294117645,0.05882352941176615,0.4823529411764693,0.0176165803108809,83.14775211723554,0.0006051753118504258,0.03720477612766007,0.04144632045683532,0.01176469753989684,0.005872175297484183,0.07363626429668815,1.2352918344760693,0.000842987115583876,1.7938227825209798,2.9103200631163384,1.0,1.0,0.0,-0.7071067811865471,-0.7071067811865479,0,1.0,0.75384617,True
DOGEUSDT,trend_ema__directionboth_fast21_rsi_threshold55.0_slow55,trend_ema,2026-03-02 15:30:00+00:00,2026-03-02 16:45:00+00:00,long,0.01949216740430505,0.020292167404305048,target,5,0.6629550423447108,1,True,False,False,0.008715345435334795,0.02095007520706399,0,0,0.010040420723147227,0.09572,0.0966,0.0949,0.0965,242645750.0,2026-03-02 15:44:59.999000+00:00,23242820.61213,48818,124150593.0,11900201.77046,0.00801127938667851,0.03823467095530413,0.04949507577368402,5.580320100051157,0.4588235294117645,0.05882352941176615,0.4823529411764693,0.0176165803108809,83.14775211723554,0.0006051753118504258,0.03720477612766007,0.04144632045683532,0.01176469753989684,0.005872175297484183,0.07363626429668815,1.2352918344760693,0.000842987115583876,1.7938227825209798,2.9103200631163384,1.0,1.0,0.0,-0.7071067811865471,-0.7071067811865479,0,1.0,0.75384617,True
DOGEUSDT,trend_ema__directionboth_fast21_rsi_threshold58.0_slow89,trend_ema,2026-03-02 15:30:00+00:00,2026-03-02 16:45:00+00:00,long,0.01949216740430505,0.020292167404305048,target,5,0.6629550423447108,1,True,False,False,0.008715345435334795,0.02095007520706399,0,0,0.013107946829779163,0.09572,0.0966,0.0949,0.0965,242645750.0,2026-03-02 15:44:59.999000+00:00,23242820.61213,48818,124150593.0,11900201.77046,0.00801127938667851,0.03823467095530413,0.04949507577368402,5.580320100051157,0.4588235294117645,0.05882352941176615,0.4823529411764693,0.0176165803108809,83.14775211723554,0.0006051753118504258,0.03720477612766007,0.04144632045683532,0.01176469753989684,0.005872175297484183,0.07363626429668815,1.2352918344760693,0.000842987115583876,1.7938227825209798,2.9103200631163384,1.0,1.0,0.0,-0.7071067811865471,-0.7071067811865479,0,1.0,0.8378378,True
ETHUSDT,trend_ema__directionboth_fast21_rsi_threshold58.0_slow89,trend_ema,2026-03-02 15:30:00+00:00,2026-03-02 16:00:00+00:00,long,0.021556111332717752,0.02235611133271775,target,2,0.6708873217737542,1,True,False,False,0.0050151162260677375,0.022407917728059806,0,0,0.014877080520180002,2030.47,2062.6,2020.59,2061.31,314935.474,2026-03-02 15:44:59.999000+00:00,643147156.76918,379948,173502.352,354525479.7155,0.015079334649870393,0.047829101670526675,0.058018031193316076,5.920082771925366,0.7341109259700054,0.03070697452987298,0.23518209950012167,0.020380243631477068,83.54436608868771,13.856630294885395,0.04476507888909633,0.05010325668146779,0.012957948448329315,0.006434283977783117,0.07952199597218272,1.3580753242785208,19.86365403047865,2.021694456202508,3.1977496419021114,1.0,1.0,0.0,-0.7071067811865471,-0.7071067811865479,0,1.0,0.94623655,True
DOGEUSDT,trend_ema__directionboth_fast21_rsi_threshold58.0_slow55,trend_ema,2026-03-02 15:30:00+00:00,2026-03-02 16:45:00+00:00,long,0.01949216740430505,0.020292167404305048,target,5,0.6629550423447108,1,True,False,False,0.008715345435334795,0.02095007520706399,0,0,0.006820157488335749,0.09572,0.0966,0.0949,0.0965,242645750.0,2026-03-02 15:44:59.999000+00:00,23242820.61213,48818,124150593.0,11900201.77046,0.00801127938667851,0.03823467095530413,0.04949507577368402,5.580320100051157,0.4588235294117645,0.05882352941176615,0.4823529411764693,0.0176165803108809,83.14775211723554,0.0006051753118504258,0.03720477612766007,0.04144632045683532,0.01176469753989684,0.005872175297484183,0.07363626429668815,1.2352918344760693,0.000842987115583876,1.7938227825209798,2.9103200631163384,1.0,1.0,0.0,-0.7071067811865471,-0.7071067811865479,0,1.0,0.8378378,True
DOGEUSDT,trend_ema__directionboth_fast21_rsi_threshold55.0_slow55,trend_ema,2026-03-02 15:30:00+00:00,2026-03-02 16:45:00+00:00,long,0.01949216740430505,0.020292167404305048,target,5,0.6629550423447108,1,True,False,False,0.008715345435334795,0.02095007520706399,0,0,0.010040420723147227,0.09572,0.0966,0.0949,0.0965,242645750.0,2026-03-02 15:44:59.999000+00:00,23242820.61213,48818,124150593.0,11900201.77046,0.00801127938667851,0.03823467095530413,0.04949507577368402,5.580320100051157,0.4588235294117645,0.05882352941176615,0.4823529411764693,0.0176165803108809,83.14775211723554,0.0006051753118504258,0.03720477612766007,0.04144632045683532,0.01176469753989684,0.005872175297484183,0.07363626429668815,1.2352918344760693,0.000842987115583876,1.7938227825209798,2.9103200631163384,1.0,1.0,0.0,-0.7071067811865471,-0.7071067811865479,0,1.0,0.8378378,True
DOGEUSDT,trend_ema__directionshort_only_fast12_rsi_threshold55.0_slow34,trend_ema,2026-03-02 23:30:00+00:00,2026-03-03 04:30:00+00:00,short,0.017577879884188838,0.018377879884188836,target,20,0.2531707107679273,1,True,False,False,0.00250130488156246,0.018980865937328145,0,0,0.004578664338472215,0.09358,0.09361,0.09324,0.0934,55697401.0,2026-03-02 23:44:59.999000+00:00,5202645.28497,14457,22210427.0,2074661.85012,-0.0019253402032733036,-0.015932360381085274,-0.01950867638386519,-5.211229892048085,0.48648648648649157,0.08108108108108818,0.43243243243242024,0.003961456102783676,37.341464461603636,-0.00018282704377327563,-0.011539301404037501,-0.008656393362004548,-0.0028182698719952937,-0.00015483300255048071,0.024686763799720745,-1.0813306733948718,0.0006651163537260558,-0.340201123618033,0.769143129986576,1.0,0.17,-0.021887108597758997,-0.25881904510252157,0.9659258262890681,0,2.0,0.92771083,True
DOGEUSDT,trend_ema__directionshort_only_fast12_rsi_threshold55.0_slow34,trend_ema,2026-03-02 23:30:00+00:00,2026-03-03 04:30:00+00:00,short,0.017577879884188838,0.018377879884188836,target,20,0.2531707107679273,1,True,False,False,0.00250130488156246,0.018980865937328145,0,0,0.004578664338472215,0.09358,0.09361,0.09324,0.0934,55697401.0,2026-03-02 23:44:59.999000+00:00,5202645.28497,14457,22210427.0,2074661.85012,-0.0019253402032733036,-0.015932360381085274,-0.01950867638386519,-5.211229892048085,0.48648648648649157,0.08108108108108818,0.43243243243242024,0.003961456102783676,37.341464461603636,-0.00018282704377327563,-0.011539301404037501,-0.008656393362004548,-0.0028182698719952937,-0.00015483300255048071,0.024686763799720745,-1.0813306733948718,0.0006651163537260558,-0.340201123618033,0.769143129986576,1.0,0.17,-0.021887108597758997,-0.25881904510252157,0.9659258262890681,0,2.0,0.92105263,True
DOGEUSDT,trend_ema__directionshort_only_fast12_rsi_threshold55.0_slow89,trend_ema,2026-03-03 01:30:00+00:00,2026-03-03 05:00:00+00:00,short,0.016484183052176082,0.01728418305217608,target,14,0.167935471267387,1,True,False,False,0.0032640820537940055,0.018104809343905404,0,0,0.016415922555625937,0.09314,0.09343,0.09277,0.09334,38541986.0,2026-03-03 01:44:59.999000+00:00,3589933.18257,13221,17828017.0,1660799.9845,0.0021450029674384293,-0.0029952953502548805,-0.010232449117742114,-0.8872554606816387,0.3030303030303145,0.1363636363636268,0.5606060606060587,0.00707092350546383,41.60322643663065,-7.929680240936879e-05,-0.005774056018964507,-0.0069200121764365395,-0.0019405788541214664,-0.0013149573388103741,0.024796103536884984,-0.5151660669493799,0.0006449970090873512,-0.565894997467471,0.7885331140914141,-1.0,0.34,-0.016438356164383494,0.25881904510252074,0.9659258262890683,1,0.0,0.8378378,True
DOGEUSDT,trend_ema__directionboth_fast21_rsi_threshold55.0_slow55,trend_ema,2026-03-03 01:30:00+00:00,2026-03-03 05:00:00+00:00,short,0.016484183052176082,0.01728418305217608,target,14,0.167935471267387,1,True,False,False,0.0032640820537940055,0.018104809343905404,0,0,0.01642497299225894,0.09314,0.09343,0.09277,0.09334,38541986.0,2026-03-03 01:44:59.999000+00:00,3589933.18257,13221,17828017.0,1660799.9845,0.0021450029674384293,-0.0029952953502548805,-0.010232449117742114,-0.8872554606816387,0.3030303030303145,0.1363636363636268,0.5606060606060587,0.00707092350546383,41.60322643663065,-7.929680240936879e-05,-0.005774056018964507,-0.0069200121764365395,-0.0019405788541214664,-0.0013149573388103741,0.024796103536884984,-0.5151660669493799,0.0006449970090873512,-0.565894997467471,0.7885331140914141,-1.0,0.34,-0.016438356164383494,0.25881904510252074,0.9659258262890683,1,0.0,0.92771083,True
DOGEUSDT,trend_ema__directionshort_only_fast12_rsi_threshold55.0_slow89,trend_ema,2026-03-03 01:30:00+00:00,2026-03-03 05:00:00+00:00,short,0.016484183052176082,0.01728418305217608,target,14,0.167935471267387,1,True,False,False,0.0032640820537940055,0.018104809343905404,0,0,0.016415922555625937,0.09314,0.09343,0.09277,0.09334,38541986.0,2026-03-03 01:44:59.999000+00:00,3589933.18257,13221,17828017.0,1660799.9845,0.0021450029674384293,-0.0029952953502548805,-0.010232449117742114,-0.8872554606816387,0.3030303030303145,0.1363636363636268,0.5606060606060587,0.00707092350546383,41.60322643663065,-7.929680240936879e-05,-0.005774056018964507,-0.0069200121764365395,-0.0019405788541214664,-0.0013149573388103741,0.024796103536884984,-0.5151660669493799,0.0006449970090873512,-0.565894997467471,0.7885331140914141,-1.0,0.34,-0.016438356164383494,0.25881904510252074,0.9659258262890683,1,0.0,0.92771083,True
DOGEUSDT,trend_ema__directionshort_only_fast21_rsi_threshold52.0_slow55,trend_ema,2026-03-03 01:30:00+00:00,2026-03-03 05:00:00+00:00,short,0.016484183052176082,0.01728418305217608,target,14,0.167935471267387,1,True,False,False,0.0032640820537940055,0.018104809343905404,0,0,0.01630655287242466,0.09314,0.09343,0.09277,0.09334,38541986.0,2026-03-03 01:44:59.999000+00:00,3589933.18257,13221,17828017.0,1660799.9845,0.0021450029674384293,-0.0029952953502548805,-0.010232449117742114,-0.8872554606816387,0.3030303030303145,0.1363636363636268,0.5606060606060587,0.00707092350546383,41.60322643663065,-7.929680240936879e-05,-0.005774056018964507,-0.0069200121764365395,-0.0019405788541214664,-0.0013149573388103741,0.024796103536884984,-0.5151660669493799,0.0006449970090873512,-0.565894997467471,0.7885331140914141,-1.0,0.34,-0.016438356164383494,0.25881904510252074,0.9659258262890683,1,0.0,0.92771083,True
DOGEUSDT,trend_ema__directionboth_fast21_rsi_threshold55.0_slow55,trend_ema,2026-03-03 01:30:00+00:00,2026-03-03 05:00:00+00:00,short,0.016484183052176082,0.01728418305217608,target,14,0.167935471267387,1,True,False,False,0.0032640820537940055,0.018104809343905404,0,0,0.01642497299225894,0.09314,0.09343,0.09277,0.09334,38541986.0,2026-03-03 01:44:59.999000+00:00,3589933.18257,13221,17828017.0,1660799.9845,0.0021450029674384293,-0.0029952953502548805,-0.010232449117742114,-0.8872554606816387,0.3030303030303145,0.1363636363636268,0.5606060606060587,0.00707092350546383,41.60322643663065,-7.929680240936879e-05,-0.005774056018964507,-0.0069200121764365395,-0.0019405788541214664,-0.0013149573388103741,0.024796103536884984,-0.5151660669493799,0.0006449970090873512,-0.565894997467471,0.7885331140914141,-1.0,0.34,-0.016438356164383494,0.25881904510252074,0.9659258262890683,1,0.0,0.8378378,True
DOGEUSDT,trend_ema__directionshort_only_fast12_rsi_threshold58.0_slow89,trend_ema,2026-03-03 01:30:00+00:00,2026-03-03 05:00:00+00:00,short,0.016484183052176082,0.01728418305217608,target,14,0.167935471267387,1,True,False,False,0.0032640820537940055,0.018104809343905404,0,0,0.016484183052176082,0.09314,0.09343,0.09277,0.09334,38541986.0,2026-03-03 01:44:59.999000+00:00,3589933.18257,13221,17828017.0,1660799.9845,0.0021450029674384293,-0.0029952953502548805,-0.010232449117742114,-0.8872554606816387,0.3030303030303145,0.1363636363636268,0.5606060606060587,0.00707092350546383,41.60322643663065,-7.929680240936879e-05,-0.005774056018964507,-0.0069200121764365395,-0.0019405788541214664,-0.0013149573388103741,0.024796103536884984,-0.5151660669493799,0.0006449970090873512,-0.565894997467471,0.7885331140914141,-1.0,0.34,-0.016438356164383494,0.25881904510252074,0.9659258262890683,1,0.0,0.8378378,True
DOGEUSDT,trend_ema__directionshort_only_fast21_rsi_threshold55.0_slow55,trend_ema,2026-03-03 01:30:00+00:00,2026-03-03 05:00:00+00:00,short,0.016484183052176082,0.01728418305217608,target,14,0.167935471267387,1,True,False,False,0.0032640820537940055,0.018104809343905404,0,0,0.0163657629323418,0.09314,0.09343,0.09277,0.09334,38541986.0,2026-03-03 01:44:59.999000+00:00,3589933.18257,13221,17828017.0,1660799.9845,0.0021450029674384293,-0.0029952953502548805,-0.010232449117742114,-0.8872554606816387,0.3030303030303145,0.1363636363636268,0.5606060606060587,0.00707092350546383,41.60322643663065,-7.929680240936879e-05,-0.005774056018964507,-0.0069200121764365395,-0.0019405788541214664,-0.0013149573388103741,0.024796103536884984,-0.5151660669493799,0.0006449970090873512,-0.565894997467471,0.7885331140914141,-1.0,0.34,-0.016438356164383494,0.25881904510252074,0.9659258262890683,1,0.0,0.8378378,True
DOGEUSDT,trend_ema__directionshort_only_fast21_rsi_threshold52.0_slow55,trend_ema,2026-03-03 01:30:00+00:00,2026-03-03 05:00:00+00:00,short,0.016484183052176082,0.01728418305217608,target,14,0.167935471267387,1,True,False,False,0.0032640820537940055,0.018104809343905404,0,0,0.01630655287242466,0.09314,0.09343,0.09277,0.09334,38541986.0,2026-03-03 01:44:59.999000+00:00,3589933.18257,13221,17828017.0,1660799.9845,0.0021450029674384293,-0.0029952953502548805,-0.010232449117742114,-0.8872554606816387,0.3030303030303145,0.1363636363636268,0.5606060606060587,0.00707092350546383,41.60322643663065,-7.929680240936879e-05,-0.005774056018964507,-0.0069200121764365395,-0.0019405788541214664,-0.0013149573388103741,0.024796103536884984,-0.5151660669493799,0.0006449970090873512,-0.565894997467471,0.7885331140914141,-1.0,0.34,-0.016438356164383494,0.25881904510252074,0.9659258262890683,1,0.0,0.8378378,True
DOGEUSDT,trend_ema__directionshort_only_fast12_rsi_threshold58.0_slow89,trend_ema,2026-03-03 01:30:00+00:00,2026-03-03 05:00:00+00:00,short,0.016484183052176082,0.01728418305217608,target,14,0.167935471267387,1,True,False,False,0.0032640820537940055,0.018104809343905404,0,0,0.016484183052176082,0.09314,0.09343,0.09277,0.09334,38541986.0,2026-03-03 01:44:59.999000+00:00,3589933.18257,13221,17828017.0,1660799.9845,0.0021450029674384293,-0.0029952953502548805,-0.010232449117742114,-0.8872554606816387,0.3030303030303145,0.1363636363636268,0.5606060606060587,0.00707092350546383,41.60322643663065,-7.929680240936879e-05,-0.005774056018964507,-0.0069200121764365395,-0.0019405788541214664,-0.0013149573388103741,0.024796103536884984,-0.5151660669493799,0.0006449970090873512,-0.565894997467471,0.7885331140914141,-1.0,0.34,-0.016438356164383494,0.25881904510252074,0.9659258262890683,1,0.0,0.92771083,True
DOGEUSDT,trend_ema__directionshort_only_fast12_rsi_threshold52.0_slow89,trend_ema,2026-03-03 01:30:00+00:00,2026-03-03 05:00:00+00:00,short,0.016484183052176082,0.01728418305217608,target,14,0.167935471267387,1,True,False,False,0.0032640820537940055,0.018104809343905404,0,0,0.016219092393007218,0.09314,0.09343,0.09277,0.09334,38541986.0,2026-03-03 01:44:59.999000+00:00,3589933.18257,13221,17828017.0,1660799.9845,0.0021450029674384293,-0.0029952953502548805,-0.010232449117742114,-0.8872554606816387,0.3030303030303145,0.1363636363636268,0.5606060606060587,0.00707092350546383,41.60322643663065,-7.929680240936879e-05,-0.005774056018964507,-0.0069200121764365395,-0.0019405788541214664,-0.0013149573388103741,0.024796103536884984,-0.5151660669493799,0.0006449970090873512,-0.565894997467471,0.7885331140914141,-1.0,0.34,-0.016438356164383494,0.25881904510252074,0.9659258262890683,1,0.0,0.8378378,True
DOGEUSDT,trend_ema__directionshort_only_fast21_rsi_threshold58.0_slow55,trend_ema,2026-03-03 01:30:00+00:00,2026-03-03 05:00:00+00:00,short,0.016484183052176082,0.01728418305217608,target,14,0.167935471267387,1,True,False,False,0.0032640820537940055,0.018104809343905404,0,0,0.015825432067769776,0.09314,0.09343,0.09277,0.09334,38541986.0,2026-03-03 01:44:59.999000+00:00,3589933.18257,13221,17828017.0,1660799.9845,0.0021450029674384293,-0.0029952953502548805,-0.010232449117742114,-0.8872554606816387,0.3030303030303145,0.1363636363636268,0.5606060606060587,0.00707092350546383,41.60322643663065,-7.929680240936879e-05,-0.005774056018964507,-0.0069200121764365395,-0.0019405788541214664,-0.0013149573388103741,0.024796103536884984,-0.5151660669493799,0.0006449970090873512,-0.565894997467471,0.7885331140914141,-1.0,0.34,-0.016438356164383494,0.25881904510252074,0.9659258262890683,1,0.0,0.8378378,True
DOGEUSDT,trend_ema__directionboth_fast12_rsi_threshold55.0_slow89,trend_ema,2026-03-03 01:30:00+00:00,2026-03-03 05:00:00+00:00,short,0.016484183052176082,0.01728418305217608,target,14,0.167935471267387,1,True,False,False,0.0032640820537940055,0.018104809343905404,0,0,0.015628601905151057,0.09314,0.09343,0.09277,0.09334,38541986.0,2026-03-03 01:44:59.999000+00:00,3589933.18257,13221,17828017.0,1660799.9845,0.0021450029674384293,-0.0029952953502548805,-0.010232449117742114,-0.8872554606816387,0.3030303030303145,0.1363636363636268,0.5606060606060587,0.00707092350546383,41.60322643663065,-7.929680240936879e-05,-0.005774056018964507,-0.0069200121764365395,-0.0019405788541214664,-0.0013149573388103741,0.024796103536884984,-0.5151660669493799,0.0006449970090873512,-0.565894997467471,0.7885331140914141,-1.0,0.34,-0.016438356164383494,0.25881904510252074,0.9659258262890683,1,0.0,0.8378378,True
DOGEUSDT,trend_ema__directionboth_fast12_rsi_threshold52.0_slow89,trend_ema,2026-03-03 01:30:00+00:00,2026-03-03 05:00:00+00:00,short,0.016484183052176082,0.01728418305217608,target,14,0.167935471267387,1,True,False,False,0.0032640820537940055,0.018104809343905404,0,0,0.015234941579913616,0.09314,0.09343,0.09277,0.09334,38541986.0,2026-03-03 01:44:59.999000+00:00,3589933.18257,13221,17828017.0,1660799.9845,0.0021450029674384293,-0.0029952953502548805,-0.010232449117742114,-0.8872554606816387,0.3030303030303145,0.1363636363636268,0.5606060606060587,0.00707092350546383,41.60322643663065,-7.929680240936879e-05,-0.005774056018964507,-0.0069200121764365395,-0.0019405788541214664,-0.0013149573388103741,0.024796103536884984,-0.5151660669493799,0.0006449970090873512,-0.565894997467471,0.7885331140914141,-1.0,0.34,-0.016438356164383494,0.25881904510252074,0.9659258262890683,1,0.0,0.8378378,True
DOGEUSDT,trend_ema__directionshort_only_fast12_rsi_threshold52.0_slow89,trend_ema,2026-03-03 01:30:00+00:00,2026-03-03 05:00:00+00:00,short,0.016484183052176082,0.01728418305217608,target,14,0.167935471267387,1,True,False,False,0.0032640820537940055,0.018104809343905404,0,0,0.016219092393007218,0.09314,0.09343,0.09277,0.09334,38541986.0,2026-03-03 01:44:59.999000+00:00,3589933.18257,13221,17828017.0,1660799.9845,0.0021450029674384293,-0.0029952953502548805,-0.010232449117742114,-0.8872554606816387,0.3030303030303145,0.1363636363636268,0.5606060606060587,0.00707092350546383,41.60322643663065,-7.929680240936879e-05,-0.005774056018964507,-0.0069200121764365395,-0.0019405788541214664,-0.0013149573388103741,0.024796103536884984,-0.5151660669493799,0.0006449970090873512,-0.565894997467471,0.7885331140914141,-1.0,0.34,-0.016438356164383494,0.25881904510252074,0.9659258262890683,1,0.0,0.92771083,True
DOGEUSDT,trend_ema__directionboth_fast21_rsi_threshold58.0_slow55,trend_ema,2026-03-03 01:30:00+00:00,2026-03-03 05:00:00+00:00,short,0.016484183052176082,0.01728418305217608,target,14,0.167935471267387,1,True,False,False,0.0032640820537940055,0.018104809343905404,0,0,0.016022262230388495,0.09314,0.09343,0.09277,0.09334,38541986.0,2026-03-03 01:44:59.999000+00:00,3589933.18257,13221,17828017.0,1660799.9845,0.0021450029674384293,-0.0029952953502548805,-0.010232449117742114,-0.8872554606816387,0.3030303030303145,0.1363636363636268,0.5606060606060587,0.00707092350546383,41.60322643663065,-7.929680240936879e-05,-0.005774056018964507,-0.0069200121764365395,-0.0019405788541214664,-0.0013149573388103741,0.024796103536884984,-0.5151660669493799,0.0006449970090873512,-0.565894997467471,0.7885331140914141,-1.0,0.34,-0.016438356164383494,0.25881904510252074,0.9659258262890683,1,0.0,0.8378378,True
DOGEUSDT,trend_ema__directionboth_fast12_rsi_threshold58.0_slow89,trend_ema,2026-03-03 01:30:00+00:00,2026-03-03 05:00:00+00:00,short,0.016484183052176082,0.01728418305217608,target,14,0.167935471267387,1,True,False,False,0.0032640820537940055,0.018104809343905404,0,0,0.015431771742532335,0.09314,0.09343,0.09277,0.09334,38541986.0,2026-03-03 01:44:59.999000+00:00,3589933.18257,13221,17828017.0,1660799.9845,0.0021450029674384293,-0.0029952953502548805,-0.010232449117742114,-0.8872554606816387,0.3030303030303145,0.1363636363636268,0.5606060606060587,0.00707092350546383,41.60322643663065,-7.929680240936879e-05,-0.005774056018964507,-0.0069200121764365395,-0.0019405788541214664,-0.0013149573388103741,0.024796103536884984,-0.5151660669493799,0.0006449970090873512,-0.565894997467471,0.7885331140914141,-1.0,0.34,-0.016438356164383494,0.25881904510252074,0.9659258262890683,1,0.0,0.92771083,True
DOGEUSDT,trend_ema__directionshort_only_fast21_rsi_threshold58.0_slow55,trend_ema,2026-03-03 01:30:00+00:00,2026-03-03 05:00:00+00:00,short,0.016484183052176082,0.01728418305217608,target,14,0.167935471267387,1,True,False,False,0.0032640820537940055,0.018104809343905404,0,0,0.015825432067769776,0.09314,0.09343,0.09277,0.09334,38541986.0,2026-03-03 01:44:59.999000+00:00,3589933.18257,13221,17828017.0,1660799.9845,0.0021450029674384293,-0.0029952953502548805,-0.010232449117742114,-0.8872554606816387,0.3030303030303145,0.1363636363636268,0.5606060606060587,0.00707092350546383,41.60322643663065,-7.929680240936879e-05,-0.005774056018964507,-0.0069200121764365395,-0.0019405788541214664,-0.0013149573388103741,0.024796103536884984,-0.5151660669493799,0.0006449970090873512,-0.565894997467471,0.7885331140914141,-1.0,0.34,-0.016438356164383494,0.25881904510252074,0.9659258262890683,1,0.0,0.92771083,True
DOGEUSDT,trend_ema__directionboth_fast12_rsi_threshold55.0_slow89,trend_ema,2026-03-03 01:30:00+00:00,2026-03-03 05:00:00+00:00,short,0.016484183052176082,0.01728418305217608,target,14,0.167935471267387,1,True,False,False,0.0032640820537940055,0.018104809343905404,0,0,0.015628601905151057,0.09314,0.09343,0.09277,0.09334,38541986.0,2026-03-03 01:44:59.999000+00:00,3589933.18257,13221,17828017.0,1660799.9845,0.0021450029674384293,-0.0029952953502548805,-0.010232449117742114,-0.8872554606816387,0.3030303030303145,0.1363636363636268,0.5606060606060587,0.00707092350546383,41.60322643663065,-7.929680240936879e-05,-0.005774056018964507,-0.0069200121764365395,-0.0019405788541214664,-0.0013149573388103741,0.024796103536884984,-0.5151660669493799,0.0006449970090873512,-0.565894997467471,0.7885331140914141,-1.0,0.34,-0.016438356164383494,0.25881904510252074,0.9659258262890683,1,0.0,0.92771083,True
DOGEUSDT,trend_ema__directionboth_fast12_rsi_threshold52.0_slow89,trend_ema,2026-03-03 01:30:00+00:00,2026-03-03 05:00:00+00:00,short,0.016484183052176082,0.01728418305217608,target,14,0.167935471267387,1,True,False,False,0.0032640820537940055,0.018104809343905404,0,0,0.015234941579913616,0.09314,0.09343,0.09277,0.09334,38541986.0,2026-03-03 01:44:59.999000+00:00,3589933.18257,13221,17828017.0,1660799.9845,0.0021450029674384293,-0.0029952953502548805,-0.010232449117742114,-0.8872554606816387,0.3030303030303145,0.1363636363636268,0.5606060606060587,0.00707092350546383,41.60322643663065,-7.929680240936879e-05,-0.005774056018964507,-0.0069200121764365395,-0.0019405788541214664,-0.0013149573388103741,0.024796103536884984,-0.5151660669493799,0.0006449970090873512,-0.565894997467471,0.7885331140914141,-1.0,0.34,-0.016438356164383494,0.25881904510252074,0.9659258262890683,1,0.0,0.92771083,True
DOGEUSDT,trend_ema__directionboth_fast21_rsi_threshold58.0_slow55,trend_ema,2026-03-03 01:30:00+00:00,2026-03-03 05:00:00+00:00,short,0.016484183052176082,0.01728418305217608,target,14,0.167935471267387,1,True,False,False,0.0032640820537940055,0.018104809343905404,0,0,0.016022262230388495,0.09314,0.09343,0.09277,0.09334,38541986.0,2026-03-03 01:44:59.999000+00:00,3589933.18257,13221,17828017.0,1660799.9845,0.0021450029674384293,-0.0029952953502548805,-0.010232449117742114,-0.8872554606816387,0.3030303030303145,0.1363636363636268,0.5606060606060587,0.00707092350546383,41.60322643663065,-7.929680240936879e-05,-0.005774056018964507,-0.0069200121764365395,-0.0019405788541214664,-0.0013149573388103741,0.024796103536884984,-0.5151660669493799,0.0006449970090873512,-0.565894997467471,0.7885331140914141,-1.0,0.34,-0.016438356164383494,0.25881904510252074,0.9659258262890683,1,0.0,0.92771083,True
DOGEUSDT,trend_ema__directionboth_fast12_rsi_threshold58.0_slow89,trend_ema,2026-03-03 01:30:00+00:00,2026-03-03 05:00:00+00:00,short,0.016484183052176082,0.01728418305217608,target,14,0.167935471267387,1,True,False,False,0.0032640820537940055,0.018104809343905404,0,0,0.015431771742532335,0.09314,0.09343,0.09277,0.09334,38541986.0,2026-03-03 01:44:59.999000+00:00,3589933.18257,13221,17828017.0,1660799.9845,0.0021450029674384293,-0.0029952953502548805,-0.010232449117742114,-0.8872554606816387,0.3030303030303145,0.1363636363636268,0.5606060606060587,0.00707092350546383,41.60322643663065,-7.929680240936879e-05,-0.005774056018964507,-0.0069200121764365395,-0.0019405788541214664,-0.0013149573388103741,0.024796103536884984,-0.5151660669493799,0.0006449970090873512,-0.565894997467471,0.7885331140914141,-1.0,0.34,-0.016438356164383494,0.25881904510252074,0.9659258262890683,1,0.0,0.8378378,True
DOGEUSDT,trend_ema__directionshort_only_fast21_rsi_threshold55.0_slow55,trend_ema,2026-03-03 01:30:00+00:00,2026-03-03 05:00:00+00:00,short,0.016484183052176082,0.01728418305217608,target,14,0.167935471267387,1,True,False,False,0.0032640820537940055,0.018104809343905404,0,0,0.0163657629323418,0.09314,0.09343,0.09277,0.09334,38541986.0,2026-03-03 01:44:59.999000+00:00,3589933.18257,13221,17828017.0,1660799.9845,0.0021450029674384293,-0.0029952953502548805,-0.010232449117742114,-0.8872554606816387,0.3030303030303145,0.1363636363636268,0.5606060606060587,0.00707092350546383,41.60322643663065,-7.929680240936879e-05,-0.005774056018964507,-0.0069200121764365395,-0.0019405788541214664,-0.0013149573388103741,0.024796103536884984,-0.5151660669493799,0.0006449970090873512,-0.565894997467471,0.7885331140914141,-1.0,0.34,-0.016438356164383494,0.25881904510252074,0.9659258262890683,1,0.0,0.92771083,True
DOGEUSDT,trend_ema__directionshort_only_fast21_rsi_threshold55.0_slow89,trend_ema,2026-03-03 02:15:00+00:00,2026-03-03 08:00:00+00:00,short,0.016468455860253597,0.017268455860253596,target,23,0.31512991818547703,1,True,False,False,0.0033895496762433776,0.018639235099257447,0,0,0.01647946489459933,0.09262,0.09273,0.09209,0.09253,110613272.0,2026-03-03 02:29:59.999000+00:00,10219830.52127,17431,34644602.0,3202291.9441,-0.0008642109212387433,-0.006570821293292218,-0.024025500278503368,-1.9253486107803301,0.14062499999998848,0.17187500000001965,0.6874999999999919,0.0069166756727548,34.24350409072615,-0.00011425376276093599,-0.011124593947781274,-0.014104976341658602,-0.003404295739335872,-0.0022621188481447563,0.03002446977040594,-0.8173706905655898,0.0006396896607014984,2.4509451813840752,2.1072629184116947,-1.0,0.38,-0.024973656480505757,0.49999999999999994,0.8660254037844387,1,0.0,0.75384617,True
DOGEUSDT,trend_ema__directionshort_only_fast21_rsi_threshold58.0_slow89,trend_ema,2026-03-03 02:15:00+00:00,2026-03-03 08:00:00+00:00,short,0.016468455860253597,0.017268455860253596,target,23,0.31512991818547703,1,True,False,False,0.0033895496762433776,0.018639235099257447,0,0,0.016482610332983833,0.09262,0.09273,0.09209,0.09253,110613272.0,2026-03-03 02:29:59.999000+00:00,10219830.52127,17431,34644602.0,3202291.9441,-0.0008642109212387433,-0.006570821293292218,-0.024025500278503368,-1.9253486107803301,0.14062499999998848,0.17187500000001965,0.6874999999999919,0.0069166756727548,34.24350409072615,-0.00011425376276093599,-0.011124593947781274,-0.014104976341658602,-0.003404295739335872,-0.0022621188481447563,0.03002446977040594,-0.8173706905655898,0.0006396896607014984,2.4509451813840752,2.1072629184116947,-1.0,0.38,-0.024973656480505757,0.49999999999999994,0.8660254037844387,1,0.0,0.75384617,True
DOGEUSDT,trend_ema__directionshort_only_fast21_rsi_threshold52.0_slow89,trend_ema,2026-03-03 02:15:00+00:00,2026-03-03 08:00:00+00:00,short,0.016468455860253597,0.017268455860253596,target,23,0.31512991818547703,1,True,False,False,0.0033895496762433776,0.018639235099257447,0,0,0.016484183052176082,0.09262,0.09273,0.09209,0.09253,110613272.0,2026-03-03 02:29:59.999000+00:00,10219830.52127,17431,34644602.0,3202291.9441,-0.0008642109212387433,-0.006570821293292218,-0.024025500278503368,-1.9253486107803301,0.14062499999998848,0.17187500000001965,0.6874999999999919,0.0069166756727548,34.24350409072615,-0.00011425376276093599,-0.011124593947781274,-0.014104976341658602,-0.003404295739335872,-0.0022621188481447563,0.03002446977040594,-0.8173706905655898,0.0006396896607014984,2.4509451813840752,2.1072629184116947,-1.0,0.38,-0.024973656480505757,0.49999999999999994,0.8660254037844387,1,0.0,0.75384617,True
DOGEUSDT,trend_ema__directionboth_fast21_rsi_threshold58.0_slow89,trend_ema,2026-03-03 02:15:00+00:00,2026-03-03 08:00:00+00:00,short,0.016468455860253597,0.017268455860253596,target,23,0.31512991818547703,1,True,False,False,0.0033895496762433776,0.018639235099257447,0,0,0.016481037613791584,0.09262,0.09273,0.09209,0.09253,110613272.0,2026-03-03 02:29:59.999000+00:00,10219830.52127,17431,34644602.0,3202291.9441,-0.0008642109212387433,-0.006570821293292218,-0.024025500278503368,-1.9253486107803301,0.14062499999998848,0.17187500000001965,0.6874999999999919,0.0069166756727548,34.24350409072615,-0.00011425376276093599,-0.011124593947781274,-0.014104976341658602,-0.003404295739335872,-0.0022621188481447563,0.03002446977040594,-0.8173706905655898,0.0006396896607014984,2.4509451813840752,2.1072629184116947,-1.0,0.38,-0.024973656480505757,0.49999999999999994,0.8660254037844387,1,0.0,0.75384617,True
XRPUSDT,trend_ema__directionboth_fast21_rsi_threshold58.0_slow55,trend_ema,2026-03-03 03:45:00+00:00,2026-03-03 08:30:00+00:00,short,0.013399118883564912,0.014199118883564912,target,19,0.26416296030086883,1,True,False,False,0.0021148108188288714,0.017460302398095404,0,0,0.013438971691024874,1.3744,1.3752,1.3718,1.3727,2184033.7,2026-03-03 03:59:59.999000+00:00,2999319.04079,7812,873069.0,1199020.81175,-0.0012376689723770712,-0.003780997742243508,-0.012020419897202041,-1.4021870893278512,0.5,0.2352941176470281,0.26470588235297193,0.002476870401398754,36.79185198495656,-0.0015486849796588677,-0.007011189982568944,-0.00823839341738324,-0.002403554147658249,-0.0016018603872746118,0.021398607640823353,-0.761769824896183,0.00749029834691121,-1.170281946126608,0.3762387374539725,-1.0,0.09,-0.015138470368775914,0.7071067811865476,0.7071067811865476,1,0.0,0.92771083,True
XRPUSDT,trend_ema__directionboth_fast12_rsi_threshold58.0_slow89,trend_ema,2026-03-03 03:45:00+00:00,2026-03-03 08:30:00+00:00,short,0.013399118883564912,0.014199118883564912,target,19,0.26416296030086883,1,True,False,False,0.0021148108188288714,0.017460302398095404,0,0,0.013478824498484832,1.3744,1.3752,1.3718,1.3727,2184033.7,2026-03-03 03:59:59.999000+00:00,2999319.04079,7812,873069.0,1199020.81175,-0.0012376689723770712,-0.003780997742243508,-0.012020419897202041,-1.4021870893278512,0.5,0.2352941176470281,0.26470588235297193,0.002476870401398754,36.79185198495656,-0.0015486849796588677,-0.007011189982568944,-0.00823839341738324,-0.002403554147658249,-0.0016018603872746118,0.021398607640823353,-0.761769824896183,0.00749029834691121,-1.170281946126608,0.3762387374539725,-1.0,0.09,-0.015138470368775914,0.7071067811865476,0.7071067811865476,1,0.0,0.92771083,True
XRPUSDT,trend_ema__directionboth_fast12_rsi_threshold52.0_slow89,trend_ema,2026-03-03 03:45:00+00:00,2026-03-03 08:30:00+00:00,short,0.013399118883564912,0.014199118883564912,target,19,0.26416296030086883,1,True,False,False,0.0021148108188288714,0.017460302398095404,0,0,0.011317444841422492,1.3744,1.3752,1.3718,1.3727,2184033.7,2026-03-03 03:59:59.999000+00:00,2999319.04079,7812,873069.0,1199020.81175,-0.0012376689723770712,-0.003780997742243508,-0.012020419897202041,-1.4021870893278512,0.5,0.2352941176470281,0.26470588235297193,0.002476870401398754,36.79185198495656,-0.0015486849796588677,-0.007011189982568944,-0.00823839341738324,-0.002403554147658249,-0.0016018603872746118,0.021398607640823353,-0.761769824896183,0.00749029834691121,-1.170281946126608,0.3762387374539725,-1.0,0.09,-0.015138470368775914,0.7071067811865476,0.7071067811865476,1,0.0,0.92771083,True
XRPUSDT,trend_ema__directionshort_only_fast21_rsi_threshold52.0_slow55,trend_ema,2026-03-03 03:45:00+00:00,2026-03-03 08:30:00+00:00,short,0.013399118883564912,0.014199118883564912,target,19,0.26416296030086883,1,True,False,False,0.0021148108188288714,0.017460302398095404,0,0,0.013518677305944794,1.3744,1.3752,1.3718,1.3727,2184033.7,2026-03-03 03:59:59.999000+00:00,2999319.04079,7812,873069.0,1199020.81175,-0.0012376689723770712,-0.003780997742243508,-0.012020419897202041,-1.4021870893278512,0.5,0.2352941176470281,0.26470588235297193,0.002476870401398754,36.79185198495656,-0.0015486849796588677,-0.007011189982568944,-0.00823839341738324,-0.002403554147658249,-0.0016018603872746118,0.021398607640823353,-0.761769824896183,0.00749029834691121,-1.170281946126608,0.3762387374539725,-1.0,0.09,-0.015138470368775914,0.7071067811865476,0.7071067811865476,1,0.0,0.92771083,True
XRPUSDT,trend_ema__directionboth_fast12_rsi_threshold55.0_slow89,trend_ema,2026-03-03 03:45:00+00:00,2026-03-03 08:30:00+00:00,short,0.013399118883564912,0.014199118883564912,target,19,0.26416296030086883,1,True,False,False,0.0021148108188288714,0.017460302398095404,0,0,0.011291473638838615,1.3744,1.3752,1.3718,1.3727,2184033.7,2026-03-03 03:59:59.999000+00:00,2999319.04079,7812,873069.0,1199020.81175,-0.0012376689723770712,-0.003780997742243508,-0.012020419897202041,-1.4021870893278512,0.5,0.2352941176470281,0.26470588235297193,0.002476870401398754,36.79185198495656,-0.0015486849796588677,-0.007011189982568944,-0.00823839341738324,-0.002403554147658249,-0.0016018603872746118,0.021398607640823353,-0.761769824896183,0.00749029834691121,-1.170281946126608,0.3762387374539725,-1.0,0.09,-0.015138470368775914,0.7071067811865476,0.7071067811865476,1,0.0,0.92771083,True
XRPUSDT,trend_ema__directionboth_fast21_rsi_threshold55.0_slow55,trend_ema,2026-03-03 03:45:00+00:00,2026-03-03 08:30:00+00:00,short,0.013399118883564912,0.014199118883564912,target,19,0.26416296030086883,1,True,False,False,0.0021148108188288714,0.017460302398095404,0,0,0.011278488037546677,1.3744,1.3752,1.3718,1.3727,2184033.7,2026-03-03 03:59:59.999000+00:00,2999319.04079,7812,873069.0,1199020.81175,-0.0012376689723770712,-0.003780997742243508,-0.012020419897202041,-1.4021870893278512,0.5,0.2352941176470281,0.26470588235297193,0.002476870401398754,36.79185198495656,-0.0015486849796588677,-0.007011189982568944,-0.00823839341738324,-0.002403554147658249,-0.0016018603872746118,0.021398607640823353,-0.761769824896183,0.00749029834691121,-1.170281946126608,0.3762387374539725,-1.0,0.09,-0.015138470368775914,0.7071067811865476,0.7071067811865476,1,0.0,0.92771083,True
XRPUSDT,trend_ema__directionshort_only_fast12_rsi_threshold52.0_slow89,trend_ema,2026-03-03 03:45:00+00:00,2026-03-03 08:30:00+00:00,short,0.013399118883564912,0.014199118883564912,target,19,0.26416296030086883,1,True,False,False,0.0021148108188288714,0.017460302398095404,0,0,0.013399118883564912,1.3744,1.3752,1.3718,1.3727,2184033.7,2026-03-03 03:59:59.999000+00:00,2999319.04079,7812,873069.0,1199020.81175,-0.0012376689723770712,-0.003780997742243508,-0.012020419897202041,-1.4021870893278512,0.5,0.2352941176470281,0.26470588235297193,0.002476870401398754,36.79185198495656,-0.0015486849796588677,-0.007011189982568944,-0.00823839341738324,-0.002403554147658249,-0.0016018603872746118,0.021398607640823353,-0.761769824896183,0.00749029834691121,-1.170281946126608,0.3762387374539725,-1.0,0.09,-0.015138470368775914,0.7071067811865476,0.7071067811865476,1,0.0,0.92771083,True
XRPUSDT,trend_ema__directionshort_only_fast12_rsi_threshold58.0_slow89,trend_ema,2026-03-03 03:45:00+00:00,2026-03-03 08:30:00+00:00,short,0.013399118883564912,0.014199118883564912,target,19,0.26416296030086883,1,True,False,False,0.0021148108188288714,0.017460302398095404,0,0,0.0116272762046659,1.3744,1.3752,1.3718,1.3727,2184033.7,2026-03-03 03:59:59.999000+00:00,2999319.04079,7812,873069.0,1199020.81175,-0.0012376689723770712,-0.003780997742243508,-0.012020419897202041,-1.4021870893278512,0.5,0.2352941176470281,0.26470588235297193,0.002476870401398754,36.79185198495656,-0.0015486849796588677,-0.007011189982568944,-0.00823839341738324,-0.002403554147658249,-0.0016018603872746118,0.021398607640823353,-0.761769824896183,0.00749029834691121,-1.170281946126608,0.3762387374539725,-1.0,0.09,-0.015138470368775914,0.7071067811865476,0.7071067811865476,1,0.0,0.92771083,True
XRPUSDT,trend_ema__directionshort_only_fast21_rsi_threshold55.0_slow55,trend_ema,2026-03-03 03:45:00+00:00,2026-03-03 08:30:00+00:00,short,0.013399118883564912,0.014199118883564912,target,19,0.26416296030086883,1,True,False,False,0.0021148108188288714,0.017460302398095404,0,0,0.011304459240130554,1.3744,1.3752,1.3718,1.3727,2184033.7,2026-03-03 03:59:59.999000+00:00,2999319.04079,7812,873069.0,1199020.81175,-0.0012376689723770712,-0.003780997742243508,-0.012020419897202041,-1.4021870893278512,0.5,0.2352941176470281,0.26470588235297193,0.002476870401398754,36.79185198495656,-0.0015486849796588677,-0.007011189982568944,-0.00823839341738324,-0.002403554147658249,-0.0016018603872746118,0.021398607640823353,-0.761769824896183,0.00749029834691121,-1.170281946126608,0.3762387374539725,-1.0,0.09,-0.015138470368775914,0.7071067811865476,0.7071067811865476,1,0.0,0.92771083,True
XRPUSDT,trend_ema__directionboth_fast21_rsi_threshold55.0_slow55,trend_ema,2026-03-03 03:45:00+00:00,2026-03-03 08:30:00+00:00,short,0.013399118883564912,0.014199118883564912,target,19,0.26416296030086883,1,True,False,False,0.0021148108188288714,0.017460302398095404,0,0,0.011278488037546677,1.3744,1.3752,1.3718,1.3727,2184033.7,2026-03-03 03:59:59.999000+00:00,2999319.04079,7812,873069.0,1199020.81175,-0.0012376689723770712,-0.003780997742243508,-0.012020419897202041,-1.4021870893278512,0.5,0.2352941176470281,0.26470588235297193,0.002476870401398754,36.79185198495656,-0.0015486849796588677,-0.007011189982568944,-0.00823839341738324,-0.002403554147658249,-0.0016018603872746118,0.021398607640823353,-0.761769824896183,0.00749029834691121,-1.170281946126608,0.3762387374539725,-1.0,0.09,-0.015138470368775914,0.7071067811865476,0.7071067811865476,1,0.0,0.94623655,True
XRPUSDT,trend_ema__directionshort_only_fast12_rsi_threshold58.0_slow89,trend_ema,2026-03-03 03:45:00+00:00,2026-03-03 08:30:00+00:00,short,0.013399118883564912,0.014199118883564912,target,19,0.26416296030086883,1,True,False,False,0.0021148108188288714,0.017460302398095404,0,0,0.0116272762046659,1.3744,1.3752,1.3718,1.3727,2184033.7,2026-03-03 03:59:59.999000+00:00,2999319.04079,7812,873069.0,1199020.81175,-0.0012376689723770712,-0.003780997742243508,-0.012020419897202041,-1.4021870893278512,0.5,0.2352941176470281,0.26470588235297193,0.002476870401398754,36.79185198495656,-0.0015486849796588677,-0.007011189982568944,-0.00823839341738324,-0.002403554147658249,-0.0016018603872746118,0.021398607640823353,-0.761769824896183,0.00749029834691121,-1.170281946126608,0.3762387374539725,-1.0,0.09,-0.015138470368775914,0.7071067811865476,0.7071067811865476,1,0.0,0.94623655,True
XRPUSDT,trend_ema__directionshort_only_fast21_rsi_threshold58.0_slow55,trend_ema,2026-03-03 03:45:00+00:00,2026-03-03 08:30:00+00:00,short,0.013399118883564912,0.014199118883564912,target,19,0.26416296030086883,1,True,False,False,0.0021148108188288714,0.017460302398095404,0,0,0.013626398309817683,1.3744,1.3752,1.3718,1.3727,2184033.7,2026-03-03 03:59:59.999000+00:00,2999319.04079,7812,873069.0,1199020.81175,-0.0012376689723770712,-0.003780997742243508,-0.012020419897202041,-1.4021870893278512,0.5,0.2352941176470281,0.26470588235297193,0.002476870401398754,36.79185198495656,-0.0015486849796588677,-0.007011189982568944,-0.00823839341738324,-0.002403554147658249,-0.0016018603872746118,0.021398607640823353,-0.761769824896183,0.00749029834691121,-1.170281946126608,0.3762387374539725,-1.0,0.09,-0.015138470368775914,0.7071067811865476,0.7071067811865476,1,0.0,0.92771083,True
XRPUSDT,trend_ema__directionshort_only_fast21_rsi_threshold58.0_slow55,trend_ema,2026-03-03 03:45:00+00:00,2026-03-03 08:30:00+00:00,short,0.013399118883564912,0.014199118883564912,target,19,0.26416296030086883,1,True,False,False,0.0021148108188288714,0.017460302398095404,0,0,0.013626398309817683,1.3744,1.3752,1.3718,1.3727,2184033.7,2026-03-03 03:59:59.999000+00:00,2999319.04079,7812,873069.0,1199020.81175,-0.0012376689723770712,-0.003780997742243508,-0.012020419897202041,-1.4021870893278512,0.5,0.2352941176470281,0.26470588235297193,0.002476870401398754,36.79185198495656,-0.0015486849796588677,-0.007011189982568944,-0.00823839341738324,-0.002403554147658249,-0.0016018603872746118,0.021398607640823353,-0.761769824896183,0.00749029834691121,-1.170281946126608,0.3762387374539725,-1.0,0.09,-0.015138470368775914,0.7071067811865476,0.7071067811865476,1,0.0,0.94623655,True
XRPUSDT,trend_ema__directionshort_only_fast12_rsi_threshold52.0_slow89,trend_ema,2026-03-03 03:45:00+00:00,2026-03-03 08:30:00+00:00,short,0.013399118883564912,0.014199118883564912,target,19,0.26416296030086883,1,True,False,False,0.0021148108188288714,0.017460302398095404,0,0,0.013399118883564912,1.3744,1.3752,1.3718,1.3727,2184033.7,2026-03-03 03:59:59.999000+00:00,2999319.04079,7812,873069.0,1199020.81175,-0.0012376689723770712,-0.003780997742243508,-0.012020419897202041,-1.4021870893278512,0.5,0.2352941176470281,0.26470588235297193,0.002476870401398754,36.79185198495656,-0.0015486849796588677,-0.007011189982568944,-0.00823839341738324,-0.002403554147658249,-0.0016018603872746118,0.021398607640823353,-0.761769824896183,0.00749029834691121,-1.170281946126608,0.3762387374539725,-1.0,0.09,-0.015138470368775914,0.7071067811865476,0.7071067811865476,1,0.0,0.94623655,True
XRPUSDT,trend_ema__directionboth_fast21_rsi_threshold58.0_slow55,trend_ema,2026-03-03 03:45:00+00:00,2026-03-03 08:30:00+00:00,short,0.013399118883564912,0.014199118883564912,target,19,0.26416296030086883,1,True,False,False,0.0021148108188288714,0.017460302398095404,0,0,0.013438971691024874,1.3744,1.3752,1.3718,1.3727,2184033.7,2026-03-03 03:59:59.999000+00:00,2999319.04079,7812,873069.0,1199020.81175,-0.0012376689723770712,-0.003780997742243508,-0.012020419897202041,-1.4021870893278512,0.5,0.2352941176470281,0.26470588235297193,0.002476870401398754,36.79185198495656,-0.0015486849796588677,-0.007011189982568944,-0.00823839341738324,-0.002403554147658249,-0.0016018603872746118,0.021398607640823353,-0.761769824896183,0.00749029834691121,-1.170281946126608,0.3762387374539725,-1.0,0.09,-0.015138470368775914,0.7071067811865476,0.7071067811865476,1,0.0,0.94623655,True
XRPUSDT,trend_ema__directionboth_fast12_rsi_threshold58.0_slow89,trend_ema,2026-03-03 03:45:00+00:00,2026-03-03 08:30:00+00:00,short,0.013399118883564912,0.014199118883564912,target,19,0.26416296030086883,1,True,False,False,0.0021148108188288714,0.017460302398095404,0,0,0.013478824498484832,1.3744,1.3752,1.3718,1.3727,2184033.7,2026-03-03 03:59:59.999000+00:00,2999319.04079,7812,873069.0,1199020.81175,-0.0012376689723770712,-0.003780997742243508,-0.012020419897202041,-1.4021870893278512,0.5,0.2352941176470281,0.26470588235297193,0.002476870401398754,36.79185198495656,-0.0015486849796588677,-0.007011189982568944,-0.00823839341738324,-0.002403554147658249,-0.0016018603872746118,0.021398607640823353,-0.761769824896183,0.00749029834691121,-1.170281946126608,0.3762387374539725,-1.0,0.09,-0.015138470368775914,0.7071067811865476,0.7071067811865476,1,0.0,0.94623655,True
XRPUSDT,trend_ema__directionboth_fast12_rsi_threshold52.0_slow89,trend_ema,2026-03-03 03:45:00+00:00,2026-03-03 08:30:00+00:00,short,0.013399118883564912,0.014199118883564912,target,19,0.26416296030086883,1,True,False,False,0.0021148108188288714,0.017460302398095404,0,0,0.011317444841422492,1.3744,1.3752,1.3718,1.3727,2184033.7,2026-03-03 03:59:59.999000+00:00,2999319.04079,7812,873069.0,1199020.81175,-0.0012376689723770712,-0.003780997742243508,-0.012020419897202041,-1.4021870893278512,0.5,0.2352941176470281,0.26470588235297193,0.002476870401398754,36.79185198495656,-0.0015486849796588677,-0.007011189982568944,-0.00823839341738324,-0.002403554147658249,-0.0016018603872746118,0.021398607640823353,-0.761769824896183,0.00749029834691121,-1.170281946126608,0.3762387374539725,-1.0,0.09,-0.015138470368775914,0.7071067811865476,0.7071067811865476,1,0.0,0.94623655,True
XRPUSDT,trend_ema__directionshort_only_fast21_rsi_threshold52.0_slow55,trend_ema,2026-03-03 03:45:00+00:00,2026-03-03 08:30:00+00:00,short,0.013399118883564912,0.014199118883564912,target,19,0.26416296030086883,1,True,False,False,0.0021148108188288714,0.017460302398095404,0,0,0.013518677305944794,1.3744,1.3752,1.3718,1.3727,2184033.7,2026-03-03 03:59:59.999000+00:00,2999319.04079,7812,873069.0,1199020.81175,-0.0012376689723770712,-0.003780997742243508,-0.012020419897202041,-1.4021870893278512,0.5,0.2352941176470281,0.26470588235297193,0.002476870401398754,36.79185198495656,-0.0015486849796588677,-0.007011189982568944,-0.00823839341738324,-0.002403554147658249,-0.0016018603872746118,0.021398607640823353,-0.761769824896183,0.00749029834691121,-1.170281946126608,0.3762387374539725,-1.0,0.09,-0.015138470368775914,0.7071067811865476,0.7071067811865476,1,0.0,0.94623655,True
XRPUSDT,trend_ema__directionboth_fast12_rsi_threshold55.0_slow89,trend_ema,2026-03-03 03:45:00+00:00,2026-03-03 08:30:00+00:00,short,0.013399118883564912,0.014199118883564912,target,19,0.26416296030086883,1,True,False,False,0.0021148108188288714,0.017460302398095404,0,0,0.011291473638838615,1.3744,1.3752,1.3718,1.3727,2184033.7,2026-03-03 03:59:59.999000+00:00,2999319.04079,7812,873069.0,1199020.81175,-0.0012376689723770712,-0.003780997742243508,-0.012020419897202041,-1.4021870893278512,0.5,0.2352941176470281,0.26470588235297193,0.002476870401398754,36.79185198495656,-0.0015486849796588677,-0.007011189982568944,-0.00823839341738324,-0.002403554147658249,-0.0016018603872746118,0.021398607640823353,-0.761769824896183,0.00749029834691121,-1.170281946126608,0.3762387374539725,-1.0,0.09,-0.015138470368775914,0.7071067811865476,0.7071067811865476,1,0.0,0.94623655,True
XRPUSDT,trend_ema__directionshort_only_fast21_rsi_threshold58.0_slow89,trend_ema,2026-03-03 04:45:00+00:00,2026-03-03 08:45:00+00:00,short,0.01196973480071608,0.01276973480071608,target,16,0.37700794784229147,1,True,False,False,0.007318508000730139,0.01521101784809887,0,0,0.013399118883564912,1.3673,1.368,1.3638,1.3658,5666212.7,2026-03-03 04:59:59.999000+00:00,7737938.51644,12303,2944141.0,4021843.63074,-0.0010976547880471121,-0.005039265730625066,-0.017419514353238144,-1.9666320552612127,0.3571428571428534,0.1666666666666931,0.4761904761904535,0.0030751208083176188,31.149602607885427,-0.0013185358462104073,-0.008671281942905265,-0.011627311406958026,-0.0025944147782888116,-0.0020150998402864717,0.02501817780151223,-0.7910446703701252,0.006784191771296633,0.04068450893986851,1.0225208205121632,-1.0,0.05,-0.019314999640985264,0.8660254037844386,0.5000000000000001,1,0.0,0.92771083,True
XRPUSDT,trend_ema__directionshort_only_fast21_rsi_threshold52.0_slow89,trend_ema,2026-03-03 04:45:00+00:00,2026-03-03 08:45:00+00:00,short,0.01196973480071608,0.01276973480071608,target,16,0.37700794784229147,1,True,False,False,0.007318508000730139,0.01521101784809887,0,0,0.01325618047528003,1.3673,1.368,1.3638,1.3658,5666212.7,2026-03-03 04:59:59.999000+00:00,7737938.51644,12303,2944141.0,4021843.63074,-0.0010976547880471121,-0.005039265730625066,-0.017419514353238144,-1.9666320552612127,0.3571428571428534,0.1666666666666931,0.4761904761904535,0.0030751208083176188,31.149602607885427,-0.0013185358462104073,-0.008671281942905265,-0.011627311406958026,-0.0025944147782888116,-0.0020150998402864717,0.02501817780151223,-0.7910446703701252,0.006784191771296633,0.04068450893986851,1.0225208205121632,-1.0,0.05,-0.019314999640985264,0.8660254037844386,0.5000000000000001,1,0.0,0.92771083,True
XRPUSDT,trend_ema__directionshort_only_fast21_rsi_threshold55.0_slow89,trend_ema,2026-03-03 04:45:00+00:00,2026-03-03 08:45:00+00:00,short,0.01196973480071608,0.01276973480071608,target,16,0.37700794784229147,1,True,False,False,0.007318508000730139,0.01521101784809887,0,0,0.012970303658710264,1.3673,1.368,1.3638,1.3658,5666212.7,2026-03-03 04:59:59.999000+00:00,7737938.51644,12303,2944141.0,4021843.63074,-0.0010976547880471121,-0.005039265730625066,-0.017419514353238144,-1.9666320552612127,0.3571428571428534,0.1666666666666931,0.4761904761904535,0.0030751208083176188,31.149602607885427,-0.0013185358462104073,-0.008671281942905265,-0.011627311406958026,-0.0025944147782888116,-0.0020150998402864717,0.02501817780151223,-0.7910446703701252,0.006784191771296633,0.04068450893986851,1.0225208205121632,-1.0,0.05,-0.019314999640985264,0.8660254037844386,0.5000000000000001,1,0.0,0.92771083,True
XRPUSDT,trend_ema__directionboth_fast21_rsi_threshold58.0_slow89,trend_ema,2026-03-03 04:45:00+00:00,2026-03-03 08:45:00+00:00,short,0.01196973480071608,0.01276973480071608,target,16,0.37700794784229147,1,True,False,False,0.007318508000730139,0.01521101784809887,0,0,0.013113242066995146,1.3673,1.368,1.3638,1.3658,5666212.7,2026-03-03 04:59:59.999000+00:00,7737938.51644,12303,2944141.0,4021843.63074,-0.0010976547880471121,-0.005039265730625066,-0.017419514353238144,-1.9666320552612127,0.3571428571428534,0.1666666666666931,0.4761904761904535,0.0030751208083176188,31.149602607885427,-0.0013185358462104073,-0.008671281942905265,-0.011627311406958026,-0.0025944147782888116,-0.0020150998402864717,0.02501817780151223,-0.7910446703701252,0.006784191771296633,0.04068450893986851,1.0225208205121632,-1.0,0.05,-0.019314999640985264,0.8660254037844386,0.5000000000000001,1,0.0,0.92771083,True
ETHUSDT,trend_ema__directionboth_fast9_rsi_threshold58.0_slow89,trend_ema,2026-03-03 05:45:00+00:00,2026-03-03 08:30:00+00:00,short,0.013344520396906319,0.01414452039690632,target,11,0.3447807465053376,1,True,False,False,0.0024523936417349505,0.020451194030293662,0,1,-0.001121804766544781,1998.24,2000.45,1986.13,1992.46,103527.392,2026-03-03 05:59:59.999000+00:00,206039574.51342,145160,48648.89,96824610.49908,-0.002901741325578171,-0.0031469258281436813,-0.013167892748225796,-1.2052972715072454,0.403631284916201,0.15432960893855072,0.4420391061452483,0.00718709534946746,32.76096267473312,-1.1899289083410007,-0.008992921313755552,-0.010957354025693119,-0.0020723678174964233,-0.0014798067315411334,0.021173321199415104,-0.88040315603769,11.519393960209374,2.1514141659186845,2.3169323888057867,-1.0,0.06,-0.0215052179251074,0.9659258262890683,0.25881904510252074,1,0.0,0.75384617,True
ETHUSDT,trend_ema__directionshort_only_fast9_rsi_threshold55.0_slow89,trend_ema,2026-03-03 05:45:00+00:00,2026-03-03 08:30:00+00:00,short,0.013344520396906319,0.01414452039690632,target,11,0.3447807465053376,1,True,False,False,0.0024523936417349505,0.020451194030293662,0,0,0.0013087144343814122,1998.24,2000.45,1986.13,1992.46,103527.392,2026-03-03 05:59:59.999000+00:00,206039574.51342,145160,48648.89,96824610.49908,-0.002901741325578171,-0.0031469258281436813,-0.013167892748225796,-1.2052972715072454,0.403631284916201,0.15432960893855072,0.4420391061452483,0.00718709534946746,32.76096267473312,-1.1899289083410007,-0.008992921313755552,-0.010957354025693119,-0.0020723678174964233,-0.0014798067315411334,0.021173321199415104,-0.88040315603769,11.519393960209374,2.1514141659186845,2.3169323888057867,-1.0,0.06,-0.0215052179251074,0.9659258262890683,0.25881904510252074,1,0.0,0.92771083,True
ETHUSDT,trend_ema__directionshort_only_fast9_rsi_threshold52.0_slow89,trend_ema,2026-03-03 05:45:00+00:00,2026-03-03 08:30:00+00:00,short,0.013344520396906319,0.01414452039690632,target,11,0.3447807465053376,1,True,False,False,0.0024523936417349505,0.020451194030293662,0,0,0.0037392336353076045,1998.24,2000.45,1986.13,1992.46,103527.392,2026-03-03 05:59:59.999000+00:00,206039574.51342,145160,48648.89,96824610.49908,-0.002901741325578171,-0.0031469258281436813,-0.013167892748225796,-1.2052972715072454,0.403631284916201,0.15432960893855072,0.4420391061452483,0.00718709534946746,32.76096267473312,-1.1899289083410007,-0.008992921313755552,-0.010957354025693119,-0.0020723678174964233,-0.0014798067315411334,0.021173321199415104,-0.88040315603769,11.519393960209374,2.1514141659186845,2.3169323888057867,-1.0,0.06,-0.0215052179251074,0.9659258262890683,0.25881904510252074,1,0.0,0.92771083,True
ETHUSDT,trend_ema__directionboth_fast12_rsi_threshold55.0_slow89,trend_ema,2026-03-03 06:00:00+00:00,2026-03-03 08:30:00+00:00,short,0.013655828856304767,0.014455828856304767,target,10,0.33093135794371337,1,True,False,False,0.005355398611101051,0.0176145156308973,0,0,0.006169752836233797,1992.47,1995.0,1988.81,1993.09,38439.848,2026-03-03 06:14:59.999000+00:00,76579887.70518,79993,19159.386,38175047.29419,0.00031614206583630114,-0.00823954674866973,-0.007517742505479426,-3.1773725963513653,0.10016155088851138,0.30856219709209454,0.5912762520193942,0.00310573029818024,33.45343210281433,-1.272575352908448,-0.007847892659980775,-0.010220629829980267,-0.0024867974668156823,-0.0015321627145742367,0.019168927484702752,-0.8287181095929266,11.138722963051565,-0.2320632705758605,0.8584061892587476,-1.0,0.05,-0.01816291946639348,1.0,6.123233995736766e-17,1,0.0,0.92771083,True
ETHUSDT,trend_ema__directionshort_only_fast12_rsi_threshold55.0_slow89,trend_ema,2026-03-03 06:00:00+00:00,2026-03-03 08:30:00+00:00,short,0.013655828856304767,0.014455828856304767,target,10,0.33093135794371337,1,True,False,False,0.005355398611101051,0.0176145156308973,0,0,0.008631402883099836,1992.47,1995.0,1988.81,1993.09,38439.848,2026-03-03 06:14:59.999000+00:00,76579887.70518,79993,19159.386,38175047.29419,0.00031614206583630114,-0.00823954674866973,-0.007517742505479426,-3.1773725963513653,0.10016155088851138,0.30856219709209454,0.5912762520193942,0.00310573029818024,33.45343210281433,-1.272575352908448,-0.007847892659980775,-0.010220629829980267,-0.0024867974668156823,-0.0015321627145742367,0.019168927484702752,-0.8287181095929266,11.138722963051565,-0.2320632705758605,0.8584061892587476,-1.0,0.05,-0.01816291946639348,1.0,6.123233995736766e-17,1,0.0,0.92771083,True
ETHUSDT,trend_ema__directionboth_fast12_rsi_threshold58.0_slow89,trend_ema,2026-03-03 06:00:00+00:00,2026-03-03 08:30:00+00:00,short,0.013655828856304767,0.014455828856304767,target,10,0.33093135794371337,1,True,False,False,0.005355398611101051,0.0176145156308973,0,0,0.011093052929965874,1992.47,1995.0,1988.81,1993.09,38439.848,2026-03-03 06:14:59.999000+00:00,76579887.70518,79993,19159.386,38175047.29419,0.00031614206583630114,-0.00823954674866973,-0.007517742505479426,-3.1773725963513653,0.10016155088851138,0.30856219709209454,0.5912762520193942,0.00310573029818024,33.45343210281433,-1.272575352908448,-0.007847892659980775,-0.010220629829980267,-0.0024867974668156823,-0.0015321627145742367,0.019168927484702752,-0.8287181095929266,11.138722963051565,-0.2320632705758605,0.8584061892587476,-1.0,0.05,-0.01816291946639348,1.0,6.123233995736766e-17,1,0.0,0.92771083,True
ETHUSDT,trend_ema__directionshort_only_fast12_rsi_threshold58.0_slow89,trend_ema,2026-03-03 06:00:00+00:00,2026-03-03 08:30:00+00:00,short,0.013655828856304767,0.014455828856304767,target,10,0.33093135794371337,1,True,False,False,0.005355398611101051,0.0176145156308973,0,0,0.013554702976831912,1992.47,1995.0,1988.81,1993.09,38439.848,2026-03-03 06:14:59.999000+00:00,76579887.70518,79993,19159.386,38175047.29419,0.00031614206583630114,-0.00823954674866973,-0.007517742505479426,-3.1773725963513653,0.10016155088851138,0.30856219709209454,0.5912762520193942,0.00310573029818024,33.45343210281433,-1.272575352908448,-0.007847892659980775,-0.010220629829980267,-0.0024867974668156823,-0.0015321627145742367,0.019168927484702752,-0.8287181095929266,11.138722963051565,-0.2320632705758605,0.8584061892587476,-1.0,0.05,-0.01816291946639348,1.0,6.123233995736766e-17,1,0.0,0.92771083,True
ETHUSDT,trend_ema__directionboth_fast12_rsi_threshold52.0_slow89,trend_ema,2026-03-03 06:00:00+00:00,2026-03-03 08:30:00+00:00,short,0.013655828856304767,0.014455828856304767,target,10,0.33093135794371337,1,True,False,False,0.005355398611101051,0.0176145156308973,0,0,0.013428312242813021,1992.47,1995.0,1988.81,1993.09,38439.848,2026-03-03 06:14:59.999000+00:00,76579887.70518,79993,19159.386,38175047.29419,0.00031614206583630114,-0.00823954674866973,-0.007517742505479426,-3.1773725963513653,0.10016155088851138,0.30856219709209454,0.5912762520193942,0.00310573029818024,33.45343210281433,-1.272575352908448,-0.007847892659980775,-0.010220629829980267,-0.0024867974668156823,-0.0015321627145742367,0.019168927484702752,-0.8287181095929266,11.138722963051565,-0.2320632705758605,0.8584061892587476,-1.0,0.05,-0.01816291946639348,1.0,6.123233995736766e-17,1,0.0,0.92771083,True
ETHUSDT,trend_ema__directionshort_only_fast12_rsi_threshold52.0_slow89,trend_ema,2026-03-03 06:00:00+00:00,2026-03-03 08:30:00+00:00,short,0.013655828856304767,0.014455828856304767,target,10,0.33093135794371337,1,True,False,False,0.005355398611101051,0.0176145156308973,0,0,0.013361250204976912,1992.47,1995.0,1988.81,1993.09,38439.848,2026-03-03 06:14:59.999000+00:00,76579887.70518,79993,19159.386,38175047.29419,0.00031614206583630114,-0.00823954674866973,-0.007517742505479426,-3.1773725963513653,0.10016155088851138,0.30856219709209454,0.5912762520193942,0.00310573029818024,33.45343210281433,-1.272575352908448,-0.007847892659980775,-0.010220629829980267,-0.0024867974668156823,-0.0015321627145742367,0.019168927484702752,-0.8287181095929266,11.138722963051565,-0.2320632705758605,0.8584061892587476,-1.0,0.05,-0.01816291946639348,1.0,6.123233995736766e-17,1,0.0,0.92771083,True
SOLUSDT,trend_ema__directionshort_only_fast9_rsi_threshold55.0_slow89,trend_ema,2026-03-03 06:00:00+00:00,2026-03-03 08:30:00+00:00,short,0.015264859230354486,0.016064859230354486,target,10,0.15642921188963782,1,True,False,False,0.006215779579439962,0.017230704503039512,0,3,-0.0024762122564840152,85.74,85.88,85.6,85.79,188953.62,2026-03-03 06:14:59.999000+00:00,16205737.517,19463,110247.61,9455740.9057,0.0006996268942094176,-0.006390540542457498,0.003854019368995162,-1.7591956533000288,0.17857142857146846,0.32142857142853154,0.5,0.003263783657768984,42.17853940551811,-0.002595040491240236,-0.004461989755016828,-0.006399773516646036,-0.0015243750310333093,-0.0008773736852996095,0.014168138184392769,-0.4804712858579998,0.531529356095098,-0.2636074201363719,0.8483644883916052,-1.0,0.27,-0.009924985574148892,1.0,6.123233995736766e-17,1,0.0,0.75384617,True
SOLUSDT,trend_ema__directionboth_fast12_rsi_threshold55.0_slow89,trend_ema,2026-03-03 06:15:00+00:00,2026-03-03 08:30:00+00:00,short,0.014691581112592276,0.015491581112592277,target,9,0.19040679151749104,1,True,False,False,0.005629338397728945,0.01780348063982543,0,1,0.0026668090043301465,85.79,85.79,85.5,85.66,159626.79,2026-03-03 06:29:59.999000+00:00,13667681.0313,14437,68750.79,5887745.8943,-0.0015164773976490615,-0.007559494044341381,-0.001982623542903726,-2.121936495602542,0.4482758620689892,0.0,0.5517241379310108,0.0033854774690638134,40.47966042412545,-0.012221489521900386,-0.0054162569185903404,-0.007616246613300358,-0.0016227295117444696,-0.0011515949131685188,0.013897239550254148,-0.6339358433650375,0.5142772592311629,-0.5235445825035534,0.7079791195758954,-1.0,0.23,-0.011425274091171445,1.0,6.123233995736766e-17,1,0.0,0.75384617,True
BTCUSDT,trend_ema__directionshort_only_fast21_rsi_threshold58.0_slow55,trend_ema,2026-03-03 06:15:00+00:00,2026-03-03 08:45:00+00:00,short,0.009120798395894542,0.009920798395894543,target,10,0.3679429919915924,1,True,False,False,0.005304516705306002,0.015721284979289162,0,1,-0.0011063264949987277,67931.5,67968.6,67836.6,67860.6,1234.819,2026-03-03 06:29:59.999000+00:00,83846237.8361,38239,581.22,39465796.6433,-0.001045715534029139,-0.00755165969216938,-0.008221270918702884,-3.995467180563898,0.537121212121168,0.28106060606065014,0.18181818181818182,0.0019451640569048902,31.60285040042038,-42.92266544070736,-0.006546452169991652,-0.007725502407204313,-0.002073797568474589,-0.0011906609232272825,0.016050113189605007,-0.8513011659954836,259.7096325229315,-0.42445166157425374,0.7742146515339472,-1.0,0.07,-0.016420387427801053,1.0,6.123233995736766e-17,1,0.0,0.92771083,True
BTCUSDT,trend_ema__directionboth_fast21_rsi_threshold58.0_slow55,trend_ema,2026-03-03 06:15:00+00:00,2026-03-03 08:45:00+00:00,short,0.009120798395894542,0.009920798395894543,target,10,0.3679429919915924,1,True,False,False,0.005304516705306002,0.015721284979289162,0,2,-0.0028859279361655413,67931.5,67968.6,67836.6,67860.6,1234.819,2026-03-03 06:29:59.999000+00:00,83846237.8361,38239,581.22,39465796.6433,-0.001045715534029139,-0.00755165969216938,-0.008221270918702884,-3.995467180563898,0.537121212121168,0.28106060606065014,0.18181818181818182,0.0019451640569048902,31.60285040042038,-42.92266544070736,-0.006546452169991652,-0.007725502407204313,-0.002073797568474589,-0.0011906609232272825,0.016050113189605007,-0.8513011659954836,259.7096325229315,-0.42445166157425374,0.7742146515339472,-1.0,0.07,-0.016420387427801053,1.0,6.123233995736766e-17,1,0.0,0.75384617,True
SOLUSDT,trend_ema__directionshort_only_fast12_rsi_threshold55.0_slow89,trend_ema,2026-03-03 06:15:00+00:00,2026-03-03 08:30:00+00:00,short,0.014691581112592276,0.015491581112592277,target,9,0.19040679151749104,1,True,False,False,0.005629338397728945,0.01780348063982543,0,0,0.004826760243324699,85.79,85.79,85.5,85.66,159626.79,2026-03-03 06:29:59.999000+00:00,13667681.0313,14437,68750.79,5887745.8943,-0.0015164773976490615,-0.007559494044341381,-0.001982623542903726,-2.121936495602542,0.4482758620689892,0.0,0.5517241379310108,0.0033854774690638134,40.47966042412545,-0.012221489521900386,-0.0054162569185903404,-0.007616246613300358,-0.0016227295117444696,-0.0011515949131685188,0.013897239550254148,-0.6339358433650375,0.5142772592311629,-0.5235445825035534,0.7079791195758954,-1.0,0.23,-0.011425274091171445,1.0,6.123233995736766e-17,1,0.0,0.92771083,True
SOLUSDT,trend_ema__directionboth_fast12_rsi_threshold52.0_slow89,trend_ema,2026-03-03 06:15:00+00:00,2026-03-03 08:30:00+00:00,short,0.014691581112592276,0.015491581112592277,target,9,0.19040679151749104,1,True,False,False,0.005629338397728945,0.01780348063982543,0,0,0.0023175591671756386,85.79,85.79,85.5,85.66,159626.79,2026-03-03 06:29:59.999000+00:00,13667681.0313,14437,68750.79,5887745.8943,-0.0015164773976490615,-0.007559494044341381,-0.001982623542903726,-2.121936495602542,0.4482758620689892,0.0,0.5517241379310108,0.0033854774690638134,40.47966042412545,-0.012221489521900386,-0.0054162569185903404,-0.007616246613300358,-0.0016227295117444696,-0.0011515949131685188,0.013897239550254148,-0.6339358433650375,0.5142772592311629,-0.5235445825035534,0.7079791195758954,-1.0,0.23,-0.011425274091171445,1.0,6.123233995736766e-17,1,0.0,0.92771083,True
BTCUSDT,trend_ema__directionshort_only_fast21_rsi_threshold52.0_slow55,trend_ema,2026-03-03 06:15:00+00:00,2026-03-03 08:45:00+00:00,short,0.009120798395894542,0.009920798395894543,target,10,0.3679429919915924,1,True,False,False,0.005304516705306002,0.015721284979289162,0,0,0.0006732749461680863,67931.5,67968.6,67836.6,67860.6,1234.819,2026-03-03 06:29:59.999000+00:00,83846237.8361,38239,581.22,39465796.6433,-0.001045715534029139,-0.00755165969216938,-0.008221270918702884,-3.995467180563898,0.537121212121168,0.28106060606065014,0.18181818181818182,0.0019451640569048902,31.60285040042038,-42.92266544070736,-0.006546452169991652,-0.007725502407204313,-0.002073797568474589,-0.0011906609232272825,0.016050113189605007,-0.8513011659954836,259.7096325229315,-0.42445166157425374,0.7742146515339472,-1.0,0.07,-0.016420387427801053,1.0,6.123233995736766e-17,1,0.0,0.92771083,True
BTCUSDT,trend_ema__directionshort_only_fast9_rsi_threshold52.0_slow89,trend_ema,2026-03-03 06:45:00+00:00,2026-03-03 07:00:00+00:00,short,-0.003476917447162636,-0.002676917447162636,signal_exit,1,0.18654822041431232,0,False,False,False,0.004400268628976887,0.002787474472628823,0,0,0.0023944345548983434,67959.2,68248.0,67759.6,68070.0,2246.41,2026-03-03 06:59:59.999000+00:00,152738011.7032,54847,1384.966,94208912.4591,0.0016305338279862323,0.002329728016801379,-0.005977398661615131,1.3020251877489128,0.22686322686323554,0.3644553644553688,0.4086814086813957,0.007174966945791012,40.672588979284384,-18.325811997231085,-0.0026838208146352546,-0.004208436664267238,-0.0014472409031507372,-0.0013169633248197865,0.012657038836836115,-0.4004498480997532,269.3251423284452,0.7754536519270128,1.405439300326581,-1.0,0.03,-0.007290370847850114,1.0,6.123233995736766e-17,1,0.0,0.92771083,True
ETHUSDT,trend_ema__directionshort_only_fast21_rsi_threshold58.0_slow89,trend_ema,2026-03-03 07:30:00+00:00,2026-03-03 08:30:00+00:00,short,0.011899502381760022,0.012699502381760023,target,4,0.21734011019388247,1,True,False,False,0.00042009271717487954,0.021205529587801655,0,0,0.013495374280649128,1999.78,2000.32,1992.18,1997.09,24279.605,2026-03-03 07:44:59.999000+00:00,48460673.15139,58927,13059.63,26069211.86783,-0.0013410529273719302,0.0012526055830523225,-0.006936017108162323,0.6368355635495523,0.33046683046684233,0.0663390663390629,0.6031941031940947,0.004075930478846659,39.132994490305876,0.6005378557584189,-0.0032567553507124635,-0.0064580258386781105,-0.0008470199994248251,-0.0013276835932138908,0.01377643496053896,-0.40084878463398027,10.012891963935605,-0.7537291917292274,0.5456183786795475,-1.0,0.02,-0.007745891050738418,0.9659258262890683,-0.25881904510252063,1,0.0,0.92771083,True
ETHUSDT,trend_ema__directionboth_fast21_rsi_threshold58.0_slow89,trend_ema,2026-03-03 07:30:00+00:00,2026-03-03 08:30:00+00:00,short,0.011899502381760022,0.012699502381760023,target,4,0.21734011019388247,1,True,False,False,0.00042009271717487954,0.021205529587801655,0,0,0.013242301869516127,1999.78,2000.32,1992.18,1997.09,24279.605,2026-03-03 07:44:59.999000+00:00,48460673.15139,58927,13059.63,26069211.86783,-0.0013410529273719302,0.0012526055830523225,-0.006936017108162323,0.6368355635495523,0.33046683046684233,0.0663390663390629,0.6031941031940947,0.004075930478846659,39.132994490305876,0.6005378557584189,-0.0032567553507124635,-0.0064580258386781105,-0.0008470199994248251,-0.0013276835932138908,0.01377643496053896,-0.40084878463398027,10.012891963935605,-0.7537291917292274,0.5456183786795475,-1.0,0.02,-0.007745891050738418,0.9659258262890683,-0.25881904510252063,1,0.0,0.92771083,True
ETHUSDT,trend_ema__directionshort_only_fast21_rsi_threshold52.0_slow89,trend_ema,2026-03-03 07:30:00+00:00,2026-03-03 08:30:00+00:00,short,0.011899502381760022,0.012699502381760023,target,4,0.21734011019388247,1,True,False,False,0.00042009271717487954,0.021205529587801655,0,0,0.013097800068001497,1999.78,2000.32,1992.18,1997.09,24279.605,2026-03-03 07:44:59.999000+00:00,48460673.15139,58927,13059.63,26069211.86783,-0.0013410529273719302,0.0012526055830523225,-0.006936017108162323,0.6368355635495523,0.33046683046684233,0.0663390663390629,0.6031941031940947,0.004075930478846659,39.132994490305876,0.6005378557584189,-0.0032567553507124635,-0.0064580258386781105,-0.0008470199994248251,-0.0013276835932138908,0.01377643496053896,-0.40084878463398027,10.012891963935605,-0.7537291917292274,0.5456183786795475,-1.0,0.02,-0.007745891050738418,0.9659258262890683,-0.25881904510252063,1,0.0,0.92771083,True
ETHUSDT,trend_ema__directionshort_only_fast21_rsi_threshold55.0_slow89,trend_ema,2026-03-03 07:30:00+00:00,2026-03-03 08:30:00+00:00,short,0.011899502381760022,0.012699502381760023,target,4,0.21734011019388247,1,True,False,False,0.00042009271717487954,0.021205529587801655,0,0,0.013386803671030758,1999.78,2000.32,1992.18,1997.09,24279.605,2026-03-03 07:44:59.999000+00:00,48460673.15139,58927,13059.63,26069211.86783,-0.0013410529273719302,0.0012526055830523225,-0.006936017108162323,0.6368355635495523,0.33046683046684233,0.0663390663390629,0.6031941031940947,0.004075930478846659,39.132994490305876,0.6005378557584189,-0.0032567553507124635,-0.0064580258386781105,-0.0008470199994248251,-0.0013276835932138908,0.01377643496053896,-0.40084878463398027,10.012891963935605,-0.7537291917292274,0.5456183786795475,-1.0,0.02,-0.007745891050738418,0.9659258262890683,-0.25881904510252063,1,0.0,0.92771083,True
SOLUSDT,trend_ema__directionshort_only_fast21_rsi_threshold55.0_slow89,trend_ema,2026-03-03 07:45:00+00:00,2026-03-03 08:30:00+00:00,short,0.014043834721657603,0.014843834721657604,target,3,0.19257307700946896,1,True,False,False,0.0008504894270384431,0.016427694689980347,0,0,0.007335961319473759,85.67,85.71,85.33,85.53,132368.7,2026-03-03 07:59:59.999000+00:00,11318690.1937,12882,74622.12,6381287.9003,-0.0017522345468031174,-0.0029186874960441204,-0.008150953371542783,-1.0493818857595774,0.36842105263158487,0.10526315789471716,0.526315789473698,0.004442885537238343,40.37134614952655,0.003640025347652398,-0.00497765008805989,-0.007762037882570737,-0.0010650029803394023,-0.0010498184481354533,0.012889889441871534,-0.7806527208921338,0.4994070688223433,-0.6689411680682407,0.648379130383267,-1.0,0.06,-0.011556685542586376,0.9659258262890683,-0.25881904510252063,1,0.0,0.92771083,True
SOLUSDT,trend_ema__directionshort_only_fast21_rsi_threshold52.0_slow89,trend_ema,2026-03-03 07:45:00+00:00,2026-03-03 08:30:00+00:00,short,0.014043834721657603,0.014843834721657604,target,3,0.19257307700946896,1,True,False,False,0.0008504894270384431,0.016427694689980347,0,0,0.009780387756529351,85.67,85.71,85.33,85.53,132368.7,2026-03-03 07:59:59.999000+00:00,11318690.1937,12882,74622.12,6381287.9003,-0.0017522345468031174,-0.0029186874960441204,-0.008150953371542783,-1.0493818857595774,0.36842105263158487,0.10526315789471716,0.526315789473698,0.004442885537238343,40.37134614952655,0.003640025347652398,-0.00497765008805989,-0.007762037882570737,-0.0010650029803394023,-0.0010498184481354533,0.012889889441871534,-0.7806527208921338,0.4994070688223433,-0.6689411680682407,0.648379130383267,-1.0,0.06,-0.011556685542586376,0.9659258262890683,-0.25881904510252063,1,0.0,0.92771083,True
BTCUSDT,trend_ema__directionboth_fast12_rsi_threshold58.0_slow89,trend_ema,2026-03-03 08:30:00+00:00,2026-03-03 08:45:00+00:00,short,0.009014915711265893,0.009814915711265894,target,1,0.4986317713307182,1,True,False,False,0.00023272981841953027,0.012629734587302127,0,1,0.005299130569125929,67718.8,67724.4,67274.4,67310.1,6002.99,2026-03-03 08:44:59.999000+00:00,405148449.9894,119449,2433.25,164256364.4043,-0.006052060703546479,-0.012904033384654751,-0.012647343118186927,-5.5936304116456075,0.9082222222222157,0.012444444444425043,0.07933333333335921,0.006685475136717966,25.068411433464092,-37.72679500098104,-0.01135346418652995,-0.014004271255299688,-0.0021924607575962707,-0.0013087911049810552,0.015024847468364473,-1.4897477870258256,278.97742877064354,3.451452556441694,3.3043671829058634,-1.0,0.4,-0.015574405850091289,0.8660254037844387,-0.4999999999999998,1,1.0,0.92771083,True
BTCUSDT,trend_ema__directionboth_fast9_rsi_threshold58.0_slow89,trend_ema,2026-03-03 08:30:00+00:00,2026-03-03 08:45:00+00:00,short,0.009014915711265893,0.009814915711265894,target,1,0.4986317713307182,1,True,False,False,0.00023272981841953027,0.012629734587302127,0,0,0.006516549079580188,67718.8,67724.4,67274.4,67310.1,6002.99,2026-03-03 08:44:59.999000+00:00,405148449.9894,119449,2433.25,164256364.4043,-0.006052060703546479,-0.012904033384654751,-0.012647343118186927,-5.5936304116456075,0.9082222222222157,0.012444444444425043,0.07933333333335921,0.006685475136717966,25.068411433464092,-37.72679500098104,-0.01135346418652995,-0.014004271255299688,-0.0021924607575962707,-0.0013087911049810552,0.015024847468364473,-1.4897477870258256,278.97742877064354,3.451452556441694,3.3043671829058634,-1.0,0.4,-0.015574405850091289,0.8660254037844387,-0.4999999999999998,1,1.0,1.0,True
BTCUSDT,trend_ema__directionboth_fast12_rsi_threshold55.0_slow89,trend_ema,2026-03-03 08:30:00+00:00,2026-03-03 08:45:00+00:00,short,0.009014915711265893,0.009814915711265894,target,1,0.4986317713307182,1,True,False,False,0.00023272981841953027,0.012629734587302127,0,0,0.0052779540322002,67718.8,67724.4,67274.4,67310.1,6002.99,2026-03-03 08:44:59.999000+00:00,405148449.9894,119449,2433.25,164256364.4043,-0.006052060703546479,-0.012904033384654751,-0.012647343118186927,-5.5936304116456075,0.9082222222222157,0.012444444444425043,0.07933333333335921,0.006685475136717966,25.068411433464092,-37.72679500098104,-0.01135346418652995,-0.014004271255299688,-0.0021924607575962707,-0.0013087911049810552,0.015024847468364473,-1.4897477870258256,278.97742877064354,3.451452556441694,3.3043671829058634,-1.0,0.4,-0.015574405850091289,0.8660254037844387,-0.4999999999999998,1,1.0,1.0,True
BTCUSDT,trend_ema__directionshort_only_fast12_rsi_threshold58.0_slow89,trend_ema,2026-03-03 08:30:00+00:00,2026-03-03 08:45:00+00:00,short,0.009014915711265893,0.009814915711265894,target,1,0.4986317713307182,1,True,False,False,0.00023272981841953027,0.012629734587302127,0,0,0.005267365763737334,67718.8,67724.4,67274.4,67310.1,6002.99,2026-03-03 08:44:59.999000+00:00,405148449.9894,119449,2433.25,164256364.4043,-0.006052060703546479,-0.012904033384654751,-0.012647343118186927,-5.5936304116456075,0.9082222222222157,0.012444444444425043,0.07933333333335921,0.006685475136717966,25.068411433464092,-37.72679500098104,-0.01135346418652995,-0.014004271255299688,-0.0021924607575962707,-0.0013087911049810552,0.015024847468364473,-1.4897477870258256,278.97742877064354,3.451452556441694,3.3043671829058634,-1.0,0.4,-0.015574405850091289,0.8660254037844387,-0.4999999999999998,1,1.0,1.0,True
BTCUSDT,trend_ema__directionshort_only_fast12_rsi_threshold52.0_slow89,trend_ema,2026-03-03 08:30:00+00:00,2026-03-03 08:45:00+00:00,short,0.009014915711265893,0.009814915711265894,target,1,0.4986317713307182,1,True,False,False,0.00023272981841953027,0.012629734587302127,0,0,0.005288542300663064,67718.8,67724.4,67274.4,67310.1,6002.99,2026-03-03 08:44:59.999000+00:00,405148449.9894,119449,2433.25,164256364.4043,-0.006052060703546479,-0.012904033384654751,-0.012647343118186927,-5.5936304116456075,0.9082222222222157,0.012444444444425043,0.07933333333335921,0.006685475136717966,25.068411433464092,-37.72679500098104,-0.01135346418652995,-0.014004271255299688,-0.0021924607575962707,-0.0013087911049810552,0.015024847468364473,-1.4897477870258256,278.97742877064354,3.451452556441694,3.3043671829058634,-1.0,0.4,-0.015574405850091289,0.8660254037844387,-0.4999999999999998,1,1.0,1.0,True
ZECUSDT,trend_ema__directionboth_fast12_rsi_threshold58.0_slow89,trend_ema,2026-03-03 08:45:00+00:00,2026-03-03 14:45:00+00:00,short,0.021837758692656327,0.022637758692656326,target,24,0.4107242013628689,1,True,False,False,0.012221197341450926,0.024084826596821998,0,0,0.018377851536281332,216.25,216.26,213.87,214.35,40630.077,2026-03-03 08:59:59.999000+00:00,8737354.14347,35290,17986.882,3870290.98561,-0.008824952768002594,-0.030959665393142103,-0.025835518595627865,-4.903843627326861,0.7949790794979149,0.004184100418406261,0.20083682008367887,0.01114998833683222,29.463789931856553,-0.6853204120952001,-0.026538886853740593,-0.0290123783599433,-0.005838019876714617,-0.002630823717095221,0.03793512697807467,-1.4808070696761817,1.9887386589960347,3.0600685207689002,3.2202110482005915,-1.0,0.8,-0.03775363620039507,0.8660254037844387,-0.4999999999999998,1,1.0,1.0,True
ZECUSDT,trend_ema__directionboth_fast12_rsi_threshold55.0_slow89,trend_ema,2026-03-03 08:45:00+00:00,2026-03-03 14:45:00+00:00,short,0.021837758692656327,0.022637758692656326,target,24,0.4107242013628689,1,True,False,False,0.012221197341450926,0.024084826596821998,0,1,0.0198500758789766,216.25,216.26,213.87,214.35,40630.077,2026-03-03 08:59:59.999000+00:00,8737354.14347,35290,17986.882,3870290.98561,-0.008824952768002594,-0.030959665393142103,-0.025835518595627865,-4.903843627326861,0.7949790794979149,0.004184100418406261,0.20083682008367887,0.01114998833683222,29.463789931856553,-0.6853204120952001,-0.026538886853740593,-0.0290123783599433,-0.005838019876714617,-0.002630823717095221,0.03793512697807467,-1.4808070696761817,1.9887386589960347,3.0600685207689002,3.2202110482005915,-1.0,0.8,-0.03775363620039507,0.8660254037844387,-0.4999999999999998,1,1.0,0.75384617,True
ZECUSDT,trend_ema__directionboth_fast9_rsi_threshold58.0_slow89,trend_ema,2026-03-03 08:45:00+00:00,2026-03-03 14:45:00+00:00,short,0.021837758692656327,0.022637758692656326,target,24,0.4107242013628689,1,True,False,False,0.012221197341450926,0.024084826596821998,0,1,0.01960470515519406,216.25,216.26,213.87,214.35,40630.077,2026-03-03 08:59:59.999000+00:00,8737354.14347,35290,17986.882,3870290.98561,-0.008824952768002594,-0.030959665393142103,-0.025835518595627865,-4.903843627326861,0.7949790794979149,0.004184100418406261,0.20083682008367887,0.01114998833683222,29.463789931856553,-0.6853204120952001,-0.026538886853740593,-0.0290123783599433,-0.005838019876714617,-0.002630823717095221,0.03793512697807467,-1.4808070696761817,1.9887386589960347,3.0600685207689002,3.2202110482005915,-1.0,0.8,-0.03775363620039507,0.8660254037844387,-0.4999999999999998,1,1.0,0.75384617,True
ZECUSDT,trend_ema__directionshort_only_fast9_rsi_threshold55.0_slow89,trend_ema,2026-03-03 08:45:00+00:00,2026-03-03 14:45:00+00:00,short,0.021837758692656327,0.022637758692656326,target,24,0.4107242013628689,1,True,False,False,0.012221197341450926,0.024084826596821998,0,1,0.019359334431411513,216.25,216.26,213.87,214.35,40630.077,2026-03-03 08:59:59.999000+00:00,8737354.14347,35290,17986.882,3870290.98561,-0.008824952768002594,-0.030959665393142103,-0.025835518595627865,-4.903843627326861,0.7949790794979149,0.004184100418406261,0.20083682008367887,0.01114998833683222,29.463789931856553,-0.6853204120952001,-0.026538886853740593,-0.0290123783599433,-0.005838019876714617,-0.002630823717095221,0.03793512697807467,-1.4808070696761817,1.9887386589960347,3.0600685207689002,3.2202110482005915,-1.0,0.8,-0.03775363620039507,0.8660254037844387,-0.4999999999999998,1,1.0,0.75384617,True
ZECUSDT,trend_ema__directionshort_only_fast12_rsi_threshold52.0_slow89,trend_ema,2026-03-03 08:45:00+00:00,2026-03-03 14:45:00+00:00,short,0.021837758692656327,0.022637758692656326,target,24,0.4107242013628689,1,True,False,False,0.012221197341450926,0.024084826596821998,0,1,0.019113963707628967,216.25,216.26,213.87,214.35,40630.077,2026-03-03 08:59:59.999000+00:00,8737354.14347,35290,17986.882,3870290.98561,-0.008824952768002594,-0.030959665393142103,-0.025835518595627865,-4.903843627326861,0.7949790794979149,0.004184100418406261,0.20083682008367887,0.01114998833683222,29.463789931856553,-0.6853204120952001,-0.026538886853740593,-0.0290123783599433,-0.005838019876714617,-0.002630823717095221,0.03793512697807467,-1.4808070696761817,1.9887386589960347,3.0600685207689002,3.2202110482005915,-1.0,0.8,-0.03775363620039507,0.8660254037844387,-0.4999999999999998,1,1.0,0.75384617,True
ZECUSDT,trend_ema__directionshort_only_fast21_rsi_threshold52.0_slow55,trend_ema,2026-03-03 08:45:00+00:00,2026-03-03 14:45:00+00:00,short,0.021837758692656327,0.022637758692656326,target,24,0.4107242013628689,1,True,False,False,0.012221197341450926,0.024084826596821998,0,0,0.01886859298384642,216.25,216.26,213.87,214.35,40630.077,2026-03-03 08:59:59.999000+00:00,8737354.14347,35290,17986.882,3870290.98561,-0.008824952768002594,-0.030959665393142103,-0.025835518595627865,-4.903843627326861,0.7949790794979149,0.004184100418406261,0.20083682008367887,0.01114998833683222,29.463789931856553,-0.6853204120952001,-0.026538886853740593,-0.0290123783599433,-0.005838019876714617,-0.002630823717095221,0.03793512697807467,-1.4808070696761817,1.9887386589960347,3.0600685207689002,3.2202110482005915,-1.0,0.8,-0.03775363620039507,0.8660254037844387,-0.4999999999999998,1,1.0,1.0,True
ZECUSDT,trend_ema__directionboth_fast12_rsi_threshold52.0_slow89,trend_ema,2026-03-03 08:45:00+00:00,2026-03-03 14:45:00+00:00,short,0.021837758692656327,0.022637758692656326,target,24,0.4107242013628689,1,True,False,False,0.012221197341450926,0.024084826596821998,0,0,0.01862322226006388,216.25,216.26,213.87,214.35,40630.077,2026-03-03 08:59:59.999000+00:00,8737354.14347,35290,17986.882,3870290.98561,-0.008824952768002594,-0.030959665393142103,-0.025835518595627865,-4.903843627326861,0.7949790794979149,0.004184100418406261,0.20083682008367887,0.01114998833683222,29.463789931856553,-0.6853204120952001,-0.026538886853740593,-0.0290123783599433,-0.005838019876714617,-0.002630823717095221,0.03793512697807467,-1.4808070696761817,1.9887386589960347,3.0600685207689002,3.2202110482005915,-1.0,0.8,-0.03775363620039507,0.8660254037844387,-0.4999999999999998,1,1.0,1.0,True
ZECUSDT,trend_ema__directionshort_only_fast12_rsi_threshold58.0_slow89,trend_ema,2026-03-03 08:45:00+00:00,2026-03-03 14:45:00+00:00,short,0.021837758692656327,0.022637758692656326,target,24,0.4107242013628689,1,True,False,False,0.012221197341450926,0.024084826596821998,0,0,0.0216827735221338,216.25,216.26,213.87,214.35,40630.077,2026-03-03 08:59:59.999000+00:00,8737354.14347,35290,17986.882,3870290.98561,-0.008824952768002594,-0.030959665393142103,-0.025835518595627865,-4.903843627326861,0.7949790794979149,0.004184100418406261,0.20083682008367887,0.01114998833683222,29.463789931856553,-0.6853204120952001,-0.026538886853740593,-0.0290123783599433,-0.005838019876714617,-0.002630823717095221,0.03793512697807467,-1.4808070696761817,1.9887386589960347,3.0600685207689002,3.2202110482005915,-1.0,0.8,-0.03775363620039507,0.8660254037844387,-0.4999999999999998,1,1.0,1.0,True
ZECUSDT,trend_ema__directionboth_fast21_rsi_threshold58.0_slow55,trend_ema,2026-03-03 08:45:00+00:00,2026-03-03 14:45:00+00:00,short,0.021837758692656327,0.022637758692656326,target,24,0.4107242013628689,1,True,False,False,0.012221197341450926,0.024084826596821998,0,0,0.018235426922733854,216.25,216.26,213.87,214.35,40630.077,2026-03-03 08:59:59.999000+00:00,8737354.14347,35290,17986.882,3870290.98561,-0.008824952768002594,-0.030959665393142103,-0.025835518595627865,-4.903843627326861,0.7949790794979149,0.004184100418406261,0.20083682008367887,0.01114998833683222,29.463789931856553,-0.6853204120952001,-0.026538886853740593,-0.0290123783599433,-0.005838019876714617,-0.002630823717095221,0.03793512697807467,-1.4808070696761817,1.9887386589960347,3.0600685207689002,3.2202110482005915,-1.0,0.8,-0.03775363620039507,0.8660254037844387,-0.4999999999999998,1,1.0,1.0,True
ZECUSDT,trend_ema__directionshort_only_fast9_rsi_threshold52.0_slow89,trend_ema,2026-03-03 08:45:00+00:00,2026-03-03 14:45:00+00:00,short,0.021837758692656327,0.022637758692656326,target,24,0.4107242013628689,1,True,False,False,0.012221197341450926,0.024084826596821998,0,0,0.01809300230918637,216.25,216.26,213.87,214.35,40630.077,2026-03-03 08:59:59.999000+00:00,8737354.14347,35290,17986.882,3870290.98561,-0.008824952768002594,-0.030959665393142103,-0.025835518595627865,-4.903843627326861,0.7949790794979149,0.004184100418406261,0.20083682008367887,0.01114998833683222,29.463789931856553,-0.6853204120952001,-0.026538886853740593,-0.0290123783599433,-0.005838019876714617,-0.002630823717095221,0.03793512697807467,-1.4808070696761817,1.9887386589960347,3.0600685207689002,3.2202110482005915,-1.0,0.8,-0.03775363620039507,0.8660254037844387,-0.4999999999999998,1,1.0,1.0,True
ZECUSDT,trend_ema__directionshort_only_fast21_rsi_threshold55.0_slow55,trend_ema,2026-03-03 08:45:00+00:00,2026-03-03 14:45:00+00:00,short,0.021837758692656327,0.022637758692656326,target,24,0.4107242013628689,1,True,False,False,0.012221197341450926,0.024084826596821998,0,0,0.021837758692656327,216.25,216.26,213.87,214.35,40630.077,2026-03-03 08:59:59.999000+00:00,8737354.14347,35290,17986.882,3870290.98561,-0.008824952768002594,-0.030959665393142103,-0.025835518595627865,-4.903843627326861,0.7949790794979149,0.004184100418406261,0.20083682008367887,0.01114998833683222,29.463789931856553,-0.6853204120952001,-0.026538886853740593,-0.0290123783599433,-0.005838019876714617,-0.002630823717095221,0.03793512697807467,-1.4808070696761817,1.9887386589960347,3.0600685207689002,3.2202110482005915,-1.0,0.8,-0.03775363620039507,0.8660254037844387,-0.4999999999999998,1,1.0,1.0,True
ZECUSDT,trend_ema__directionshort_only_fast12_rsi_threshold55.0_slow89,trend_ema,2026-03-03 08:45:00+00:00,2026-03-03 14:45:00+00:00,short,0.021837758692656327,0.022637758692656326,target,24,0.4107242013628689,1,True,False,False,0.012221197341450926,0.024084826596821998,0,0,0.021837758692656327,216.25,216.26,213.87,214.35,40630.077,2026-03-03 08:59:59.999000+00:00,8737354.14347,35290,17986.882,3870290.98561,-0.008824952768002594,-0.030959665393142103,-0.025835518595627865,-4.903843627326861,0.7949790794979149,0.004184100418406261,0.20083682008367887,0.01114998833683222,29.463789931856553,-0.6853204120952001,-0.026538886853740593,-0.0290123783599433,-0.005838019876714617,-0.002630823717095221,0.03793512697807467,-1.4808070696761817,1.9887386589960347,3.0600685207689002,3.2202110482005915,-1.0,0.8,-0.03775363620039507,0.8660254037844387,-0.4999999999999998,1,1.0,1.0,True
ZECUSDT,trend_ema__directionshort_only_fast21_rsi_threshold58.0_slow55,trend_ema,2026-03-03 08:45:00+00:00,2026-03-03 14:45:00+00:00,short,0.021837758692656327,0.022637758692656326,target,24,0.4107242013628689,1,True,False,False,0.012221197341450926,0.024084826596821998,0,0,0.021837758692656327,216.25,216.26,213.87,214.35,40630.077,2026-03-03 08:59:59.999000+00:00,8737354.14347,35290,17986.882,3870290.98561,-0.008824952768002594,-0.030959665393142103,-0.025835518595627865,-4.903843627326861,0.7949790794979149,0.004184100418406261,0.20083682008367887,0.01114998833683222,29.463789931856553,-0.6853204120952001,-0.026538886853740593,-0.0290123783599433,-0.005838019876714617,-0.002630823717095221,0.03793512697807467,-1.4808070696761817,1.9887386589960347,3.0600685207689002,3.2202110482005915,-1.0,0.8,-0.03775363620039507,0.8660254037844387,-0.4999999999999998,1,1.0,1.0,True
ZECUSDT,trend_ema__directionboth_fast21_rsi_threshold55.0_slow55,trend_ema,2026-03-03 08:45:00+00:00,2026-03-03 14:45:00+00:00,short,0.021837758692656327,0.022637758692656326,target,24,0.4107242013628689,1,True,False,False,0.012221197341450926,0.024084826596821998,0,0,0.021837758692656327,216.25,216.26,213.87,214.35,40630.077,2026-03-03 08:59:59.999000+00:00,8737354.14347,35290,17986.882,3870290.98561,-0.008824952768002594,-0.030959665393142103,-0.025835518595627865,-4.903843627326861,0.7949790794979149,0.004184100418406261,0.20083682008367887,0.01114998833683222,29.463789931856553,-0.6853204120952001,-0.026538886853740593,-0.0290123783599433,-0.005838019876714617,-0.002630823717095221,0.03793512697807467,-1.4808070696761817,1.9887386589960347,3.0600685207689002,3.2202110482005915,-1.0,0.8,-0.03775363620039507,0.8660254037844387,-0.4999999999999998,1,1.0,1.0,True
ZECUSDT,trend_ema__directionshort_only_fast21_rsi_threshold58.0_slow89,trend_ema,2026-03-03 09:15:00+00:00,2026-03-03 12:00:00+00:00,short,-0.014604305522655694,-0.013804305522655694,stop,11,0.42096695003677637,0,False,True,False,0.01857996242479645,0.011531580830656628,0,0,0.021837758692656327,214.9,215.65,212.76,213.38,20104.958,2026-03-03 09:29:59.999000+00:00,4304476.78567,23581,8437.309,1807436.25835,-0.007191252097305447,-0.025540390765502137,-0.041537831602323716,-3.928207239700383,0.5259515570934264,0.2595155709342547,0.21453287197231882,0.013543912269191183,28.95165249816118,-0.8583167903558968,-0.026166452463447617,-0.031371519701069564,-0.007587171430102679,-0.004619309141138062,0.05164462319826304,-1.132069931104759,2.0425858845425013,0.7185475501952343,1.4779232574487557,-1.0,0.8,-0.042108098401867466,0.7071067811865476,-0.7071067811865475,1,1.0,1.0,True
ZECUSDT,trend_ema__directionboth_fast21_rsi_threshold58.0_slow89,trend_ema,2026-03-03 09:15:00+00:00,2026-03-03 12:00:00+00:00,short,-0.014604305522655694,-0.013804305522655694,stop,11,0.42096695003677637,0,False,True,False,0.01857996242479645,0.011531580830656628,0,1,0.018193552271125124,214.9,215.65,212.76,213.38,20104.958,2026-03-03 09:29:59.999000+00:00,4304476.78567,23581,8437.309,1807436.25835,-0.007191252097305447,-0.025540390765502137,-0.041537831602323716,-3.928207239700383,0.5259515570934264,0.2595155709342547,0.21453287197231882,0.013543912269191183,28.95165249816118,-0.8583167903558968,-0.026166452463447617,-0.031371519701069564,-0.007587171430102679,-0.004619309141138062,0.05164462319826304,-1.132069931104759,2.0425858845425013,0.7185475501952343,1.4779232574487557,-1.0,0.8,-0.042108098401867466,0.7071067811865476,-0.7071067811865475,1,1.0,0.75384617,True
SOLUSDT,trend_ema__directionshort_only_fast21_rsi_threshold52.0_slow55,trend_ema,2026-03-03 21:15:00+00:00,2026-03-03 22:00:00+00:00,short,-0.014565174340506746,-0.013765174340506746,stop,3,0.10386477687466211,0,False,True,False,0.01707764153734212,0.004111475994685913,0,0,0.012224814193584944,84.49,84.62,84.13,84.36,160007.81,2026-03-03 21:29:59.999000+00:00,13497729.3789,16779,73619.71,6211941.2213,-0.0016581787525543736,-0.006027318371011701,-0.006498516400698188,-0.9219430027087969,0.2653061224489654,0.2653061224489944,0.4693877551020402,0.005808440018966443,44.806761156266894,-0.10337751069923584,-0.005885094305266956,-0.006190589568774446,-0.0012970321042501398,-0.00041127576526001075,0.015274536049110587,-0.9644704191176245,0.7548565072476845,-0.987412210363767,0.3260301511985571,-1.0,0.78,-0.014255667211965362,-0.7071067811865477,0.7071067811865474,1,2.0,0.92771083,True
ETHUSDT,trend_ema__directionshort_only_fast12_rsi_threshold52.0_slow89,trend_ema,2026-03-03 21:15:00+00:00,2026-03-03 23:00:00+00:00,short,-0.012869642011066374,-0.012069642011066374,stop,7,0.15177639118159306,0,False,True,False,0.017437997350661618,0.004334681559949815,0,0,0.012953298266486868,1966.98,1968.73,1958.16,1962.28,42214.877,2026-03-03 21:29:59.999000+00:00,82857408.04147,71879,15685.027,30785370.9535,-0.0023973930302020117,-0.009555278869020642,-0.006552470960953704,-1.7974029761952783,0.44465468306528605,0.16556291390728575,0.38978240302742817,0.005386591108302554,42.41118044092035,-2.560963218518945,-0.00709633115797376,-0.007155240722369417,-0.0013872763743866257,-0.000280610543195281,0.015833019118669616,-1.0661508980742678,15.449446824113812,-0.6980665180521174,0.4333364575370777,-1.0,0.77,-0.014924623872370146,-0.7071067811865477,0.7071067811865474,1,2.0,0.92771083,True
SOLUSDT,trend_ema__directionboth_fast9_rsi_threshold58.0_slow89,trend_ema,2026-03-03 22:30:00+00:00,2026-03-04 01:30:00+00:00,long,0.020338162160572718,0.021138162160572717,target,12,0.2923360839134307,1,True,False,False,0.0008490918414446792,0.026066810174255207,0,0,0.0179465041316905,85.81,86.61,85.75,86.53,293732.99,2026-03-03 22:44:59.999000+00:00,25336384.8919,30271,180553.64,15580076.0503,0.008239095055268824,0.02125751617518803,0.011039563629976611,4.8676866781556365,0.8372093023255807,0.09302325581395157,0.06976744186046781,0.009938749566624286,64.61680419567153,0.12454092328363303,0.01574990019890589,0.01755339306899362,0.003558898274767186,0.0015181828913566342,0.023601066763741314,1.3759149862697995,0.7352511735168278,-0.4037952681909607,0.6973262589475294,1.0,0.64,0.0,-0.5000000000000004,0.8660254037844384,1,2.0,0.92771083,True
XRPUSDT,trend_ema__directionshort_only_fast12_rsi_threshold55.0_slow34,trend_ema,2026-03-04 03:30:00+00:00,2026-03-04 07:15:00+00:00,short,-0.007817054773055283,-0.007017054773055283,signal_exit,15,0.25031374067777407,0,False,False,False,0.007017054773055283,0.00738156127627338,0,5,-0.0004028535925130427,1.3545,1.3551,1.3443,1.3467,14141807.2,2026-03-04 03:44:59.999000+00:00,19060265.22122,29957,6186789.7,8338767.04623,-0.0058490523248072215,-0.00828223324875303,-0.010782970062431209,-2.9104855680575636,0.7222222222222302,0.05555555555554984,0.22222222222221993,0.008019603475161447,37.4843129661113,-0.0011158242486169743,-0.00846618421624966,-0.009271150120999043,-0.0012462726718260875,-0.0005818250361283583,0.012624053707830374,-1.4696967602402675,0.007107041656919003,3.721954762032704,3.2477927276446494,-1.0,0.53,-0.014201010174950679,0.7071067811865476,0.7071067811865476,2,0.0,0.75384617,True
ETHUSDT,trend_ema__directionboth_fast9_rsi_threshold58.0_slow89,trend_ema,2026-03-04 07:45:00+00:00,2026-03-04 08:00:00+00:00,long,0.01318160156264314,0.01398160156264314,target,1,0.3436706676844273,1,True,False,False,0.0017509902440088793,0.01588524414655202,0,3,-0.006266955075505884,1992.19,2010.0,1989.0,2005.72,155515.442,2026-03-04 07:59:59.999000+00:00,311328905.33432,202354,76090.241,152326366.42746,0.006768562401160023,0.01328511347173633,0.023267830854142118,3.0762215729442492,0.644285714285713,0.2038095238095225,0.1519047619047645,0.01047005564086712,67.18353338422136,4.427192002980287,0.014622988232401565,0.015546422537321249,0.003300298785430922,0.0014999499864538635,0.02888487370538025,1.2732548792049567,11.847325826724525,2.9282836641830636,3.2977566172877393,1.0,0.63,0.0,0.9659258262890683,-0.25881904510252063,2,0.0,0.92771083,True
XRPUSDT,trend_ema__directionlong_only_fast9_rsi_threshold58.0_slow89,trend_ema,2026-03-04 07:45:00+00:00,2026-03-04 08:45:00+00:00,long,0.010400604004728657,0.011200604004728658,target,4,0.3363646810966472,1,True,False,False,0.0012467051331696765,0.027926249819382562,0,3,-0.006137331193992876,1.3675,1.3765,1.366,1.3742,11640007.2,2026-03-04 07:59:59.999000+00:00,15977502.52413,24955,6564602.6,9012004.73453,0.004887488300839465,0.011343383366697676,0.01621280423226327,3.463742316231057,0.6380952380952553,0.21904761904761702,0.14285714285712775,0.007640809198078848,66.81823405483236,0.0022436002991334503,0.010994781123079299,0.011530883628617464,0.00252044019559583,0.001074499658719752,0.020509136275243166,1.3136008787986102,0.006439960157277645,2.464487461213925,2.4653643353262122,1.0,0.61,0.0,0.9659258262890683,-0.25881904510252063,2,0.0,0.92771083,True
ETHUSDT,trend_ema__directionlong_only_fast12_rsi_threshold58.0_slow55,trend_ema,2026-03-04 07:45:00+00:00,2026-03-04 08:00:00+00:00,long,0.01318160156264314,0.01398160156264314,target,1,0.3436706676844273,1,True,False,False,0.0017509902440088793,0.01588524414655202,0,4,-0.009124258545020879,1992.19,2010.0,1989.0,2005.72,155515.442,2026-03-04 07:59:59.999000+00:00,311328905.33432,202354,76090.241,152326366.42746,0.006768562401160023,0.01328511347173633,0.023267830854142118,3.0762215729442492,0.644285714285713,0.2038095238095225,0.1519047619047645,0.01047005564086712,67.18353338422136,4.427192002980287,0.014622988232401565,0.015546422537321249,0.003300298785430922,0.0014999499864538635,0.02888487370538025,1.2732548792049567,11.847325826724525,2.9282836641830636,3.2977566172877393,1.0,0.63,0.0,0.9659258262890683,-0.25881904510252063,2,0.0,0.75384617,True
XRPUSDT,trend_ema__directionboth_fast21_rsi_threshold58.0_slow89,trend_ema,2026-03-04 08:15:00+00:00,2026-03-04 08:45:00+00:00,long,0.010925485368671075,0.011725485368671075,target,2,0.19526289670072458,1,True,False,False,0.005093611730799132,0.022096376520036085,0,0,0.007116637790564512,1.3753,1.3753,1.3685,1.3695,8043872.0,2026-03-04 08:29:59.999000+00:00,11031304.72241,17596,3307615.7,4535676.21917,-0.00422617941752923,0.004170788616580387,0.017011345826536538,1.264311553987851,0.8529411764706026,0.0,0.14705882352939736,0.004965315808689243,59.76314483503623,0.002252307575711433,0.005856879072141049,0.007353175567784938,0.0029307217295033716,0.0017589814000236181,0.025424264736489836,0.6980121084112824,0.0064762921764281636,0.8269644229056522,1.5390876459977285,1.0,0.61,-0.004217261688358898,0.8660254037844387,-0.4999999999999998,2,1.0,0.75384617,True
ETHUSDT,trend_ema__directionboth_fast21_rsi_threshold58.0_slow89,trend_ema,2026-03-04 08:15:00+00:00,2026-03-04 08:45:00+00:00,long,0.014774691233267386,0.015574691233267386,target,2,0.3026727188070112,1,True,False,False,0.005031785546721075,0.028429251439478956,0,0,0.008729123023209417,2009.2,2009.29,1999.39,2004.87,82144.465,2026-03-04 08:29:59.999000+00:00,164664035.12344,126294,38671.239,77521497.91504,-0.002157412142524895,0.010030838066613031,0.026274014676853225,2.472479364738841,0.437373737373759,0.009090909090900948,0.55353535353534,0.004937976028370849,65.13363594035056,4.931223002998737,0.011442209427136375,0.013884346410482265,0.004371759296059263,0.0025585279459330312,0.036955682265310846,0.8659227558235725,12.33187788120634,0.635162784834158,1.5596128832015912,1.0,0.55,-0.00215508660163255,0.8660254037844387,-0.4999999999999998,2,1.0,0.75384617,True
DOGEUSDT,trend_ema__directionlong_only_fast12_rsi_threshold58.0_slow55,trend_ema,2026-03-04 08:45:00+00:00,2026-03-04 08:45:00+00:00,long,0.016156007220374594,0.016956007220374592,target,0,0.43918984238923686,1,True,False,False,0.00014997750337464533,0.02013363927053699,0,0,0.016175472936411098,0.0907,0.09254,0.0907,0.09225,325024005.0,2026-03-04 08:59:59.999000+00:00,29811475.83672,53029,149247183.0,13686946.2899,0.016834678293783763,0.02380411852925647,0.033172913356304894,4.138701119631194,0.8423913043478264,0.1576086956521736,0.0,0.01994579945799452,71.95949211946184,0.0002865930268654316,0.026062934678816266,0.02716229088362315,0.004468094384493915,0.0021849353939666916,0.03621156037757046,1.6798726755372686,0.0007027379153645896,3.8739434392581154,4.238509974799703,1.0,0.82,0.0,0.8660254037844387,-0.4999999999999998,2,1.0,0.92771083,True
XRPUSDT,trend_ema__directionlong_only_fast12_rsi_threshold58.0_slow55,trend_ema,2026-03-05 10:30:00+00:00,2026-03-05 13:15:00+00:00,long,-0.008262785639057874,-0.007462785639057875,stop,11,0.3601929645207727,0,False,True,False,0.012233176830670867,0.008183263412002184,0,0,0.01077693051570657,1.4398,1.4473,1.4372,1.4426,12439592.5,2026-03-05 10:44:59.999000+00:00,17949945.88371,26861,6520691.6,9409534.89714,0.0019428260343697095,0.011854263353027434,0.017481740218755783,3.3398550818483854,0.27722772277229074,0.46534653465345815,0.2574257425742511,0.007001247747123247,68.00964822603864,0.0030241151042647236,0.01213983671266952,0.012609935496475185,0.0029238394838697612,0.0013263267113305943,0.025888473324198674,1.1472761881385878,0.0073740426910519005,2.807031387620898,2.2228164029987894,1.0,0.44,0.0,0.49999999999999994,-0.8660254037844387,3,1.0,0.75384617,True
DOGEUSDT,trend_ema__directionboth_fast9_rsi_threshold58.0_slow89,trend_ema,2026-03-05 12:00:00+00:00,2026-03-05 14:30:00+00:00,short,0.01667825198044437,0.017478251980444368,target,10,0.16509759441211544,1,True,False,False,0.006098327102988629,0.017486178853372253,0,2,-0.002875090774070238,0.09584,0.09598,0.09546,0.09582,95111430.0,2026-03-05 12:14:59.999000+00:00,9109054.50014,20608,45785948.0,4385717.03689,-0.0002087029121630955,-0.016867994498593677,0.002821760768694107,-3.533125803137573,0.03846153846152409,0.2692307692307754,0.6923076923077005,0.00542684199540798,41.74512027939423,-4.70972907059159e-06,-0.006383495854141321,-0.009884504151314567,-0.002148879627271172,-0.0008191786918236854,0.02885016506710629,-0.31902596233508324,0.0006592353494834024,0.13388487281352698,1.0865214186374366,-1.0,0.39,-0.018438844499078066,1.2246467991473532e-16,-1.0,3,1.0,0.75384617,True
DOGEUSDT,trend_ema__directionshort_only_fast9_rsi_threshold52.0_slow89,trend_ema,2026-03-05 12:00:00+00:00,2026-03-05 14:30:00+00:00,short,0.01667825198044437,0.017478251980444368,target,10,0.16509759441211544,1,True,False,False,0.006098327102988629,0.017486178853372253,0,1,-8.792075207422062e-06,0.09584,0.09598,0.09546,0.09582,95111430.0,2026-03-05 12:14:59.999000+00:00,9109054.50014,20608,45785948.0,4385717.03689,-0.0002087029121630955,-0.016867994498593677,0.002821760768694107,-3.533125803137573,0.03846153846152409,0.2692307692307754,0.6923076923077005,0.00542684199540798,41.74512027939423,-4.70972907059159e-06,-0.006383495854141321,-0.009884504151314567,-0.002148879627271172,-0.0008191786918236854,0.02885016506710629,-0.31902596233508324,0.0006592353494834024,0.13388487281352698,1.0865214186374366,-1.0,0.39,-0.018438844499078066,1.2246467991473532e-16,-1.0,3,1.0,0.75384617,True
DOGEUSDT,trend_ema__directionboth_fast12_rsi_threshold55.0_slow89,trend_ema,2026-03-05 12:00:00+00:00,2026-03-05 14:30:00+00:00,short,0.01667825198044437,0.017478251980444368,target,10,0.16509759441211544,1,True,False,False,0.006098327102988629,0.017486178853372253,0,0,0.002857506623655394,0.09584,0.09598,0.09546,0.09582,95111430.0,2026-03-05 12:14:59.999000+00:00,9109054.50014,20608,45785948.0,4385717.03689,-0.0002087029121630955,-0.016867994498593677,0.002821760768694107,-3.533125803137573,0.03846153846152409,0.2692307692307754,0.6923076923077005,0.00542684199540798,41.74512027939423,-4.70972907059159e-06,-0.006383495854141321,-0.009884504151314567,-0.002148879627271172,-0.0008191786918236854,0.02885016506710629,-0.31902596233508324,0.0006592353494834024,0.13388487281352698,1.0865214186374366,-1.0,0.39,-0.018438844499078066,1.2246467991473532e-16,-1.0,3,1.0,0.92771083,True
DOGEUSDT,trend_ema__directionshort_only_fast9_rsi_threshold55.0_slow89,trend_ema,2026-03-05 12:00:00+00:00,2026-03-05 14:30:00+00:00,short,0.01667825198044437,0.017478251980444368,target,10,0.16509759441211544,1,True,False,False,0.006098327102988629,0.017486178853372253,0,0,0.0057238053225182085,0.09584,0.09598,0.09546,0.09582,95111430.0,2026-03-05 12:14:59.999000+00:00,9109054.50014,20608,45785948.0,4385717.03689,-0.0002087029121630955,-0.016867994498593677,0.002821760768694107,-3.533125803137573,0.03846153846152409,0.2692307692307754,0.6923076923077005,0.00542684199540798,41.74512027939423,-4.70972907059159e-06,-0.006383495854141321,-0.009884504151314567,-0.002148879627271172,-0.0008191786918236854,0.02885016506710629,-0.31902596233508324,0.0006592353494834024,0.13388487281352698,1.0865214186374366,-1.0,0.39,-0.018438844499078066,1.2246467991473532e-16,-1.0,3,1.0,0.92771083,True
DOGEUSDT,trend_ema__directionboth_fast12_rsi_threshold52.0_slow89,trend_ema,2026-03-05 12:00:00+00:00,2026-03-05 14:30:00+00:00,short,0.01667825198044437,0.017478251980444368,target,10,0.16509759441211544,1,True,False,False,0.006098327102988629,0.017486178853372253,0,0,0.008590104021381025,0.09584,0.09598,0.09546,0.09582,95111430.0,2026-03-05 12:14:59.999000+00:00,9109054.50014,20608,45785948.0,4385717.03689,-0.0002087029121630955,-0.016867994498593677,0.002821760768694107,-3.533125803137573,0.03846153846152409,0.2692307692307754,0.6923076923077005,0.00542684199540798,41.74512027939423,-4.70972907059159e-06,-0.006383495854141321,-0.009884504151314567,-0.002148879627271172,-0.0008191786918236854,0.02885016506710629,-0.31902596233508324,0.0006592353494834024,0.13388487281352698,1.0865214186374366,-1.0,0.39,-0.018438844499078066,1.2246467991473532e-16,-1.0,3,1.0,0.92771083,True
DOGEUSDT,trend_ema__directionshort_only_fast12_rsi_threshold52.0_slow89,trend_ema,2026-03-05 12:00:00+00:00,2026-03-05 14:30:00+00:00,short,0.01667825198044437,0.017478251980444368,target,10,0.16509759441211544,1,True,False,False,0.006098327102988629,0.017486178853372253,0,0,0.014157053459751476,0.09584,0.09598,0.09546,0.09582,95111430.0,2026-03-05 12:14:59.999000+00:00,9109054.50014,20608,45785948.0,4385717.03689,-0.0002087029121630955,-0.016867994498593677,0.002821760768694107,-3.533125803137573,0.03846153846152409,0.2692307692307754,0.6923076923077005,0.00542684199540798,41.74512027939423,-4.70972907059159e-06,-0.006383495854141321,-0.009884504151314567,-0.002148879627271172,-0.0008191786918236854,0.02885016506710629,-0.31902596233508324,0.0006592353494834024,0.13388487281352698,1.0865214186374366,-1.0,0.39,-0.018438844499078066,1.2246467991473532e-16,-1.0,3,1.0,0.92771083,True
DOGEUSDT,trend_ema__directionshort_only_fast12_rsi_threshold58.0_slow89,trend_ema,2026-03-05 12:00:00+00:00,2026-03-05 14:30:00+00:00,short,0.01667825198044437,0.017478251980444368,target,10,0.16509759441211544,1,True,False,False,0.006098327102988629,0.017486178853372253,0,0,0.01685770419925911,0.09584,0.09598,0.09546,0.09582,95111430.0,2026-03-05 12:14:59.999000+00:00,9109054.50014,20608,45785948.0,4385717.03689,-0.0002087029121630955,-0.016867994498593677,0.002821760768694107,-3.533125803137573,0.03846153846152409,0.2692307692307754,0.6923076923077005,0.00542684199540798,41.74512027939423,-4.70972907059159e-06,-0.006383495854141321,-0.009884504151314567,-0.002148879627271172,-0.0008191786918236854,0.02885016506710629,-0.31902596233508324,0.0006592353494834024,0.13388487281352698,1.0865214186374366,-1.0,0.39,-0.018438844499078066,1.2246467991473532e-16,-1.0,3,1.0,0.92771083,True
DOGEUSDT,trend_ema__directionshort_only_fast12_rsi_threshold55.0_slow89,trend_ema,2026-03-05 12:00:00+00:00,2026-03-05 14:30:00+00:00,short,0.01667825198044437,0.017478251980444368,target,10,0.16509759441211544,1,True,False,False,0.006098327102988629,0.017486178853372253,0,0,0.01679788679298753,0.09584,0.09598,0.09546,0.09582,95111430.0,2026-03-05 12:14:59.999000+00:00,9109054.50014,20608,45785948.0,4385717.03689,-0.0002087029121630955,-0.016867994498593677,0.002821760768694107,-3.533125803137573,0.03846153846152409,0.2692307692307754,0.6923076923077005,0.00542684199540798,41.74512027939423,-4.70972907059159e-06,-0.006383495854141321,-0.009884504151314567,-0.002148879627271172,-0.0008191786918236854,0.02885016506710629,-0.31902596233508324,0.0006592353494834024,0.13388487281352698,1.0865214186374366,-1.0,0.39,-0.018438844499078066,1.2246467991473532e-16,-1.0,3,1.0,0.92771083,True
DOGEUSDT,trend_ema__directionboth_fast12_rsi_threshold58.0_slow89,trend_ema,2026-03-05 12:00:00+00:00,2026-03-05 14:30:00+00:00,short,0.01667825198044437,0.017478251980444368,target,10,0.16509759441211544,1,True,False,False,0.006098327102988629,0.017486178853372253,0,0,0.011456402720243841,0.09584,0.09598,0.09546,0.09582,95111430.0,2026-03-05 12:14:59.999000+00:00,9109054.50014,20608,45785948.0,4385717.03689,-0.0002087029121630955,-0.016867994498593677,0.002821760768694107,-3.533125803137573,0.03846153846152409,0.2692307692307754,0.6923076923077005,0.00542684199540798,41.74512027939423,-4.70972907059159e-06,-0.006383495854141321,-0.009884504151314567,-0.002148879627271172,-0.0008191786918236854,0.02885016506710629,-0.31902596233508324,0.0006592353494834024,0.13388487281352698,1.0865214186374366,-1.0,0.39,-0.018438844499078066,1.2246467991473532e-16,-1.0,3,1.0,0.92771083,True
ZECUSDT,trend_ema__directionshort_only_fast12_rsi_threshold58.0_slow89,trend_ema,2026-03-05 12:15:00+00:00,2026-03-05 16:15:00+00:00,short,0.019954056164572225,0.020754056164572224,target,16,0.2542542225878144,1,True,False,False,0.006820254794022651,0.027471580443791388,0,0,0.010561191499841882,233.91,233.91,232.07,232.99,25162.791,2026-03-05 12:29:59.999000+00:00,5863733.38495,26015,12350.067,2879099.27272,-0.003940891799876478,-0.012666764945132789,-0.009950755806513447,-2.2689580491847803,0.4999999999999923,0.0,0.5000000000000078,0.00789733464955579,37.28728887060928,-0.370247523995411,-0.01343282424192579,-0.017903281856347562,-0.0035738140538713603,-0.002818178897070145,0.032191986836037745,-0.8489903465847878,1.9342882906692849,1.9444459247007135,1.9304430053277075,-1.0,0.52,-0.029693486590038343,1.2246467991473532e-16,-1.0,3,1.0,0.92771083,True
ZECUSDT,trend_ema__directionboth_fast12_rsi_threshold52.0_slow89,trend_ema,2026-03-05 12:15:00+00:00,2026-03-05 16:15:00+00:00,short,0.019954056164572225,0.020754056164572224,target,16,0.2542542225878144,1,True,False,False,0.006820254794022651,0.027471580443791388,0,0,0.013721294979443608,233.91,233.91,232.07,232.99,25162.791,2026-03-05 12:29:59.999000+00:00,5863733.38495,26015,12350.067,2879099.27272,-0.003940891799876478,-0.012666764945132789,-0.009950755806513447,-2.2689580491847803,0.4999999999999923,0.0,0.5000000000000078,0.00789733464955579,37.28728887060928,-0.370247523995411,-0.01343282424192579,-0.017903281856347562,-0.0035738140538713603,-0.002818178897070145,0.032191986836037745,-0.8489903465847878,1.9342882906692849,1.9444459247007135,1.9304430053277075,-1.0,0.52,-0.029693486590038343,1.2246467991473532e-16,-1.0,3,1.0,0.92771083,True
ZECUSDT,trend_ema__directionboth_fast12_rsi_threshold58.0_slow89,trend_ema,2026-03-05 12:15:00+00:00,2026-03-05 16:15:00+00:00,short,0.019954056164572225,0.020754056164572224,target,16,0.2542542225878144,1,True,False,False,0.006820254794022651,0.027471580443791388,0,0,0.004240984540638428,233.91,233.91,232.07,232.99,25162.791,2026-03-05 12:29:59.999000+00:00,5863733.38495,26015,12350.067,2879099.27272,-0.003940891799876478,-0.012666764945132789,-0.009950755806513447,-2.2689580491847803,0.4999999999999923,0.0,0.5000000000000078,0.00789733464955579,37.28728887060928,-0.370247523995411,-0.01343282424192579,-0.017903281856347562,-0.0035738140538713603,-0.002818178897070145,0.032191986836037745,-0.8489903465847878,1.9342882906692849,1.9444459247007135,1.9304430053277075,-1.0,0.52,-0.029693486590038343,1.2246467991473532e-16,-1.0,3,1.0,0.92771083,True
ZECUSDT,trend_ema__directionshort_only_fast12_rsi_threshold55.0_slow89,trend_ema,2026-03-05 12:15:00+00:00,2026-03-05 16:15:00+00:00,short,0.019954056164572225,0.020754056164572224,target,16,0.2542542225878144,1,True,False,False,0.006820254794022651,0.027471580443791388,0,0,0.007401088020240155,233.91,233.91,232.07,232.99,25162.791,2026-03-05 12:29:59.999000+00:00,5863733.38495,26015,12350.067,2879099.27272,-0.003940891799876478,-0.012666764945132789,-0.009950755806513447,-2.2689580491847803,0.4999999999999923,0.0,0.5000000000000078,0.00789733464955579,37.28728887060928,-0.370247523995411,-0.01343282424192579,-0.017903281856347562,-0.0035738140538713603,-0.002818178897070145,0.032191986836037745,-0.8489903465847878,1.9342882906692849,1.9444459247007135,1.9304430053277075,-1.0,0.52,-0.029693486590038343,1.2246467991473532e-16,-1.0,3,1.0,0.75384617,True
ZECUSDT,trend_ema__directionboth_fast21_rsi_threshold58.0_slow89,trend_ema,2026-03-05 12:30:00+00:00,2026-03-05 16:15:00+00:00,short,0.019957279800868,0.020757279800867997,target,15,0.177147607634206,1,True,False,False,0.010752471239784714,0.02367329348329289,0,0,0.019984171846819238,233.0,234.22,232.28,233.89,12465.836,2026-03-05 12:44:59.999000+00:00,2909070.79179,18327,6344.383,1481199.65197,0.003855385173060694,0.0008126778179902578,-0.01042052684806696,0.14503668155288335,0.45876288659793163,0.1701030927835118,0.37113402061855655,0.008294497413313942,41.1426196182897,-0.35385302330815405,-0.00862525132538894,-0.013437940606050882,-0.003417916220873951,-0.003049922470485744,0.03333813473456534,-0.5693476709839033,1.934696269907193,-0.12920423770779182,0.9406038221764851,-1.0,0.54,-0.0259453606530069,1.2246467991473532e-16,-1.0,3,1.0,0.92771083,True
ZECUSDT,trend_ema__directionshort_only_fast21_rsi_threshold55.0_slow89,trend_ema,2026-03-05 12:30:00+00:00,2026-03-05 16:15:00+00:00,short,0.019957279800868,0.020757279800867997,target,15,0.177147607634206,1,True,False,False,0.010752471239784714,0.02367329348329289,0,0,0.020012998074547938,233.0,234.22,232.28,233.89,12465.836,2026-03-05 12:44:59.999000+00:00,2909070.79179,18327,6344.383,1481199.65197,0.003855385173060694,0.0008126778179902578,-0.01042052684806696,0.14503668155288335,0.45876288659793163,0.1701030927835118,0.37113402061855655,0.008294497413313942,41.1426196182897,-0.35385302330815405,-0.00862525132538894,-0.013437940606050882,-0.003417916220873951,-0.003049922470485744,0.03333813473456534,-0.5693476709839033,1.934696269907193,-0.12920423770779182,0.9406038221764851,-1.0,0.54,-0.0259453606530069,1.2246467991473532e-16,-1.0,3,1.0,0.92771083,True
ZECUSDT,trend_ema__directionshort_only_fast21_rsi_threshold58.0_slow89,trend_ema,2026-03-05 12:30:00+00:00,2026-03-05 16:15:00+00:00,short,0.019957279800868,0.020757279800867997,target,15,0.177147607634206,1,True,False,False,0.010752471239784714,0.02367329348329289,0,0,0.02004182430227664,233.0,234.22,232.28,233.89,12465.836,2026-03-05 12:44:59.999000+00:00,2909070.79179,18327,6344.383,1481199.65197,0.003855385173060694,0.0008126778179902578,-0.01042052684806696,0.14503668155288335,0.45876288659793163,0.1701030927835118,0.37113402061855655,0.008294497413313942,41.1426196182897,-0.35385302330815405,-0.00862525132538894,-0.013437940606050882,-0.003417916220873951,-0.003049922470485744,0.03333813473456534,-0.5693476709839033,1.934696269907193,-0.12920423770779182,0.9406038221764851,-1.0,0.54,-0.0259453606530069,1.2246467991473532e-16,-1.0,3,1.0,0.92771083,True
ZECUSDT,trend_ema__directionshort_only_fast21_rsi_threshold52.0_slow89,trend_ema,2026-03-05 12:30:00+00:00,2026-03-05 16:15:00+00:00,short,0.019957279800868,0.020757279800867997,target,15,0.177147607634206,1,True,False,False,0.010752471239784714,0.02367329348329289,0,0,0.016881398459045332,233.0,234.22,232.28,233.89,12465.836,2026-03-05 12:44:59.999000+00:00,2909070.79179,18327,6344.383,1481199.65197,0.003855385173060694,0.0008126778179902578,-0.01042052684806696,0.14503668155288335,0.45876288659793163,0.1701030927835118,0.37113402061855655,0.008294497413313942,41.1426196182897,-0.35385302330815405,-0.00862525132538894,-0.013437940606050882,-0.003417916220873951,-0.003049922470485744,0.03333813473456534,-0.5693476709839033,1.934696269907193,-0.12920423770779182,0.9406038221764851,-1.0,0.54,-0.0259453606530069,1.2246467991473532e-16,-1.0,3,1.0,0.92771083,True
BTCUSDT,trend_ema__directionboth_fast21_rsi_threshold58.0_slow55,trend_ema,2026-03-05 15:15:00+00:00,2026-03-06 01:15:00+00:00,short,0.015033029275142043,0.015833029275142043,target,40,0.3720069335972548,1,True,False,False,0.0018518515592829293,0.019607083858204512,0,2,-0.000803060448610011,71757.1,71879.2,71223.3,71254.1,7102.219,2026-03-05 15:29:59.999000+00:00,507892863.6711,174500,3221.368,230404239.1529,-0.007034443095044866,-0.017488671335192434,-0.025377627314143412,-4.261796842175906,0.766885195914018,0.18615642628448292,0.04695837780149898,0.009205084339006376,31.39965332013726,-144.50005017605133,-0.016026423679063533,-0.017563550909316692,-0.002787600420537162,-0.001569259439938464,0.02792996791403813,-1.3582305465238185,468.7786853449747,2.049170611742534,2.409973071818863,-1.0,0.79,-0.028534227712108118,-0.7071067811865471,-0.7071067811865479,3,1.0,0.92771083,True
BTCUSDT,trend_ema__directionshort_only_fast21_rsi_threshold55.0_slow55,trend_ema,2026-03-05 15:15:00+00:00,2026-03-06 01:15:00+00:00,short,0.015033029275142043,0.015833029275142043,target,40,0.3720069335972548,1,True,False,False,0.0018518515592829293,0.019607083858204512,0,1,0.0015905859887152228,71757.1,71879.2,71223.3,71254.1,7102.219,2026-03-05 15:29:59.999000+00:00,507892863.6711,174500,3221.368,230404239.1529,-0.007034443095044866,-0.017488671335192434,-0.025377627314143412,-4.261796842175906,0.766885195914018,0.18615642628448292,0.04695837780149898,0.009205084339006376,31.39965332013726,-144.50005017605133,-0.016026423679063533,-0.017563550909316692,-0.002787600420537162,-0.001569259439938464,0.02792996791403813,-1.3582305465238185,468.7786853449747,2.049170611742534,2.409973071818863,-1.0,0.79,-0.028534227712108118,-0.7071067811865471,-0.7071067811865479,3,1.0,0.92771083,True
BTCUSDT,trend_ema__directionshort_only_fast21_rsi_threshold52.0_slow55,trend_ema,2026-03-05 15:15:00+00:00,2026-03-06 01:15:00+00:00,short,0.015033029275142043,0.015833029275142043,target,40,0.3720069335972548,1,True,False,False,0.0018518515592829293,0.019607083858204512,0,3,-0.003196706885935245,71757.1,71879.2,71223.3,71254.1,7102.219,2026-03-05 15:29:59.999000+00:00,507892863.6711,174500,3221.368,230404239.1529,-0.007034443095044866,-0.017488671335192434,-0.025377627314143412,-4.261796842175906,0.766885195914018,0.18615642628448292,0.04695837780149898,0.009205084339006376,31.39965332013726,-144.50005017605133,-0.016026423679063533,-0.017563550909316692,-0.002787600420537162,-0.001569259439938464,0.02792996791403813,-1.3582305465238185,468.7786853449747,2.049170611742534,2.409973071818863,-1.0,0.79,-0.028534227712108118,-0.7071067811865471,-0.7071067811865479,3,1.0,0.75384617,True
XRPUSDT,trend_ema__directionshort_only_fast9_rsi_threshold55.0_slow89,trend_ema,2026-03-05 15:45:00+00:00,2026-03-06 03:45:00+00:00,short,0.006119674411188569,0.006919674411188569,horizon,48,0.16196498719395208,1,False,False,True,0.005876477004172356,0.013635886480024458,0,0,0.004215352606273102,1.4147,1.418,1.411,1.416,7369407.7,2026-03-05 15:59:59.999000+00:00,10422663.44781,23241,3328470.8,4709082.39803,0.0009185007887763765,-0.014582423294270163,-0.013607560742306513,-3.190643580229172,0.18571428571426804,0.28571428571429025,0.5285714285714417,0.004943502824858683,41.901750640302396,-0.0023611451883294074,-0.006799504436295516,-0.007641769728772254,-0.0028102854326650384,-0.001109877162088324,0.027155458281705427,-0.7190091021988758,0.01008456291079288,-0.15261822794610067,0.9233433602253802,-1.0,0.75,-0.019865716065619266,-0.7071067811865471,-0.7071067811865479,3,1.0,0.92771083,True
XRPUSDT,trend_ema__directionshort_only_fast21_rsi_threshold58.0_slow55,trend_ema,2026-03-05 15:45:00+00:00,2026-03-06 03:45:00+00:00,short,0.006119674411188569,0.006919674411188569,horizon,48,0.16196498719395208,1,False,False,True,0.005876477004172356,0.013635886480024458,0,0,0.002789066811814781,1.4147,1.418,1.411,1.416,7369407.7,2026-03-05 15:59:59.999000+00:00,10422663.44781,23241,3328470.8,4709082.39803,0.0009185007887763765,-0.014582423294270163,-0.013607560742306513,-3.190643580229172,0.18571428571426804,0.28571428571429025,0.5285714285714417,0.004943502824858683,41.901750640302396,-0.0023611451883294074,-0.006799504436295516,-0.007641769728772254,-0.0028102854326650384,-0.001109877162088324,0.027155458281705427,-0.7190091021988758,0.01008456291079288,-0.15261822794610067,0.9233433602253802,-1.0,0.75,-0.019865716065619266,-0.7071067811865471,-0.7071067811865479,3,1.0,0.92771083,True
XRPUSDT,trend_ema__directionboth_fast21_rsi_threshold58.0_slow55,trend_ema,2026-03-05 15:45:00+00:00,2026-03-06 03:45:00+00:00,short,0.006119674411188569,0.006919674411188569,horizon,48,0.16196498719395208,1,False,False,True,0.005876477004172356,0.013635886480024458,0,0,-6.35047771018622e-05,1.4147,1.418,1.411,1.416,7369407.7,2026-03-05 15:59:59.999000+00:00,10422663.44781,23241,3328470.8,4709082.39803,0.0009185007887763765,-0.014582423294270163,-0.013607560742306513,-3.190643580229172,0.18571428571426804,0.28571428571429025,0.5285714285714417,0.004943502824858683,41.901750640302396,-0.0023611451883294074,-0.006799504436295516,-0.007641769728772254,-0.0028102854326650384,-0.001109877162088324,0.027155458281705427,-0.7190091021988758,0.01008456291079288,-0.15261822794610067,0.9233433602253802,-1.0,0.75,-0.019865716065619266,-0.7071067811865471,-0.7071067811865479,3,1.0,0.92771083,True
XRPUSDT,trend_ema__directionshort_only_fast9_rsi_threshold52.0_slow89,trend_ema,2026-03-05 15:45:00+00:00,2026-03-06 03:45:00+00:00,short,0.006119674411188569,0.006919674411188569,horizon,48,0.16196498719395208,1,False,False,True,0.005876477004172356,0.013635886480024458,0,0,0.0013627810173564591,1.4147,1.418,1.411,1.416,7369407.7,2026-03-05 15:59:59.999000+00:00,10422663.44781,23241,3328470.8,4709082.39803,0.0009185007887763765,-0.014582423294270163,-0.013607560742306513,-3.190643580229172,0.18571428571426804,0.28571428571429025,0.5285714285714417,0.004943502824858683,41.901750640302396,-0.0023611451883294074,-0.006799504436295516,-0.007641769728772254,-0.0028102854326650384,-0.001109877162088324,0.027155458281705427,-0.7190091021988758,0.01008456291079288,-0.15261822794610067,0.9233433602253802,-1.0,0.75,-0.019865716065619266,-0.7071067811865471,-0.7071067811865479,3,1.0,0.92771083,True
XRPUSDT,trend_ema__directionshort_only_fast21_rsi_threshold52.0_slow55,trend_ema,2026-03-05 15:45:00+00:00,2026-03-06 03:45:00+00:00,short,0.006119674411188569,0.006919674411188569,horizon,48,0.16196498719395208,1,False,False,True,0.005876477004172356,0.013635886480024458,0,1,-0.0014897905715601841,1.4147,1.418,1.411,1.416,7369407.7,2026-03-05 15:59:59.999000+00:00,10422663.44781,23241,3328470.8,4709082.39803,0.0009185007887763765,-0.014582423294270163,-0.013607560742306513,-3.190643580229172,0.18571428571426804,0.28571428571429025,0.5285714285714417,0.004943502824858683,41.901750640302396,-0.0023611451883294074,-0.006799504436295516,-0.007641769728772254,-0.0028102854326650384,-0.001109877162088324,0.027155458281705427,-0.7190091021988758,0.01008456291079288,-0.15261822794610067,0.9233433602253802,-1.0,0.75,-0.019865716065619266,-0.7071067811865471,-0.7071067811865479,3,1.0,0.75384617,True
XRPUSDT,trend_ema__directionboth_fast12_rsi_threshold58.0_slow89,trend_ema,2026-03-05 16:00:00+00:00,2026-03-06 04:00:00+00:00,short,0.009927315311986042,0.010727315311986042,horizon,48,0.33381319074045845,1,False,False,True,0.0049530028374312855,0.014541446753736252,0,0,0.006881202591348064,1.416,1.4162,1.3952,1.3994,26896524.5,2026-03-05 16:14:59.999000+00:00,37748172.67153,43312,11854106.2,16629459.02059,-0.01179242194186863,-0.015598728080998383,-0.026096410040131388,-3.023547888194245,0.7904761904761914,0.009523809523808517,0.2,0.015006431327711811,33.309340462977076,-0.003217701939803767,-0.016957398999370328,-0.01882622735879988,-0.0033394576101118956,-0.0020926558160204722,0.031712389217361255,-1.2518484371182599,0.010864236988593382,3.47875054510448,3.0742609484097834,-1.0,0.78,-0.0313559908631551,-0.8660254037844385,-0.5000000000000004,3,2.0,0.92771083,True
XRPUSDT,trend_ema__directionboth_fast12_rsi_threshold55.0_slow89,trend_ema,2026-03-05 16:00:00+00:00,2026-03-06 04:00:00+00:00,short,0.009927315311986042,0.010727315311986042,horizon,48,0.33381319074045845,1,False,False,True,0.0049530028374312855,0.014541446753736252,0,0,0.005641638400731425,1.416,1.4162,1.3952,1.3994,26896524.5,2026-03-05 16:14:59.999000+00:00,37748172.67153,43312,11854106.2,16629459.02059,-0.01179242194186863,-0.015598728080998383,-0.026096410040131388,-3.023547888194245,0.7904761904761914,0.009523809523808517,0.2,0.015006431327711811,33.309340462977076,-0.003217701939803767,-0.016957398999370328,-0.01882622735879988,-0.0033394576101118956,-0.0020926558160204722,0.031712389217361255,-1.2518484371182599,0.010864236988593382,3.47875054510448,3.0742609484097834,-1.0,0.78,-0.0313559908631551,-0.8660254037844385,-0.5000000000000004,3,2.0,0.92771083,True
SOLUSDT,trend_ema__directionshort_only_fast21_rsi_threshold52.0_slow89,trend_ema,2026-03-05 16:00:00+00:00,2026-03-06 04:00:00+00:00,short,0.013344216317574896,0.014144216317574896,horizon,48,0.36583520717924783,1,False,False,True,0.002941866023092429,0.019057860912276584,0,0,0.00796030788127181,89.56,89.58,87.85,88.18,1598369.62,2026-03-05 16:14:59.999000+00:00,141293154.3877,71026,662845.48,58541231.7234,-0.015528611800762402,-0.01753642061804555,-0.03826940852880452,-2.6815918041455196,0.7976878612716718,0.01156069364161617,0.190751445086712,0.019618961215695212,31.708239641037608,-0.29740224669789017,-0.024328259716274718,-0.02848092316299627,-0.005103535375820201,-0.003727631351540972,0.04872005899589828,-1.1625420745502084,0.8771651249923453,3.689929870708086,3.5734883183601127,-1.0,0.82,-0.04411924119241184,-0.8660254037844385,-0.5000000000000004,3,2.0,0.92771083,True
XRPUSDT,trend_ema__directionboth_fast12_rsi_threshold52.0_slow89,trend_ema,2026-03-05 16:00:00+00:00,2026-03-06 04:00:00+00:00,short,0.009927315311986042,0.010727315311986042,horizon,48,0.33381319074045845,1,False,False,True,0.0049530028374312855,0.014541446753736252,0,0,0.00726196668142781,1.416,1.4162,1.3952,1.3994,26896524.5,2026-03-05 16:14:59.999000+00:00,37748172.67153,43312,11854106.2,16629459.02059,-0.01179242194186863,-0.015598728080998383,-0.026096410040131388,-3.023547888194245,0.7904761904761914,0.009523809523808517,0.2,0.015006431327711811,33.309340462977076,-0.003217701939803767,-0.016957398999370328,-0.01882622735879988,-0.0033394576101118956,-0.0020926558160204722,0.031712389217361255,-1.2518484371182599,0.010864236988593382,3.47875054510448,3.0742609484097834,-1.0,0.78,-0.0313559908631551,-0.8660254037844385,-0.5000000000000004,3,2.0,0.92771083,True
SOLUSDT,trend_ema__directionshort_only_fast21_rsi_threshold58.0_slow89,trend_ema,2026-03-05 16:00:00+00:00,2026-03-06 04:00:00+00:00,short,0.013344216317574896,0.014144216317574896,horizon,48,0.36583520717924783,1,False,False,True,0.002941866023092429,0.019057860912276584,0,0,0.00736209583279369,89.56,89.58,87.85,88.18,1598369.62,2026-03-05 16:14:59.999000+00:00,141293154.3877,71026,662845.48,58541231.7234,-0.015528611800762402,-0.01753642061804555,-0.03826940852880452,-2.6815918041455196,0.7976878612716718,0.01156069364161617,0.190751445086712,0.019618961215695212,31.708239641037608,-0.29740224669789017,-0.024328259716274718,-0.02848092316299627,-0.005103535375820201,-0.003727631351540972,0.04872005899589828,-1.1625420745502084,0.8771651249923453,3.689929870708086,3.5734883183601127,-1.0,0.82,-0.04411924119241184,-0.8660254037844385,-0.5000000000000004,3,2.0,0.92771083,True
XRPUSDT,trend_ema__directionshort_only_fast12_rsi_threshold55.0_slow89,trend_ema,2026-03-05 16:00:00+00:00,2026-03-06 04:00:00+00:00,short,0.009927315311986042,0.010727315311986042,horizon,48,0.33381319074045845,1,False,False,True,0.0049530028374312855,0.014541446753736252,0,0,0.007642730771507558,1.416,1.4162,1.3952,1.3994,26896524.5,2026-03-05 16:14:59.999000+00:00,37748172.67153,43312,11854106.2,16629459.02059,-0.01179242194186863,-0.015598728080998383,-0.026096410040131388,-3.023547888194245,0.7904761904761914,0.009523809523808517,0.2,0.015006431327711811,33.309340462977076,-0.003217701939803767,-0.016957398999370328,-0.01882622735879988,-0.0033394576101118956,-0.0020926558160204722,0.031712389217361255,-1.2518484371182599,0.010864236988593382,3.47875054510448,3.0742609484097834,-1.0,0.78,-0.0313559908631551,-0.8660254037844385,-0.5000000000000004,3,2.0,0.92771083,True
SOLUSDT,trend_ema__directionboth_fast21_rsi_threshold58.0_slow89,trend_ema,2026-03-05 16:00:00+00:00,2026-03-06 04:00:00+00:00,short,0.013344216317574896,0.014144216317574896,horizon,48,0.36583520717924783,1,False,False,True,0.002941866023092429,0.019057860912276584,0,0,0.00855851992974993,89.56,89.58,87.85,88.18,1598369.62,2026-03-05 16:14:59.999000+00:00,141293154.3877,71026,662845.48,58541231.7234,-0.015528611800762402,-0.01753642061804555,-0.03826940852880452,-2.6815918041455196,0.7976878612716718,0.01156069364161617,0.190751445086712,0.019618961215695212,31.708239641037608,-0.29740224669789017,-0.024328259716274718,-0.02848092316299627,-0.005103535375820201,-0.003727631351540972,0.04872005899589828,-1.1625420745502084,0.8771651249923453,3.689929870708086,3.5734883183601127,-1.0,0.82,-0.04411924119241184,-0.8660254037844385,-0.5000000000000004,3,2.0,0.92771083,True
XRPUSDT,trend_ema__directionshort_only_fast12_rsi_threshold52.0_slow89,trend_ema,2026-03-05 16:00:00+00:00,2026-03-06 04:00:00+00:00,short,0.009927315311986042,0.010727315311986042,horizon,48,0.33381319074045845,1,False,False,True,0.0049530028374312855,0.014541446753736252,0,0,0.008023494861587304,1.416,1.4162,1.3952,1.3994,26896524.5,2026-03-05 16:14:59.999000+00:00,37748172.67153,43312,11854106.2,16629459.02059,-0.01179242194186863,-0.015598728080998383,-0.026096410040131388,-3.023547888194245,0.7904761904761914,0.009523809523808517,0.2,0.015006431327711811,33.309340462977076,-0.003217701939803767,-0.016957398999370328,-0.01882622735879988,-0.0033394576101118956,-0.0020926558160204722,0.031712389217361255,-1.2518484371182599,0.010864236988593382,3.47875054510448,3.0742609484097834,-1.0,0.78,-0.0313559908631551,-0.8660254037844385,-0.5000000000000004,3,2.0,0.92771083,True
XRPUSDT,trend_ema__directionshort_only_fast12_rsi_threshold58.0_slow89,trend_ema,2026-03-05 16:00:00+00:00,2026-03-06 04:00:00+00:00,short,0.009927315311986042,0.010727315311986042,horizon,48,0.33381319074045845,1,False,False,True,0.0049530028374312855,0.014541446753736252,0,0,0.007583052644665432,1.416,1.4162,1.3952,1.3994,26896524.5,2026-03-05 16:14:59.999000+00:00,37748172.67153,43312,11854106.2,16629459.02059,-0.01179242194186863,-0.015598728080998383,-0.026096410040131388,-3.023547888194245,0.7904761904761914,0.009523809523808517,0.2,0.015006431327711811,33.309340462977076,-0.003217701939803767,-0.016957398999370328,-0.01882622735879988,-0.0033394576101118956,-0.0020926558160204722,0.031712389217361255,-1.2518484371182599,0.010864236988593382,3.47875054510448,3.0742609484097834,-1.0,0.78,-0.0313559908631551,-0.8660254037844385,-0.5000000000000004,3,2.0,0.92771083,True
SOLUSDT,trend_ema__directionshort_only_fast21_rsi_threshold55.0_slow89,trend_ema,2026-03-05 16:00:00+00:00,2026-03-06 04:00:00+00:00,short,0.013344216317574896,0.014144216317574896,horizon,48,0.36583520717924783,1,False,False,True,0.002941866023092429,0.019057860912276584,0,0,0.009156731978228052,89.56,89.58,87.85,88.18,1598369.62,2026-03-05 16:14:59.999000+00:00,141293154.3877,71026,662845.48,58541231.7234,-0.015528611800762402,-0.01753642061804555,-0.03826940852880452,-2.6815918041455196,0.7976878612716718,0.01156069364161617,0.190751445086712,0.019618961215695212,31.708239641037608,-0.29740224669789017,-0.024328259716274718,-0.02848092316299627,-0.005103535375820201,-0.003727631351540972,0.04872005899589828,-1.1625420745502084,0.8771651249923453,3.689929870708086,3.5734883183601127,-1.0,0.82,-0.04411924119241184,-0.8660254037844385,-0.5000000000000004,3,2.0,0.92771083,True
BTCUSDT,trend_ema__directionshort_only_fast21_rsi_threshold52.0_slow89,trend_ema,2026-03-05 16:15:00+00:00,2026-03-06 04:15:00+00:00,short,0.0009115148024176019,0.001711514802417602,horizon,48,0.36512700776720325,1,False,False,True,0.009268877844621671,0.008782820026088158,0,0,0.0032253666856422226,70973.5,71095.2,70771.5,70953.8,4747.909,2026-03-05 16:29:59.999000+00:00,336826794.6404,97363,2059.232,146115703.174,-0.0002790158930333904,-0.004223400336740226,-0.02540810914789202,-0.932187971484972,0.06085881989495603,0.37596540006178,0.563175780043264,0.004562123522630177,31.74364961163984,-170.18528992518952,-0.014836118594084157,-0.019213319474268874,-0.004108906576522298,-0.003302213921487107,0.036915592528762045,-0.9626081505887466,488.1041032938833,0.4294523973647953,1.309773817202333,-1.0,0.82,-0.026823664954498394,-0.8660254037844385,-0.5000000000000004,3,2.0,0.92771083,True
BTCUSDT,trend_ema__directionboth_fast21_rsi_threshold58.0_slow89,trend_ema,2026-03-05 16:15:00+00:00,2026-03-06 04:15:00+00:00,short,0.0009115148024176019,0.001711514802417602,horizon,48,0.36512700776720325,1,False,False,True,0.009268877844621671,0.008782820026088158,0,0,0.0018132152383697783,70973.5,71095.2,70771.5,70953.8,4747.909,2026-03-05 16:29:59.999000+00:00,336826794.6404,97363,2059.232,146115703.174,-0.0002790158930333904,-0.004223400336740226,-0.02540810914789202,-0.932187971484972,0.06085881989495603,0.37596540006178,0.563175780043264,0.004562123522630177,31.74364961163984,-170.18528992518952,-0.014836118594084157,-0.019213319474268874,-0.004108906576522298,-0.003302213921487107,0.036915592528762045,-0.9626081505887466,488.1041032938833,0.4294523973647953,1.309773817202333,-1.0,0.82,-0.026823664954498394,-0.8660254037844385,-0.5000000000000004,3,2.0,0.92771083,True
BTCUSDT,trend_ema__directionshort_only_fast21_rsi_threshold55.0_slow89,trend_ema,2026-03-05 16:15:00+00:00,2026-03-06 04:15:00+00:00,short,0.0009115148024176019,0.001711514802417602,horizon,48,0.36512700776720325,1,False,False,True,0.009268877844621671,0.008782820026088158,0,0,0.001713026301041759,70973.5,71095.2,70771.5,70953.8,4747.909,2026-03-05 16:29:59.999000+00:00,336826794.6404,97363,2059.232,146115703.174,-0.0002790158930333904,-0.004223400336740226,-0.02540810914789202,-0.932187971484972,0.06085881989495603,0.37596540006178,0.563175780043264,0.004562123522630177,31.74364961163984,-170.18528992518952,-0.014836118594084157,-0.019213319474268874,-0.004108906576522298,-0.003302213921487107,0.036915592528762045,-0.9626081505887466,488.1041032938833,0.4294523973647953,1.309773817202333,-1.0,0.82,-0.026823664954498394,-0.8660254037844385,-0.5000000000000004,3,2.0,0.92771083,True
BTCUSDT,trend_ema__directionshort_only_fast21_rsi_threshold58.0_slow89,trend_ema,2026-03-05 16:15:00+00:00,2026-03-06 04:15:00+00:00,short,0.0009115148024176019,0.001711514802417602,horizon,48,0.36512700776720325,1,False,False,True,0.009268877844621671,0.008782820026088158,0,0,0.0016128373637137392,70973.5,71095.2,70771.5,70953.8,4747.909,2026-03-05 16:29:59.999000+00:00,336826794.6404,97363,2059.232,146115703.174,-0.0002790158930333904,-0.004223400336740226,-0.02540810914789202,-0.932187971484972,0.06085881989495603,0.37596540006178,0.563175780043264,0.004562123522630177,31.74364961163984,-170.18528992518952,-0.014836118594084157,-0.019213319474268874,-0.004108906576522298,-0.003302213921487107,0.036915592528762045,-0.9626081505887466,488.1041032938833,0.4294523973647953,1.309773817202333,-1.0,0.82,-0.026823664954498394,-0.8660254037844385,-0.5000000000000004,3,2.0,0.92771083,True
XRPUSDT,trend_ema__directionboth_fast21_rsi_threshold58.0_slow89,trend_ema,2026-03-05 16:30:00+00:00,2026-03-05 19:15:00+00:00,short,-0.01216362597336051,-0.011363625973360509,stop,11,0.1441383855419747,0,False,True,False,0.01253269675380871,0.005258501881871185,0,0,0.008404258951667052,1.4054,1.415,1.4044,1.4114,7348177.4,2026-03-05 16:44:59.999000+00:00,10366088.91921,21672,4065366.4,5734639.27923,0.004260159808632612,-0.0023353748981588354,-0.018879741043113685,-0.44193052811040245,0.5660377358490601,0.33962264150944027,0.09433962264149956,0.007510273487317517,42.793080722901266,-0.0025976901434831582,-0.006437050299614864,-0.009222251581859409,-0.0036074243311535747,-0.002352523446990884,0.03324962130623121,-0.5573452235231315,0.010642122709552455,-0.28546266502721457,0.8327757011364286,-1.0,0.8,-0.019929171585306493,-0.8660254037844385,-0.5000000000000004,3,2.0,0.92771083,True
DOGEUSDT,trend_ema__directionshort_only_fast12_rsi_threshold55.0_slow34,trend_ema,2026-03-07 04:30:00+00:00,2026-03-07 09:00:00+00:00,short,0.008855184728977415,0.009655184728977416,target,18,0.1460993408636051,1,True,False,False,0.0005896972027945427,0.011281519681518496,0,0,0.016738069386715952,0.09099,0.09103,0.09077,0.09092,31722449.0,2026-03-07 04:44:59.999000+00:00,2884967.59137,6656,10887381.0,990082.46646,-0.0008795075325076041,-0.0037325765149139266,-0.004170788616580345,-1.6202290374871577,0.2692307692307754,0.15384615384614975,0.5769230769230749,0.0028596568411790183,42.695032956819745,-7.111660349737108e-05,-0.0032577706393628614,-0.004461931377634951,-0.0010110156430450656,-0.0007346292128828091,0.01045594289816776,-0.8044669617086603,0.00034483186388889806,-0.3182860792943173,0.7888401230950489,-1.0,0.24,-0.011631699097727988,0.8660254037844386,0.5000000000000001,5,0.0,0.92771083,True
ZECUSDT,trend_ema__directionshort_only_fast12_rsi_threshold55.0_slow34,trend_ema,2026-03-07 13:45:00+00:00,2026-03-07 15:30:00+00:00,short,0.012500758782250666,0.013300758782250666,target,7,0.16999511667731554,1,True,False,False,0.0022646061846089034,0.013642830144669724,0,0,0.019955345619090535,208.11,208.39,207.61,207.79,6516.327,2026-03-07 13:59:59.999000+00:00,1355486.96667,7354,2396.894,498665.58001,-0.0015388317535310202,-0.0037947063812781836,-0.006571555008141136,-1.049478880525515,0.4102564102564523,0.35897435897433655,0.23076923076921116,0.0037537898840173866,41.50024416613422,-0.1866730879261702,-0.0051071964439118695,-0.007421933106084103,-0.001236756723934973,-0.0010488275032132233,0.014947616594130244,-0.879254932685021,1.0836821197568456,-0.6390611295565775,0.6146112125529227,-1.0,0.5,-0.011935330480266404,-0.2588190451025208,-0.9659258262890683,5,1.0,0.92771083,True
SOLUSDT,trend_ema__directionlong_only_fast12_rsi_threshold58.0_slow55,trend_ema,2026-03-08 10:00:00+00:00,2026-03-08 10:15:00+00:00,long,0.008427829785790314,0.009227829785790315,target,1,0.27635943034808963,1,True,False,False,0.0003905863404570433,0.011399246676588832,0,0,0.014747959816011375,83.11,83.41,83.09,83.37,128592.74,2026-03-08 10:14:59.999000+00:00,10709454.6087,10667,86281.19,7186369.4354,0.00324383056111958,0.00324383056111958,0.013525142777040831,1.5226130066281591,0.8125000000000333,0.1249999999999778,0.0624999999999889,0.0038383111430969554,63.81797151740448,0.07837296442673229,0.005765974188605615,0.0055960451237694235,0.0013617330072359657,0.0007900345583091717,0.015936322045774796,0.8914219208122004,0.3077577039737664,-0.31987434894759154,0.8097733771011237,-1.0,0.32,0.0,0.49999999999999994,-0.8660254037844387,6,1.0,0.75384617,True
XRPUSDT,trend_ema__directionboth_fast21_rsi_threshold58.0_slow89,trend_ema,2026-03-08 10:15:00+00:00,2026-03-08 11:45:00+00:00,long,-0.0052292268335147,-0.0044292268335147,stop,6,0.3430731011530628,0,False,True,False,0.0047030954905056864,0.0064593873166546596,0,3,-0.0032820065385977806,1.3615,1.3705,1.3611,1.368,8212188.9,2026-03-08 10:29:59.999000+00:00,11230082.87841,16855,4513976.7,6172398.92225,0.004762786068681703,0.003001576249666548,0.013541566950737398,1.3796157668618767,0.6914893617021405,0.26595744680850286,0.04255319148935668,0.006871345029239821,67.15365505765314,0.0008620099788937538,0.007035097170176815,0.008696651383756757,0.0013294828008509896,0.0011389971975992452,0.014777103967350961,1.05691165524631,0.004405088552611653,2.6399915653574557,2.337104893952605,1.0,0.83,0.0,0.49999999999999994,-0.8660254037844387,6,1.0,0.75384617,True
DOGEUSDT,trend_ema__directionshort_only_fast21_rsi_threshold55.0_slow55,trend_ema,2026-03-08 12:00:00+00:00,2026-03-08 12:15:00+00:00,short,0.011319067979786022,0.012119067979786022,target,1,0.2757678342504137,1,True,False,False,0.0018300057438626627,0.01496982666100928,0,0,0.012339125327296186,0.0893,0.08945,0.08827,0.08849,193316457.0,2026-03-08 12:14:59.999000+00:00,17148826.85351,30014,69208405.0,6143123.61156,-0.009111936603194641,-0.011237335915508084,-0.006982010345369583,-2.5773547778887242,0.6864406779661058,0.12711864406779433,0.1864406779660999,0.013334840094925986,36.211608287479315,-0.00013398894255541895,-0.012206921940590811,-0.01278853958125983,-0.0023664049463786307,-0.0010524716241829823,0.02706725576321461,-0.9202649314407216,0.00048619759039516955,3.2955142690607726,3.6181489791274433,-1.0,1.0,-0.027047828477185343,1.2246467991473532e-16,-1.0,6,1.0,0.92771083,True
DOGEUSDT,trend_ema__directionboth_fast21_rsi_threshold55.0_slow55,trend_ema,2026-03-08 12:00:00+00:00,2026-03-08 12:15:00+00:00,short,0.011319067979786022,0.012119067979786022,target,1,0.2757678342504137,1,True,False,False,0.0018300057438626627,0.01496982666100928,0,0,0.01287504372736202,0.0893,0.08945,0.08827,0.08849,193316457.0,2026-03-08 12:14:59.999000+00:00,17148826.85351,30014,69208405.0,6143123.61156,-0.009111936603194641,-0.011237335915508084,-0.006982010345369583,-2.5773547778887242,0.6864406779661058,0.12711864406779433,0.1864406779660999,0.013334840094925986,36.211608287479315,-0.00013398894255541895,-0.012206921940590811,-0.01278853958125983,-0.0023664049463786307,-0.0010524716241829823,0.02706725576321461,-0.9202649314407216,0.00048619759039516955,3.2955142690607726,3.6181489791274433,-1.0,1.0,-0.027047828477185343,1.2246467991473532e-16,-1.0,6,1.0,0.92771083,True
DOGEUSDT,trend_ema__directionshort_only_fast21_rsi_threshold52.0_slow55,trend_ema,2026-03-08 12:00:00+00:00,2026-03-08 12:15:00+00:00,short,0.011319067979786022,0.012119067979786022,target,1,0.2757678342504137,1,True,False,False,0.0018300057438626627,0.01496982666100928,0,0,0.01180320692723035,0.0893,0.08945,0.08827,0.08849,193316457.0,2026-03-08 12:14:59.999000+00:00,17148826.85351,30014,69208405.0,6143123.61156,-0.009111936603194641,-0.011237335915508084,-0.006982010345369583,-2.5773547778887242,0.6864406779661058,0.12711864406779433,0.1864406779660999,0.013334840094925986,36.211608287479315,-0.00013398894255541895,-0.012206921940590811,-0.01278853958125983,-0.0023664049463786307,-0.0010524716241829823,0.02706725576321461,-0.9202649314407216,0.00048619759039516955,3.2955142690607726,3.6181489791274433,-1.0,1.0,-0.027047828477185343,1.2246467991473532e-16,-1.0,6,1.0,0.92771083,True
XRPUSDT,trend_ema__directionshort_only_fast9_rsi_threshold52.0_slow89,trend_ema,2026-03-08 12:30:00+00:00,2026-03-08 16:30:00+00:00,short,0.009718911592382315,0.010518911592382316,target,16,0.12284175375762231,1,True,False,False,0.0001500225033754096,0.012846610984559815,0,1,-0.001034905477280063,1.3544,1.3544,1.351,1.3519,3964274.0,2026-03-08 12:44:59.999000+00:00,5362490.84173,9850,1649964.2,2231549.42859,-0.0019213721547901063,-0.0036179756672788436,-0.005900157244553571,-1.1451104438302406,0.7352941176470281,0.0,0.26470588235297193,0.0025149789185591165,43.857912312118884,-0.0016077821761357972,-0.004017086839870664,-0.0034071205113327327,-0.0015558620708784332,-0.000522240128696505,0.015408252606290106,-0.7066315249962261,0.005540879968639049,-0.09992322199403614,0.9450231382720043,1.0,0.99,-0.011985675655923345,1.2246467991473532e-16,-1.0,6,1.0,0.75384617,True
XRPUSDT,trend_ema__directionshort_only_fast21_rsi_threshold55.0_slow89,trend_ema,2026-03-08 12:45:00+00:00,2026-03-08 16:30:00+00:00,short,0.009448005076786146,0.010248005076786146,target,15,0.13905966411718765,1,True,False,False,0.0009638142222552455,0.011021118364884834,0,0,-0.0010557458492404356,1.3519,1.3525,1.3497,1.3511,1902597.7,2026-03-08 12:59:59.999000+00:00,2570332.33221,7607,870380.7,1175950.922,-0.000591934904446331,-0.0042099105717252,-0.005167588644109297,-1.333054123685713,0.2857142857143197,0.2142857142856803,0.5,0.002072385463696348,43.04701679414062,-0.0016317067161509338,-0.004172377860635726,-0.0038443363467714816,-0.0011214306272084862,-0.0006664652551321426,0.0163293566851978,-0.701676339411834,0.005345102828021984,-0.9300866268508753,0.4683564980463266,1.0,0.98,-0.01257034276109048,1.2246467991473532e-16,-1.0,6,1.0,0.75384617,True
XRPUSDT,trend_ema__directionboth_fast12_rsi_threshold52.0_slow89,trend_ema,2026-03-08 12:45:00+00:00,2026-03-08 16:30:00+00:00,short,0.009448005076786146,0.010248005076786146,target,15,0.13905966411718765,1,True,False,False,0.0009638142222552455,0.011021118364884834,0,0,-0.0011036768727604254,1.3519,1.3525,1.3497,1.3511,1902597.7,2026-03-08 12:59:59.999000+00:00,2570332.33221,7607,870380.7,1175950.922,-0.000591934904446331,-0.0042099105717252,-0.005167588644109297,-1.333054123685713,0.2857142857143197,0.2142857142856803,0.5,0.002072385463696348,43.04701679414062,-0.0016317067161509338,-0.004172377860635726,-0.0038443363467714816,-0.0011214306272084862,-0.0006664652551321426,0.0163293566851978,-0.701676339411834,0.005345102828021984,-0.9300866268508753,0.4683564980463266,1.0,0.98,-0.01257034276109048,1.2246467991473532e-16,-1.0,6,1.0,0.75384617,True
BTCUSDT,trend_ema__directionboth_fast21_rsi_threshold55.0_slow55,trend_ema,2026-03-08 13:30:00+00:00,2026-03-08 22:00:00+00:00,short,0.00986054915435777,0.01066054915435777,target,34,0.16692010115990058,1,True,False,False,0.0057557334289353515,0.02250229474552473,0,3,-0.003167673899615059,67120.2,67123.7,66800.0,67026.3,1637.116,2026-03-08 13:44:59.999000+00:00,109657752.6666,52613,789.63,52897348.3611,-0.0014014520738535104,-0.005215665331510195,-0.010173906574880858,-1.6772562924533319,0.2900834105653229,0.010812480691998862,0.6991041087426783,0.004829447545217282,41.65399494200497,-83.1288307736484,-0.004824341191424842,-0.005073810471246374,-0.0016512831218337132,-0.0007336700989443168,0.018969235589054265,-0.7693571173330022,288.8528910880284,-0.06922990039084628,0.9534366461100542,-1.0,0.98,-0.01459734898381626,-0.2588190451025208,-0.9659258262890683,6,1.0,0.75384617,True
XRPUSDT,trend_ema__directionshort_only_fast9_rsi_threshold52.0_slow89,trend_ema,2026-03-09 05:00:00+00:00,2026-03-09 05:30:00+00:00,short,-0.009527345162134108,-0.008727345162134107,stop,2,0.0843507120944956,0,False,True,False,0.009678805747174085,0.0017855115930209779,0,3,-0.004372401369906384,1.3435,1.3445,1.3409,1.3433,7468819.0,2026-03-09 05:14:59.999000+00:00,10029646.7592,16830,3497733.5,4697160.26159,-7.444076379656202e-05,-0.005419665071774129,-0.001413427797146964,-1.279989426910439,0.055555555555548704,0.2777777777778052,0.6666666666666461,0.0026799672448448207,45.78246439527522,-0.0004701999426673564,-0.0034559213449268434,-0.003414195440549964,-0.0006503879109343025,4.4193993539831666e-05,0.015940071798643558,-0.44210693895004904,0.007514503943438748,-0.15138439640355256,0.8764368696468794,1.0,0.92,-0.013077657776798257,0.9659258262890683,0.25881904510252074,0,0.0,0.75384617,True
XRPUSDT,trend_ema__directionshort_only_fast12_rsi_threshold52.0_slow89,trend_ema,2026-03-09 05:00:00+00:00,2026-03-09 05:30:00+00:00,short,-0.009527345162134108,-0.008727345162134107,stop,2,0.0843507120944956,0,False,True,False,0.009678805747174085,0.0017855115930209779,0,3,-0.0024748663460143596,1.3435,1.3445,1.3409,1.3433,7468819.0,2026-03-09 05:14:59.999000+00:00,10029646.7592,16830,3497733.5,4697160.26159,-7.444076379656202e-05,-0.005419665071774129,-0.001413427797146964,-1.279989426910439,0.055555555555548704,0.2777777777778052,0.6666666666666461,0.0026799672448448207,45.78246439527522,-0.0004701999426673564,-0.0034559213449268434,-0.003414195440549964,-0.0006503879109343025,4.4193993539831666e-05,0.015940071798643558,-0.44210693895004904,0.007514503943438748,-0.15138439640355256,0.8764368696468794,1.0,0.92,-0.013077657776798257,0.9659258262890683,0.25881904510252074,0,0.0,0.75384617,True
SOLUSDT,trend_ema__directionboth_fast12_rsi_threshold58.0_slow89,trend_ema,2026-03-10 20:45:00+00:00,2026-03-11 08:45:00+00:00,short,0.007178446273500798,0.007978446273500799,horizon,48,0.1525936004233378,1,False,False,True,0.008278491280251868,0.01355225343478751,0,0,0.001551427833612205,86.13,86.21,86.05,86.2,54775.86,2026-03-10 20:59:59.999000+00:00,4718428.4669,7586,28312.7,2438784.2288,0.0006962980436829024,0.0026717794832948425,-0.024749200882269017,0.7180525744523367,0.4375000000000555,0.06249999999994449,0.5,0.0018561484918793107,42.37031997883311,-0.10384120209038256,-0.004833007442228399,-0.006145862097903669,-0.0016286181700363445,-0.0015175608424098375,0.04761575320535984,-0.38862524255498265,0.5751919040981822,-1.4448525399137906,0.12321395765233244,-1.0,0.35,-0.026648599819331542,-0.8660254037844386,0.5000000000000001,1,2.0,0.75384617,True
SOLUSDT,trend_ema__directionshort_only_fast12_rsi_threshold58.0_slow89,trend_ema,2026-03-10 20:45:00+00:00,2026-03-11 08:45:00+00:00,short,0.007178446273500798,0.007978446273500799,horizon,48,0.1525936004233378,1,False,False,True,0.008278491280251868,0.01355225343478751,0,0,0.0032916410702587863,86.13,86.21,86.05,86.2,54775.86,2026-03-10 20:59:59.999000+00:00,4718428.4669,7586,28312.7,2438784.2288,0.0006962980436829024,0.0026717794832948425,-0.024749200882269017,0.7180525744523367,0.4375000000000555,0.06249999999994449,0.5,0.0018561484918793107,42.37031997883311,-0.10384120209038256,-0.004833007442228399,-0.006145862097903669,-0.0016286181700363445,-0.0015175608424098375,0.04761575320535984,-0.38862524255498265,0.5751919040981822,-1.4448525399137906,0.12321395765233244,-1.0,0.35,-0.026648599819331542,-0.8660254037844386,0.5000000000000001,1,2.0,0.75384617,True
SOLUSDT,trend_ema__directionshort_only_fast12_rsi_threshold52.0_slow89,trend_ema,2026-03-10 20:45:00+00:00,2026-03-11 08:45:00+00:00,short,0.007178446273500798,0.007978446273500799,horizon,48,0.1525936004233378,1,False,False,True,0.008278491280251868,0.01355225343478751,0,0,0.004523058057340987,86.13,86.21,86.05,86.2,54775.86,2026-03-10 20:59:59.999000+00:00,4718428.4669,7586,28312.7,2438784.2288,0.0006962980436829024,0.0026717794832948425,-0.024749200882269017,0.7180525744523367,0.4375000000000555,0.06249999999994449,0.5,0.0018561484918793107,42.37031997883311,-0.10384120209038256,-0.004833007442228399,-0.006145862097903669,-0.0016286181700363445,-0.0015175608424098375,0.04761575320535984,-0.38862524255498265,0.5751919040981822,-1.4448525399137906,0.12321395765233244,-1.0,0.35,-0.026648599819331542,-0.8660254037844386,0.5000000000000001,1,2.0,0.75384617,True
SOLUSDT,trend_ema__directionboth_fast12_rsi_threshold55.0_slow89,trend_ema,2026-03-10 20:45:00+00:00,2026-03-11 08:45:00+00:00,short,0.007178446273500798,0.007978446273500799,horizon,48,0.1525936004233378,1,False,False,True,0.008278491280251868,0.01355225343478751,0,0,0.005626781512071249,86.13,86.21,86.05,86.2,54775.86,2026-03-10 20:59:59.999000+00:00,4718428.4669,7586,28312.7,2438784.2288,0.0006962980436829024,0.0026717794832948425,-0.024749200882269017,0.7180525744523367,0.4375000000000555,0.06249999999994449,0.5,0.0018561484918793107,42.37031997883311,-0.10384120209038256,-0.004833007442228399,-0.006145862097903669,-0.0016286181700363445,-0.0015175608424098375,0.04761575320535984,-0.38862524255498265,0.5751919040981822,-1.4448525399137906,0.12321395765233244,-1.0,0.35,-0.026648599819331542,-0.8660254037844386,0.5000000000000001,1,2.0,0.75384617,True
XRPUSDT,trend_ema__directionshort_only_fast21_rsi_threshold52.0_slow55,trend_ema,2026-03-10 21:00:00+00:00,2026-03-11 09:00:00+00:00,short,0.010065955715832433,0.010865955715832433,horizon,48,0.24149175622054486,1,False,False,True,0.003678015527827621,0.012737952014521305,0,1,-0.0013279884250642574,1.3891,1.394,1.3862,1.3874,3487492.1,2026-03-10 21:14:59.999000+00:00,4847202.54698,10869,1879325.5,2612636.91161,-0.0012245634521427056,-0.0005764519542824505,-0.027441830023040306,-0.19727633309238488,0.2179487179487278,0.6282051282051315,0.1538461538461407,0.0056220268127431215,37.92541218897276,-0.0014245042308016452,-0.006555659297669615,-0.007819041284772262,-0.0018418224388881965,-0.0013797559227576306,0.04781571832889368,-0.413421881323534,0.008240727186027188,-1.0107809726673143,0.2908315707941203,-1.0,0.15,-0.030806845965770213,-0.7071067811865477,0.7071067811865474,1,2.0,0.75384617,True
XRPUSDT,trend_ema__directionshort_only_fast21_rsi_threshold55.0_slow55,trend_ema,2026-03-10 21:00:00+00:00,2026-03-11 09:00:00+00:00,short,0.010065955715832433,0.010865955715832433,horizon,48,0.24149175622054486,1,False,False,True,0.003678015527827621,0.012737952014521305,0,0,0.0005668095366487752,1.3891,1.394,1.3862,1.3874,3487492.1,2026-03-10 21:14:59.999000+00:00,4847202.54698,10869,1879325.5,2612636.91161,-0.0012245634521427056,-0.0005764519542824505,-0.027441830023040306,-0.19727633309238488,0.2179487179487278,0.6282051282051315,0.1538461538461407,0.0056220268127431215,37.92541218897276,-0.0014245042308016452,-0.006555659297669615,-0.007819041284772262,-0.0018418224388881965,-0.0013797559227576306,0.04781571832889368,-0.413421881323534,0.008240727186027188,-1.0107809726673143,0.2908315707941203,-1.0,0.15,-0.030806845965770213,-0.7071067811865477,0.7071067811865474,1,2.0,0.92771083,True
XRPUSDT,trend_ema__directionshort_only_fast21_rsi_threshold58.0_slow55,trend_ema,2026-03-10 21:00:00+00:00,2026-03-11 09:00:00+00:00,short,0.010065955715832433,0.010865955715832433,horizon,48,0.24149175622054486,1,False,False,True,0.003678015527827621,0.012737952014521305,0,0,0.0024616074983618086,1.3891,1.394,1.3862,1.3874,3487492.1,2026-03-10 21:14:59.999000+00:00,4847202.54698,10869,1879325.5,2612636.91161,-0.0012245634521427056,-0.0005764519542824505,-0.027441830023040306,-0.19727633309238488,0.2179487179487278,0.6282051282051315,0.1538461538461407,0.0056220268127431215,37.92541218897276,-0.0014245042308016452,-0.006555659297669615,-0.007819041284772262,-0.0018418224388881965,-0.0013797559227576306,0.04781571832889368,-0.413421881323534,0.008240727186027188,-1.0107809726673143,0.2908315707941203,-1.0,0.15,-0.030806845965770213,-0.7071067811865477,0.7071067811865474,1,2.0,0.92771083,True
XRPUSDT,trend_ema__directionboth_fast21_rsi_threshold58.0_slow55,trend_ema,2026-03-10 21:00:00+00:00,2026-03-11 09:00:00+00:00,short,0.010065955715832433,0.010865955715832433,horizon,48,0.24149175622054486,1,False,False,True,0.003678015527827621,0.012737952014521305,0,0,0.006251203421787875,1.3891,1.394,1.3862,1.3874,3487492.1,2026-03-10 21:14:59.999000+00:00,4847202.54698,10869,1879325.5,2612636.91161,-0.0012245634521427056,-0.0005764519542824505,-0.027441830023040306,-0.19727633309238488,0.2179487179487278,0.6282051282051315,0.1538461538461407,0.0056220268127431215,37.92541218897276,-0.0014245042308016452,-0.006555659297669615,-0.007819041284772262,-0.0018418224388881965,-0.0013797559227576306,0.04781571832889368,-0.413421881323534,0.008240727186027188,-1.0107809726673143,0.2908315707941203,-1.0,0.15,-0.030806845965770213,-0.7071067811865477,0.7071067811865474,1,2.0,0.92771083,True
XRPUSDT,trend_ema__directionboth_fast21_rsi_threshold55.0_slow55,trend_ema,2026-03-10 21:00:00+00:00,2026-03-11 09:00:00+00:00,short,0.010065955715832433,0.010865955715832433,horizon,48,0.24149175622054486,1,False,False,True,0.003678015527827621,0.012737952014521305,0,0,0.004356405460074842,1.3891,1.394,1.3862,1.3874,3487492.1,2026-03-10 21:14:59.999000+00:00,4847202.54698,10869,1879325.5,2612636.91161,-0.0012245634521427056,-0.0005764519542824505,-0.027441830023040306,-0.19727633309238488,0.2179487179487278,0.6282051282051315,0.1538461538461407,0.0056220268127431215,37.92541218897276,-0.0014245042308016452,-0.006555659297669615,-0.007819041284772262,-0.0018418224388881965,-0.0013797559227576306,0.04781571832889368,-0.413421881323534,0.008240727186027188,-1.0107809726673143,0.2908315707941203,-1.0,0.15,-0.030806845965770213,-0.7071067811865477,0.7071067811865474,1,2.0,0.92771083,True
XRPUSDT,trend_ema__directionshort_only_fast12_rsi_threshold52.0_slow89,trend_ema,2026-03-10 21:15:00+00:00,2026-03-11 09:15:00+00:00,short,0.007051177676651494,0.007851177676651494,horizon,48,0.24149175622054486,1,False,False,True,0.0032495865370795623,0.011599487670898447,0,0,0.007918488537823858,1.3875,1.3892,1.3862,1.3874,2231550.8,2026-03-10 21:29:59.999000+00:00,3096781.6568,7629,1133783.7,1573417.48037,0.0,-0.0031663814595487443,-0.02287320496182499,-1.1468480351534918,0.03333333333333087,0.5666666666666987,0.3999999999999704,0.002162318004901176,37.92541218897276,-0.001123656025976058,-0.0059313107931295754,-0.007512412214781256,-0.0019329154922615999,-0.0013485063969359556,0.044051768190020574,-0.37789788354862763,0.00786638952988238,-1.0939432930955026,0.1917759823439188,-1.0,0.13,-0.02863544073373936,-0.7071067811865477,0.7071067811865474,1,2.0,0.92771083,True
BTCUSDT,trend_ema__directionboth_fast21_rsi_threshold58.0_slow55,trend_ema,2026-03-10 21:15:00+00:00,2026-03-11 09:15:00+00:00,short,0.006945635713649244,0.007745635713649245,horizon,48,0.22567970742153207,1,False,False,True,0.0030070228817239645,0.010120044323940815,0,0,0.0043011541119253125,70049.0,70132.8,69876.0,69896.8,1327.375,2026-03-10 21:29:59.999000+00:00,92910916.132,29886,580.515,40637176.1348,-0.002173701083907046,-0.0043298670255972485,-0.015698035980698827,-1.854857528426663,0.5926791277258386,0.3263239875389484,0.08099688473521291,0.003673987936500711,38.716014628923396,-28.956849026485145,-0.005379057120664144,-0.006345296910457976,-0.001176912212881187,-0.0007207383609737494,0.027631719584557908,-0.48897276316266564,352.79181628304264,-0.8271010926696453,0.3909405522373448,-1.0,0.08,-0.020279324284168454,-0.7071067811865477,0.7071067811865474,1,2.0,0.92771083,True
XRPUSDT,trend_ema__directionboth_fast12_rsi_threshold55.0_slow89,trend_ema,2026-03-10 21:15:00+00:00,2026-03-11 09:15:00+00:00,short,0.007051177676651494,0.007851177676651494,horizon,48,0.24149175622054486,1,False,False,True,0.0032495865370795623,0.011599487670898447,0,0,0.008832017410556833,1.3875,1.3892,1.3862,1.3874,2231550.8,2026-03-10 21:29:59.999000+00:00,3096781.6568,7629,1133783.7,1573417.48037,0.0,-0.0031663814595487443,-0.02287320496182499,-1.1468480351534918,0.03333333333333087,0.5666666666666987,0.3999999999999704,0.002162318004901176,37.92541218897276,-0.001123656025976058,-0.0059313107931295754,-0.007512412214781256,-0.0019329154922615999,-0.0013485063969359556,0.044051768190020574,-0.37789788354862763,0.00786638952988238,-1.0939432930955026,0.1917759823439188,-1.0,0.13,-0.02863544073373936,-0.7071067811865477,0.7071067811865474,1,2.0,0.92771083,True
XRPUSDT,trend_ema__directionboth_fast12_rsi_threshold58.0_slow89,trend_ema,2026-03-10 21:15:00+00:00,2026-03-11 09:15:00+00:00,short,0.007051177676651494,0.007851177676651494,horizon,48,0.24149175622054486,1,False,False,True,0.0032495865370795623,0.011599487670898447,0,0,0.009105468124871705,1.3875,1.3892,1.3862,1.3874,2231550.8,2026-03-10 21:29:59.999000+00:00,3096781.6568,7629,1133783.7,1573417.48037,0.0,-0.0031663814595487443,-0.02287320496182499,-1.1468480351534918,0.03333333333333087,0.5666666666666987,0.3999999999999704,0.002162318004901176,37.92541218897276,-0.001123656025976058,-0.0059313107931295754,-0.007512412214781256,-0.0019329154922615999,-0.0013485063969359556,0.044051768190020574,-0.37789788354862763,0.00786638952988238,-1.0939432930955026,0.1917759823439188,-1.0,0.13,-0.02863544073373936,-0.7071067811865477,0.7071067811865474,1,2.0,0.92771083,True
XRPUSDT,trend_ema__directionshort_only_fast12_rsi_threshold58.0_slow89,trend_ema,2026-03-10 21:15:00+00:00,2026-03-11 09:15:00+00:00,short,0.007051177676651494,0.007851177676651494,horizon,48,0.24149175622054486,1,False,False,True,0.0032495865370795623,0.011599487670898447,0,0,0.008558566696241962,1.3875,1.3892,1.3862,1.3874,2231550.8,2026-03-10 21:29:59.999000+00:00,3096781.6568,7629,1133783.7,1573417.48037,0.0,-0.0031663814595487443,-0.02287320496182499,-1.1468480351534918,0.03333333333333087,0.5666666666666987,0.3999999999999704,0.002162318004901176,37.92541218897276,-0.001123656025976058,-0.0059313107931295754,-0.007512412214781256,-0.0019329154922615999,-0.0013485063969359556,0.044051768190020574,-0.37789788354862763,0.00786638952988238,-1.0939432930955026,0.1917759823439188,-1.0,0.13,-0.02863544073373936,-0.7071067811865477,0.7071067811865474,1,2.0,0.92771083,True
XRPUSDT,trend_ema__directionshort_only_fast12_rsi_threshold55.0_slow89,trend_ema,2026-03-10 21:15:00+00:00,2026-03-11 09:15:00+00:00,short,0.007051177676651494,0.007851177676651494,horizon,48,0.24149175622054486,1,False,False,True,0.0032495865370795623,0.011599487670898447,0,0,0.009378918839186574,1.3875,1.3892,1.3862,1.3874,2231550.8,2026-03-10 21:29:59.999000+00:00,3096781.6568,7629,1133783.7,1573417.48037,0.0,-0.0031663814595487443,-0.02287320496182499,-1.1468480351534918,0.03333333333333087,0.5666666666666987,0.3999999999999704,0.002162318004901176,37.92541218897276,-0.001123656025976058,-0.0059313107931295754,-0.007512412214781256,-0.0019329154922615999,-0.0013485063969359556,0.044051768190020574,-0.37789788354862763,0.00786638952988238,-1.0939432930955026,0.1917759823439188,-1.0,0.13,-0.02863544073373936,-0.7071067811865477,0.7071067811865474,1,2.0,0.92771083,True
BTCUSDT,trend_ema__directionshort_only_fast21_rsi_threshold58.0_slow55,trend_ema,2026-03-10 21:15:00+00:00,2026-03-11 09:15:00+00:00,short,0.006945635713649244,0.007745635713649245,horizon,48,0.22567970742153207,1,False,False,True,0.0030070228817239645,0.010120044323940815,0,2,-0.001077249498217286,70049.0,70132.8,69876.0,69896.8,1327.375,2026-03-10 21:29:59.999000+00:00,92910916.132,29886,580.515,40637176.1348,-0.002173701083907046,-0.0043298670255972485,-0.015698035980698827,-1.854857528426663,0.5926791277258386,0.3263239875389484,0.08099688473521291,0.003673987936500711,38.716014628923396,-28.956849026485145,-0.005379057120664144,-0.006345296910457976,-0.001176912212881187,-0.0007207383609737494,0.027631719584557908,-0.48897276316266564,352.79181628304264,-0.8271010926696453,0.3909405522373448,-1.0,0.08,-0.020279324284168454,-0.7071067811865477,0.7071067811865474,1,2.0,0.75384617,True
XRPUSDT,trend_ema__directionboth_fast12_rsi_threshold52.0_slow89,trend_ema,2026-03-10 21:15:00+00:00,2026-03-11 09:15:00+00:00,short,0.007051177676651494,0.007851177676651494,horizon,48,0.24149175622054486,1,False,False,True,0.0032495865370795623,0.011599487670898447,0,0,0.009284295849941743,1.3875,1.3892,1.3862,1.3874,2231550.8,2026-03-10 21:29:59.999000+00:00,3096781.6568,7629,1133783.7,1573417.48037,0.0,-0.0031663814595487443,-0.02287320496182499,-1.1468480351534918,0.03333333333333087,0.5666666666666987,0.3999999999999704,0.002162318004901176,37.92541218897276,-0.001123656025976058,-0.0059313107931295754,-0.007512412214781256,-0.0019329154922615999,-0.0013485063969359556,0.044051768190020574,-0.37789788354862763,0.00786638952988238,-1.0939432930955026,0.1917759823439188,-1.0,0.13,-0.02863544073373936,-0.7071067811865477,0.7071067811865474,1,2.0,0.92771083,True
ETHUSDT,trend_ema__directionshort_only_fast12_rsi_threshold52.0_slow89,trend_ema,2026-03-10 21:30:00+00:00,2026-03-11 07:30:00+00:00,short,0.013408795017834164,0.014208795017834164,target,40,0.2618249233263617,1,True,False,False,0.0012832730475890227,0.015936248208643356,0,0,0.005189905746614807,2038.69,2040.02,2026.0,2029.28,54476.793,2026-03-10 21:44:59.999000+00:00,110757271.96052,80194,16864.009,34289367.243,-0.004626394385369149,-0.006586516344457746,-0.01725060914740968,-2.205729267916732,0.671184022824543,0.09486447931525885,0.23395149786019806,0.006908854371993999,36.908753833681914,-1.1858726026780202,-0.0074493547027268845,-0.00924588201901642,-0.0016244581622588683,-0.0011147541795314408,0.030582291670113376,-0.5798273255349088,11.75910805153125,-0.47229360521757346,0.6251249737842002,-1.0,0.26,-0.024178191540518146,-0.7071067811865477,0.7071067811865474,1,2.0,0.92771083,True
ETHUSDT,trend_ema__directionboth_fast12_rsi_threshold52.0_slow89,trend_ema,2026-03-10 21:30:00+00:00,2026-03-11 07:30:00+00:00,short,0.013408795017834164,0.014208795017834164,target,40,0.2618249233263617,1,True,False,False,0.0012832730475890227,0.015936248208643356,0,0,0.007593651561254138,2038.69,2040.02,2026.0,2029.28,54476.793,2026-03-10 21:44:59.999000+00:00,110757271.96052,80194,16864.009,34289367.243,-0.004626394385369149,-0.006586516344457746,-0.01725060914740968,-2.205729267916732,0.671184022824543,0.09486447931525885,0.23395149786019806,0.006908854371993999,36.908753833681914,-1.1858726026780202,-0.0074493547027268845,-0.00924588201901642,-0.0016244581622588683,-0.0011147541795314408,0.030582291670113376,-0.5798273255349088,11.75910805153125,-0.47229360521757346,0.6251249737842002,-1.0,0.26,-0.024178191540518146,-0.7071067811865477,0.7071067811865474,1,2.0,0.92771083,True
ETHUSDT,trend_ema__directionshort_only_fast12_rsi_threshold55.0_slow89,trend_ema,2026-03-10 21:30:00+00:00,2026-03-11 07:30:00+00:00,short,0.013408795017834164,0.014208795017834164,target,40,0.2618249233263617,1,True,False,False,0.0012832730475890227,0.015936248208643356,0,0,0.009869467440913873,2038.69,2040.02,2026.0,2029.28,54476.793,2026-03-10 21:44:59.999000+00:00,110757271.96052,80194,16864.009,34289367.243,-0.004626394385369149,-0.006586516344457746,-0.01725060914740968,-2.205729267916732,0.671184022824543,0.09486447931525885,0.23395149786019806,0.006908854371993999,36.908753833681914,-1.1858726026780202,-0.0074493547027268845,-0.00924588201901642,-0.0016244581622588683,-0.0011147541795314408,0.030582291670113376,-0.5798273255349088,11.75910805153125,-0.47229360521757346,0.6251249737842002,-1.0,0.26,-0.024178191540518146,-0.7071067811865477,0.7071067811865474,1,2.0,0.92771083,True
ETHUSDT,trend_ema__directionboth_fast12_rsi_threshold55.0_slow89,trend_ema,2026-03-10 21:30:00+00:00,2026-03-11 07:30:00+00:00,short,0.013408795017834164,0.014208795017834164,target,40,0.2618249233263617,1,True,False,False,0.0012832730475890227,0.015936248208643356,0,0,0.012076263072742715,2038.69,2040.02,2026.0,2029.28,54476.793,2026-03-10 21:44:59.999000+00:00,110757271.96052,80194,16864.009,34289367.243,-0.004626394385369149,-0.006586516344457746,-0.01725060914740968,-2.205729267916732,0.671184022824543,0.09486447931525885,0.23395149786019806,0.006908854371993999,36.908753833681914,-1.1858726026780202,-0.0074493547027268845,-0.00924588201901642,-0.0016244581622588683,-0.0011147541795314408,0.030582291670113376,-0.5798273255349088,11.75910805153125,-0.47229360521757346,0.6251249737842002,-1.0,0.26,-0.024178191540518146,-0.7071067811865477,0.7071067811865474,1,2.0,0.92771083,True
BTCUSDT,trend_ema__directionshort_only_fast9_rsi_threshold52.0_slow89,trend_ema,2026-03-10 21:45:00+00:00,2026-03-11 04:45:00+00:00,short,-0.008625036438516653,-0.007825036438516652,stop,28,0.2879051704098123,0,False,True,False,0.008066856810180704,0.004289833459150182,0,0,0.00400966276785446,69697.4,69788.1,69485.7,69712.8,1267.333,2026-03-10 21:59:59.999000+00:00,88262492.6104,44876,642.735,44769511.7026,0.0002194959778643069,-0.006863221220340084,-0.015857750728803424,-2.9018065964889486,0.05092592592595333,0.24900793650793895,0.7000661375661077,0.004337797362894744,35.604741479509386,-45.82420383210672,-0.00655657271196901,-0.00830102333148379,-0.0020263659289647684,-0.0012338456436715717,0.023421318556925967,-0.6099256790321402,359.1684538358893,-0.7916601053470083,0.40597499244642865,-1.0,0.1,-0.021076000825683727,-0.7071067811865477,0.7071067811865474,1,2.0,0.92771083,True
SOLUSDT,trend_ema__directionboth_fast21_rsi_threshold58.0_slow89,trend_ema,2026-03-10 22:00:00+00:00,2026-03-11 04:30:00+00:00,short,-0.010484797591526525,-0.009684797591526524,stop,26,0.338357269424271,0,False,True,False,0.011008527300575471,0.00813980373964793,0,0,0.006730504966801512,85.66,85.81,85.05,85.27,370350.24,2026-03-10 22:14:59.999000+00:00,31595687.1082,26078,152803.21,13040070.367,-0.004680013221994467,-0.00782668559289089,-0.020200361823974992,-2.4823869120654476,0.5131578947368394,0.19736842105263774,0.2894736842105229,0.008912865017004869,33.08213652878645,-0.09510626294625324,-0.011249021149030992,-0.014826900444320373,-0.0030049926988058306,-0.002253937771138692,0.03686808619830177,-0.6741429376845955,0.5677704372588921,-0.026673519474577367,0.9825646311878151,-1.0,0.28,-0.03343912944910454,-0.5000000000000004,0.8660254037844384,1,2.0,0.92771083,True
ETHUSDT,trend_ema__directionshort_only_fast21_rsi_threshold58.0_slow89,trend_ema,2026-03-10 22:15:00+00:00,2026-03-11 10:15:00+00:00,short,0.0009621779694590698,0.0017621779694590699,horizon,48,0.25483082065992646,1,False,False,True,0.008475753244270134,0.00886746034655485,0,0,0.01072611467890735,2024.15,2031.85,2019.6,2027.25,24114.328,2026-03-10 22:29:59.999000+00:00,48831759.75844,61954,14290.031,28946611.92594,0.0015303354914339218,-0.0056272498798218065,-0.009108716198240366,-1.8513854264144138,0.2530612244897885,0.3755102040816252,0.37142857142858626,0.006042668639782957,37.258458967003676,-1.4619898258951736,-0.006165706269994549,-0.009054292452254047,-0.0022732369836604427,-0.001764561278929655,0.02240698674573022,-0.5608834973179944,11.91045203688563,-0.8938199941981417,0.33055680754125777,-1.0,0.29,-0.020978514408240723,-0.5000000000000004,0.8660254037844384,1,2.0,0.75384617,True
ETHUSDT,trend_ema__directionshort_only_fast21_rsi_threshold52.0_slow89,trend_ema,2026-03-10 22:15:00+00:00,2026-03-11 10:15:00+00:00,short,0.0009621779694590698,0.0017621779694590699,horizon,48,0.25483082065992646,1,False,False,True,0.008475753244270134,0.00886746034655485,0,0,0.009739265843585546,2024.15,2031.85,2019.6,2027.25,24114.328,2026-03-10 22:29:59.999000+00:00,48831759.75844,61954,14290.031,28946611.92594,0.0015303354914339218,-0.0056272498798218065,-0.009108716198240366,-1.8513854264144138,0.2530612244897885,0.3755102040816252,0.37142857142858626,0.006042668639782957,37.258458967003676,-1.4619898258951736,-0.006165706269994549,-0.009054292452254047,-0.0022732369836604427,-0.001764561278929655,0.02240698674573022,-0.5608834973179944,11.91045203688563,-0.8938199941981417,0.33055680754125777,-1.0,0.29,-0.020978514408240723,-0.5000000000000004,0.8660254037844384,1,2.0,0.75384617,True
ETHUSDT,trend_ema__directionboth_fast21_rsi_threshold58.0_slow89,trend_ema,2026-03-10 22:15:00+00:00,2026-03-11 10:15:00+00:00,short,0.0009621779694590698,0.0017621779694590699,horizon,48,0.25483082065992646,1,False,False,True,0.008475753244270134,0.00886746034655485,0,0,0.012699812349550957,2024.15,2031.85,2019.6,2027.25,24114.328,2026-03-10 22:29:59.999000+00:00,48831759.75844,61954,14290.031,28946611.92594,0.0015303354914339218,-0.0056272498798218065,-0.009108716198240366,-1.8513854264144138,0.2530612244897885,0.3755102040816252,0.37142857142858626,0.006042668639782957,37.258458967003676,-1.4619898258951736,-0.006165706269994549,-0.009054292452254047,-0.0022732369836604427,-0.001764561278929655,0.02240698674573022,-0.5608834973179944,11.91045203688563,-0.8938199941981417,0.33055680754125777,-1.0,0.29,-0.020978514408240723,-0.5000000000000004,0.8660254037844384,1,2.0,0.75384617,True
ETHUSDT,trend_ema__directionshort_only_fast21_rsi_threshold55.0_slow89,trend_ema,2026-03-10 22:15:00+00:00,2026-03-11 10:15:00+00:00,short,0.0009621779694590698,0.0017621779694590699,horizon,48,0.25483082065992646,1,False,False,True,0.008475753244270134,0.00886746034655485,0,0,0.011712963514229154,2024.15,2031.85,2019.6,2027.25,24114.328,2026-03-10 22:29:59.999000+00:00,48831759.75844,61954,14290.031,28946611.92594,0.0015303354914339218,-0.0056272498798218065,-0.009108716198240366,-1.8513854264144138,0.2530612244897885,0.3755102040816252,0.37142857142858626,0.006042668639782957,37.258458967003676,-1.4619898258951736,-0.006165706269994549,-0.009054292452254047,-0.0022732369836604427,-0.001764561278929655,0.02240698674573022,-0.5608834973179944,11.91045203688563,-0.8938199941981417,0.33055680754125777,-1.0,0.29,-0.020978514408240723,-0.5000000000000004,0.8660254037844384,1,2.0,0.75384617,True
XRPUSDT,trend_ema__directionshort_only_fast21_rsi_threshold58.0_slow89,trend_ema,2026-03-10 22:45:00+00:00,2026-03-11 10:45:00+00:00,short,0.003242569380492454,0.004042569380492454,horizon,48,0.2462608223399981,1,False,False,True,0.006077479994361022,0.008813449800066188,0,0,0.007574750258789872,1.3836,1.3849,1.3817,1.3832,2389807.2,2026-03-10 22:59:59.999000+00:00,3306472.68436,6594,1162464.5,1608370.35899,-0.00021686485789986778,0.00028922632161124795,-0.006772848139365709,0.10824440836745323,0.12499999999998265,0.406250000000013,0.46875000000000433,0.00231347599768659,37.686958883000095,-0.00018378744326010433,-0.004876259400204939,-0.008285582099315902,-0.001543123767751231,-0.0018554869537986685,0.014063790800034365,-0.4677916330363706,0.007224628766014532,-1.1553075507382788,0.3122278738507241,-1.0,0.09,-0.011293781272337378,-0.5000000000000004,0.8660254037844384,1,2.0,0.92771083,True
XRPUSDT,trend_ema__directionshort_only_fast21_rsi_threshold55.0_slow89,trend_ema,2026-03-10 22:45:00+00:00,2026-03-11 10:45:00+00:00,short,0.003242569380492454,0.004042569380492454,horizon,48,0.2462608223399981,1,False,False,True,0.006077479994361022,0.008813449800066188,0,0,0.008257088892323869,1.3836,1.3849,1.3817,1.3832,2389807.2,2026-03-10 22:59:59.999000+00:00,3306472.68436,6594,1162464.5,1608370.35899,-0.00021686485789986778,0.00028922632161124795,-0.006772848139365709,0.10824440836745323,0.12499999999998265,0.406250000000013,0.46875000000000433,0.00231347599768659,37.686958883000095,-0.00018378744326010433,-0.004876259400204939,-0.008285582099315902,-0.001543123767751231,-0.0018554869537986685,0.014063790800034365,-0.4677916330363706,0.007224628766014532,-1.1553075507382788,0.3122278738507241,-1.0,0.09,-0.011293781272337378,-0.5000000000000004,0.8660254037844384,1,2.0,0.92771083,True
XRPUSDT,trend_ema__directionboth_fast21_rsi_threshold58.0_slow89,trend_ema,2026-03-10 22:45:00+00:00,2026-03-11 10:45:00+00:00,short,0.003242569380492454,0.004042569380492454,horizon,48,0.2462608223399981,1,False,False,True,0.006077479994361022,0.008813449800066188,0,0,0.006892411625255874,1.3836,1.3849,1.3817,1.3832,2389807.2,2026-03-10 22:59:59.999000+00:00,3306472.68436,6594,1162464.5,1608370.35899,-0.00021686485789986778,0.00028922632161124795,-0.006772848139365709,0.10824440836745323,0.12499999999998265,0.406250000000013,0.46875000000000433,0.00231347599768659,37.686958883000095,-0.00018378744326010433,-0.004876259400204939,-0.008285582099315902,-0.001543123767751231,-0.0018554869537986685,0.014063790800034365,-0.4677916330363706,0.007224628766014532,-1.1553075507382788,0.3122278738507241,-1.0,0.09,-0.011293781272337378,-0.5000000000000004,0.8660254037844384,1,2.0,0.92771083,True
DOGEUSDT,trend_ema__directionshort_only_fast21_rsi_threshold58.0_slow55,trend_ema,2026-03-10 22:45:00+00:00,2026-03-11 02:30:00+00:00,short,0.019159461451809523,0.01995946145180952,target,15,0.2655204767196163,1,True,False,False,0.004706756023999072,0.021679910176821138,0,0,0.00593167171606959,0.09438,0.0945,0.09425,0.09428,29019188.0,2026-03-10 22:59:59.999000+00:00,2738824.21258,6799,14567345.0,1375033.54997,-0.001060108230311137,-0.0009541479653112474,-0.011809500386310437,-0.18993652724349577,0.4000000000000111,0.47999999999998,0.12000000000000888,0.0026516758591429808,36.723976164019184,-4.704652465154066e-05,-0.008545295281352578,-0.01077132181280263,-0.002539458542807571,-0.002196276296319577,0.02268044406752262,-0.5294648392631952,0.0007174396649839477,-1.1129276971532338,0.2081303861842724,-1.0,0.52,-0.020467532467532412,-0.5000000000000004,0.8660254037844384,1,2.0,0.92771083,True
XRPUSDT,trend_ema__directionshort_only_fast21_rsi_threshold52.0_slow89,trend_ema,2026-03-10 22:45:00+00:00,2026-03-11 10:45:00+00:00,short,0.003242569380492454,0.004042569380492454,horizon,48,0.2462608223399981,1,False,False,True,0.006077479994361022,0.008813449800066188,0,0,0.006210072991721875,1.3836,1.3849,1.3817,1.3832,2389807.2,2026-03-10 22:59:59.999000+00:00,3306472.68436,6594,1162464.5,1608370.35899,-0.00021686485789986778,0.00028922632161124795,-0.006772848139365709,0.10824440836745323,0.12499999999998265,0.406250000000013,0.46875000000000433,0.00231347599768659,37.686958883000095,-0.00018378744326010433,-0.004876259400204939,-0.008285582099315902,-0.001543123767751231,-0.0018554869537986685,0.014063790800034365,-0.4677916330363706,0.007224628766014532,-1.1553075507382788,0.3122278738507241,-1.0,0.09,-0.011293781272337378,-0.5000000000000004,0.8660254037844384,1,2.0,0.92771083,True
DOGEUSDT,trend_ema__directionboth_fast9_rsi_threshold58.0_slow89,trend_ema,2026-03-10 23:00:00+00:00,2026-03-11 02:30:00+00:00,short,0.018227028454563813,0.01902702845456381,target,14,0.24291931523223412,1,True,False,False,0.0057724186841857155,0.02064223507094168,0,0,0.008724542068219453,0.09428,0.09449,0.09428,0.09435,39503858.0,2026-03-10 23:14:59.999000+00:00,3728291.26125,10038,20251301.0,1911223.11623,0.0007421937466288081,0.0020158088625381555,-0.008443321927599199,0.7404067026943979,0.3333333333333333,0.6666666666666666,0.0,0.002225755166931657,37.854034238388294,-2.3772193376315532e-05,-0.007054462030127202,-0.009628415433781262,-0.0024993592916864316,-0.0021193480225230044,0.01838320384604583,-0.4644377092805252,0.0006811939746279517,-0.9422549335947307,0.2972727839857406,-1.0,0.03,-0.014518487570503447,-0.25881904510252157,0.9659258262890681,1,2.0,0.75384617,True
DOGEUSDT,trend_ema__directionshort_only_fast9_rsi_threshold55.0_slow89,trend_ema,2026-03-10 23:00:00+00:00,2026-03-11 02:30:00+00:00,short,0.018227028454563813,0.01902702845456381,target,14,0.24291931523223412,1,True,False,False,0.0057724186841857155,0.02064223507094168,0,0,0.011424169120644742,0.09428,0.09449,0.09428,0.09435,39503858.0,2026-03-10 23:14:59.999000+00:00,3728291.26125,10038,20251301.0,1911223.11623,0.0007421937466288081,0.0020158088625381555,-0.008443321927599199,0.7404067026943979,0.3333333333333333,0.6666666666666666,0.0,0.002225755166931657,37.854034238388294,-2.3772193376315532e-05,-0.007054462030127202,-0.009628415433781262,-0.0024993592916864316,-0.0021193480225230044,0.01838320384604583,-0.4644377092805252,0.0006811939746279517,-0.9422549335947307,0.2972727839857406,-1.0,0.03,-0.014518487570503447,-0.25881904510252157,0.9659258262890681,1,2.0,0.92771083,True
DOGEUSDT,trend_ema__directionshort_only_fast9_rsi_threshold52.0_slow89,trend_ema,2026-03-10 23:00:00+00:00,2026-03-11 02:30:00+00:00,short,0.018227028454563813,0.01902702845456381,target,14,0.24291931523223412,1,True,False,False,0.0057724186841857155,0.02064223507094168,0,0,0.014123796173070033,0.09428,0.09449,0.09428,0.09435,39503858.0,2026-03-10 23:14:59.999000+00:00,3728291.26125,10038,20251301.0,1911223.11623,0.0007421937466288081,0.0020158088625381555,-0.008443321927599199,0.7404067026943979,0.3333333333333333,0.6666666666666666,0.0,0.002225755166931657,37.854034238388294,-2.3772193376315532e-05,-0.007054462030127202,-0.009628415433781262,-0.0024993592916864316,-0.0021193480225230044,0.01838320384604583,-0.4644377092805252,0.0006811939746279517,-0.9422549335947307,0.2972727839857406,-1.0,0.03,-0.014518487570503447,-0.25881904510252157,0.9659258262890681,1,2.0,0.75384617,True
DOGEUSDT,trend_ema__directionshort_only_fast12_rsi_threshold52.0_slow89,trend_ema,2026-03-11 00:15:00+00:00,2026-03-11 02:30:00+00:00,short,0.014616956751098349,0.01541695675109835,target,9,0.15669274087825272,1,True,False,False,0.0037495885841540423,0.022611939478018192,0,0,0.019162043107574064,0.09447,0.09481,0.09432,0.09456,72073934.0,2026-03-11 00:29:59.999000+00:00,6814886.66633,15235,37702188.0,3565208.03798,0.0009522298767451904,0.0007405448632535027,-0.0010569708203137945,0.37636663114279145,0.18367346938776724,0.510204081632649,0.30612244897958374,0.005181895093062651,42.165362956087364,7.497323439259332e-05,-0.002731711629335655,-0.005959317811186381,-0.0011740974631504475,-0.0014164403966772099,0.008822164982156447,-0.010787956923135448,0.0005758822485079426,-0.4317270378897821,0.6390026774266846,-1.0,0.01,-0.0036877041407648026,0.0,1.0,2,0.0,0.92771083,True
DOGEUSDT,trend_ema__directionboth_fast12_rsi_threshold58.0_slow89,trend_ema,2026-03-11 00:15:00+00:00,2026-03-11 02:30:00+00:00,short,0.014616956751098349,0.01541695675109835,target,9,0.15669274087825272,1,True,False,False,0.0037495885841540423,0.022611939478018192,0,0,0.01797123061249357,0.09447,0.09481,0.09432,0.09456,72073934.0,2026-03-11 00:29:59.999000+00:00,6814886.66633,15235,37702188.0,3565208.03798,0.0009522298767451904,0.0007405448632535027,-0.0010569708203137945,0.37636663114279145,0.18367346938776724,0.510204081632649,0.30612244897958374,0.005181895093062651,42.165362956087364,7.497323439259332e-05,-0.002731711629335655,-0.005959317811186381,-0.0011740974631504475,-0.0014164403966772099,0.008822164982156447,-0.010787956923135448,0.0005758822485079426,-0.4317270378897821,0.6390026774266846,-1.0,0.01,-0.0036877041407648026,0.0,1.0,2,0.0,0.92771083,True
DOGEUSDT,trend_ema__directionboth_fast12_rsi_threshold52.0_slow89,trend_ema,2026-03-11 00:15:00+00:00,2026-03-11 02:30:00+00:00,short,0.014616956751098349,0.01541695675109835,target,9,0.15669274087825272,1,True,False,False,0.0037495885841540423,0.022611939478018192,0,0,0.01660847920228022,0.09447,0.09481,0.09432,0.09456,72073934.0,2026-03-11 00:29:59.999000+00:00,6814886.66633,15235,37702188.0,3565208.03798,0.0009522298767451904,0.0007405448632535027,-0.0010569708203137945,0.37636663114279145,0.18367346938776724,0.510204081632649,0.30612244897958374,0.005181895093062651,42.165362956087364,7.497323439259332e-05,-0.002731711629335655,-0.005959317811186381,-0.0011740974631504475,-0.0014164403966772099,0.008822164982156447,-0.010787956923135448,0.0005758822485079426,-0.4317270378897821,0.6390026774266846,-1.0,0.01,-0.0036877041407648026,0.0,1.0,2,0.0,0.92771083,True
DOGEUSDT,trend_ema__directionshort_only_fast12_rsi_threshold58.0_slow89,trend_ema,2026-03-11 00:15:00+00:00,2026-03-11 02:30:00+00:00,short,0.014616956751098349,0.01541695675109835,target,9,0.15669274087825272,1,True,False,False,0.0037495885841540423,0.022611939478018192,0,0,0.01682342322549532,0.09447,0.09481,0.09432,0.09456,72073934.0,2026-03-11 00:29:59.999000+00:00,6814886.66633,15235,37702188.0,3565208.03798,0.0009522298767451904,0.0007405448632535027,-0.0010569708203137945,0.37636663114279145,0.18367346938776724,0.510204081632649,0.30612244897958374,0.005181895093062651,42.165362956087364,7.497323439259332e-05,-0.002731711629335655,-0.005959317811186381,-0.0011740974631504475,-0.0014164403966772099,0.008822164982156447,-0.010787956923135448,0.0005758822485079426,-0.4317270378897821,0.6390026774266846,-1.0,0.01,-0.0036877041407648026,0.0,1.0,2,0.0,0.92771083,True
DOGEUSDT,trend_ema__directionboth_fast12_rsi_threshold55.0_slow89,trend_ema,2026-03-11 00:15:00+00:00,2026-03-11 02:30:00+00:00,short,0.014616956751098349,0.01541695675109835,target,9,0.15669274087825272,1,True,False,False,0.0037495885841540423,0.022611939478018192,0,0,0.017516980142422457,0.09447,0.09481,0.09432,0.09456,72073934.0,2026-03-11 00:29:59.999000+00:00,6814886.66633,15235,37702188.0,3565208.03798,0.0009522298767451904,0.0007405448632535027,-0.0010569708203137945,0.37636663114279145,0.18367346938776724,0.510204081632649,0.30612244897958374,0.005181895093062651,42.165362956087364,7.497323439259332e-05,-0.002731711629335655,-0.005959317811186381,-0.0011740974631504475,-0.0014164403966772099,0.008822164982156447,-0.010787956923135448,0.0005758822485079426,-0.4317270378897821,0.6390026774266846,-1.0,0.01,-0.0036877041407648026,0.0,1.0,2,0.0,0.92771083,True
