2026-03-19 22:59:51,526 | INFO | binance_quant.orchestration.research_loop | Research progress stage=starting details={'hypothesis': 'Continuous loop iteration 122: narrower_universe'}
2026-03-19 22:59:51,534 | INFO | binance_quant.orchestration.research_loop | Research progress stage=parity_passed details={'parity_checks': 1}
2026-03-19 22:59:52,014 | INFO | binance_quant.exchange.universe | Universe discovery found 6 eligible symbols
2026-03-19 22:59:52,033 | INFO | binance_quant.orchestration.research_loop | Research progress stage=universe_ready details={'symbol_count': 6, 'symbols': ['BTCUSDT', 'ETHUSDT', 'SOLUSDT', 'XRPUSDT', 'HYPEUSDT', 'DOGEUSDT']}
2026-03-19 22:59:52,194 | INFO | binance_quant.orchestration.research_loop | Research progress stage=ingesting_market_data details={'completed_symbols': 1, 'total_symbols': 6, 'current_symbol': 'BTCUSDT'}
2026-03-19 22:59:52,300 | INFO | binance_quant.orchestration.research_loop | Research progress stage=ingesting_market_data details={'completed_symbols': 2, 'total_symbols': 6, 'current_symbol': 'ETHUSDT'}
2026-03-19 22:59:52,400 | INFO | binance_quant.orchestration.research_loop | Research progress stage=ingesting_market_data details={'completed_symbols': 3, 'total_symbols': 6, 'current_symbol': 'SOLUSDT'}
2026-03-19 22:59:52,501 | INFO | binance_quant.orchestration.research_loop | Research progress stage=ingesting_market_data details={'completed_symbols': 4, 'total_symbols': 6, 'current_symbol': 'XRPUSDT'}
2026-03-19 22:59:52,602 | INFO | binance_quant.orchestration.research_loop | Research progress stage=ingesting_market_data details={'completed_symbols': 5, 'total_symbols': 6, 'current_symbol': 'HYPEUSDT'}
2026-03-19 22:59:52,706 | INFO | binance_quant.orchestration.research_loop | Research progress stage=ingesting_market_data details={'completed_symbols': 6, 'total_symbols': 6, 'current_symbol': 'DOGEUSDT'}
2026-03-19 22:59:52,707 | INFO | binance_quant.orchestration.research_loop | Research progress stage=pre_screen_started details={'template_count': 5}
2026-03-19 23:19:22,671 | INFO | binance_quant.orchestration.research_loop | Research progress stage=pre_screen_family_complete details={'completed_templates': 1, 'total_templates': 5, 'family': 'trend_ema', 'family_variant_count': 81, 'survivors_so_far': 17}
2026-03-19 23:21:17,674 | INFO | binance_quant.orchestration.research_loop | Research progress stage=pre_screen_family_complete details={'completed_templates': 2, 'total_templates': 5, 'family': 'trend_pullback', 'family_variant_count': 8, 'survivors_so_far': 17}
2026-03-19 23:27:46,702 | INFO | binance_quant.orchestration.research_loop | Research progress stage=pre_screen_family_complete details={'completed_templates': 3, 'total_templates': 5, 'family': 'breakout', 'family_variant_count': 27, 'survivors_so_far': 17}
2026-03-19 23:29:42,202 | INFO | binance_quant.orchestration.research_loop | Research progress stage=pre_screen_family_complete details={'completed_templates': 4, 'total_templates': 5, 'family': 'vol_squeeze', 'family_variant_count': 8, 'survivors_so_far': 17}
2026-03-19 23:31:38,394 | INFO | binance_quant.orchestration.research_loop | Research progress stage=pre_screen_family_complete details={'completed_templates': 5, 'total_templates': 5, 'family': 'mean_reversion', 'family_variant_count': 8, 'survivors_so_far': 17}
2026-03-19 23:31:38,825 | INFO | binance_quant.orchestration.research_loop | Research progress stage=event_dataset_ready details={'event_count': 1167, 'survivor_count': 17}
2026-03-19 23:31:38,866 | INFO | binance_quant.orchestration.research_loop | Research progress stage=model_evaluation_started details={'feature_count': 38, 'event_count': 1167}
2026-03-19 23:31:38,866 | INFO | binance_quant.ml.modeling | Evaluating model=logistic_regression calibration=platt across 2 folds
2026-03-19 23:31:38,886 | INFO | binance_quant.ml.modeling | Skipping fold=0 for model=logistic_regression calibration=platt because no threshold met acceptance constraints
2026-03-19 23:31:38,901 | INFO | binance_quant.ml.modeling | Skipping fold=1 for model=logistic_regression calibration=platt because no threshold met acceptance constraints
2026-03-19 23:31:38,902 | INFO | binance_quant.ml.modeling | Evaluating model=logistic_regression calibration=isotonic across 2 folds
2026-03-19 23:31:38,921 | INFO | binance_quant.ml.modeling | Completed fold=0 for model=logistic_regression calibration=isotonic threshold=0.450 acceptance=0.274 precision=0.625 expectancy=0.00430 trades=48
2026-03-19 23:31:38,938 | INFO | binance_quant.ml.modeling | Completed fold=1 for model=logistic_regression calibration=isotonic threshold=0.450 acceptance=0.503 precision=0.636 expectancy=0.00406 trades=88
2026-03-19 23:31:38,940 | INFO | binance_quant.ml.modeling | Finished model=logistic_regression calibration=isotonic folds=2 precision=0.631 expectancy=0.00418 trades=136
2026-03-19 23:31:38,940 | INFO | binance_quant.ml.modeling | Evaluating model=random_forest calibration=platt across 2 folds
2026-03-19 23:31:39,433 | INFO | binance_quant.ml.modeling | Completed fold=0 for model=random_forest calibration=platt threshold=0.450 acceptance=0.143 precision=0.760 expectancy=0.00610 trades=25
2026-03-19 23:31:39,954 | INFO | binance_quant.ml.modeling | Skipping fold=1 for model=random_forest calibration=platt because no threshold met acceptance constraints
2026-03-19 23:31:39,954 | INFO | binance_quant.ml.modeling | Finished model=random_forest calibration=platt folds=1 precision=0.760 expectancy=0.00610 trades=25
2026-03-19 23:31:39,955 | INFO | binance_quant.ml.modeling | Evaluating model=random_forest calibration=isotonic across 2 folds
2026-03-19 23:31:40,444 | INFO | binance_quant.ml.modeling | Completed fold=0 for model=random_forest calibration=isotonic threshold=0.450 acceptance=0.383 precision=0.582 expectancy=0.00285 trades=67
2026-03-19 23:31:40,985 | INFO | binance_quant.ml.modeling | Completed fold=1 for model=random_forest calibration=isotonic threshold=0.500 acceptance=0.663 precision=0.578 expectancy=0.00293 trades=116
2026-03-19 23:31:41,025 | INFO | binance_quant.ml.modeling | Finished model=random_forest calibration=isotonic folds=2 precision=0.580 expectancy=0.00289 trades=183
2026-03-19 23:31:41,025 | INFO | binance_quant.ml.modeling | Evaluating model=xgboost calibration=platt across 2 folds
2026-03-19 23:31:41,353 | INFO | binance_quant.ml.modeling | Completed fold=0 for model=xgboost calibration=platt threshold=0.450 acceptance=0.183 precision=0.688 expectancy=0.00477 trades=32
2026-03-19 23:31:41,541 | INFO | binance_quant.ml.modeling | Completed fold=1 for model=xgboost calibration=platt threshold=0.450 acceptance=0.080 precision=0.714 expectancy=0.00554 trades=14
2026-03-19 23:31:41,544 | INFO | binance_quant.ml.modeling | Finished model=xgboost calibration=platt folds=2 precision=0.701 expectancy=0.00515 trades=46
2026-03-19 23:31:41,544 | INFO | binance_quant.ml.modeling | Evaluating model=xgboost calibration=isotonic across 2 folds
2026-03-19 23:31:41,728 | INFO | binance_quant.ml.modeling | Completed fold=0 for model=xgboost calibration=isotonic threshold=0.450 acceptance=0.406 precision=0.563 expectancy=0.00313 trades=71
2026-03-19 23:31:41,915 | INFO | binance_quant.ml.modeling | Completed fold=1 for model=xgboost calibration=isotonic threshold=0.450 acceptance=0.406 precision=0.606 expectancy=0.00316 trades=71
2026-03-19 23:31:41,917 | INFO | binance_quant.ml.modeling | Finished model=xgboost calibration=isotonic folds=2 precision=0.585 expectancy=0.00315 trades=142
2026-03-19 23:31:42,041 | INFO | binance_quant.orchestration.research_loop | Research progress stage=completed details={'status': 'needs_iteration', 'trade_count': 20.0, 'portfolio_expectancy': 0.0056791488392253005}
2026-03-19 23:32:42,073 | INFO | binance_quant.orchestration.research_loop | Research progress stage=starting details={'hypothesis': 'Continuous loop iteration 123: wider_universe'}
2026-03-19 23:32:42,077 | INFO | binance_quant.orchestration.research_loop | Research progress stage=parity_passed details={'parity_checks': 1}
2026-03-19 23:32:42,430 | INFO | binance_quant.exchange.universe | Universe discovery found 12 eligible symbols
2026-03-19 23:32:42,447 | INFO | binance_quant.orchestration.research_loop | Research progress stage=universe_ready details={'symbol_count': 12, 'symbols': ['BTCUSDT', 'ETHUSDT', 'SOLUSDT', 'XRPUSDT', 'HYPEUSDT', 'DOGEUSDT', 'PAXGUSDT', 'ZECUSDT', 'SIRENUSDT', 'LYNUSDT', 'RIVERUSDT', 'BNBUSDT']}
2026-03-19 23:32:42,553 | INFO | binance_quant.orchestration.research_loop | Research progress stage=ingesting_market_data details={'completed_symbols': 1, 'total_symbols': 12, 'current_symbol': 'BTCUSDT'}
2026-03-19 23:32:42,660 | INFO | binance_quant.orchestration.research_loop | Research progress stage=ingesting_market_data details={'completed_symbols': 2, 'total_symbols': 12, 'current_symbol': 'ETHUSDT'}
2026-03-19 23:32:42,759 | INFO | binance_quant.orchestration.research_loop | Research progress stage=ingesting_market_data details={'completed_symbols': 3, 'total_symbols': 12, 'current_symbol': 'SOLUSDT'}
2026-03-19 23:32:42,862 | INFO | binance_quant.orchestration.research_loop | Research progress stage=ingesting_market_data details={'completed_symbols': 4, 'total_symbols': 12, 'current_symbol': 'XRPUSDT'}
2026-03-19 23:32:42,962 | INFO | binance_quant.orchestration.research_loop | Research progress stage=ingesting_market_data details={'completed_symbols': 5, 'total_symbols': 12, 'current_symbol': 'HYPEUSDT'}
2026-03-19 23:32:43,062 | INFO | binance_quant.orchestration.research_loop | Research progress stage=ingesting_market_data details={'completed_symbols': 6, 'total_symbols': 12, 'current_symbol': 'DOGEUSDT'}
2026-03-19 23:32:43,165 | INFO | binance_quant.orchestration.research_loop | Research progress stage=ingesting_market_data details={'completed_symbols': 7, 'total_symbols': 12, 'current_symbol': 'PAXGUSDT'}
2026-03-19 23:32:43,270 | INFO | binance_quant.orchestration.research_loop | Research progress stage=ingesting_market_data details={'completed_symbols': 8, 'total_symbols': 12, 'current_symbol': 'ZECUSDT'}
2026-03-19 23:32:43,373 | INFO | binance_quant.orchestration.research_loop | Research progress stage=ingesting_market_data details={'completed_symbols': 9, 'total_symbols': 12, 'current_symbol': 'SIRENUSDT'}
2026-03-19 23:32:43,464 | INFO | binance_quant.orchestration.research_loop | Research progress stage=ingesting_market_data details={'completed_symbols': 10, 'total_symbols': 12, 'current_symbol': 'LYNUSDT'}
2026-03-19 23:32:43,595 | INFO | binance_quant.orchestration.research_loop | Research progress stage=ingesting_market_data details={'completed_symbols': 11, 'total_symbols': 12, 'current_symbol': 'RIVERUSDT'}
2026-03-19 23:32:43,695 | INFO | binance_quant.orchestration.research_loop | Research progress stage=ingesting_market_data details={'completed_symbols': 12, 'total_symbols': 12, 'current_symbol': 'BNBUSDT'}
2026-03-19 23:32:43,695 | INFO | binance_quant.orchestration.research_loop | Research progress stage=pre_screen_started details={'template_count': 5}
2026-03-20 00:11:46,321 | INFO | binance_quant.orchestration.research_loop | Research progress stage=pre_screen_family_complete details={'completed_templates': 1, 'total_templates': 5, 'family': 'trend_ema', 'family_variant_count': 81, 'survivors_so_far': 5}
2026-03-20 00:15:37,504 | INFO | binance_quant.orchestration.research_loop | Research progress stage=pre_screen_family_complete details={'completed_templates': 2, 'total_templates': 5, 'family': 'trend_pullback', 'family_variant_count': 8, 'survivors_so_far': 5}
2026-03-20 00:28:39,473 | INFO | binance_quant.orchestration.research_loop | Research progress stage=pre_screen_family_complete details={'completed_templates': 3, 'total_templates': 5, 'family': 'breakout', 'family_variant_count': 27, 'survivors_so_far': 5}
2026-03-20 00:32:31,501 | INFO | binance_quant.orchestration.research_loop | Research progress stage=pre_screen_family_complete details={'completed_templates': 4, 'total_templates': 5, 'family': 'vol_squeeze', 'family_variant_count': 8, 'survivors_so_far': 5}
2026-03-20 00:36:24,039 | INFO | binance_quant.orchestration.research_loop | Research progress stage=pre_screen_family_complete details={'completed_templates': 5, 'total_templates': 5, 'family': 'mean_reversion', 'family_variant_count': 8, 'survivors_so_far': 5}
2026-03-20 00:36:24,775 | INFO | binance_quant.orchestration.research_loop | Research progress stage=event_dataset_ready details={'event_count': 2055, 'survivor_count': 5}
2026-03-20 00:36:24,826 | INFO | binance_quant.orchestration.research_loop | Research progress stage=model_evaluation_started details={'feature_count': 44, 'event_count': 2055}
2026-03-20 00:36:24,841 | INFO | binance_quant.ml.modeling | Evaluating model=logistic_regression calibration=platt across 2 folds
2026-03-20 00:36:24,859 | INFO | binance_quant.ml.modeling | Skipping fold=0 for model=logistic_regression calibration=platt because no threshold met acceptance constraints
2026-03-20 00:36:24,878 | INFO | binance_quant.ml.modeling | Completed fold=1 for model=logistic_regression calibration=platt threshold=0.550 acceptance=0.133 precision=0.902 expectancy=0.02769 trades=41
2026-03-20 00:36:24,879 | INFO | binance_quant.ml.modeling | Finished model=logistic_regression calibration=platt folds=1 precision=0.902 expectancy=0.02769 trades=41
2026-03-20 00:36:24,880 | INFO | binance_quant.ml.modeling | Evaluating model=logistic_regression calibration=isotonic across 2 folds
2026-03-20 00:36:24,899 | INFO | binance_quant.ml.modeling | Completed fold=0 for model=logistic_regression calibration=isotonic threshold=0.450 acceptance=0.260 precision=0.750 expectancy=0.01747 trades=80
2026-03-20 00:36:24,919 | INFO | binance_quant.ml.modeling | Completed fold=1 for model=logistic_regression calibration=isotonic threshold=0.550 acceptance=0.159 precision=0.816 expectancy=0.02353 trades=49
2026-03-20 00:36:24,921 | INFO | binance_quant.ml.modeling | Finished model=logistic_regression calibration=isotonic folds=2 precision=0.783 expectancy=0.02050 trades=129
2026-03-20 00:36:24,922 | INFO | binance_quant.ml.modeling | Evaluating model=random_forest calibration=platt across 2 folds
2026-03-20 00:36:25,532 | INFO | binance_quant.ml.modeling | Completed fold=0 for model=random_forest calibration=platt threshold=0.450 acceptance=0.208 precision=0.797 expectancy=0.01950 trades=64
2026-03-20 00:36:26,214 | INFO | binance_quant.ml.modeling | Completed fold=1 for model=random_forest calibration=platt threshold=0.500 acceptance=0.127 precision=0.795 expectancy=0.01963 trades=39
2026-03-20 00:36:26,253 | INFO | binance_quant.ml.modeling | Finished model=random_forest calibration=platt folds=2 precision=0.796 expectancy=0.01956 trades=103
2026-03-20 00:36:26,254 | INFO | binance_quant.ml.modeling | Evaluating model=random_forest calibration=isotonic across 2 folds
2026-03-20 00:36:26,859 | INFO | binance_quant.ml.modeling | Completed fold=0 for model=random_forest calibration=isotonic threshold=0.700 acceptance=0.149 precision=0.848 expectancy=0.02087 trades=46
2026-03-20 00:36:27,525 | INFO | binance_quant.ml.modeling | Completed fold=1 for model=random_forest calibration=isotonic threshold=0.550 acceptance=0.169 precision=0.750 expectancy=0.01852 trades=52
2026-03-20 00:36:27,575 | INFO | binance_quant.ml.modeling | Finished model=random_forest calibration=isotonic folds=2 precision=0.799 expectancy=0.01969 trades=98
2026-03-20 00:36:27,576 | INFO | binance_quant.ml.modeling | Evaluating model=xgboost calibration=platt across 2 folds
2026-03-20 00:36:27,791 | INFO | binance_quant.ml.modeling | Completed fold=0 for model=xgboost calibration=platt threshold=0.450 acceptance=0.286 precision=0.739 expectancy=0.01681 trades=88
2026-03-20 00:36:28,008 | INFO | binance_quant.ml.modeling | Completed fold=1 for model=xgboost calibration=platt threshold=0.550 acceptance=0.188 precision=0.793 expectancy=0.02060 trades=58
2026-03-20 00:36:28,010 | INFO | binance_quant.ml.modeling | Finished model=xgboost calibration=platt folds=2 precision=0.766 expectancy=0.01871 trades=146
2026-03-20 00:36:28,011 | INFO | binance_quant.ml.modeling | Evaluating model=xgboost calibration=isotonic across 2 folds
2026-03-20 00:36:28,224 | INFO | binance_quant.ml.modeling | Completed fold=0 for model=xgboost calibration=isotonic threshold=0.550 acceptance=0.175 precision=0.796 expectancy=0.02032 trades=54
2026-03-20 00:36:28,426 | INFO | binance_quant.ml.modeling | Completed fold=1 for model=xgboost calibration=isotonic threshold=0.550 acceptance=0.390 precision=0.650 expectancy=0.01287 trades=120
2026-03-20 00:36:28,442 | INFO | binance_quant.ml.modeling | Finished model=xgboost calibration=isotonic folds=2 precision=0.723 expectancy=0.01660 trades=174
2026-03-20 00:36:28,614 | INFO | binance_quant.orchestration.research_loop | Research progress stage=completed details={'status': 'needs_iteration', 'trade_count': 28.0, 'portfolio_expectancy': 0.02567205619526009}
2026-03-20 00:37:28,660 | INFO | binance_quant.orchestration.research_loop | Research progress stage=starting details={'hypothesis': 'Continuous loop iteration 124: diversified_candidates'}
2026-03-20 00:37:28,664 | INFO | binance_quant.orchestration.research_loop | Research progress stage=parity_passed details={'parity_checks': 1}
2026-03-20 00:37:29,009 | INFO | binance_quant.exchange.universe | Universe discovery found 10 eligible symbols
2026-03-20 00:37:29,025 | INFO | binance_quant.orchestration.research_loop | Research progress stage=universe_ready details={'symbol_count': 10, 'symbols': ['BTCUSDT', 'ETHUSDT', 'SOLUSDT', 'XRPUSDT', 'HYPEUSDT', 'PAXGUSDT', 'DOGEUSDT', 'ZECUSDT', 'SIRENUSDT', 'RIVERUSDT']}
2026-03-20 00:37:29,133 | INFO | binance_quant.orchestration.research_loop | Research progress stage=ingesting_market_data details={'completed_symbols': 1, 'total_symbols': 10, 'current_symbol': 'BTCUSDT'}
2026-03-20 00:37:29,237 | INFO | binance_quant.orchestration.research_loop | Research progress stage=ingesting_market_data details={'completed_symbols': 2, 'total_symbols': 10, 'current_symbol': 'ETHUSDT'}
2026-03-20 00:37:29,339 | INFO | binance_quant.orchestration.research_loop | Research progress stage=ingesting_market_data details={'completed_symbols': 3, 'total_symbols': 10, 'current_symbol': 'SOLUSDT'}
2026-03-20 00:37:29,440 | INFO | binance_quant.orchestration.research_loop | Research progress stage=ingesting_market_data details={'completed_symbols': 4, 'total_symbols': 10, 'current_symbol': 'XRPUSDT'}
2026-03-20 00:37:29,542 | INFO | binance_quant.orchestration.research_loop | Research progress stage=ingesting_market_data details={'completed_symbols': 5, 'total_symbols': 10, 'current_symbol': 'HYPEUSDT'}
2026-03-20 00:37:29,643 | INFO | binance_quant.orchestration.research_loop | Research progress stage=ingesting_market_data details={'completed_symbols': 6, 'total_symbols': 10, 'current_symbol': 'PAXGUSDT'}
2026-03-20 00:37:29,742 | INFO | binance_quant.orchestration.research_loop | Research progress stage=ingesting_market_data details={'completed_symbols': 7, 'total_symbols': 10, 'current_symbol': 'DOGEUSDT'}
2026-03-20 00:37:29,843 | INFO | binance_quant.orchestration.research_loop | Research progress stage=ingesting_market_data details={'completed_symbols': 8, 'total_symbols': 10, 'current_symbol': 'ZECUSDT'}
2026-03-20 00:37:29,940 | INFO | binance_quant.orchestration.research_loop | Research progress stage=ingesting_market_data details={'completed_symbols': 9, 'total_symbols': 10, 'current_symbol': 'SIRENUSDT'}
2026-03-20 00:37:30,046 | INFO | binance_quant.orchestration.research_loop | Research progress stage=ingesting_market_data details={'completed_symbols': 10, 'total_symbols': 10, 'current_symbol': 'RIVERUSDT'}
2026-03-20 00:37:30,046 | INFO | binance_quant.orchestration.research_loop | Research progress stage=pre_screen_started details={'template_count': 5}
2026-03-20 01:10:02,909 | INFO | binance_quant.orchestration.research_loop | Research progress stage=pre_screen_family_complete details={'completed_templates': 1, 'total_templates': 5, 'family': 'trend_ema', 'family_variant_count': 81, 'survivors_so_far': 8}
2026-03-20 01:13:15,627 | INFO | binance_quant.orchestration.research_loop | Research progress stage=pre_screen_family_complete details={'completed_templates': 2, 'total_templates': 5, 'family': 'trend_pullback', 'family_variant_count': 8, 'survivors_so_far': 8}
2026-03-20 01:24:06,121 | INFO | binance_quant.orchestration.research_loop | Research progress stage=pre_screen_family_complete details={'completed_templates': 3, 'total_templates': 5, 'family': 'breakout', 'family_variant_count': 27, 'survivors_so_far': 8}
2026-03-20 01:27:19,233 | INFO | binance_quant.orchestration.research_loop | Research progress stage=pre_screen_family_complete details={'completed_templates': 4, 'total_templates': 5, 'family': 'vol_squeeze', 'family_variant_count': 8, 'survivors_so_far': 8}
2026-03-20 01:30:32,801 | INFO | binance_quant.orchestration.research_loop | Research progress stage=pre_screen_family_complete details={'completed_templates': 5, 'total_templates': 5, 'family': 'mean_reversion', 'family_variant_count': 8, 'survivors_so_far': 8}
2026-03-20 01:30:33,421 | INFO | binance_quant.orchestration.research_loop | Research progress stage=event_dataset_ready details={'event_count': 1714, 'survivor_count': 8}
2026-03-20 01:30:33,474 | INFO | binance_quant.orchestration.research_loop | Research progress stage=model_evaluation_started details={'feature_count': 42, 'event_count': 1714}
2026-03-20 01:30:33,475 | INFO | binance_quant.ml.modeling | Evaluating model=logistic_regression calibration=platt across 2 folds
2026-03-20 01:30:33,491 | INFO | binance_quant.ml.modeling | Skipping fold=0 for model=logistic_regression calibration=platt because no threshold met acceptance constraints
2026-03-20 01:30:33,509 | INFO | binance_quant.ml.modeling | Completed fold=1 for model=logistic_regression calibration=platt threshold=0.500 acceptance=0.160 precision=0.854 expectancy=0.02344 trades=41
2026-03-20 01:30:33,510 | INFO | binance_quant.ml.modeling | Finished model=logistic_regression calibration=platt folds=1 precision=0.854 expectancy=0.02344 trades=41
2026-03-20 01:30:33,511 | INFO | binance_quant.ml.modeling | Evaluating model=logistic_regression calibration=isotonic across 2 folds
2026-03-20 01:30:33,529 | INFO | binance_quant.ml.modeling | Completed fold=0 for model=logistic_regression calibration=isotonic threshold=0.500 acceptance=0.237 precision=0.738 expectancy=0.01806 trades=61
2026-03-20 01:30:33,542 | INFO | binance_quant.ml.modeling | Completed fold=1 for model=logistic_regression calibration=isotonic threshold=0.500 acceptance=0.276 precision=0.704 expectancy=0.01737 trades=71
2026-03-20 01:30:33,542 | INFO | binance_quant.ml.modeling | Finished model=logistic_regression calibration=isotonic folds=2 precision=0.721 expectancy=0.01771 trades=132
2026-03-20 01:30:33,542 | INFO | binance_quant.ml.modeling | Evaluating model=random_forest calibration=platt across 2 folds
2026-03-20 01:30:34,085 | INFO | binance_quant.ml.modeling | Skipping fold=0 for model=random_forest calibration=platt because no threshold met acceptance constraints
2026-03-20 01:30:34,641 | INFO | binance_quant.ml.modeling | Skipping fold=1 for model=random_forest calibration=platt because no threshold met acceptance constraints
2026-03-20 01:30:34,641 | INFO | binance_quant.ml.modeling | Evaluating model=random_forest calibration=isotonic across 2 folds
2026-03-20 01:30:35,174 | INFO | binance_quant.ml.modeling | Skipping fold=0 for model=random_forest calibration=isotonic because no threshold met acceptance constraints
2026-03-20 01:30:35,774 | INFO | binance_quant.ml.modeling | Completed fold=1 for model=random_forest calibration=isotonic threshold=0.450 acceptance=0.428 precision=0.682 expectancy=0.01343 trades=110
2026-03-20 01:30:35,813 | INFO | binance_quant.ml.modeling | Finished model=random_forest calibration=isotonic folds=1 precision=0.682 expectancy=0.01343 trades=110
2026-03-20 01:30:35,813 | INFO | binance_quant.ml.modeling | Evaluating model=xgboost calibration=platt across 2 folds
2026-03-20 01:30:36,017 | INFO | binance_quant.ml.modeling | Completed fold=0 for model=xgboost calibration=platt threshold=0.450 acceptance=0.206 precision=0.755 expectancy=0.01854 trades=53
2026-03-20 01:30:36,224 | INFO | binance_quant.ml.modeling | Completed fold=1 for model=xgboost calibration=platt threshold=0.450 acceptance=0.265 precision=0.691 expectancy=0.01456 trades=68
2026-03-20 01:30:36,224 | INFO | binance_quant.ml.modeling | Finished model=xgboost calibration=platt folds=2 precision=0.723 expectancy=0.01655 trades=121
2026-03-20 01:30:36,224 | INFO | binance_quant.ml.modeling | Evaluating model=xgboost calibration=isotonic across 2 folds
2026-03-20 01:30:36,433 | INFO | binance_quant.ml.modeling | Completed fold=0 for model=xgboost calibration=isotonic threshold=0.450 acceptance=0.311 precision=0.688 expectancy=0.01424 trades=80
2026-03-20 01:30:36,638 | INFO | binance_quant.ml.modeling | Completed fold=1 for model=xgboost calibration=isotonic threshold=0.450 acceptance=0.490 precision=0.635 expectancy=0.01210 trades=126
2026-03-20 01:30:36,640 | INFO | binance_quant.ml.modeling | Finished model=xgboost calibration=isotonic folds=2 precision=0.661 expectancy=0.01317 trades=206
2026-03-20 01:30:36,796 | INFO | binance_quant.orchestration.research_loop | Research progress stage=completed details={'status': 'needs_iteration', 'trade_count': 25.0, 'portfolio_expectancy': 0.02207152576405729}
2026-03-20 01:31:36,832 | INFO | binance_quant.orchestration.research_loop | Research progress stage=starting details={'hypothesis': 'Continuous loop iteration 125: stricter_costs'}
2026-03-20 01:31:36,837 | INFO | binance_quant.orchestration.research_loop | Research progress stage=parity_passed details={'parity_checks': 1}
2026-03-20 01:31:37,223 | INFO | binance_quant.exchange.universe | Universe discovery found 8 eligible symbols
2026-03-20 01:31:37,239 | INFO | binance_quant.orchestration.research_loop | Research progress stage=universe_ready details={'symbol_count': 8, 'symbols': ['BTCUSDT', 'ETHUSDT', 'SOLUSDT', 'XRPUSDT', 'HYPEUSDT', 'PAXGUSDT', 'ZECUSDT', 'DOGEUSDT']}
2026-03-20 01:31:37,343 | INFO | binance_quant.orchestration.research_loop | Research progress stage=ingesting_market_data details={'completed_symbols': 1, 'total_symbols': 8, 'current_symbol': 'BTCUSDT'}
2026-03-20 01:31:37,444 | INFO | binance_quant.orchestration.research_loop | Research progress stage=ingesting_market_data details={'completed_symbols': 2, 'total_symbols': 8, 'current_symbol': 'ETHUSDT'}
2026-03-20 01:31:37,543 | INFO | binance_quant.orchestration.research_loop | Research progress stage=ingesting_market_data details={'completed_symbols': 3, 'total_symbols': 8, 'current_symbol': 'SOLUSDT'}
2026-03-20 01:31:37,646 | INFO | binance_quant.orchestration.research_loop | Research progress stage=ingesting_market_data details={'completed_symbols': 4, 'total_symbols': 8, 'current_symbol': 'XRPUSDT'}
2026-03-20 01:31:37,746 | INFO | binance_quant.orchestration.research_loop | Research progress stage=ingesting_market_data details={'completed_symbols': 5, 'total_symbols': 8, 'current_symbol': 'HYPEUSDT'}
2026-03-20 01:31:37,845 | INFO | binance_quant.orchestration.research_loop | Research progress stage=ingesting_market_data details={'completed_symbols': 6, 'total_symbols': 8, 'current_symbol': 'PAXGUSDT'}
2026-03-20 01:31:37,938 | INFO | binance_quant.orchestration.research_loop | Research progress stage=ingesting_market_data details={'completed_symbols': 7, 'total_symbols': 8, 'current_symbol': 'ZECUSDT'}
2026-03-20 01:31:38,046 | INFO | binance_quant.orchestration.research_loop | Research progress stage=ingesting_market_data details={'completed_symbols': 8, 'total_symbols': 8, 'current_symbol': 'DOGEUSDT'}
2026-03-20 01:31:38,047 | INFO | binance_quant.orchestration.research_loop | Research progress stage=pre_screen_started details={'template_count': 5}
2026-03-20 01:57:34,963 | INFO | binance_quant.orchestration.research_loop | Research progress stage=pre_screen_family_complete details={'completed_templates': 1, 'total_templates': 5, 'family': 'trend_ema', 'family_variant_count': 81, 'survivors_so_far': 6}
2026-03-20 02:00:08,676 | INFO | binance_quant.orchestration.research_loop | Research progress stage=pre_screen_family_complete details={'completed_templates': 2, 'total_templates': 5, 'family': 'trend_pullback', 'family_variant_count': 8, 'survivors_so_far': 6}
2026-03-20 02:08:48,541 | INFO | binance_quant.orchestration.research_loop | Research progress stage=pre_screen_family_complete details={'completed_templates': 3, 'total_templates': 5, 'family': 'breakout', 'family_variant_count': 27, 'survivors_so_far': 6}
2026-03-20 02:11:22,963 | INFO | binance_quant.orchestration.research_loop | Research progress stage=pre_screen_family_complete details={'completed_templates': 4, 'total_templates': 5, 'family': 'vol_squeeze', 'family_variant_count': 8, 'survivors_so_far': 6}
2026-03-20 02:13:57,580 | INFO | binance_quant.orchestration.research_loop | Research progress stage=pre_screen_family_complete details={'completed_templates': 5, 'total_templates': 5, 'family': 'mean_reversion', 'family_variant_count': 8, 'survivors_so_far': 6}
2026-03-20 02:13:58,012 | INFO | binance_quant.orchestration.research_loop | Research progress stage=event_dataset_ready details={'event_count': 1121, 'survivor_count': 6}
2026-03-20 02:13:58,062 | INFO | binance_quant.orchestration.research_loop | Research progress stage=model_evaluation_started details={'feature_count': 40, 'event_count': 1121}
2026-03-20 02:13:58,063 | INFO | binance_quant.ml.modeling | Evaluating model=logistic_regression calibration=platt across 2 folds
2026-03-20 02:13:58,082 | INFO | binance_quant.ml.modeling | Completed fold=0 for model=logistic_regression calibration=platt threshold=0.450 acceptance=0.208 precision=0.657 expectancy=0.00554 trades=35
2026-03-20 02:13:58,102 | INFO | binance_quant.ml.modeling | Completed fold=1 for model=logistic_regression calibration=platt threshold=0.450 acceptance=0.208 precision=0.686 expectancy=0.00556 trades=35
2026-03-20 02:13:58,103 | INFO | binance_quant.ml.modeling | Finished model=logistic_regression calibration=platt folds=2 precision=0.671 expectancy=0.00555 trades=70
2026-03-20 02:13:58,104 | INFO | binance_quant.ml.modeling | Evaluating model=logistic_regression calibration=isotonic across 2 folds
2026-03-20 02:13:58,123 | INFO | binance_quant.ml.modeling | Completed fold=0 for model=logistic_regression calibration=isotonic threshold=0.450 acceptance=0.202 precision=0.647 expectancy=0.00522 trades=34
2026-03-20 02:13:58,142 | INFO | binance_quant.ml.modeling | Completed fold=1 for model=logistic_regression calibration=isotonic threshold=0.450 acceptance=0.268 precision=0.733 expectancy=0.00694 trades=45
2026-03-20 02:13:58,144 | INFO | binance_quant.ml.modeling | Finished model=logistic_regression calibration=isotonic folds=2 precision=0.690 expectancy=0.00608 trades=79
2026-03-20 02:13:58,144 | INFO | binance_quant.ml.modeling | Evaluating model=random_forest calibration=platt across 2 folds
2026-03-20 02:13:58,621 | INFO | binance_quant.ml.modeling | Completed fold=0 for model=random_forest calibration=platt threshold=0.450 acceptance=0.083 precision=0.929 expectancy=0.01090 trades=14
2026-03-20 02:13:59,125 | INFO | binance_quant.ml.modeling | Skipping fold=1 for model=random_forest calibration=platt because no threshold met acceptance constraints
2026-03-20 02:13:59,126 | INFO | binance_quant.ml.modeling | Finished model=random_forest calibration=platt folds=1 precision=0.929 expectancy=0.01090 trades=14
2026-03-20 02:13:59,127 | INFO | binance_quant.ml.modeling | Evaluating model=random_forest calibration=isotonic across 2 folds
2026-03-20 02:13:59,563 | INFO | binance_quant.ml.modeling | Skipping fold=0 for model=random_forest calibration=isotonic because no threshold met acceptance constraints
2026-03-20 02:14:00,062 | INFO | binance_quant.ml.modeling | Completed fold=1 for model=random_forest calibration=isotonic threshold=0.450 acceptance=0.107 precision=0.889 expectancy=0.01066 trades=18
2026-03-20 02:14:00,095 | INFO | binance_quant.ml.modeling | Finished model=random_forest calibration=isotonic folds=1 precision=0.889 expectancy=0.01066 trades=18
2026-03-20 02:14:00,095 | INFO | binance_quant.ml.modeling | Evaluating model=xgboost calibration=platt across 2 folds
2026-03-20 02:14:00,290 | INFO | binance_quant.ml.modeling | Completed fold=0 for model=xgboost calibration=platt threshold=0.450 acceptance=0.214 precision=0.611 expectancy=0.00324 trades=36
2026-03-20 02:14:00,482 | INFO | binance_quant.ml.modeling | Completed fold=1 for model=xgboost calibration=platt threshold=0.450 acceptance=0.208 precision=0.714 expectancy=0.00640 trades=35
2026-03-20 02:14:00,485 | INFO | binance_quant.ml.modeling | Finished model=xgboost calibration=platt folds=2 precision=0.663 expectancy=0.00482 trades=71
2026-03-20 02:14:00,485 | INFO | binance_quant.ml.modeling | Evaluating model=xgboost calibration=isotonic across 2 folds
2026-03-20 02:14:00,663 | INFO | binance_quant.ml.modeling | Completed fold=0 for model=xgboost calibration=isotonic threshold=0.550 acceptance=0.244 precision=0.659 expectancy=0.00504 trades=41
2026-03-20 02:14:00,856 | INFO | binance_quant.ml.modeling | Completed fold=1 for model=xgboost calibration=isotonic threshold=0.450 acceptance=0.363 precision=0.607 expectancy=0.00416 trades=61
2026-03-20 02:14:00,858 | INFO | binance_quant.ml.modeling | Finished model=xgboost calibration=isotonic folds=2 precision=0.633 expectancy=0.00460 trades=102
2026-03-20 02:14:00,976 | INFO | binance_quant.orchestration.research_loop | Research progress stage=completed details={'status': 'needs_iteration', 'trade_count': 12.0, 'portfolio_expectancy': 0.010131330133258952}
2026-03-20 02:15:01,011 | INFO | binance_quant.orchestration.research_loop | Research progress stage=starting details={'hypothesis': 'Continuous loop iteration 126: higher_candidate_bar'}
2026-03-20 02:15:01,016 | INFO | binance_quant.orchestration.research_loop | Research progress stage=parity_passed details={'parity_checks': 1}
2026-03-20 02:15:01,370 | INFO | binance_quant.exchange.universe | Universe discovery found 8 eligible symbols
2026-03-20 02:15:01,387 | INFO | binance_quant.orchestration.research_loop | Research progress stage=universe_ready details={'symbol_count': 8, 'symbols': ['BTCUSDT', 'ETHUSDT', 'SOLUSDT', 'XRPUSDT', 'HYPEUSDT', 'PAXGUSDT', 'DOGEUSDT', 'SIRENUSDT']}
2026-03-20 02:15:01,494 | INFO | binance_quant.orchestration.research_loop | Research progress stage=ingesting_market_data details={'completed_symbols': 1, 'total_symbols': 8, 'current_symbol': 'BTCUSDT'}
2026-03-20 02:15:01,602 | INFO | binance_quant.orchestration.research_loop | Research progress stage=ingesting_market_data details={'completed_symbols': 2, 'total_symbols': 8, 'current_symbol': 'ETHUSDT'}
2026-03-20 02:15:01,708 | INFO | binance_quant.orchestration.research_loop | Research progress stage=ingesting_market_data details={'completed_symbols': 3, 'total_symbols': 8, 'current_symbol': 'SOLUSDT'}
2026-03-20 02:15:01,866 | INFO | binance_quant.orchestration.research_loop | Research progress stage=ingesting_market_data details={'completed_symbols': 4, 'total_symbols': 8, 'current_symbol': 'XRPUSDT'}
2026-03-20 02:15:01,969 | INFO | binance_quant.orchestration.research_loop | Research progress stage=ingesting_market_data details={'completed_symbols': 5, 'total_symbols': 8, 'current_symbol': 'HYPEUSDT'}
2026-03-20 02:15:02,072 | INFO | binance_quant.orchestration.research_loop | Research progress stage=ingesting_market_data details={'completed_symbols': 6, 'total_symbols': 8, 'current_symbol': 'PAXGUSDT'}
2026-03-20 02:15:02,173 | INFO | binance_quant.orchestration.research_loop | Research progress stage=ingesting_market_data details={'completed_symbols': 7, 'total_symbols': 8, 'current_symbol': 'DOGEUSDT'}
2026-03-20 02:15:02,273 | INFO | binance_quant.orchestration.research_loop | Research progress stage=ingesting_market_data details={'completed_symbols': 8, 'total_symbols': 8, 'current_symbol': 'SIRENUSDT'}
2026-03-20 02:15:02,274 | INFO | binance_quant.orchestration.research_loop | Research progress stage=pre_screen_started details={'template_count': 5}
2026-03-20 02:40:59,281 | INFO | binance_quant.orchestration.research_loop | Research progress stage=pre_screen_family_complete details={'completed_templates': 1, 'total_templates': 5, 'family': 'trend_ema', 'family_variant_count': 81, 'survivors_so_far': 0}
2026-03-20 02:43:33,022 | INFO | binance_quant.orchestration.research_loop | Research progress stage=pre_screen_family_complete details={'completed_templates': 2, 'total_templates': 5, 'family': 'trend_pullback', 'family_variant_count': 8, 'survivors_so_far': 0}
2026-03-20 02:52:12,395 | INFO | binance_quant.orchestration.research_loop | Research progress stage=pre_screen_family_complete details={'completed_templates': 3, 'total_templates': 5, 'family': 'breakout', 'family_variant_count': 27, 'survivors_so_far': 0}
2026-03-20 02:54:46,787 | INFO | binance_quant.orchestration.research_loop | Research progress stage=pre_screen_family_complete details={'completed_templates': 4, 'total_templates': 5, 'family': 'vol_squeeze', 'family_variant_count': 8, 'survivors_so_far': 0}
2026-03-20 02:57:21,606 | INFO | binance_quant.orchestration.research_loop | Research progress stage=pre_screen_family_complete details={'completed_templates': 5, 'total_templates': 5, 'family': 'mean_reversion', 'family_variant_count': 8, 'survivors_so_far': 0}
2026-03-20 02:57:21,622 | INFO | binance_quant.orchestration.research_loop | Research progress stage=rejected details={'reason': 'No strategies passed pre-screen.', 'candidate_count': 132}
2026-03-20 02:58:21,653 | INFO | binance_quant.orchestration.research_loop | Research progress stage=starting details={'hypothesis': 'Continuous loop iteration 127: base'}
2026-03-20 02:58:21,657 | INFO | binance_quant.orchestration.research_loop | Research progress stage=parity_passed details={'parity_checks': 1}
2026-03-20 02:58:22,001 | INFO | binance_quant.exchange.universe | Universe discovery found 8 eligible symbols
2026-03-20 02:58:22,020 | INFO | binance_quant.orchestration.research_loop | Research progress stage=universe_ready details={'symbol_count': 8, 'symbols': ['BTCUSDT', 'ETHUSDT', 'SOLUSDT', 'XRPUSDT', 'HYPEUSDT', 'PAXGUSDT', 'DOGEUSDT', 'SIRENUSDT']}
2026-03-20 02:58:22,124 | INFO | binance_quant.orchestration.research_loop | Research progress stage=ingesting_market_data details={'completed_symbols': 1, 'total_symbols': 8, 'current_symbol': 'BTCUSDT'}
2026-03-20 02:58:22,228 | INFO | binance_quant.orchestration.research_loop | Research progress stage=ingesting_market_data details={'completed_symbols': 2, 'total_symbols': 8, 'current_symbol': 'ETHUSDT'}
2026-03-20 02:58:22,328 | INFO | binance_quant.orchestration.research_loop | Research progress stage=ingesting_market_data details={'completed_symbols': 3, 'total_symbols': 8, 'current_symbol': 'SOLUSDT'}
2026-03-20 02:58:22,427 | INFO | binance_quant.orchestration.research_loop | Research progress stage=ingesting_market_data details={'completed_symbols': 4, 'total_symbols': 8, 'current_symbol': 'XRPUSDT'}
2026-03-20 02:58:22,527 | INFO | binance_quant.orchestration.research_loop | Research progress stage=ingesting_market_data details={'completed_symbols': 5, 'total_symbols': 8, 'current_symbol': 'HYPEUSDT'}
2026-03-20 02:58:22,633 | INFO | binance_quant.orchestration.research_loop | Research progress stage=ingesting_market_data details={'completed_symbols': 6, 'total_symbols': 8, 'current_symbol': 'PAXGUSDT'}
2026-03-20 02:58:22,732 | INFO | binance_quant.orchestration.research_loop | Research progress stage=ingesting_market_data details={'completed_symbols': 7, 'total_symbols': 8, 'current_symbol': 'DOGEUSDT'}
2026-03-20 02:58:22,833 | INFO | binance_quant.orchestration.research_loop | Research progress stage=ingesting_market_data details={'completed_symbols': 8, 'total_symbols': 8, 'current_symbol': 'SIRENUSDT'}
2026-03-20 02:58:22,834 | INFO | binance_quant.orchestration.research_loop | Research progress stage=pre_screen_started details={'template_count': 5}
2026-03-20 03:24:16,391 | INFO | binance_quant.orchestration.research_loop | Research progress stage=pre_screen_family_complete details={'completed_templates': 1, 'total_templates': 5, 'family': 'trend_ema', 'family_variant_count': 81, 'survivors_so_far': 0}
2026-03-20 03:26:50,067 | INFO | binance_quant.orchestration.research_loop | Research progress stage=pre_screen_family_complete details={'completed_templates': 2, 'total_templates': 5, 'family': 'trend_pullback', 'family_variant_count': 8, 'survivors_so_far': 0}
2026-03-20 03:35:32,397 | INFO | binance_quant.orchestration.research_loop | Research progress stage=pre_screen_family_complete details={'completed_templates': 3, 'total_templates': 5, 'family': 'breakout', 'family_variant_count': 27, 'survivors_so_far': 0}
2026-03-20 03:38:06,463 | INFO | binance_quant.orchestration.research_loop | Research progress stage=pre_screen_family_complete details={'completed_templates': 4, 'total_templates': 5, 'family': 'vol_squeeze', 'family_variant_count': 8, 'survivors_so_far': 0}
2026-03-20 03:40:40,970 | INFO | binance_quant.orchestration.research_loop | Research progress stage=pre_screen_family_complete details={'completed_templates': 5, 'total_templates': 5, 'family': 'mean_reversion', 'family_variant_count': 8, 'survivors_so_far': 0}
2026-03-20 03:40:40,985 | INFO | binance_quant.orchestration.research_loop | Research progress stage=rejected details={'reason': 'No strategies passed pre-screen.', 'candidate_count': 132}
2026-03-20 03:41:41,016 | INFO | binance_quant.orchestration.research_loop | Research progress stage=starting details={'hypothesis': 'Continuous loop iteration 128: broader_trend_grid'}
2026-03-20 03:41:41,020 | INFO | binance_quant.orchestration.research_loop | Research progress stage=parity_passed details={'parity_checks': 1}
2026-03-20 03:41:41,369 | INFO | binance_quant.exchange.universe | Universe discovery found 8 eligible symbols
2026-03-20 03:41:41,387 | INFO | binance_quant.orchestration.research_loop | Research progress stage=universe_ready details={'symbol_count': 8, 'symbols': ['BTCUSDT', 'ETHUSDT', 'SOLUSDT', 'XRPUSDT', 'HYPEUSDT', 'PAXGUSDT', 'SIRENUSDT', 'DOGEUSDT']}
2026-03-20 03:41:41,494 | INFO | binance_quant.orchestration.research_loop | Research progress stage=ingesting_market_data details={'completed_symbols': 1, 'total_symbols': 8, 'current_symbol': 'BTCUSDT'}
2026-03-20 03:41:41,600 | INFO | binance_quant.orchestration.research_loop | Research progress stage=ingesting_market_data details={'completed_symbols': 2, 'total_symbols': 8, 'current_symbol': 'ETHUSDT'}
2026-03-20 03:41:41,702 | INFO | binance_quant.orchestration.research_loop | Research progress stage=ingesting_market_data details={'completed_symbols': 3, 'total_symbols': 8, 'current_symbol': 'SOLUSDT'}
2026-03-20 03:41:41,804 | INFO | binance_quant.orchestration.research_loop | Research progress stage=ingesting_market_data details={'completed_symbols': 4, 'total_symbols': 8, 'current_symbol': 'XRPUSDT'}
2026-03-20 03:41:41,907 | INFO | binance_quant.orchestration.research_loop | Research progress stage=ingesting_market_data details={'completed_symbols': 5, 'total_symbols': 8, 'current_symbol': 'HYPEUSDT'}
2026-03-20 03:41:42,010 | INFO | binance_quant.orchestration.research_loop | Research progress stage=ingesting_market_data details={'completed_symbols': 6, 'total_symbols': 8, 'current_symbol': 'PAXGUSDT'}
2026-03-20 03:41:42,110 | INFO | binance_quant.orchestration.research_loop | Research progress stage=ingesting_market_data details={'completed_symbols': 7, 'total_symbols': 8, 'current_symbol': 'SIRENUSDT'}
2026-03-20 03:41:42,211 | INFO | binance_quant.orchestration.research_loop | Research progress stage=ingesting_market_data details={'completed_symbols': 8, 'total_symbols': 8, 'current_symbol': 'DOGEUSDT'}
2026-03-20 03:41:42,212 | INFO | binance_quant.orchestration.research_loop | Research progress stage=pre_screen_started details={'template_count': 5}
2026-03-20 04:53:29,090 | INFO | binance_quant.orchestration.research_loop | Research progress stage=pre_screen_family_complete details={'completed_templates': 1, 'total_templates': 5, 'family': 'trend_ema', 'family_variant_count': 225, 'survivors_so_far': 4}
2026-03-20 04:56:02,975 | INFO | binance_quant.orchestration.research_loop | Research progress stage=pre_screen_family_complete details={'completed_templates': 2, 'total_templates': 5, 'family': 'trend_pullback', 'family_variant_count': 8, 'survivors_so_far': 4}
2026-03-20 05:04:42,114 | INFO | binance_quant.orchestration.research_loop | Research progress stage=pre_screen_family_complete details={'completed_templates': 3, 'total_templates': 5, 'family': 'breakout', 'family_variant_count': 27, 'survivors_so_far': 4}
2026-03-20 05:07:16,076 | INFO | binance_quant.orchestration.research_loop | Research progress stage=pre_screen_family_complete details={'completed_templates': 4, 'total_templates': 5, 'family': 'vol_squeeze', 'family_variant_count': 8, 'survivors_so_far': 4}
2026-03-20 05:09:50,625 | INFO | binance_quant.orchestration.research_loop | Research progress stage=pre_screen_family_complete details={'completed_templates': 5, 'total_templates': 5, 'family': 'mean_reversion', 'family_variant_count': 8, 'survivors_so_far': 4}
2026-03-20 05:09:50,918 | INFO | binance_quant.orchestration.research_loop | Research progress stage=event_dataset_ready details={'event_count': 783, 'survivor_count': 4}
2026-03-20 05:09:50,965 | INFO | binance_quant.orchestration.research_loop | Research progress stage=model_evaluation_started details={'feature_count': 41, 'event_count': 783}
2026-03-20 05:09:50,966 | INFO | binance_quant.ml.modeling | Evaluating model=logistic_regression calibration=platt across 2 folds
2026-03-20 05:09:50,985 | INFO | binance_quant.ml.modeling | Completed fold=0 for model=logistic_regression calibration=platt threshold=0.450 acceptance=0.137 precision=0.375 expectancy=-0.02036 trades=16
2026-03-20 05:09:51,003 | INFO | binance_quant.ml.modeling | Completed fold=1 for model=logistic_regression calibration=platt threshold=0.450 acceptance=0.231 precision=0.481 expectancy=-0.00582 trades=27
2026-03-20 05:09:51,005 | INFO | binance_quant.ml.modeling | Finished model=logistic_regression calibration=platt folds=2 precision=0.428 expectancy=-0.01309 trades=43
2026-03-20 05:09:51,006 | INFO | binance_quant.ml.modeling | Evaluating model=logistic_regression calibration=isotonic across 2 folds
2026-03-20 05:09:51,024 | INFO | binance_quant.ml.modeling | Completed fold=0 for model=logistic_regression calibration=isotonic threshold=0.700 acceptance=0.205 precision=0.417 expectancy=-0.00966 trades=24
2026-03-20 05:09:51,043 | INFO | binance_quant.ml.modeling | Completed fold=1 for model=logistic_regression calibration=isotonic threshold=0.550 acceptance=0.274 precision=0.500 expectancy=-0.00380 trades=32
2026-03-20 05:09:51,045 | INFO | binance_quant.ml.modeling | Finished model=logistic_regression calibration=isotonic folds=2 precision=0.458 expectancy=-0.00673 trades=56
2026-03-20 05:09:51,045 | INFO | binance_quant.ml.modeling | Evaluating model=random_forest calibration=platt across 2 folds
2026-03-20 05:09:51,442 | INFO | binance_quant.ml.modeling | Skipping fold=0 for model=random_forest calibration=platt because no threshold met acceptance constraints
2026-03-20 05:09:51,875 | INFO | binance_quant.ml.modeling | Completed fold=1 for model=random_forest calibration=platt threshold=0.450 acceptance=0.171 precision=0.650 expectancy=-0.00388 trades=20
2026-03-20 05:09:51,913 | INFO | binance_quant.ml.modeling | Finished model=random_forest calibration=platt folds=1 precision=0.650 expectancy=-0.00388 trades=20
2026-03-20 05:09:51,913 | INFO | binance_quant.ml.modeling | Evaluating model=random_forest calibration=isotonic across 2 folds
2026-03-20 05:09:52,330 | INFO | binance_quant.ml.modeling | Completed fold=0 for model=random_forest calibration=isotonic threshold=0.550 acceptance=0.350 precision=0.561 expectancy=-0.00003 trades=41
2026-03-20 05:09:52,799 | INFO | binance_quant.ml.modeling | Completed fold=1 for model=random_forest calibration=isotonic threshold=0.550 acceptance=0.376 precision=0.614 expectancy=0.00328 trades=44
2026-03-20 05:09:52,838 | INFO | binance_quant.ml.modeling | Finished model=random_forest calibration=isotonic folds=2 precision=0.587 expectancy=0.00162 trades=85
2026-03-20 05:09:52,840 | INFO | binance_quant.ml.modeling | Evaluating model=xgboost calibration=platt across 2 folds
2026-03-20 05:09:53,011 | INFO | binance_quant.ml.modeling | Completed fold=0 for model=xgboost calibration=platt threshold=0.450 acceptance=0.197 precision=0.522 expectancy=0.00337 trades=23
2026-03-20 05:09:53,183 | INFO | binance_quant.ml.modeling | Completed fold=1 for model=xgboost calibration=platt threshold=0.450 acceptance=0.376 precision=0.545 expectancy=0.00055 trades=44
2026-03-20 05:09:53,185 | INFO | binance_quant.ml.modeling | Finished model=xgboost calibration=platt folds=2 precision=0.534 expectancy=0.00196 trades=67
2026-03-20 05:09:53,186 | INFO | binance_quant.ml.modeling | Evaluating model=xgboost calibration=isotonic across 2 folds
2026-03-20 05:09:53,355 | INFO | binance_quant.ml.modeling | Completed fold=0 for model=xgboost calibration=isotonic threshold=0.450 acceptance=0.231 precision=0.519 expectancy=0.00375 trades=27
2026-03-20 05:09:53,518 | INFO | binance_quant.ml.modeling | Completed fold=1 for model=xgboost calibration=isotonic threshold=0.450 acceptance=0.359 precision=0.548 expectancy=0.00059 trades=42
2026-03-20 05:09:53,518 | INFO | binance_quant.ml.modeling | Finished model=xgboost calibration=isotonic folds=2 precision=0.533 expectancy=0.00217 trades=69
2026-03-20 05:09:53,636 | INFO | binance_quant.orchestration.research_loop | Research progress stage=completed details={'status': 'needs_iteration', 'trade_count': 41.0, 'portfolio_expectancy': -0.0025078679459098053}
2026-03-20 05:10:53,680 | INFO | binance_quant.orchestration.research_loop | Research progress stage=starting details={'hypothesis': 'Continuous loop iteration 129: breakout_expansion'}
2026-03-20 05:10:53,684 | INFO | binance_quant.orchestration.research_loop | Research progress stage=parity_passed details={'parity_checks': 1}
2026-03-20 05:10:54,148 | INFO | binance_quant.exchange.universe | Universe discovery found 8 eligible symbols
2026-03-20 05:10:54,164 | INFO | binance_quant.orchestration.research_loop | Research progress stage=universe_ready details={'symbol_count': 8, 'symbols': ['BTCUSDT', 'ETHUSDT', 'SOLUSDT', 'XRPUSDT', 'PAXGUSDT', 'HYPEUSDT', 'SIRENUSDT', 'DOGEUSDT']}
2026-03-20 05:10:54,271 | INFO | binance_quant.orchestration.research_loop | Research progress stage=ingesting_market_data details={'completed_symbols': 1, 'total_symbols': 8, 'current_symbol': 'BTCUSDT'}
2026-03-20 05:10:54,370 | INFO | binance_quant.orchestration.research_loop | Research progress stage=ingesting_market_data details={'completed_symbols': 2, 'total_symbols': 8, 'current_symbol': 'ETHUSDT'}
2026-03-20 05:10:54,470 | INFO | binance_quant.orchestration.research_loop | Research progress stage=ingesting_market_data details={'completed_symbols': 3, 'total_symbols': 8, 'current_symbol': 'SOLUSDT'}
2026-03-20 05:10:54,570 | INFO | binance_quant.orchestration.research_loop | Research progress stage=ingesting_market_data details={'completed_symbols': 4, 'total_symbols': 8, 'current_symbol': 'XRPUSDT'}
2026-03-20 05:10:54,666 | INFO | binance_quant.orchestration.research_loop | Research progress stage=ingesting_market_data details={'completed_symbols': 5, 'total_symbols': 8, 'current_symbol': 'PAXGUSDT'}
2026-03-20 05:10:54,777 | INFO | binance_quant.orchestration.research_loop | Research progress stage=ingesting_market_data details={'completed_symbols': 6, 'total_symbols': 8, 'current_symbol': 'HYPEUSDT'}
2026-03-20 05:10:54,877 | INFO | binance_quant.orchestration.research_loop | Research progress stage=ingesting_market_data details={'completed_symbols': 7, 'total_symbols': 8, 'current_symbol': 'SIRENUSDT'}
2026-03-20 05:10:54,976 | INFO | binance_quant.orchestration.research_loop | Research progress stage=ingesting_market_data details={'completed_symbols': 8, 'total_symbols': 8, 'current_symbol': 'DOGEUSDT'}
2026-03-20 05:10:54,978 | INFO | binance_quant.orchestration.research_loop | Research progress stage=pre_screen_started details={'template_count': 5}
2026-03-20 05:36:49,958 | INFO | binance_quant.orchestration.research_loop | Research progress stage=pre_screen_family_complete details={'completed_templates': 1, 'total_templates': 5, 'family': 'trend_ema', 'family_variant_count': 81, 'survivors_so_far': 0}
2026-03-20 05:39:23,155 | INFO | binance_quant.orchestration.research_loop | Research progress stage=pre_screen_family_complete details={'completed_templates': 2, 'total_templates': 5, 'family': 'trend_pullback', 'family_variant_count': 8, 'survivors_so_far': 0}
2026-03-20 05:58:35,734 | INFO | binance_quant.orchestration.research_loop | Research progress stage=pre_screen_family_complete details={'completed_templates': 3, 'total_templates': 5, 'family': 'breakout', 'family_variant_count': 60, 'survivors_so_far': 0}
2026-03-20 06:01:09,738 | INFO | binance_quant.orchestration.research_loop | Research progress stage=pre_screen_family_complete details={'completed_templates': 4, 'total_templates': 5, 'family': 'vol_squeeze', 'family_variant_count': 8, 'survivors_so_far': 0}
2026-03-20 06:03:44,343 | INFO | binance_quant.orchestration.research_loop | Research progress stage=pre_screen_family_complete details={'completed_templates': 5, 'total_templates': 5, 'family': 'mean_reversion', 'family_variant_count': 8, 'survivors_so_far': 0}
2026-03-20 06:03:44,359 | INFO | binance_quant.orchestration.research_loop | Research progress stage=rejected details={'reason': 'No strategies passed pre-screen.', 'candidate_count': 165}
2026-03-20 06:04:44,390 | INFO | binance_quant.orchestration.research_loop | Research progress stage=starting details={'hypothesis': 'Continuous loop iteration 130: reversion_expansion'}
2026-03-20 06:04:44,394 | INFO | binance_quant.orchestration.research_loop | Research progress stage=parity_passed details={'parity_checks': 1}
2026-03-20 06:04:44,779 | INFO | binance_quant.exchange.universe | Universe discovery found 8 eligible symbols
2026-03-20 06:04:44,797 | INFO | binance_quant.orchestration.research_loop | Research progress stage=universe_ready details={'symbol_count': 8, 'symbols': ['BTCUSDT', 'ETHUSDT', 'SOLUSDT', 'XRPUSDT', 'PAXGUSDT', 'HYPEUSDT', 'SIRENUSDT', 'DOGEUSDT']}
2026-03-20 06:04:44,901 | INFO | binance_quant.orchestration.research_loop | Research progress stage=ingesting_market_data details={'completed_symbols': 1, 'total_symbols': 8, 'current_symbol': 'BTCUSDT'}
2026-03-20 06:04:45,005 | INFO | binance_quant.orchestration.research_loop | Research progress stage=ingesting_market_data details={'completed_symbols': 2, 'total_symbols': 8, 'current_symbol': 'ETHUSDT'}
2026-03-20 06:04:45,104 | INFO | binance_quant.orchestration.research_loop | Research progress stage=ingesting_market_data details={'completed_symbols': 3, 'total_symbols': 8, 'current_symbol': 'SOLUSDT'}
2026-03-20 06:04:45,203 | INFO | binance_quant.orchestration.research_loop | Research progress stage=ingesting_market_data details={'completed_symbols': 4, 'total_symbols': 8, 'current_symbol': 'XRPUSDT'}
2026-03-20 06:04:45,304 | INFO | binance_quant.orchestration.research_loop | Research progress stage=ingesting_market_data details={'completed_symbols': 5, 'total_symbols': 8, 'current_symbol': 'PAXGUSDT'}
2026-03-20 06:04:45,406 | INFO | binance_quant.orchestration.research_loop | Research progress stage=ingesting_market_data details={'completed_symbols': 6, 'total_symbols': 8, 'current_symbol': 'HYPEUSDT'}
2026-03-20 06:04:45,505 | INFO | binance_quant.orchestration.research_loop | Research progress stage=ingesting_market_data details={'completed_symbols': 7, 'total_symbols': 8, 'current_symbol': 'SIRENUSDT'}
2026-03-20 06:04:45,604 | INFO | binance_quant.orchestration.research_loop | Research progress stage=ingesting_market_data details={'completed_symbols': 8, 'total_symbols': 8, 'current_symbol': 'DOGEUSDT'}
2026-03-20 06:04:45,604 | INFO | binance_quant.orchestration.research_loop | Research progress stage=pre_screen_started details={'template_count': 5}
2026-03-20 06:30:40,043 | INFO | binance_quant.orchestration.research_loop | Research progress stage=pre_screen_family_complete details={'completed_templates': 1, 'total_templates': 5, 'family': 'trend_ema', 'family_variant_count': 81, 'survivors_so_far': 0}
2026-03-20 06:33:13,678 | INFO | binance_quant.orchestration.research_loop | Research progress stage=pre_screen_family_complete details={'completed_templates': 2, 'total_templates': 5, 'family': 'trend_pullback', 'family_variant_count': 8, 'survivors_so_far': 0}
2026-03-20 06:41:53,436 | INFO | binance_quant.orchestration.research_loop | Research progress stage=pre_screen_family_complete details={'completed_templates': 3, 'total_templates': 5, 'family': 'breakout', 'family_variant_count': 27, 'survivors_so_far': 0}
2026-03-20 06:49:32,222 | INFO | binance_quant.orchestration.research_loop | Research progress stage=pre_screen_family_complete details={'completed_templates': 4, 'total_templates': 5, 'family': 'vol_squeeze', 'family_variant_count': 24, 'survivors_so_far': 0}
2026-03-20 07:01:09,255 | INFO | binance_quant.orchestration.research_loop | Research progress stage=pre_screen_family_complete details={'completed_templates': 5, 'total_templates': 5, 'family': 'mean_reversion', 'family_variant_count': 36, 'survivors_so_far': 0}
2026-03-20 07:01:09,271 | INFO | binance_quant.orchestration.research_loop | Research progress stage=rejected details={'reason': 'No strategies passed pre-screen.', 'candidate_count': 176}
2026-03-20 07:02:09,302 | INFO | binance_quant.orchestration.research_loop | Research progress stage=starting details={'hypothesis': 'Continuous loop iteration 131: narrower_universe'}
2026-03-20 07:02:09,307 | INFO | binance_quant.orchestration.research_loop | Research progress stage=parity_passed details={'parity_checks': 1}
2026-03-20 07:02:09,699 | INFO | binance_quant.exchange.universe | Universe discovery found 6 eligible symbols
2026-03-20 07:02:09,715 | INFO | binance_quant.orchestration.research_loop | Research progress stage=universe_ready details={'symbol_count': 6, 'symbols': ['BTCUSDT', 'ETHUSDT', 'SOLUSDT', 'XRPUSDT', 'PAXGUSDT', 'HYPEUSDT']}
2026-03-20 07:02:09,823 | INFO | binance_quant.orchestration.research_loop | Research progress stage=ingesting_market_data details={'completed_symbols': 1, 'total_symbols': 6, 'current_symbol': 'BTCUSDT'}
2026-03-20 07:02:09,926 | INFO | binance_quant.orchestration.research_loop | Research progress stage=ingesting_market_data details={'completed_symbols': 2, 'total_symbols': 6, 'current_symbol': 'ETHUSDT'}
2026-03-20 07:02:10,030 | INFO | binance_quant.orchestration.research_loop | Research progress stage=ingesting_market_data details={'completed_symbols': 3, 'total_symbols': 6, 'current_symbol': 'SOLUSDT'}
2026-03-20 07:02:10,131 | INFO | binance_quant.orchestration.research_loop | Research progress stage=ingesting_market_data details={'completed_symbols': 4, 'total_symbols': 6, 'current_symbol': 'XRPUSDT'}
2026-03-20 07:02:10,234 | INFO | binance_quant.orchestration.research_loop | Research progress stage=ingesting_market_data details={'completed_symbols': 5, 'total_symbols': 6, 'current_symbol': 'PAXGUSDT'}
2026-03-20 07:02:10,338 | INFO | binance_quant.orchestration.research_loop | Research progress stage=ingesting_market_data details={'completed_symbols': 6, 'total_symbols': 6, 'current_symbol': 'HYPEUSDT'}
2026-03-20 07:02:10,339 | INFO | binance_quant.orchestration.research_loop | Research progress stage=pre_screen_started details={'template_count': 5}
2026-03-20 07:21:31,183 | INFO | binance_quant.orchestration.research_loop | Research progress stage=pre_screen_family_complete details={'completed_templates': 1, 'total_templates': 5, 'family': 'trend_ema', 'family_variant_count': 81, 'survivors_so_far': 0}
2026-03-20 07:23:26,502 | INFO | binance_quant.orchestration.research_loop | Research progress stage=pre_screen_family_complete details={'completed_templates': 2, 'total_templates': 5, 'family': 'trend_pullback', 'family_variant_count': 8, 'survivors_so_far': 0}
2026-03-20 07:29:56,174 | INFO | binance_quant.orchestration.research_loop | Research progress stage=pre_screen_family_complete details={'completed_templates': 3, 'total_templates': 5, 'family': 'breakout', 'family_variant_count': 27, 'survivors_so_far': 0}
2026-03-20 07:31:51,807 | INFO | binance_quant.orchestration.research_loop | Research progress stage=pre_screen_family_complete details={'completed_templates': 4, 'total_templates': 5, 'family': 'vol_squeeze', 'family_variant_count': 8, 'survivors_so_far': 0}
2026-03-20 07:33:47,859 | INFO | binance_quant.orchestration.research_loop | Research progress stage=pre_screen_family_complete details={'completed_templates': 5, 'total_templates': 5, 'family': 'mean_reversion', 'family_variant_count': 8, 'survivors_so_far': 0}
2026-03-20 07:33:48,072 | INFO | binance_quant.orchestration.research_loop | Research progress stage=event_dataset_ready details={'event_count': 555, 'survivor_count': 1}
2026-03-20 07:33:48,115 | INFO | binance_quant.orchestration.research_loop | Research progress stage=model_evaluation_started details={'feature_count': 38, 'event_count': 555}
2026-03-20 07:33:48,115 | INFO | binance_quant.ml.modeling | Evaluating model=logistic_regression calibration=platt across 2 folds
2026-03-20 07:33:48,128 | INFO | binance_quant.ml.modeling | Skipping fold=0 for model=logistic_regression calibration=platt because no threshold met acceptance constraints
2026-03-20 07:33:48,146 | INFO | binance_quant.ml.modeling | Completed fold=1 for model=logistic_regression calibration=platt threshold=0.450 acceptance=0.145 precision=0.833 expectancy=0.00677 trades=12
2026-03-20 07:33:48,146 | INFO | binance_quant.ml.modeling | Finished model=logistic_regression calibration=platt folds=1 precision=0.833 expectancy=0.00677 trades=12
2026-03-20 07:33:48,147 | INFO | binance_quant.ml.modeling | Evaluating model=logistic_regression calibration=isotonic across 2 folds
2026-03-20 07:33:48,163 | INFO | binance_quant.ml.modeling | Completed fold=0 for model=logistic_regression calibration=isotonic threshold=0.450 acceptance=0.506 precision=0.571 expectancy=0.00286 trades=42
2026-03-20 07:33:48,180 | INFO | binance_quant.ml.modeling | Completed fold=1 for model=logistic_regression calibration=isotonic threshold=0.450 acceptance=0.458 precision=0.579 expectancy=0.00218 trades=38
2026-03-20 07:33:48,182 | INFO | binance_quant.ml.modeling | Finished model=logistic_regression calibration=isotonic folds=2 precision=0.575 expectancy=0.00252 trades=80
2026-03-20 07:33:48,182 | INFO | binance_quant.ml.modeling | Evaluating model=random_forest calibration=platt across 2 folds
2026-03-20 07:33:48,566 | INFO | binance_quant.ml.modeling | Completed fold=0 for model=random_forest calibration=platt threshold=0.500 acceptance=0.145 precision=0.833 expectancy=0.00621 trades=12
2026-03-20 07:33:48,992 | INFO | binance_quant.ml.modeling | Completed fold=1 for model=random_forest calibration=platt threshold=0.450 acceptance=0.205 precision=0.706 expectancy=0.00284 trades=17
2026-03-20 07:33:49,032 | INFO | binance_quant.ml.modeling | Finished model=random_forest calibration=platt folds=2 precision=0.770 expectancy=0.00452 trades=29
2026-03-20 07:33:49,032 | INFO | binance_quant.ml.modeling | Evaluating model=random_forest calibration=isotonic across 2 folds
2026-03-20 07:33:49,413 | INFO | binance_quant.ml.modeling | Completed fold=0 for model=random_forest calibration=isotonic threshold=0.500 acceptance=0.386 precision=0.688 expectancy=0.00394 trades=32
2026-03-20 07:33:49,840 | INFO | binance_quant.ml.modeling | Completed fold=1 for model=random_forest calibration=isotonic threshold=0.550 acceptance=0.554 precision=0.630 expectancy=0.00213 trades=46
2026-03-20 07:33:49,880 | INFO | binance_quant.ml.modeling | Finished model=random_forest calibration=isotonic folds=2 precision=0.659 expectancy=0.00303 trades=78
2026-03-20 07:33:49,880 | INFO | binance_quant.ml.modeling | Evaluating model=xgboost calibration=platt across 2 folds
2026-03-20 07:33:50,033 | INFO | binance_quant.ml.modeling | Completed fold=0 for model=xgboost calibration=platt threshold=0.500 acceptance=0.289 precision=0.625 expectancy=0.00237 trades=24
2026-03-20 07:33:50,194 | INFO | binance_quant.ml.modeling | Completed fold=1 for model=xgboost calibration=platt threshold=0.450 acceptance=0.277 precision=0.478 expectancy=-0.00183 trades=23
2026-03-20 07:33:50,196 | INFO | binance_quant.ml.modeling | Finished model=xgboost calibration=platt folds=2 precision=0.552 expectancy=0.00027 trades=47
2026-03-20 07:33:50,196 | INFO | binance_quant.ml.modeling | Evaluating model=xgboost calibration=isotonic across 2 folds
2026-03-20 07:33:50,349 | INFO | binance_quant.ml.modeling | Completed fold=0 for model=xgboost calibration=isotonic threshold=0.450 acceptance=0.410 precision=0.559 expectancy=0.00154 trades=34
2026-03-20 07:33:50,505 | INFO | binance_quant.ml.modeling | Completed fold=1 for model=xgboost calibration=isotonic threshold=0.450 acceptance=0.337 precision=0.536 expectancy=-0.00032 trades=28
2026-03-20 07:33:50,508 | INFO | binance_quant.ml.modeling | Finished model=xgboost calibration=isotonic folds=2 precision=0.547 expectancy=0.00061 trades=62
2026-03-20 07:33:50,595 | INFO | binance_quant.orchestration.research_loop | Research progress stage=completed details={'status': 'needs_iteration', 'trade_count': 10.0, 'portfolio_expectancy': 0.005930448980830547}
2026-03-20 07:34:50,631 | INFO | binance_quant.orchestration.research_loop | Research progress stage=starting details={'hypothesis': 'Continuous loop iteration 132: wider_universe'}
2026-03-20 07:34:50,636 | INFO | binance_quant.orchestration.research_loop | Research progress stage=parity_passed details={'parity_checks': 1}
2026-03-20 07:34:50,979 | INFO | binance_quant.exchange.universe | Universe discovery found 12 eligible symbols
2026-03-20 07:34:50,997 | INFO | binance_quant.orchestration.research_loop | Research progress stage=universe_ready details={'symbol_count': 12, 'symbols': ['BTCUSDT', 'ETHUSDT', 'SOLUSDT', 'XRPUSDT', 'PAXGUSDT', 'HYPEUSDT', 'SIRENUSDT', 'ZECUSDT', 'DOGEUSDT', 'LYNUSDT', 'BNBUSDT', 'RIVERUSDT']}
2026-03-20 07:34:51,101 | INFO | binance_quant.orchestration.research_loop | Research progress stage=ingesting_market_data details={'completed_symbols': 1, 'total_symbols': 12, 'current_symbol': 'BTCUSDT'}
2026-03-20 07:34:51,204 | INFO | binance_quant.orchestration.research_loop | Research progress stage=ingesting_market_data details={'completed_symbols': 2, 'total_symbols': 12, 'current_symbol': 'ETHUSDT'}
2026-03-20 07:34:51,304 | INFO | binance_quant.orchestration.research_loop | Research progress stage=ingesting_market_data details={'completed_symbols': 3, 'total_symbols': 12, 'current_symbol': 'SOLUSDT'}
2026-03-20 07:34:51,406 | INFO | binance_quant.orchestration.research_loop | Research progress stage=ingesting_market_data details={'completed_symbols': 4, 'total_symbols': 12, 'current_symbol': 'XRPUSDT'}
2026-03-20 07:34:51,508 | INFO | binance_quant.orchestration.research_loop | Research progress stage=ingesting_market_data details={'completed_symbols': 5, 'total_symbols': 12, 'current_symbol': 'PAXGUSDT'}
2026-03-20 07:34:51,609 | INFO | binance_quant.orchestration.research_loop | Research progress stage=ingesting_market_data details={'completed_symbols': 6, 'total_symbols': 12, 'current_symbol': 'HYPEUSDT'}
2026-03-20 07:34:51,708 | INFO | binance_quant.orchestration.research_loop | Research progress stage=ingesting_market_data details={'completed_symbols': 7, 'total_symbols': 12, 'current_symbol': 'SIRENUSDT'}
2026-03-20 07:34:51,811 | INFO | binance_quant.orchestration.research_loop | Research progress stage=ingesting_market_data details={'completed_symbols': 8, 'total_symbols': 12, 'current_symbol': 'ZECUSDT'}
2026-03-20 07:34:51,947 | INFO | binance_quant.orchestration.research_loop | Research progress stage=ingesting_market_data details={'completed_symbols': 9, 'total_symbols': 12, 'current_symbol': 'DOGEUSDT'}
2026-03-20 07:34:52,046 | INFO | binance_quant.orchestration.research_loop | Research progress stage=ingesting_market_data details={'completed_symbols': 10, 'total_symbols': 12, 'current_symbol': 'LYNUSDT'}
2026-03-20 07:34:52,134 | INFO | binance_quant.orchestration.research_loop | Research progress stage=ingesting_market_data details={'completed_symbols': 11, 'total_symbols': 12, 'current_symbol': 'BNBUSDT'}
2026-03-20 07:34:52,254 | INFO | binance_quant.orchestration.research_loop | Research progress stage=ingesting_market_data details={'completed_symbols': 12, 'total_symbols': 12, 'current_symbol': 'RIVERUSDT'}
2026-03-20 07:34:52,255 | INFO | binance_quant.orchestration.research_loop | Research progress stage=pre_screen_started details={'template_count': 5}
2026-03-20 08:13:49,351 | INFO | binance_quant.orchestration.research_loop | Research progress stage=pre_screen_family_complete details={'completed_templates': 1, 'total_templates': 5, 'family': 'trend_ema', 'family_variant_count': 81, 'survivors_so_far': 5}
2026-03-20 08:17:40,803 | INFO | binance_quant.orchestration.research_loop | Research progress stage=pre_screen_family_complete details={'completed_templates': 2, 'total_templates': 5, 'family': 'trend_pullback', 'family_variant_count': 8, 'survivors_so_far': 5}
2026-03-20 08:30:42,999 | INFO | binance_quant.orchestration.research_loop | Research progress stage=pre_screen_family_complete details={'completed_templates': 3, 'total_templates': 5, 'family': 'breakout', 'family_variant_count': 27, 'survivors_so_far': 5}
2026-03-20 08:34:35,263 | INFO | binance_quant.orchestration.research_loop | Research progress stage=pre_screen_family_complete details={'completed_templates': 4, 'total_templates': 5, 'family': 'vol_squeeze', 'family_variant_count': 8, 'survivors_so_far': 5}
2026-03-20 08:38:27,552 | INFO | binance_quant.orchestration.research_loop | Research progress stage=pre_screen_family_complete details={'completed_templates': 5, 'total_templates': 5, 'family': 'mean_reversion', 'family_variant_count': 8, 'survivors_so_far': 5}
2026-03-20 08:38:28,298 | INFO | binance_quant.orchestration.research_loop | Research progress stage=event_dataset_ready details={'event_count': 2057, 'survivor_count': 5}
2026-03-20 08:38:28,356 | INFO | binance_quant.orchestration.research_loop | Research progress stage=model_evaluation_started details={'feature_count': 44, 'event_count': 2057}
2026-03-20 08:38:28,357 | INFO | binance_quant.ml.modeling | Evaluating model=logistic_regression calibration=platt across 2 folds
2026-03-20 08:38:28,373 | INFO | binance_quant.ml.modeling | Skipping fold=0 for model=logistic_regression calibration=platt because no threshold met acceptance constraints
2026-03-20 08:38:28,393 | INFO | binance_quant.ml.modeling | Completed fold=1 for model=logistic_regression calibration=platt threshold=0.550 acceptance=0.120 precision=0.919 expectancy=0.02951 trades=37
2026-03-20 08:38:28,395 | INFO | binance_quant.ml.modeling | Finished model=logistic_regression calibration=platt folds=1 precision=0.919 expectancy=0.02951 trades=37
2026-03-20 08:38:28,395 | INFO | binance_quant.ml.modeling | Evaluating model=logistic_regression calibration=isotonic across 2 folds
2026-03-20 08:38:28,414 | INFO | binance_quant.ml.modeling | Completed fold=0 for model=logistic_regression calibration=isotonic threshold=0.450 acceptance=0.260 precision=0.750 expectancy=0.01747 trades=80
2026-03-20 08:38:28,433 | INFO | binance_quant.ml.modeling | Completed fold=1 for model=logistic_regression calibration=isotonic threshold=0.550 acceptance=0.159 precision=0.816 expectancy=0.02353 trades=49
2026-03-20 08:38:28,436 | INFO | binance_quant.ml.modeling | Finished model=logistic_regression calibration=isotonic folds=2 precision=0.783 expectancy=0.02050 trades=129
2026-03-20 08:38:28,436 | INFO | binance_quant.ml.modeling | Evaluating model=random_forest calibration=platt across 2 folds
2026-03-20 08:38:29,035 | INFO | binance_quant.ml.modeling | Completed fold=0 for model=random_forest calibration=platt threshold=0.450 acceptance=0.205 precision=0.810 expectancy=0.01996 trades=63
2026-03-20 08:38:29,720 | INFO | binance_quant.ml.modeling | Completed fold=1 for model=random_forest calibration=platt threshold=0.450 acceptance=0.208 precision=0.766 expectancy=0.01836 trades=64
2026-03-20 08:38:29,760 | INFO | binance_quant.ml.modeling | Finished model=random_forest calibration=platt folds=2 precision=0.788 expectancy=0.01916 trades=127
2026-03-20 08:38:29,761 | INFO | binance_quant.ml.modeling | Evaluating model=random_forest calibration=isotonic across 2 folds
2026-03-20 08:38:30,369 | INFO | binance_quant.ml.modeling | Completed fold=0 for model=random_forest calibration=isotonic threshold=0.500 acceptance=0.188 precision=0.810 expectancy=0.01944 trades=58
2026-03-20 08:38:31,046 | INFO | binance_quant.ml.modeling | Completed fold=1 for model=random_forest calibration=isotonic threshold=0.500 acceptance=0.169 precision=0.750 expectancy=0.01809 trades=52
2026-03-20 08:38:31,085 | INFO | binance_quant.ml.modeling | Finished model=random_forest calibration=isotonic folds=2 precision=0.780 expectancy=0.01877 trades=110
2026-03-20 08:38:31,086 | INFO | binance_quant.ml.modeling | Evaluating model=xgboost calibration=platt across 2 folds
2026-03-20 08:38:31,302 | INFO | binance_quant.ml.modeling | Completed fold=0 for model=xgboost calibration=platt threshold=0.500 acceptance=0.221 precision=0.779 expectancy=0.01932 trades=68
2026-03-20 08:38:31,519 | INFO | binance_quant.ml.modeling | Completed fold=1 for model=xgboost calibration=platt threshold=0.550 acceptance=0.175 precision=0.796 expectancy=0.01921 trades=54
2026-03-20 08:38:31,519 | INFO | binance_quant.ml.modeling | Finished model=xgboost calibration=platt folds=2 precision=0.788 expectancy=0.01926 trades=122
2026-03-20 08:38:31,519 | INFO | binance_quant.ml.modeling | Evaluating model=xgboost calibration=isotonic across 2 folds
2026-03-20 08:38:31,738 | INFO | binance_quant.ml.modeling | Completed fold=0 for model=xgboost calibration=isotonic threshold=0.450 acceptance=0.393 precision=0.686 expectancy=0.01359 trades=121
2026-03-20 08:38:31,956 | INFO | binance_quant.ml.modeling | Completed fold=1 for model=xgboost calibration=isotonic threshold=0.500 acceptance=0.295 precision=0.703 expectancy=0.01572 trades=91
2026-03-20 08:38:31,958 | INFO | binance_quant.ml.modeling | Finished model=xgboost calibration=isotonic folds=2 precision=0.695 expectancy=0.01466 trades=212
2026-03-20 08:38:32,126 | INFO | binance_quant.orchestration.research_loop | Research progress stage=completed details={'status': 'needs_iteration', 'trade_count': 25.0, 'portfolio_expectancy': 0.02671369675504074}
2026-03-20 08:39:32,170 | INFO | binance_quant.orchestration.research_loop | Research progress stage=starting details={'hypothesis': 'Continuous loop iteration 133: diversified_candidates'}
2026-03-20 08:39:32,175 | INFO | binance_quant.orchestration.research_loop | Research progress stage=parity_passed details={'parity_checks': 1}
2026-03-20 08:39:32,543 | INFO | binance_quant.exchange.universe | Universe discovery found 10 eligible symbols
2026-03-20 08:39:32,561 | INFO | binance_quant.orchestration.research_loop | Research progress stage=universe_ready details={'symbol_count': 10, 'symbols': ['BTCUSDT', 'ETHUSDT', 'SOLUSDT', 'XRPUSDT', 'PAXGUSDT', 'HYPEUSDT', 'ZECUSDT', 'DOGEUSDT', 'SIRENUSDT', 'LYNUSDT']}
2026-03-20 08:39:32,668 | INFO | binance_quant.orchestration.research_loop | Research progress stage=ingesting_market_data details={'completed_symbols': 1, 'total_symbols': 10, 'current_symbol': 'BTCUSDT'}
2026-03-20 08:39:32,781 | INFO | binance_quant.orchestration.research_loop | Research progress stage=ingesting_market_data details={'completed_symbols': 2, 'total_symbols': 10, 'current_symbol': 'ETHUSDT'}
2026-03-20 08:39:32,882 | INFO | binance_quant.orchestration.research_loop | Research progress stage=ingesting_market_data details={'completed_symbols': 3, 'total_symbols': 10, 'current_symbol': 'SOLUSDT'}
2026-03-20 08:39:32,985 | INFO | binance_quant.orchestration.research_loop | Research progress stage=ingesting_market_data details={'completed_symbols': 4, 'total_symbols': 10, 'current_symbol': 'XRPUSDT'}
2026-03-20 08:39:33,088 | INFO | binance_quant.orchestration.research_loop | Research progress stage=ingesting_market_data details={'completed_symbols': 5, 'total_symbols': 10, 'current_symbol': 'PAXGUSDT'}
2026-03-20 08:39:33,192 | INFO | binance_quant.orchestration.research_loop | Research progress stage=ingesting_market_data details={'completed_symbols': 6, 'total_symbols': 10, 'current_symbol': 'HYPEUSDT'}
2026-03-20 08:39:33,294 | INFO | binance_quant.orchestration.research_loop | Research progress stage=ingesting_market_data details={'completed_symbols': 7, 'total_symbols': 10, 'current_symbol': 'ZECUSDT'}
2026-03-20 08:39:33,399 | INFO | binance_quant.orchestration.research_loop | Research progress stage=ingesting_market_data details={'completed_symbols': 8, 'total_symbols': 10, 'current_symbol': 'DOGEUSDT'}
2026-03-20 08:39:33,499 | INFO | binance_quant.orchestration.research_loop | Research progress stage=ingesting_market_data details={'completed_symbols': 9, 'total_symbols': 10, 'current_symbol': 'SIRENUSDT'}
2026-03-20 08:39:33,600 | INFO | binance_quant.orchestration.research_loop | Research progress stage=ingesting_market_data details={'completed_symbols': 10, 'total_symbols': 10, 'current_symbol': 'LYNUSDT'}
2026-03-20 08:39:33,601 | INFO | binance_quant.orchestration.research_loop | Research progress stage=pre_screen_started details={'template_count': 5}
2026-03-20 09:12:06,905 | INFO | binance_quant.orchestration.research_loop | Research progress stage=pre_screen_family_complete details={'completed_templates': 1, 'total_templates': 5, 'family': 'trend_ema', 'family_variant_count': 81, 'survivors_so_far': 1}
2026-03-20 09:15:19,938 | INFO | binance_quant.orchestration.research_loop | Research progress stage=pre_screen_family_complete details={'completed_templates': 2, 'total_templates': 5, 'family': 'trend_pullback', 'family_variant_count': 8, 'survivors_so_far': 1}
2026-03-20 09:26:11,912 | INFO | binance_quant.orchestration.research_loop | Research progress stage=pre_screen_family_complete details={'completed_templates': 3, 'total_templates': 5, 'family': 'breakout', 'family_variant_count': 27, 'survivors_so_far': 1}
2026-03-20 09:29:25,450 | INFO | binance_quant.orchestration.research_loop | Research progress stage=pre_screen_family_complete details={'completed_templates': 4, 'total_templates': 5, 'family': 'vol_squeeze', 'family_variant_count': 8, 'survivors_so_far': 1}
2026-03-20 09:32:39,439 | INFO | binance_quant.orchestration.research_loop | Research progress stage=pre_screen_family_complete details={'completed_templates': 5, 'total_templates': 5, 'family': 'mean_reversion', 'family_variant_count': 8, 'survivors_so_far': 1}
2026-03-20 09:32:39,782 | INFO | binance_quant.orchestration.research_loop | Research progress stage=event_dataset_ready details={'event_count': 914, 'survivor_count': 1}
2026-03-20 09:32:39,833 | INFO | binance_quant.orchestration.research_loop | Research progress stage=model_evaluation_started details={'feature_count': 42, 'event_count': 914}
2026-03-20 09:32:39,833 | INFO | binance_quant.ml.modeling | Evaluating model=logistic_regression calibration=platt across 2 folds
2026-03-20 09:32:39,839 | INFO | binance_quant.ml.modeling | Skipping fold=0 for model=logistic_regression calibration=platt because no threshold met acceptance constraints
2026-03-20 09:32:39,860 | INFO | binance_quant.ml.modeling | Completed fold=1 for model=logistic_regression calibration=platt threshold=0.450 acceptance=0.139 precision=0.842 expectancy=0.02683 trades=19
2026-03-20 09:32:39,860 | INFO | binance_quant.ml.modeling | Finished model=logistic_regression calibration=platt folds=1 precision=0.842 expectancy=0.02683 trades=19
2026-03-20 09:32:39,860 | INFO | binance_quant.ml.modeling | Evaluating model=logistic_regression calibration=isotonic across 2 folds
2026-03-20 09:32:39,884 | INFO | binance_quant.ml.modeling | Completed fold=0 for model=logistic_regression calibration=isotonic threshold=0.650 acceptance=0.095 precision=0.846 expectancy=0.02241 trades=13
2026-03-20 09:32:39,901 | INFO | binance_quant.ml.modeling | Completed fold=1 for model=logistic_regression calibration=isotonic threshold=0.450 acceptance=0.139 precision=0.842 expectancy=0.02683 trades=19
2026-03-20 09:32:39,903 | INFO | binance_quant.ml.modeling | Finished model=logistic_regression calibration=isotonic folds=2 precision=0.844 expectancy=0.02462 trades=32
2026-03-20 09:32:39,903 | INFO | binance_quant.ml.modeling | Evaluating model=random_forest calibration=platt across 2 folds
2026-03-20 09:32:40,310 | INFO | binance_quant.ml.modeling | Skipping fold=0 for model=random_forest calibration=platt because no threshold met acceptance constraints
2026-03-20 09:32:40,738 | INFO | binance_quant.ml.modeling | Skipping fold=1 for model=random_forest calibration=platt because no threshold met acceptance constraints
2026-03-20 09:32:40,741 | INFO | binance_quant.ml.modeling | Evaluating model=random_forest calibration=isotonic across 2 folds
2026-03-20 09:32:41,170 | INFO | binance_quant.ml.modeling | Completed fold=0 for model=random_forest calibration=isotonic threshold=0.450 acceptance=0.204 precision=0.714 expectancy=0.01957 trades=28
2026-03-20 09:32:41,655 | INFO | binance_quant.ml.modeling | Completed fold=1 for model=random_forest calibration=isotonic threshold=0.450 acceptance=0.248 precision=0.618 expectancy=0.01477 trades=34
2026-03-20 09:32:41,695 | INFO | binance_quant.ml.modeling | Finished model=random_forest calibration=isotonic folds=2 precision=0.666 expectancy=0.01717 trades=62
2026-03-20 09:32:41,696 | INFO | binance_quant.ml.modeling | Evaluating model=xgboost calibration=platt across 2 folds
2026-03-20 09:32:41,875 | INFO | binance_quant.ml.modeling | Completed fold=0 for model=xgboost calibration=platt threshold=0.450 acceptance=0.182 precision=0.800 expectancy=0.02025 trades=25
2026-03-20 09:32:42,056 | INFO | binance_quant.ml.modeling | Completed fold=1 for model=xgboost calibration=platt threshold=0.450 acceptance=0.219 precision=0.667 expectancy=0.01874 trades=30
2026-03-20 09:32:42,056 | INFO | binance_quant.ml.modeling | Finished model=xgboost calibration=platt folds=2 precision=0.733 expectancy=0.01949 trades=55
2026-03-20 09:32:42,056 | INFO | binance_quant.ml.modeling | Evaluating model=xgboost calibration=isotonic across 2 folds
2026-03-20 09:32:42,238 | INFO | binance_quant.ml.modeling | Completed fold=0 for model=xgboost calibration=isotonic threshold=0.450 acceptance=0.401 precision=0.600 expectancy=0.01135 trades=55
2026-03-20 09:32:42,420 | INFO | binance_quant.ml.modeling | Completed fold=1 for model=xgboost calibration=isotonic threshold=0.450 acceptance=0.314 precision=0.605 expectancy=0.01275 trades=43
2026-03-20 09:32:42,422 | INFO | binance_quant.ml.modeling | Finished model=xgboost calibration=isotonic folds=2 precision=0.602 expectancy=0.01205 trades=98
2026-03-20 09:32:42,530 | INFO | binance_quant.orchestration.research_loop | Research progress stage=completed details={'status': 'needs_iteration', 'trade_count': 19.0, 'portfolio_expectancy': 0.02683423674640537}
2026-03-20 09:33:42,568 | INFO | binance_quant.orchestration.research_loop | Research progress stage=starting details={'hypothesis': 'Continuous loop iteration 134: stricter_costs'}
2026-03-20 09:33:42,573 | INFO | binance_quant.orchestration.research_loop | Research progress stage=parity_passed details={'parity_checks': 1}
2026-03-20 09:33:42,918 | INFO | binance_quant.exchange.universe | Universe discovery found 8 eligible symbols
2026-03-20 09:33:42,936 | INFO | binance_quant.orchestration.research_loop | Research progress stage=universe_ready details={'symbol_count': 8, 'symbols': ['BTCUSDT', 'ETHUSDT', 'SOLUSDT', 'XRPUSDT', 'PAXGUSDT', 'HYPEUSDT', 'ZECUSDT', 'DOGEUSDT']}
2026-03-20 09:33:43,037 | INFO | binance_quant.orchestration.research_loop | Research progress stage=ingesting_market_data details={'completed_symbols': 1, 'total_symbols': 8, 'current_symbol': 'BTCUSDT'}
2026-03-20 09:33:43,145 | INFO | binance_quant.orchestration.research_loop | Research progress stage=ingesting_market_data details={'completed_symbols': 2, 'total_symbols': 8, 'current_symbol': 'ETHUSDT'}
2026-03-20 09:33:43,246 | INFO | binance_quant.orchestration.research_loop | Research progress stage=ingesting_market_data details={'completed_symbols': 3, 'total_symbols': 8, 'current_symbol': 'SOLUSDT'}
2026-03-20 09:33:43,348 | INFO | binance_quant.orchestration.research_loop | Research progress stage=ingesting_market_data details={'completed_symbols': 4, 'total_symbols': 8, 'current_symbol': 'XRPUSDT'}
2026-03-20 09:33:43,437 | INFO | binance_quant.orchestration.research_loop | Research progress stage=ingesting_market_data details={'completed_symbols': 5, 'total_symbols': 8, 'current_symbol': 'PAXGUSDT'}
2026-03-20 09:33:43,549 | INFO | binance_quant.orchestration.research_loop | Research progress stage=ingesting_market_data details={'completed_symbols': 6, 'total_symbols': 8, 'current_symbol': 'HYPEUSDT'}
2026-03-20 09:33:43,653 | INFO | binance_quant.orchestration.research_loop | Research progress stage=ingesting_market_data details={'completed_symbols': 7, 'total_symbols': 8, 'current_symbol': 'ZECUSDT'}
2026-03-20 09:33:43,754 | INFO | binance_quant.orchestration.research_loop | Research progress stage=ingesting_market_data details={'completed_symbols': 8, 'total_symbols': 8, 'current_symbol': 'DOGEUSDT'}
2026-03-20 09:33:43,754 | INFO | binance_quant.orchestration.research_loop | Research progress stage=pre_screen_started details={'template_count': 5}
2026-03-20 09:59:39,217 | INFO | binance_quant.orchestration.research_loop | Research progress stage=pre_screen_family_complete details={'completed_templates': 1, 'total_templates': 5, 'family': 'trend_ema', 'family_variant_count': 81, 'survivors_so_far': 6}
2026-03-20 10:02:13,512 | INFO | binance_quant.orchestration.research_loop | Research progress stage=pre_screen_family_complete details={'completed_templates': 2, 'total_templates': 5, 'family': 'trend_pullback', 'family_variant_count': 8, 'survivors_so_far': 6}
2026-03-20 10:10:56,255 | INFO | binance_quant.orchestration.research_loop | Research progress stage=pre_screen_family_complete details={'completed_templates': 3, 'total_templates': 5, 'family': 'breakout', 'family_variant_count': 27, 'survivors_so_far': 6}
2026-03-20 10:13:31,516 | INFO | binance_quant.orchestration.research_loop | Research progress stage=pre_screen_family_complete details={'completed_templates': 4, 'total_templates': 5, 'family': 'vol_squeeze', 'family_variant_count': 8, 'survivors_so_far': 6}
2026-03-20 10:16:07,084 | INFO | binance_quant.orchestration.research_loop | Research progress stage=pre_screen_family_complete details={'completed_templates': 5, 'total_templates': 5, 'family': 'mean_reversion', 'family_variant_count': 8, 'survivors_so_far': 6}
2026-03-20 10:16:07,510 | INFO | binance_quant.orchestration.research_loop | Research progress stage=event_dataset_ready details={'event_count': 1121, 'survivor_count': 6}
2026-03-20 10:16:07,562 | INFO | binance_quant.orchestration.research_loop | Research progress stage=model_evaluation_started details={'feature_count': 40, 'event_count': 1121}
2026-03-20 10:16:07,563 | INFO | binance_quant.ml.modeling | Evaluating model=logistic_regression calibration=platt across 2 folds
2026-03-20 10:16:07,582 | INFO | binance_quant.ml.modeling | Completed fold=0 for model=logistic_regression calibration=platt threshold=0.550 acceptance=0.089 precision=0.800 expectancy=0.00729 trades=15
2026-03-20 10:16:07,600 | INFO | binance_quant.ml.modeling | Completed fold=1 for model=logistic_regression calibration=platt threshold=0.450 acceptance=0.208 precision=0.686 expectancy=0.00556 trades=35
2026-03-20 10:16:07,602 | INFO | binance_quant.ml.modeling | Finished model=logistic_regression calibration=platt folds=2 precision=0.743 expectancy=0.00643 trades=50
2026-03-20 10:16:07,603 | INFO | binance_quant.ml.modeling | Evaluating model=logistic_regression calibration=isotonic across 2 folds
2026-03-20 10:16:07,621 | INFO | binance_quant.ml.modeling | Completed fold=0 for model=logistic_regression calibration=isotonic threshold=0.500 acceptance=0.244 precision=0.634 expectancy=0.00478 trades=41
2026-03-20 10:16:07,641 | INFO | binance_quant.ml.modeling | Completed fold=1 for model=logistic_regression calibration=isotonic threshold=0.450 acceptance=0.268 precision=0.733 expectancy=0.00694 trades=45
2026-03-20 10:16:07,642 | INFO | binance_quant.ml.modeling | Finished model=logistic_regression calibration=isotonic folds=2 precision=0.684 expectancy=0.00586 trades=86
2026-03-20 10:16:07,643 | INFO | binance_quant.ml.modeling | Evaluating model=random_forest calibration=platt across 2 folds
2026-03-20 10:16:08,118 | INFO | binance_quant.ml.modeling | Completed fold=0 for model=random_forest calibration=platt threshold=0.450 acceptance=0.089 precision=0.867 expectancy=0.00943 trades=15
2026-03-20 10:16:08,623 | INFO | binance_quant.ml.modeling | Skipping fold=1 for model=random_forest calibration=platt because no threshold met acceptance constraints
2026-03-20 10:16:08,624 | INFO | binance_quant.ml.modeling | Finished model=random_forest calibration=platt folds=1 precision=0.867 expectancy=0.00943 trades=15
2026-03-20 10:16:08,624 | INFO | binance_quant.ml.modeling | Evaluating model=random_forest calibration=isotonic across 2 folds
2026-03-20 10:16:09,095 | INFO | binance_quant.ml.modeling | Completed fold=0 for model=random_forest calibration=isotonic threshold=0.450 acceptance=0.107 precision=0.833 expectancy=0.00884 trades=18
2026-03-20 10:16:09,624 | INFO | binance_quant.ml.modeling | Completed fold=1 for model=random_forest calibration=isotonic threshold=0.450 acceptance=0.107 precision=0.889 expectancy=0.01066 trades=18
2026-03-20 10:16:09,663 | INFO | binance_quant.ml.modeling | Finished model=random_forest calibration=isotonic folds=2 precision=0.861 expectancy=0.00975 trades=36
2026-03-20 10:16:09,664 | INFO | binance_quant.ml.modeling | Evaluating model=xgboost calibration=platt across 2 folds
2026-03-20 10:16:09,849 | INFO | binance_quant.ml.modeling | Completed fold=0 for model=xgboost calibration=platt threshold=0.450 acceptance=0.214 precision=0.611 expectancy=0.00320 trades=36
2026-03-20 10:16:10,038 | INFO | binance_quant.ml.modeling | Completed fold=1 for model=xgboost calibration=platt threshold=0.450 acceptance=0.232 precision=0.641 expectancy=0.00405 trades=39
2026-03-20 10:16:10,041 | INFO | binance_quant.ml.modeling | Finished model=xgboost calibration=platt folds=2 precision=0.626 expectancy=0.00362 trades=75
2026-03-20 10:16:10,041 | INFO | binance_quant.ml.modeling | Evaluating model=xgboost calibration=isotonic across 2 folds
2026-03-20 10:16:10,220 | INFO | binance_quant.ml.modeling | Completed fold=0 for model=xgboost calibration=isotonic threshold=0.450 acceptance=0.339 precision=0.579 expectancy=0.00338 trades=57
2026-03-20 10:16:10,409 | INFO | binance_quant.ml.modeling | Completed fold=1 for model=xgboost calibration=isotonic threshold=0.600 acceptance=0.244 precision=0.634 expectancy=0.00425 trades=41
2026-03-20 10:16:10,412 | INFO | binance_quant.ml.modeling | Finished model=xgboost calibration=isotonic folds=2 precision=0.607 expectancy=0.00382 trades=98
2026-03-20 10:16:10,533 | INFO | binance_quant.orchestration.research_loop | Research progress stage=completed details={'status': 'needs_iteration', 'trade_count': 20.0, 'portfolio_expectancy': 0.009224582976498842}
2026-03-20 10:17:10,571 | INFO | binance_quant.orchestration.research_loop | Research progress stage=starting details={'hypothesis': 'Continuous loop iteration 135: higher_candidate_bar'}
2026-03-20 10:17:10,576 | INFO | binance_quant.orchestration.research_loop | Research progress stage=parity_passed details={'parity_checks': 1}
2026-03-20 10:17:10,940 | INFO | binance_quant.exchange.universe | Universe discovery found 8 eligible symbols
2026-03-20 10:17:10,956 | INFO | binance_quant.orchestration.research_loop | Research progress stage=universe_ready details={'symbol_count': 8, 'symbols': ['BTCUSDT', 'ETHUSDT', 'SOLUSDT', 'XRPUSDT', 'PAXGUSDT', 'HYPEUSDT', 'DOGEUSDT', 'ZECUSDT']}
2026-03-20 10:17:11,061 | INFO | binance_quant.orchestration.research_loop | Research progress stage=ingesting_market_data details={'completed_symbols': 1, 'total_symbols': 8, 'current_symbol': 'BTCUSDT'}
2026-03-20 10:17:11,166 | INFO | binance_quant.orchestration.research_loop | Research progress stage=ingesting_market_data details={'completed_symbols': 2, 'total_symbols': 8, 'current_symbol': 'ETHUSDT'}
2026-03-20 10:17:11,270 | INFO | binance_quant.orchestration.research_loop | Research progress stage=ingesting_market_data details={'completed_symbols': 3, 'total_symbols': 8, 'current_symbol': 'SOLUSDT'}
2026-03-20 10:17:11,374 | INFO | binance_quant.orchestration.research_loop | Research progress stage=ingesting_market_data details={'completed_symbols': 4, 'total_symbols': 8, 'current_symbol': 'XRPUSDT'}
2026-03-20 10:17:11,475 | INFO | binance_quant.orchestration.research_loop | Research progress stage=ingesting_market_data details={'completed_symbols': 5, 'total_symbols': 8, 'current_symbol': 'PAXGUSDT'}
2026-03-20 10:17:11,580 | INFO | binance_quant.orchestration.research_loop | Research progress stage=ingesting_market_data details={'completed_symbols': 6, 'total_symbols': 8, 'current_symbol': 'HYPEUSDT'}
2026-03-20 10:17:11,676 | INFO | binance_quant.orchestration.research_loop | Research progress stage=ingesting_market_data details={'completed_symbols': 7, 'total_symbols': 8, 'current_symbol': 'DOGEUSDT'}
2026-03-20 10:17:11,785 | INFO | binance_quant.orchestration.research_loop | Research progress stage=ingesting_market_data details={'completed_symbols': 8, 'total_symbols': 8, 'current_symbol': 'ZECUSDT'}
2026-03-20 10:17:11,786 | INFO | binance_quant.orchestration.research_loop | Research progress stage=pre_screen_started details={'template_count': 5}
2026-03-20 10:43:17,713 | INFO | binance_quant.orchestration.research_loop | Research progress stage=pre_screen_family_complete details={'completed_templates': 1, 'total_templates': 5, 'family': 'trend_ema', 'family_variant_count': 81, 'survivors_so_far': 10}
2026-03-20 10:45:51,925 | INFO | binance_quant.orchestration.research_loop | Research progress stage=pre_screen_family_complete details={'completed_templates': 2, 'total_templates': 5, 'family': 'trend_pullback', 'family_variant_count': 8, 'survivors_so_far': 10}
2026-03-20 10:54:33,369 | INFO | binance_quant.orchestration.research_loop | Research progress stage=pre_screen_family_complete details={'completed_templates': 3, 'total_templates': 5, 'family': 'breakout', 'family_variant_count': 27, 'survivors_so_far': 10}
2026-03-20 10:57:08,135 | INFO | binance_quant.orchestration.research_loop | Research progress stage=pre_screen_family_complete details={'completed_templates': 4, 'total_templates': 5, 'family': 'vol_squeeze', 'family_variant_count': 8, 'survivors_so_far': 10}
2026-03-20 10:59:43,450 | INFO | binance_quant.orchestration.research_loop | Research progress stage=pre_screen_family_complete details={'completed_templates': 5, 'total_templates': 5, 'family': 'mean_reversion', 'family_variant_count': 8, 'survivors_so_far': 10}
2026-03-20 10:59:43,976 | INFO | binance_quant.orchestration.research_loop | Research progress stage=event_dataset_ready details={'event_count': 1433, 'survivor_count': 10}
2026-03-20 10:59:44,017 | INFO | binance_quant.orchestration.research_loop | Research progress stage=model_evaluation_started details={'feature_count': 40, 'event_count': 1433}
2026-03-20 10:59:44,017 | INFO | binance_quant.ml.modeling | Evaluating model=logistic_regression calibration=platt across 2 folds
2026-03-20 10:59:44,047 | INFO | binance_quant.ml.modeling | Completed fold=0 for model=logistic_regression calibration=platt threshold=0.450 acceptance=0.276 precision=0.542 expectancy=0.00163 trades=59
2026-03-20 10:59:44,067 | INFO | binance_quant.ml.modeling | Completed fold=1 for model=logistic_regression calibration=platt threshold=0.450 acceptance=0.262 precision=0.661 expectancy=0.00429 trades=56
2026-03-20 10:59:44,068 | INFO | binance_quant.ml.modeling | Finished model=logistic_regression calibration=platt folds=2 precision=0.602 expectancy=0.00296 trades=115
2026-03-20 10:59:44,069 | INFO | binance_quant.ml.modeling | Evaluating model=logistic_regression calibration=isotonic across 2 folds
2026-03-20 10:59:44,088 | INFO | binance_quant.ml.modeling | Completed fold=0 for model=logistic_regression calibration=isotonic threshold=0.450 acceptance=0.421 precision=0.589 expectancy=0.00321 trades=90
2026-03-20 10:59:44,107 | INFO | binance_quant.ml.modeling | Completed fold=1 for model=logistic_regression calibration=isotonic threshold=0.450 acceptance=0.327 precision=0.671 expectancy=0.00461 trades=70
2026-03-20 10:59:44,108 | INFO | binance_quant.ml.modeling | Finished model=logistic_regression calibration=isotonic folds=2 precision=0.630 expectancy=0.00391 trades=160
2026-03-20 10:59:44,109 | INFO | binance_quant.ml.modeling | Evaluating model=random_forest calibration=platt across 2 folds
2026-03-20 10:59:44,634 | INFO | binance_quant.ml.modeling | Completed fold=0 for model=random_forest calibration=platt threshold=0.450 acceptance=0.150 precision=0.750 expectancy=0.00488 trades=32
2026-03-20 10:59:45,195 | INFO | binance_quant.ml.modeling | Skipping fold=1 for model=random_forest calibration=platt because no threshold met acceptance constraints
2026-03-20 10:59:45,197 | INFO | binance_quant.ml.modeling | Finished model=random_forest calibration=platt folds=1 precision=0.750 expectancy=0.00488 trades=32
2026-03-20 10:59:45,198 | INFO | binance_quant.ml.modeling | Evaluating model=random_forest calibration=isotonic across 2 folds
2026-03-20 10:59:45,717 | INFO | binance_quant.ml.modeling | Completed fold=0 for model=random_forest calibration=isotonic threshold=0.550 acceptance=0.593 precision=0.543 expectancy=0.00202 trades=127
2026-03-20 10:59:46,300 | INFO | binance_quant.ml.modeling | Completed fold=1 for model=random_forest calibration=isotonic threshold=0.500 acceptance=0.481 precision=0.631 expectancy=0.00375 trades=103
2026-03-20 10:59:46,341 | INFO | binance_quant.ml.modeling | Finished model=random_forest calibration=isotonic folds=2 precision=0.587 expectancy=0.00288 trades=230
2026-03-20 10:59:46,342 | INFO | binance_quant.ml.modeling | Evaluating model=xgboost calibration=platt across 2 folds
2026-03-20 10:59:46,533 | INFO | binance_quant.ml.modeling | Completed fold=0 for model=xgboost calibration=platt threshold=0.500 acceptance=0.117 precision=0.760 expectancy=0.00576 trades=25
2026-03-20 10:59:46,730 | INFO | binance_quant.ml.modeling | Completed fold=1 for model=xgboost calibration=platt threshold=0.500 acceptance=0.131 precision=0.607 expectancy=0.00325 trades=28
2026-03-20 10:59:46,732 | INFO | binance_quant.ml.modeling | Finished model=xgboost calibration=platt folds=2 precision=0.684 expectancy=0.00451 trades=53
2026-03-20 10:59:46,733 | INFO | binance_quant.ml.modeling | Evaluating model=xgboost calibration=isotonic across 2 folds
2026-03-20 10:59:46,917 | INFO | binance_quant.ml.modeling | Completed fold=0 for model=xgboost calibration=isotonic threshold=0.450 acceptance=0.294 precision=0.667 expectancy=0.00438 trades=63
2026-03-20 10:59:47,119 | INFO | binance_quant.ml.modeling | Completed fold=1 for model=xgboost calibration=isotonic threshold=0.550 acceptance=0.271 precision=0.621 expectancy=0.00329 trades=58
2026-03-20 10:59:47,121 | INFO | binance_quant.ml.modeling | Finished model=xgboost calibration=isotonic folds=2 precision=0.644 expectancy=0.00384 trades=121
2026-03-20 10:59:47,259 | INFO | binance_quant.orchestration.research_loop | Research progress stage=completed details={'status': 'needs_iteration', 'trade_count': 23.0, 'portfolio_expectancy': 0.00321948285240026}
2026-03-20 11:00:47,296 | INFO | binance_quant.orchestration.research_loop | Research progress stage=starting details={'hypothesis': 'Continuous loop iteration 136: base'}
2026-03-20 11:00:47,300 | INFO | binance_quant.orchestration.research_loop | Research progress stage=parity_passed details={'parity_checks': 1}
2026-03-20 11:00:47,645 | INFO | binance_quant.exchange.universe | Universe discovery found 8 eligible symbols
2026-03-20 11:00:47,663 | INFO | binance_quant.orchestration.research_loop | Research progress stage=universe_ready details={'symbol_count': 8, 'symbols': ['BTCUSDT', 'ETHUSDT', 'SOLUSDT', 'XRPUSDT', 'PAXGUSDT', 'HYPEUSDT', 'DOGEUSDT', 'LYNUSDT']}
2026-03-20 11:00:47,766 | INFO | binance_quant.orchestration.research_loop | Research progress stage=ingesting_market_data details={'completed_symbols': 1, 'total_symbols': 8, 'current_symbol': 'BTCUSDT'}
2026-03-20 11:00:47,868 | INFO | binance_quant.orchestration.research_loop | Research progress stage=ingesting_market_data details={'completed_symbols': 2, 'total_symbols': 8, 'current_symbol': 'ETHUSDT'}
2026-03-20 11:00:47,969 | INFO | binance_quant.orchestration.research_loop | Research progress stage=ingesting_market_data details={'completed_symbols': 3, 'total_symbols': 8, 'current_symbol': 'SOLUSDT'}
2026-03-20 11:00:48,089 | INFO | binance_quant.orchestration.research_loop | Research progress stage=ingesting_market_data details={'completed_symbols': 4, 'total_symbols': 8, 'current_symbol': 'XRPUSDT'}
2026-03-20 11:00:48,193 | INFO | binance_quant.orchestration.research_loop | Research progress stage=ingesting_market_data details={'completed_symbols': 5, 'total_symbols': 8, 'current_symbol': 'PAXGUSDT'}
2026-03-20 11:00:48,295 | INFO | binance_quant.orchestration.research_loop | Research progress stage=ingesting_market_data details={'completed_symbols': 6, 'total_symbols': 8, 'current_symbol': 'HYPEUSDT'}
2026-03-20 11:00:48,399 | INFO | binance_quant.orchestration.research_loop | Research progress stage=ingesting_market_data details={'completed_symbols': 7, 'total_symbols': 8, 'current_symbol': 'DOGEUSDT'}
2026-03-20 11:00:48,500 | INFO | binance_quant.orchestration.research_loop | Research progress stage=ingesting_market_data details={'completed_symbols': 8, 'total_symbols': 8, 'current_symbol': 'LYNUSDT'}
2026-03-20 11:00:48,501 | INFO | binance_quant.orchestration.research_loop | Research progress stage=pre_screen_started details={'template_count': 5}
2026-03-20 11:26:46,719 | INFO | binance_quant.orchestration.research_loop | Research progress stage=pre_screen_family_complete details={'completed_templates': 1, 'total_templates': 5, 'family': 'trend_ema', 'family_variant_count': 81, 'survivors_so_far': 5}
2026-03-20 11:29:20,900 | INFO | binance_quant.orchestration.research_loop | Research progress stage=pre_screen_family_complete details={'completed_templates': 2, 'total_templates': 5, 'family': 'trend_pullback', 'family_variant_count': 8, 'survivors_so_far': 5}
2026-03-20 11:38:02,004 | INFO | binance_quant.orchestration.research_loop | Research progress stage=pre_screen_family_complete details={'completed_templates': 3, 'total_templates': 5, 'family': 'breakout', 'family_variant_count': 27, 'survivors_so_far': 5}
2026-03-20 11:40:36,422 | INFO | binance_quant.orchestration.research_loop | Research progress stage=pre_screen_family_complete details={'completed_templates': 4, 'total_templates': 5, 'family': 'vol_squeeze', 'family_variant_count': 8, 'survivors_so_far': 5}
2026-03-20 11:43:11,572 | INFO | binance_quant.orchestration.research_loop | Research progress stage=pre_screen_family_complete details={'completed_templates': 5, 'total_templates': 5, 'family': 'mean_reversion', 'family_variant_count': 8, 'survivors_so_far': 5}
2026-03-20 11:43:11,987 | INFO | binance_quant.orchestration.research_loop | Research progress stage=event_dataset_ready details={'event_count': 1117, 'survivor_count': 5}
2026-03-20 11:43:12,036 | INFO | binance_quant.orchestration.research_loop | Research progress stage=model_evaluation_started details={'feature_count': 40, 'event_count': 1117}
2026-03-20 11:43:12,037 | INFO | binance_quant.ml.modeling | Evaluating model=logistic_regression calibration=platt across 2 folds
2026-03-20 11:43:12,055 | INFO | binance_quant.ml.modeling | Completed fold=0 for model=logistic_regression calibration=platt threshold=0.500 acceptance=0.114 precision=1.000 expectancy=0.01499 trades=19
2026-03-20 11:43:12,069 | INFO | binance_quant.ml.modeling | Skipping fold=1 for model=logistic_regression calibration=platt because no threshold met acceptance constraints
2026-03-20 11:43:12,070 | INFO | binance_quant.ml.modeling | Finished model=logistic_regression calibration=platt folds=1 precision=1.000 expectancy=0.01499 trades=19
2026-03-20 11:43:12,071 | INFO | binance_quant.ml.modeling | Evaluating model=logistic_regression calibration=isotonic across 2 folds
2026-03-20 11:43:12,088 | INFO | binance_quant.ml.modeling | Completed fold=0 for model=logistic_regression calibration=isotonic threshold=0.500 acceptance=0.210 precision=0.800 expectancy=0.00971 trades=35
2026-03-20 11:43:12,105 | INFO | binance_quant.ml.modeling | Completed fold=1 for model=logistic_regression calibration=isotonic threshold=0.550 acceptance=0.132 precision=0.864 expectancy=0.01040 trades=22
2026-03-20 11:43:12,107 | INFO | binance_quant.ml.modeling | Finished model=logistic_regression calibration=isotonic folds=2 precision=0.832 expectancy=0.01005 trades=57
2026-03-20 11:43:12,108 | INFO | binance_quant.ml.modeling | Evaluating model=random_forest calibration=platt across 2 folds
2026-03-20 11:43:12,576 | INFO | binance_quant.ml.modeling | Completed fold=0 for model=random_forest calibration=platt threshold=0.450 acceptance=0.174 precision=0.862 expectancy=0.00894 trades=29
2026-03-20 11:43:13,079 | INFO | binance_quant.ml.modeling | Skipping fold=1 for model=random_forest calibration=platt because no threshold met acceptance constraints
2026-03-20 11:43:13,081 | INFO | binance_quant.ml.modeling | Finished model=random_forest calibration=platt folds=1 precision=0.862 expectancy=0.00894 trades=29
2026-03-20 11:43:13,082 | INFO | binance_quant.ml.modeling | Evaluating model=random_forest calibration=isotonic across 2 folds
2026-03-20 11:43:13,550 | INFO | binance_quant.ml.modeling | Completed fold=0 for model=random_forest calibration=isotonic threshold=0.650 acceptance=0.090 precision=1.000 expectancy=0.01017 trades=15
2026-03-20 11:43:14,077 | INFO | binance_quant.ml.modeling | Completed fold=1 for model=random_forest calibration=isotonic threshold=0.450 acceptance=0.096 precision=0.812 expectancy=0.00599 trades=16
2026-03-20 11:43:14,116 | INFO | binance_quant.ml.modeling | Finished model=random_forest calibration=isotonic folds=2 precision=0.906 expectancy=0.00808 trades=31
2026-03-20 11:43:14,117 | INFO | binance_quant.ml.modeling | Evaluating model=xgboost calibration=platt across 2 folds
2026-03-20 11:43:14,297 | INFO | binance_quant.ml.modeling | Completed fold=0 for model=xgboost calibration=platt threshold=0.450 acceptance=0.222 precision=0.757 expectancy=0.00604 trades=37
2026-03-20 11:43:14,477 | INFO | binance_quant.ml.modeling | Skipping fold=1 for model=xgboost calibration=platt because no threshold met acceptance constraints
2026-03-20 11:43:14,477 | INFO | binance_quant.ml.modeling | Finished model=xgboost calibration=platt folds=1 precision=0.757 expectancy=0.00604 trades=37
2026-03-20 11:43:14,478 | INFO | binance_quant.ml.modeling | Evaluating model=xgboost calibration=isotonic across 2 folds
2026-03-20 11:43:14,657 | INFO | binance_quant.ml.modeling | Completed fold=0 for model=xgboost calibration=isotonic threshold=0.450 acceptance=0.599 precision=0.550 expectancy=0.00217 trades=100
2026-03-20 11:43:14,835 | INFO | binance_quant.ml.modeling | Skipping fold=1 for model=xgboost calibration=isotonic because no threshold met acceptance constraints
2026-03-20 11:43:14,836 | INFO | binance_quant.ml.modeling | Finished model=xgboost calibration=isotonic folds=1 precision=0.550 expectancy=0.00217 trades=100
2026-03-20 11:43:14,955 | INFO | binance_quant.orchestration.research_loop | Research progress stage=completed details={'status': 'needs_iteration', 'trade_count': 15.0, 'portfolio_expectancy': 0.01570779405635607}
2026-03-20 11:44:14,992 | INFO | binance_quant.orchestration.research_loop | Research progress stage=starting details={'hypothesis': 'Continuous loop iteration 137: broader_trend_grid'}
2026-03-20 11:44:14,996 | INFO | binance_quant.orchestration.research_loop | Research progress stage=parity_passed details={'parity_checks': 1}
2026-03-20 11:44:15,469 | INFO | binance_quant.exchange.universe | Universe discovery found 8 eligible symbols
2026-03-20 11:44:15,488 | INFO | binance_quant.orchestration.research_loop | Research progress stage=universe_ready details={'symbol_count': 8, 'symbols': ['BTCUSDT', 'ETHUSDT', 'SOLUSDT', 'XRPUSDT', 'PAXGUSDT', 'HYPEUSDT', 'DOGEUSDT', 'LYNUSDT']}
2026-03-20 11:44:15,595 | INFO | binance_quant.orchestration.research_loop | Research progress stage=ingesting_market_data details={'completed_symbols': 1, 'total_symbols': 8, 'current_symbol': 'BTCUSDT'}
2026-03-20 11:44:15,700 | INFO | binance_quant.orchestration.research_loop | Research progress stage=ingesting_market_data details={'completed_symbols': 2, 'total_symbols': 8, 'current_symbol': 'ETHUSDT'}
2026-03-20 11:44:15,802 | INFO | binance_quant.orchestration.research_loop | Research progress stage=ingesting_market_data details={'completed_symbols': 3, 'total_symbols': 8, 'current_symbol': 'SOLUSDT'}
2026-03-20 11:44:15,904 | INFO | binance_quant.orchestration.research_loop | Research progress stage=ingesting_market_data details={'completed_symbols': 4, 'total_symbols': 8, 'current_symbol': 'XRPUSDT'}
2026-03-20 11:44:16,015 | INFO | binance_quant.orchestration.research_loop | Research progress stage=ingesting_market_data details={'completed_symbols': 5, 'total_symbols': 8, 'current_symbol': 'PAXGUSDT'}
2026-03-20 11:44:16,120 | INFO | binance_quant.orchestration.research_loop | Research progress stage=ingesting_market_data details={'completed_symbols': 6, 'total_symbols': 8, 'current_symbol': 'HYPEUSDT'}
2026-03-20 11:44:16,221 | INFO | binance_quant.orchestration.research_loop | Research progress stage=ingesting_market_data details={'completed_symbols': 7, 'total_symbols': 8, 'current_symbol': 'DOGEUSDT'}
2026-03-20 11:44:16,325 | INFO | binance_quant.orchestration.research_loop | Research progress stage=ingesting_market_data details={'completed_symbols': 8, 'total_symbols': 8, 'current_symbol': 'LYNUSDT'}
2026-03-20 11:44:16,326 | INFO | binance_quant.orchestration.research_loop | Research progress stage=pre_screen_started details={'template_count': 5}
2026-03-20 12:56:12,693 | INFO | binance_quant.orchestration.research_loop | Research progress stage=pre_screen_family_complete details={'completed_templates': 1, 'total_templates': 5, 'family': 'trend_ema', 'family_variant_count': 225, 'survivors_so_far': 11}
2026-03-20 12:58:46,388 | INFO | binance_quant.orchestration.research_loop | Research progress stage=pre_screen_family_complete details={'completed_templates': 2, 'total_templates': 5, 'family': 'trend_pullback', 'family_variant_count': 8, 'survivors_so_far': 11}
2026-03-20 13:07:26,482 | INFO | binance_quant.orchestration.research_loop | Research progress stage=pre_screen_family_complete details={'completed_templates': 3, 'total_templates': 5, 'family': 'breakout', 'family_variant_count': 27, 'survivors_so_far': 11}
2026-03-20 13:10:00,915 | INFO | binance_quant.orchestration.research_loop | Research progress stage=pre_screen_family_complete details={'completed_templates': 4, 'total_templates': 5, 'family': 'vol_squeeze', 'family_variant_count': 8, 'survivors_so_far': 11}
2026-03-20 13:12:35,988 | INFO | binance_quant.orchestration.research_loop | Research progress stage=pre_screen_family_complete details={'completed_templates': 5, 'total_templates': 5, 'family': 'mean_reversion', 'family_variant_count': 8, 'survivors_so_far': 11}
2026-03-20 13:12:36,363 | INFO | binance_quant.orchestration.research_loop | Research progress stage=event_dataset_ready details={'event_count': 1024, 'survivor_count': 11}
2026-03-20 13:12:36,419 | INFO | binance_quant.orchestration.research_loop | Research progress stage=model_evaluation_started details={'feature_count': 40, 'event_count': 1024}
2026-03-20 13:12:36,419 | INFO | binance_quant.ml.modeling | Evaluating model=logistic_regression calibration=platt across 2 folds
2026-03-20 13:12:36,437 | INFO | binance_quant.ml.modeling | Completed fold=0 for model=logistic_regression calibration=platt threshold=0.450 acceptance=0.150 precision=0.957 expectancy=0.01259 trades=23
2026-03-20 13:12:36,451 | INFO | binance_quant.ml.modeling | Skipping fold=1 for model=logistic_regression calibration=platt because no threshold met acceptance constraints
2026-03-20 13:12:36,452 | INFO | binance_quant.ml.modeling | Finished model=logistic_regression calibration=platt folds=1 precision=0.957 expectancy=0.01259 trades=23
2026-03-20 13:12:36,453 | INFO | binance_quant.ml.modeling | Evaluating model=logistic_regression calibration=isotonic across 2 folds
2026-03-20 13:12:36,470 | INFO | binance_quant.ml.modeling | Completed fold=0 for model=logistic_regression calibration=isotonic threshold=0.550 acceptance=0.157 precision=0.917 expectancy=0.01161 trades=24
2026-03-20 13:12:36,487 | INFO | binance_quant.ml.modeling | Completed fold=1 for model=logistic_regression calibration=isotonic threshold=0.650 acceptance=0.196 precision=0.733 expectancy=0.00748 trades=30
2026-03-20 13:12:36,489 | INFO | binance_quant.ml.modeling | Finished model=logistic_regression calibration=isotonic folds=2 precision=0.825 expectancy=0.00954 trades=54
2026-03-20 13:12:36,489 | INFO | binance_quant.ml.modeling | Evaluating model=random_forest calibration=platt across 2 folds
2026-03-20 13:12:36,944 | INFO | binance_quant.ml.modeling | Completed fold=0 for model=random_forest calibration=platt threshold=0.450 acceptance=0.072 precision=1.000 expectancy=0.01004 trades=11
2026-03-20 13:12:37,430 | INFO | binance_quant.ml.modeling | Skipping fold=1 for model=random_forest calibration=platt because no threshold met acceptance constraints
2026-03-20 13:12:37,431 | INFO | binance_quant.ml.modeling | Finished model=random_forest calibration=platt folds=1 precision=1.000 expectancy=0.01004 trades=11
2026-03-20 13:12:37,431 | INFO | binance_quant.ml.modeling | Evaluating model=random_forest calibration=isotonic across 2 folds
2026-03-20 13:12:37,888 | INFO | binance_quant.ml.modeling | Completed fold=0 for model=random_forest calibration=isotonic threshold=0.500 acceptance=0.118 precision=0.944 expectancy=0.01078 trades=18
2026-03-20 13:12:38,396 | INFO | binance_quant.ml.modeling | Completed fold=1 for model=random_forest calibration=isotonic threshold=0.450 acceptance=0.157 precision=0.792 expectancy=0.00624 trades=24
2026-03-20 13:12:38,435 | INFO | binance_quant.ml.modeling | Finished model=random_forest calibration=isotonic folds=2 precision=0.868 expectancy=0.00851 trades=42
2026-03-20 13:12:38,436 | INFO | binance_quant.ml.modeling | Evaluating model=xgboost calibration=platt across 2 folds
2026-03-20 13:12:38,613 | INFO | binance_quant.ml.modeling | Completed fold=0 for model=xgboost calibration=platt threshold=0.450 acceptance=0.137 precision=0.810 expectancy=0.00658 trades=21
2026-03-20 13:12:38,793 | INFO | binance_quant.ml.modeling | Completed fold=1 for model=xgboost calibration=platt threshold=0.450 acceptance=0.144 precision=0.591 expectancy=0.00763 trades=22
2026-03-20 13:12:38,795 | INFO | binance_quant.ml.modeling | Finished model=xgboost calibration=platt folds=2 precision=0.700 expectancy=0.00711 trades=43
2026-03-20 13:12:38,796 | INFO | binance_quant.ml.modeling | Evaluating model=xgboost calibration=isotonic across 2 folds
2026-03-20 13:12:38,966 | INFO | binance_quant.ml.modeling | Skipping fold=0 for model=xgboost calibration=isotonic because no threshold met acceptance constraints
2026-03-20 13:12:39,144 | INFO | binance_quant.ml.modeling | Completed fold=1 for model=xgboost calibration=isotonic threshold=0.450 acceptance=0.144 precision=0.591 expectancy=0.00763 trades=22
2026-03-20 13:12:39,146 | INFO | binance_quant.ml.modeling | Finished model=xgboost calibration=isotonic folds=1 precision=0.591 expectancy=0.00763 trades=22
2026-03-20 13:12:39,260 | INFO | binance_quant.orchestration.research_loop | Research progress stage=completed details={'status': 'needs_iteration', 'trade_count': 17.0, 'portfolio_expectancy': 0.013002925585400612}
2026-03-20 13:13:39,304 | INFO | binance_quant.orchestration.research_loop | Research progress stage=starting details={'hypothesis': 'Continuous loop iteration 138: breakout_expansion'}
2026-03-20 13:13:39,308 | INFO | binance_quant.orchestration.research_loop | Research progress stage=parity_passed details={'parity_checks': 1}
2026-03-20 13:13:39,669 | INFO | binance_quant.exchange.universe | Universe discovery found 8 eligible symbols
2026-03-20 13:13:39,679 | INFO | binance_quant.orchestration.research_loop | Research progress stage=universe_ready details={'symbol_count': 8, 'symbols': ['BTCUSDT', 'ETHUSDT', 'SOLUSDT', 'XRPUSDT', 'PAXGUSDT', 'HYPEUSDT', 'LYNUSDT', 'DOGEUSDT']}
2026-03-20 13:13:39,792 | INFO | binance_quant.orchestration.research_loop | Research progress stage=ingesting_market_data details={'completed_symbols': 1, 'total_symbols': 8, 'current_symbol': 'BTCUSDT'}
2026-03-20 13:13:39,898 | INFO | binance_quant.orchestration.research_loop | Research progress stage=ingesting_market_data details={'completed_symbols': 2, 'total_symbols': 8, 'current_symbol': 'ETHUSDT'}
2026-03-20 13:13:39,999 | INFO | binance_quant.orchestration.research_loop | Research progress stage=ingesting_market_data details={'completed_symbols': 3, 'total_symbols': 8, 'current_symbol': 'SOLUSDT'}
2026-03-20 13:13:40,103 | INFO | binance_quant.orchestration.research_loop | Research progress stage=ingesting_market_data details={'completed_symbols': 4, 'total_symbols': 8, 'current_symbol': 'XRPUSDT'}
2026-03-20 13:13:40,196 | INFO | binance_quant.orchestration.research_loop | Research progress stage=ingesting_market_data details={'completed_symbols': 5, 'total_symbols': 8, 'current_symbol': 'PAXGUSDT'}
2026-03-20 13:13:40,314 | INFO | binance_quant.orchestration.research_loop | Research progress stage=ingesting_market_data details={'completed_symbols': 6, 'total_symbols': 8, 'current_symbol': 'HYPEUSDT'}
2026-03-20 13:13:40,417 | INFO | binance_quant.orchestration.research_loop | Research progress stage=ingesting_market_data details={'completed_symbols': 7, 'total_symbols': 8, 'current_symbol': 'LYNUSDT'}
2026-03-20 13:13:40,520 | INFO | binance_quant.orchestration.research_loop | Research progress stage=ingesting_market_data details={'completed_symbols': 8, 'total_symbols': 8, 'current_symbol': 'DOGEUSDT'}
2026-03-20 13:13:40,521 | INFO | binance_quant.orchestration.research_loop | Research progress stage=pre_screen_started details={'template_count': 5}
2026-03-20 13:39:40,544 | INFO | binance_quant.orchestration.research_loop | Research progress stage=pre_screen_family_complete details={'completed_templates': 1, 'total_templates': 5, 'family': 'trend_ema', 'family_variant_count': 81, 'survivors_so_far': 5}
2026-03-20 13:42:14,893 | INFO | binance_quant.orchestration.research_loop | Research progress stage=pre_screen_family_complete details={'completed_templates': 2, 'total_templates': 5, 'family': 'trend_pullback', 'family_variant_count': 8, 'survivors_so_far': 5}
2026-03-20 14:01:34,507 | INFO | binance_quant.orchestration.research_loop | Research progress stage=pre_screen_family_complete details={'completed_templates': 3, 'total_templates': 5, 'family': 'breakout', 'family_variant_count': 60, 'survivors_so_far': 5}
2026-03-20 14:04:09,478 | INFO | binance_quant.orchestration.research_loop | Research progress stage=pre_screen_family_complete details={'completed_templates': 4, 'total_templates': 5, 'family': 'vol_squeeze', 'family_variant_count': 8, 'survivors_so_far': 5}
2026-03-20 14:06:44,935 | INFO | binance_quant.orchestration.research_loop | Research progress stage=pre_screen_family_complete details={'completed_templates': 5, 'total_templates': 5, 'family': 'mean_reversion', 'family_variant_count': 8, 'survivors_so_far': 5}
2026-03-20 14:06:45,350 | INFO | binance_quant.orchestration.research_loop | Research progress stage=event_dataset_ready details={'event_count': 1117, 'survivor_count': 5}
2026-03-20 14:06:45,407 | INFO | binance_quant.orchestration.research_loop | Research progress stage=model_evaluation_started details={'feature_count': 40, 'event_count': 1117}
2026-03-20 14:06:45,407 | INFO | binance_quant.ml.modeling | Evaluating model=logistic_regression calibration=platt across 2 folds
2026-03-20 14:06:45,425 | INFO | binance_quant.ml.modeling | Completed fold=0 for model=logistic_regression calibration=platt threshold=0.500 acceptance=0.114 precision=1.000 expectancy=0.01499 trades=19
2026-03-20 14:06:45,435 | INFO | binance_quant.ml.modeling | Completed fold=1 for model=logistic_regression calibration=platt threshold=0.450 acceptance=0.102 precision=0.941 expectancy=0.01301 trades=17
2026-03-20 14:06:45,435 | INFO | binance_quant.ml.modeling | Finished model=logistic_regression calibration=platt folds=2 precision=0.971 expectancy=0.01400 trades=36
2026-03-20 14:06:45,435 | INFO | binance_quant.ml.modeling | Evaluating model=logistic_regression calibration=isotonic across 2 folds
2026-03-20 14:06:45,463 | INFO | binance_quant.ml.modeling | Completed fold=0 for model=logistic_regression calibration=isotonic threshold=0.500 acceptance=0.210 precision=0.800 expectancy=0.00971 trades=35
2026-03-20 14:06:45,481 | INFO | binance_quant.ml.modeling | Completed fold=1 for model=logistic_regression calibration=isotonic threshold=0.450 acceptance=0.389 precision=0.677 expectancy=0.00486 trades=65
2026-03-20 14:06:45,483 | INFO | binance_quant.ml.modeling | Finished model=logistic_regression calibration=isotonic folds=2 precision=0.738 expectancy=0.00728 trades=100
2026-03-20 14:06:45,483 | INFO | binance_quant.ml.modeling | Evaluating model=random_forest calibration=platt across 2 folds
2026-03-20 14:06:45,950 | INFO | binance_quant.ml.modeling | Completed fold=0 for model=random_forest calibration=platt threshold=0.450 acceptance=0.168 precision=0.893 expectancy=0.00959 trades=28
2026-03-20 14:06:46,456 | INFO | binance_quant.ml.modeling | Skipping fold=1 for model=random_forest calibration=platt because no threshold met acceptance constraints
2026-03-20 14:06:46,460 | INFO | binance_quant.ml.modeling | Finished model=random_forest calibration=platt folds=1 precision=0.893 expectancy=0.00959 trades=28
2026-03-20 14:06:46,460 | INFO | binance_quant.ml.modeling | Evaluating model=random_forest calibration=isotonic across 2 folds
2026-03-20 14:06:46,918 | INFO | binance_quant.ml.modeling | Completed fold=0 for model=random_forest calibration=isotonic threshold=0.550 acceptance=0.054 precision=1.000 expectancy=0.00908 trades=9
2026-03-20 14:06:47,432 | INFO | binance_quant.ml.modeling | Skipping fold=1 for model=random_forest calibration=isotonic because no threshold met acceptance constraints
2026-03-20 14:06:47,434 | INFO | binance_quant.ml.modeling | Finished model=random_forest calibration=isotonic folds=1 precision=1.000 expectancy=0.00908 trades=9
2026-03-20 14:06:47,435 | INFO | binance_quant.ml.modeling | Evaluating model=xgboost calibration=platt across 2 folds
2026-03-20 14:06:47,617 | INFO | binance_quant.ml.modeling | Completed fold=0 for model=xgboost calibration=platt threshold=0.500 acceptance=0.144 precision=0.792 expectancy=0.00824 trades=24
2026-03-20 14:06:47,805 | INFO | binance_quant.ml.modeling | Completed fold=1 for model=xgboost calibration=platt threshold=0.450 acceptance=0.126 precision=0.619 expectancy=0.00592 trades=21
2026-03-20 14:06:47,807 | INFO | binance_quant.ml.modeling | Finished model=xgboost calibration=platt folds=2 precision=0.705 expectancy=0.00708 trades=45
2026-03-20 14:06:47,808 | INFO | binance_quant.ml.modeling | Evaluating model=xgboost calibration=isotonic across 2 folds
2026-03-20 14:06:47,986 | INFO | binance_quant.ml.modeling | Completed fold=0 for model=xgboost calibration=isotonic threshold=0.500 acceptance=0.383 precision=0.625 expectancy=0.00393 trades=64
2026-03-20 14:06:48,171 | INFO | binance_quant.ml.modeling | Completed fold=1 for model=xgboost calibration=isotonic threshold=0.450 acceptance=0.497 precision=0.578 expectancy=0.00566 trades=83
2026-03-20 14:06:48,172 | INFO | binance_quant.ml.modeling | Finished model=xgboost calibration=isotonic folds=2 precision=0.602 expectancy=0.00480 trades=147
2026-03-20 14:06:48,295 | INFO | binance_quant.orchestration.research_loop | Research progress stage=completed details={'status': 'needs_iteration', 'trade_count': 18.0, 'portfolio_expectancy': 0.015324414244779939}
2026-03-20 14:07:48,335 | INFO | binance_quant.orchestration.research_loop | Research progress stage=starting details={'hypothesis': 'Continuous loop iteration 139: reversion_expansion'}
2026-03-20 14:07:48,340 | INFO | binance_quant.orchestration.research_loop | Research progress stage=parity_passed details={'parity_checks': 1}
2026-03-20 14:07:48,701 | INFO | binance_quant.exchange.universe | Universe discovery found 8 eligible symbols
2026-03-20 14:07:48,720 | INFO | binance_quant.orchestration.research_loop | Research progress stage=universe_ready details={'symbol_count': 8, 'symbols': ['BTCUSDT', 'ETHUSDT', 'SOLUSDT', 'XRPUSDT', 'PAXGUSDT', 'HYPEUSDT', 'LYNUSDT', 'DOGEUSDT']}
2026-03-20 14:07:48,831 | INFO | binance_quant.orchestration.research_loop | Research progress stage=ingesting_market_data details={'completed_symbols': 1, 'total_symbols': 8, 'current_symbol': 'BTCUSDT'}
2026-03-20 14:07:48,944 | INFO | binance_quant.orchestration.research_loop | Research progress stage=ingesting_market_data details={'completed_symbols': 2, 'total_symbols': 8, 'current_symbol': 'ETHUSDT'}
2026-03-20 14:07:49,047 | INFO | binance_quant.orchestration.research_loop | Research progress stage=ingesting_market_data details={'completed_symbols': 3, 'total_symbols': 8, 'current_symbol': 'SOLUSDT'}
2026-03-20 14:07:49,152 | INFO | binance_quant.orchestration.research_loop | Research progress stage=ingesting_market_data details={'completed_symbols': 4, 'total_symbols': 8, 'current_symbol': 'XRPUSDT'}
2026-03-20 14:07:49,257 | INFO | binance_quant.orchestration.research_loop | Research progress stage=ingesting_market_data details={'completed_symbols': 5, 'total_symbols': 8, 'current_symbol': 'PAXGUSDT'}
2026-03-20 14:07:49,364 | INFO | binance_quant.orchestration.research_loop | Research progress stage=ingesting_market_data details={'completed_symbols': 6, 'total_symbols': 8, 'current_symbol': 'HYPEUSDT'}
2026-03-20 14:07:49,468 | INFO | binance_quant.orchestration.research_loop | Research progress stage=ingesting_market_data details={'completed_symbols': 7, 'total_symbols': 8, 'current_symbol': 'LYNUSDT'}
2026-03-20 14:07:49,581 | INFO | binance_quant.orchestration.research_loop | Research progress stage=ingesting_market_data details={'completed_symbols': 8, 'total_symbols': 8, 'current_symbol': 'DOGEUSDT'}
2026-03-20 14:07:49,582 | INFO | binance_quant.orchestration.research_loop | Research progress stage=pre_screen_started details={'template_count': 5}
2026-03-20 14:33:53,169 | INFO | binance_quant.orchestration.research_loop | Research progress stage=pre_screen_family_complete details={'completed_templates': 1, 'total_templates': 5, 'family': 'trend_ema', 'family_variant_count': 81, 'survivors_so_far': 5}
2026-03-20 14:36:27,849 | INFO | binance_quant.orchestration.research_loop | Research progress stage=pre_screen_family_complete details={'completed_templates': 2, 'total_templates': 5, 'family': 'trend_pullback', 'family_variant_count': 8, 'survivors_so_far': 5}
2026-03-20 14:45:10,632 | INFO | binance_quant.orchestration.research_loop | Research progress stage=pre_screen_family_complete details={'completed_templates': 3, 'total_templates': 5, 'family': 'breakout', 'family_variant_count': 27, 'survivors_so_far': 5}
2026-03-20 14:52:55,918 | INFO | binance_quant.orchestration.research_loop | Research progress stage=pre_screen_family_complete details={'completed_templates': 4, 'total_templates': 5, 'family': 'vol_squeeze', 'family_variant_count': 24, 'survivors_so_far': 5}
2026-03-20 15:04:34,943 | INFO | binance_quant.orchestration.research_loop | Research progress stage=pre_screen_family_complete details={'completed_templates': 5, 'total_templates': 5, 'family': 'mean_reversion', 'family_variant_count': 36, 'survivors_so_far': 5}
2026-03-20 15:04:35,358 | INFO | binance_quant.orchestration.research_loop | Research progress stage=event_dataset_ready details={'event_count': 1117, 'survivor_count': 5}
2026-03-20 15:04:35,399 | INFO | binance_quant.orchestration.research_loop | Research progress stage=model_evaluation_started details={'feature_count': 40, 'event_count': 1117}
2026-03-20 15:04:35,399 | INFO | binance_quant.ml.modeling | Evaluating model=logistic_regression calibration=platt across 2 folds
2026-03-20 15:04:35,415 | INFO | binance_quant.ml.modeling | Completed fold=0 for model=logistic_regression calibration=platt threshold=0.500 acceptance=0.114 precision=1.000 expectancy=0.01499 trades=19
2026-03-20 15:04:35,440 | INFO | binance_quant.ml.modeling | Completed fold=1 for model=logistic_regression calibration=platt threshold=0.450 acceptance=0.102 precision=0.941 expectancy=0.01301 trades=17
2026-03-20 15:04:35,440 | INFO | binance_quant.ml.modeling | Finished model=logistic_regression calibration=platt folds=2 precision=0.971 expectancy=0.01400 trades=36
2026-03-20 15:04:35,440 | INFO | binance_quant.ml.modeling | Evaluating model=logistic_regression calibration=isotonic across 2 folds
2026-03-20 15:04:35,462 | INFO | binance_quant.ml.modeling | Completed fold=0 for model=logistic_regression calibration=isotonic threshold=0.500 acceptance=0.210 precision=0.800 expectancy=0.00971 trades=35
2026-03-20 15:04:35,480 | INFO | binance_quant.ml.modeling | Completed fold=1 for model=logistic_regression calibration=isotonic threshold=0.450 acceptance=0.389 precision=0.677 expectancy=0.00486 trades=65
2026-03-20 15:04:35,482 | INFO | binance_quant.ml.modeling | Finished model=logistic_regression calibration=isotonic folds=2 precision=0.738 expectancy=0.00728 trades=100
2026-03-20 15:04:35,482 | INFO | binance_quant.ml.modeling | Evaluating model=random_forest calibration=platt across 2 folds
2026-03-20 15:04:35,952 | INFO | binance_quant.ml.modeling | Completed fold=0 for model=random_forest calibration=platt threshold=0.450 acceptance=0.168 precision=0.893 expectancy=0.00959 trades=28
2026-03-20 15:04:36,456 | INFO | binance_quant.ml.modeling | Skipping fold=1 for model=random_forest calibration=platt because no threshold met acceptance constraints
2026-03-20 15:04:36,458 | INFO | binance_quant.ml.modeling | Finished model=random_forest calibration=platt folds=1 precision=0.893 expectancy=0.00959 trades=28
2026-03-20 15:04:36,459 | INFO | binance_quant.ml.modeling | Evaluating model=random_forest calibration=isotonic across 2 folds
2026-03-20 15:04:36,916 | INFO | binance_quant.ml.modeling | Completed fold=0 for model=random_forest calibration=isotonic threshold=0.550 acceptance=0.054 precision=1.000 expectancy=0.00908 trades=9
2026-03-20 15:04:37,424 | INFO | binance_quant.ml.modeling | Skipping fold=1 for model=random_forest calibration=isotonic because no threshold met acceptance constraints
2026-03-20 15:04:37,425 | INFO | binance_quant.ml.modeling | Finished model=random_forest calibration=isotonic folds=1 precision=1.000 expectancy=0.00908 trades=9
2026-03-20 15:04:37,425 | INFO | binance_quant.ml.modeling | Evaluating model=xgboost calibration=platt across 2 folds
2026-03-20 15:04:37,598 | INFO | binance_quant.ml.modeling | Completed fold=0 for model=xgboost calibration=platt threshold=0.500 acceptance=0.144 precision=0.792 expectancy=0.00824 trades=24
2026-03-20 15:04:37,793 | INFO | binance_quant.ml.modeling | Completed fold=1 for model=xgboost calibration=platt threshold=0.450 acceptance=0.126 precision=0.619 expectancy=0.00592 trades=21
2026-03-20 15:04:37,796 | INFO | binance_quant.ml.modeling | Finished model=xgboost calibration=platt folds=2 precision=0.705 expectancy=0.00708 trades=45
2026-03-20 15:04:37,797 | INFO | binance_quant.ml.modeling | Evaluating model=xgboost calibration=isotonic across 2 folds
2026-03-20 15:04:37,976 | INFO | binance_quant.ml.modeling | Completed fold=0 for model=xgboost calibration=isotonic threshold=0.500 acceptance=0.383 precision=0.625 expectancy=0.00393 trades=64
2026-03-20 15:04:38,161 | INFO | binance_quant.ml.modeling | Completed fold=1 for model=xgboost calibration=isotonic threshold=0.450 acceptance=0.497 precision=0.578 expectancy=0.00566 trades=83
2026-03-20 15:04:38,163 | INFO | binance_quant.ml.modeling | Finished model=xgboost calibration=isotonic folds=2 precision=0.602 expectancy=0.00480 trades=147
2026-03-20 15:04:38,284 | INFO | binance_quant.orchestration.research_loop | Research progress stage=completed details={'status': 'needs_iteration', 'trade_count': 18.0, 'portfolio_expectancy': 0.015324414244779939}
2026-03-20 15:05:38,324 | INFO | binance_quant.orchestration.research_loop | Research progress stage=starting details={'hypothesis': 'Continuous loop iteration 140: narrower_universe'}
2026-03-20 15:05:38,328 | INFO | binance_quant.orchestration.research_loop | Research progress stage=parity_passed details={'parity_checks': 1}
2026-03-20 15:05:38,683 | INFO | binance_quant.exchange.universe | Universe discovery found 6 eligible symbols
2026-03-20 15:05:38,701 | INFO | binance_quant.orchestration.research_loop | Research progress stage=universe_ready details={'symbol_count': 6, 'symbols': ['BTCUSDT', 'ETHUSDT', 'SOLUSDT', 'XRPUSDT', 'PAXGUSDT', 'HYPEUSDT']}
2026-03-20 15:05:38,797 | INFO | binance_quant.orchestration.research_loop | Research progress stage=ingesting_market_data details={'completed_symbols': 1, 'total_symbols': 6, 'current_symbol': 'BTCUSDT'}
2026-03-20 15:05:38,913 | INFO | binance_quant.orchestration.research_loop | Research progress stage=ingesting_market_data details={'completed_symbols': 2, 'total_symbols': 6, 'current_symbol': 'ETHUSDT'}
2026-03-20 15:05:39,032 | INFO | binance_quant.orchestration.research_loop | Research progress stage=ingesting_market_data details={'completed_symbols': 3, 'total_symbols': 6, 'current_symbol': 'SOLUSDT'}
2026-03-20 15:05:39,136 | INFO | binance_quant.orchestration.research_loop | Research progress stage=ingesting_market_data details={'completed_symbols': 4, 'total_symbols': 6, 'current_symbol': 'XRPUSDT'}
2026-03-20 15:05:39,241 | INFO | binance_quant.orchestration.research_loop | Research progress stage=ingesting_market_data details={'completed_symbols': 5, 'total_symbols': 6, 'current_symbol': 'PAXGUSDT'}
2026-03-20 15:05:39,344 | INFO | binance_quant.orchestration.research_loop | Research progress stage=ingesting_market_data details={'completed_symbols': 6, 'total_symbols': 6, 'current_symbol': 'HYPEUSDT'}
2026-03-20 15:05:39,345 | INFO | binance_quant.orchestration.research_loop | Research progress stage=pre_screen_started details={'template_count': 5}
2026-03-20 15:25:09,819 | INFO | binance_quant.orchestration.research_loop | Research progress stage=pre_screen_family_complete details={'completed_templates': 1, 'total_templates': 5, 'family': 'trend_ema', 'family_variant_count': 81, 'survivors_so_far': 0}
2026-03-20 15:27:05,225 | INFO | binance_quant.orchestration.research_loop | Research progress stage=pre_screen_family_complete details={'completed_templates': 2, 'total_templates': 5, 'family': 'trend_pullback', 'family_variant_count': 8, 'survivors_so_far': 0}
2026-03-20 15:33:36,584 | INFO | binance_quant.orchestration.research_loop | Research progress stage=pre_screen_family_complete details={'completed_templates': 3, 'total_templates': 5, 'family': 'breakout', 'family_variant_count': 27, 'survivors_so_far': 0}
2026-03-20 15:35:32,657 | INFO | binance_quant.orchestration.research_loop | Research progress stage=pre_screen_family_complete details={'completed_templates': 4, 'total_templates': 5, 'family': 'vol_squeeze', 'family_variant_count': 8, 'survivors_so_far': 0}
2026-03-20 15:37:29,157 | INFO | binance_quant.orchestration.research_loop | Research progress stage=pre_screen_family_complete details={'completed_templates': 5, 'total_templates': 5, 'family': 'mean_reversion', 'family_variant_count': 8, 'survivors_so_far': 0}
2026-03-20 15:37:29,374 | INFO | binance_quant.orchestration.research_loop | Research progress stage=event_dataset_ready details={'event_count': 555, 'survivor_count': 1}
2026-03-20 15:37:29,417 | INFO | binance_quant.orchestration.research_loop | Research progress stage=model_evaluation_started details={'feature_count': 38, 'event_count': 555}
2026-03-20 15:37:29,417 | INFO | binance_quant.ml.modeling | Evaluating model=logistic_regression calibration=platt across 2 folds
2026-03-20 15:37:29,432 | INFO | binance_quant.ml.modeling | Skipping fold=0 for model=logistic_regression calibration=platt because no threshold met acceptance constraints
2026-03-20 15:37:29,448 | INFO | binance_quant.ml.modeling | Completed fold=1 for model=logistic_regression calibration=platt threshold=0.450 acceptance=0.145 precision=0.833 expectancy=0.00677 trades=12
2026-03-20 15:37:29,450 | INFO | binance_quant.ml.modeling | Finished model=logistic_regression calibration=platt folds=1 precision=0.833 expectancy=0.00677 trades=12
2026-03-20 15:37:29,450 | INFO | binance_quant.ml.modeling | Evaluating model=logistic_regression calibration=isotonic across 2 folds
2026-03-20 15:37:29,466 | INFO | binance_quant.ml.modeling | Completed fold=0 for model=logistic_regression calibration=isotonic threshold=0.450 acceptance=0.506 precision=0.571 expectancy=0.00286 trades=42
2026-03-20 15:37:29,474 | INFO | binance_quant.ml.modeling | Completed fold=1 for model=logistic_regression calibration=isotonic threshold=0.450 acceptance=0.458 precision=0.579 expectancy=0.00218 trades=38
2026-03-20 15:37:29,474 | INFO | binance_quant.ml.modeling | Finished model=logistic_regression calibration=isotonic folds=2 precision=0.575 expectancy=0.00252 trades=80
2026-03-20 15:37:29,474 | INFO | binance_quant.ml.modeling | Evaluating model=random_forest calibration=platt across 2 folds
2026-03-20 15:37:29,866 | INFO | binance_quant.ml.modeling | Completed fold=0 for model=random_forest calibration=platt threshold=0.500 acceptance=0.145 precision=0.833 expectancy=0.00621 trades=12
2026-03-20 15:37:30,290 | INFO | binance_quant.ml.modeling | Completed fold=1 for model=random_forest calibration=platt threshold=0.450 acceptance=0.205 precision=0.706 expectancy=0.00284 trades=17
2026-03-20 15:37:30,329 | INFO | binance_quant.ml.modeling | Finished model=random_forest calibration=platt folds=2 precision=0.770 expectancy=0.00452 trades=29
2026-03-20 15:37:30,329 | INFO | binance_quant.ml.modeling | Evaluating model=random_forest calibration=isotonic across 2 folds
2026-03-20 15:37:30,708 | INFO | binance_quant.ml.modeling | Completed fold=0 for model=random_forest calibration=isotonic threshold=0.500 acceptance=0.386 precision=0.688 expectancy=0.00394 trades=32
2026-03-20 15:37:31,131 | INFO | binance_quant.ml.modeling | Completed fold=1 for model=random_forest calibration=isotonic threshold=0.550 acceptance=0.554 precision=0.630 expectancy=0.00213 trades=46
2026-03-20 15:37:31,157 | INFO | binance_quant.ml.modeling | Finished model=random_forest calibration=isotonic folds=2 precision=0.659 expectancy=0.00303 trades=78
2026-03-20 15:37:31,157 | INFO | binance_quant.ml.modeling | Evaluating model=xgboost calibration=platt across 2 folds
2026-03-20 15:37:31,322 | INFO | binance_quant.ml.modeling | Completed fold=0 for model=xgboost calibration=platt threshold=0.500 acceptance=0.289 precision=0.625 expectancy=0.00237 trades=24
2026-03-20 15:37:31,480 | INFO | binance_quant.ml.modeling | Completed fold=1 for model=xgboost calibration=platt threshold=0.450 acceptance=0.277 precision=0.478 expectancy=-0.00183 trades=23
2026-03-20 15:37:31,481 | INFO | binance_quant.ml.modeling | Finished model=xgboost calibration=platt folds=2 precision=0.552 expectancy=0.00027 trades=47
2026-03-20 15:37:31,482 | INFO | binance_quant.ml.modeling | Evaluating model=xgboost calibration=isotonic across 2 folds
2026-03-20 15:37:31,634 | INFO | binance_quant.ml.modeling | Completed fold=0 for model=xgboost calibration=isotonic threshold=0.450 acceptance=0.410 precision=0.559 expectancy=0.00154 trades=34
2026-03-20 15:37:31,791 | INFO | binance_quant.ml.modeling | Completed fold=1 for model=xgboost calibration=isotonic threshold=0.450 acceptance=0.337 precision=0.536 expectancy=-0.00032 trades=28
2026-03-20 15:37:31,791 | INFO | binance_quant.ml.modeling | Finished model=xgboost calibration=isotonic folds=2 precision=0.547 expectancy=0.00061 trades=62
2026-03-20 15:37:31,882 | INFO | binance_quant.orchestration.research_loop | Research progress stage=completed details={'status': 'needs_iteration', 'trade_count': 10.0, 'portfolio_expectancy': 0.005930448980830547}
2026-03-20 15:38:31,918 | INFO | binance_quant.orchestration.research_loop | Research progress stage=starting details={'hypothesis': 'Continuous loop iteration 141: wider_universe'}
2026-03-20 15:38:31,923 | INFO | binance_quant.orchestration.research_loop | Research progress stage=parity_passed details={'parity_checks': 1}
2026-03-20 15:38:32,311 | INFO | binance_quant.exchange.universe | Universe discovery found 12 eligible symbols
2026-03-20 15:38:32,329 | INFO | binance_quant.orchestration.research_loop | Research progress stage=universe_ready details={'symbol_count': 12, 'symbols': ['BTCUSDT', 'ETHUSDT', 'SOLUSDT', 'XRPUSDT', 'PAXGUSDT', 'HYPEUSDT', 'LYNUSDT', 'TAOUSDT', 'DOGEUSDT', 'ZECUSDT', 'SIRENUSDT', 'BNBUSDT']}
2026-03-20 15:38:32,439 | INFO | binance_quant.orchestration.research_loop | Research progress stage=ingesting_market_data details={'completed_symbols': 1, 'total_symbols': 12, 'current_symbol': 'BTCUSDT'}
2026-03-20 15:38:32,545 | INFO | binance_quant.orchestration.research_loop | Research progress stage=ingesting_market_data details={'completed_symbols': 2, 'total_symbols': 12, 'current_symbol': 'ETHUSDT'}
2026-03-20 15:38:32,638 | INFO | binance_quant.orchestration.research_loop | Research progress stage=ingesting_market_data details={'completed_symbols': 3, 'total_symbols': 12, 'current_symbol': 'SOLUSDT'}
2026-03-20 15:38:32,754 | INFO | binance_quant.orchestration.research_loop | Research progress stage=ingesting_market_data details={'completed_symbols': 4, 'total_symbols': 12, 'current_symbol': 'XRPUSDT'}
2026-03-20 15:38:32,864 | INFO | binance_quant.orchestration.research_loop | Research progress stage=ingesting_market_data details={'completed_symbols': 5, 'total_symbols': 12, 'current_symbol': 'PAXGUSDT'}
2026-03-20 15:38:32,968 | INFO | binance_quant.orchestration.research_loop | Research progress stage=ingesting_market_data details={'completed_symbols': 6, 'total_symbols': 12, 'current_symbol': 'HYPEUSDT'}
2026-03-20 15:38:33,074 | INFO | binance_quant.orchestration.research_loop | Research progress stage=ingesting_market_data details={'completed_symbols': 7, 'total_symbols': 12, 'current_symbol': 'LYNUSDT'}
2026-03-20 15:38:33,183 | INFO | binance_quant.orchestration.research_loop | Research progress stage=ingesting_market_data details={'completed_symbols': 8, 'total_symbols': 12, 'current_symbol': 'TAOUSDT'}
2026-03-20 15:38:33,290 | INFO | binance_quant.orchestration.research_loop | Research progress stage=ingesting_market_data details={'completed_symbols': 9, 'total_symbols': 12, 'current_symbol': 'DOGEUSDT'}
2026-03-20 15:38:33,396 | INFO | binance_quant.orchestration.research_loop | Research progress stage=ingesting_market_data details={'completed_symbols': 10, 'total_symbols': 12, 'current_symbol': 'ZECUSDT'}
2026-03-20 15:38:33,490 | INFO | binance_quant.orchestration.research_loop | Research progress stage=ingesting_market_data details={'completed_symbols': 11, 'total_symbols': 12, 'current_symbol': 'SIRENUSDT'}
2026-03-20 15:38:33,604 | INFO | binance_quant.orchestration.research_loop | Research progress stage=ingesting_market_data details={'completed_symbols': 12, 'total_symbols': 12, 'current_symbol': 'BNBUSDT'}
2026-03-20 15:38:33,606 | INFO | binance_quant.orchestration.research_loop | Research progress stage=pre_screen_started details={'template_count': 5}
2026-03-20 16:17:32,076 | INFO | binance_quant.orchestration.research_loop | Research progress stage=pre_screen_family_complete details={'completed_templates': 1, 'total_templates': 5, 'family': 'trend_ema', 'family_variant_count': 81, 'survivors_so_far': 0}
2026-03-20 16:21:23,609 | INFO | binance_quant.orchestration.research_loop | Research progress stage=pre_screen_family_complete details={'completed_templates': 2, 'total_templates': 5, 'family': 'trend_pullback', 'family_variant_count': 8, 'survivors_so_far': 0}
2026-03-20 16:34:27,972 | INFO | binance_quant.orchestration.research_loop | Research progress stage=pre_screen_family_complete details={'completed_templates': 3, 'total_templates': 5, 'family': 'breakout', 'family_variant_count': 27, 'survivors_so_far': 0}
2026-03-20 16:38:20,504 | INFO | binance_quant.orchestration.research_loop | Research progress stage=pre_screen_family_complete details={'completed_templates': 4, 'total_templates': 5, 'family': 'vol_squeeze', 'family_variant_count': 8, 'survivors_so_far': 0}
2026-03-20 16:42:13,751 | INFO | binance_quant.orchestration.research_loop | Research progress stage=pre_screen_family_complete details={'completed_templates': 5, 'total_templates': 5, 'family': 'mean_reversion', 'family_variant_count': 8, 'survivors_so_far': 0}
2026-03-20 16:42:14,156 | INFO | binance_quant.orchestration.research_loop | Research progress stage=event_dataset_ready details={'event_count': 1099, 'survivor_count': 1}
2026-03-20 16:42:14,210 | INFO | binance_quant.orchestration.research_loop | Research progress stage=model_evaluation_started details={'feature_count': 44, 'event_count': 1099}
2026-03-20 16:42:14,211 | INFO | binance_quant.ml.modeling | Evaluating model=logistic_regression calibration=platt across 2 folds
2026-03-20 16:42:14,226 | INFO | binance_quant.ml.modeling | Skipping fold=0 for model=logistic_regression calibration=platt because no threshold met acceptance constraints
2026-03-20 16:42:14,239 | INFO | binance_quant.ml.modeling | Skipping fold=1 for model=logistic_regression calibration=platt because no threshold met acceptance constraints
2026-03-20 16:42:14,240 | INFO | binance_quant.ml.modeling | Evaluating model=logistic_regression calibration=isotonic across 2 folds
2026-03-20 16:42:14,253 | INFO | binance_quant.ml.modeling | Skipping fold=0 for model=logistic_regression calibration=isotonic because no threshold met acceptance constraints
2026-03-20 16:42:14,267 | INFO | binance_quant.ml.modeling | Skipping fold=1 for model=logistic_regression calibration=isotonic because no threshold met acceptance constraints
2026-03-20 16:42:14,267 | INFO | binance_quant.ml.modeling | Evaluating model=random_forest calibration=platt across 2 folds
2026-03-20 16:42:14,701 | INFO | binance_quant.ml.modeling | Skipping fold=0 for model=random_forest calibration=platt because no threshold met acceptance constraints
2026-03-20 16:42:15,175 | INFO | binance_quant.ml.modeling | Completed fold=1 for model=random_forest calibration=platt threshold=0.450 acceptance=0.104 precision=0.765 expectancy=0.01287 trades=17
2026-03-20 16:42:15,214 | INFO | binance_quant.ml.modeling | Finished model=random_forest calibration=platt folds=1 precision=0.765 expectancy=0.01287 trades=17
2026-03-20 16:42:15,214 | INFO | binance_quant.ml.modeling | Evaluating model=random_forest calibration=isotonic across 2 folds
2026-03-20 16:42:15,671 | INFO | binance_quant.ml.modeling | Completed fold=0 for model=random_forest calibration=isotonic threshold=0.700 acceptance=0.189 precision=0.710 expectancy=0.01480 trades=31
2026-03-20 16:42:16,176 | INFO | binance_quant.ml.modeling | Completed fold=1 for model=random_forest calibration=isotonic threshold=0.450 acceptance=0.220 precision=0.722 expectancy=0.01779 trades=36
2026-03-20 16:42:16,223 | INFO | binance_quant.ml.modeling | Finished model=random_forest calibration=isotonic folds=2 precision=0.716 expectancy=0.01630 trades=67
2026-03-20 16:42:16,223 | INFO | binance_quant.ml.modeling | Evaluating model=xgboost calibration=platt across 2 folds
2026-03-20 16:42:16,413 | INFO | binance_quant.ml.modeling | Completed fold=0 for model=xgboost calibration=platt threshold=0.450 acceptance=0.128 precision=0.762 expectancy=0.01557 trades=21
2026-03-20 16:42:16,593 | INFO | binance_quant.ml.modeling | Completed fold=1 for model=xgboost calibration=platt threshold=0.500 acceptance=0.140 precision=0.783 expectancy=0.02217 trades=23
2026-03-20 16:42:16,608 | INFO | binance_quant.ml.modeling | Finished model=xgboost calibration=platt folds=2 precision=0.772 expectancy=0.01887 trades=44
2026-03-20 16:42:16,608 | INFO | binance_quant.ml.modeling | Evaluating model=xgboost calibration=isotonic across 2 folds
2026-03-20 16:42:16,791 | INFO | binance_quant.ml.modeling | Skipping fold=0 for model=xgboost calibration=isotonic because no threshold met acceptance constraints
2026-03-20 16:42:16,983 | INFO | binance_quant.ml.modeling | Completed fold=1 for model=xgboost calibration=isotonic threshold=0.550 acceptance=0.140 precision=0.783 expectancy=0.02217 trades=23
2026-03-20 16:42:16,985 | INFO | binance_quant.ml.modeling | Finished model=xgboost calibration=isotonic folds=1 precision=0.783 expectancy=0.02217 trades=23
2026-03-20 16:42:17,103 | INFO | binance_quant.orchestration.research_loop | Research progress stage=completed details={'status': 'needs_iteration', 'trade_count': 23.0, 'portfolio_expectancy': 0.022167169443353864}
2026-03-20 16:43:17,145 | INFO | binance_quant.orchestration.research_loop | Research progress stage=starting details={'hypothesis': 'Continuous loop iteration 142: diversified_candidates'}
2026-03-20 16:43:17,149 | INFO | binance_quant.orchestration.research_loop | Research progress stage=parity_passed details={'parity_checks': 1}
2026-03-20 16:43:17,522 | INFO | binance_quant.exchange.universe | Universe discovery found 10 eligible symbols
2026-03-20 16:43:17,538 | INFO | binance_quant.orchestration.research_loop | Research progress stage=universe_ready details={'symbol_count': 10, 'symbols': ['BTCUSDT', 'ETHUSDT', 'SOLUSDT', 'XRPUSDT', 'PAXGUSDT', 'TAOUSDT', 'LYNUSDT', 'HYPEUSDT', 'DOGEUSDT', 'ZECUSDT']}
2026-03-20 16:43:17,648 | INFO | binance_quant.orchestration.research_loop | Research progress stage=ingesting_market_data details={'completed_symbols': 1, 'total_symbols': 10, 'current_symbol': 'BTCUSDT'}
2026-03-20 16:43:17,753 | INFO | binance_quant.orchestration.research_loop | Research progress stage=ingesting_market_data details={'completed_symbols': 2, 'total_symbols': 10, 'current_symbol': 'ETHUSDT'}
2026-03-20 16:43:17,855 | INFO | binance_quant.orchestration.research_loop | Research progress stage=ingesting_market_data details={'completed_symbols': 3, 'total_symbols': 10, 'current_symbol': 'SOLUSDT'}
2026-03-20 16:43:17,959 | INFO | binance_quant.orchestration.research_loop | Research progress stage=ingesting_market_data details={'completed_symbols': 4, 'total_symbols': 10, 'current_symbol': 'XRPUSDT'}
2026-03-20 16:43:18,064 | INFO | binance_quant.orchestration.research_loop | Research progress stage=ingesting_market_data details={'completed_symbols': 5, 'total_symbols': 10, 'current_symbol': 'PAXGUSDT'}
2026-03-20 16:43:18,171 | INFO | binance_quant.orchestration.research_loop | Research progress stage=ingesting_market_data details={'completed_symbols': 6, 'total_symbols': 10, 'current_symbol': 'TAOUSDT'}
2026-03-20 16:43:18,273 | INFO | binance_quant.orchestration.research_loop | Research progress stage=ingesting_market_data details={'completed_symbols': 7, 'total_symbols': 10, 'current_symbol': 'LYNUSDT'}
2026-03-20 16:43:18,379 | INFO | binance_quant.orchestration.research_loop | Research progress stage=ingesting_market_data details={'completed_symbols': 8, 'total_symbols': 10, 'current_symbol': 'HYPEUSDT'}
2026-03-20 16:43:18,474 | INFO | binance_quant.orchestration.research_loop | Research progress stage=ingesting_market_data details={'completed_symbols': 9, 'total_symbols': 10, 'current_symbol': 'DOGEUSDT'}
2026-03-20 16:43:18,575 | INFO | binance_quant.orchestration.research_loop | Research progress stage=ingesting_market_data details={'completed_symbols': 10, 'total_symbols': 10, 'current_symbol': 'ZECUSDT'}
2026-03-20 16:43:18,575 | INFO | binance_quant.orchestration.research_loop | Research progress stage=pre_screen_started details={'template_count': 5}
2026-03-20 17:15:42,592 | INFO | binance_quant.orchestration.research_loop | Research progress stage=pre_screen_family_complete details={'completed_templates': 1, 'total_templates': 5, 'family': 'trend_ema', 'family_variant_count': 81, 'survivors_so_far': 5}
2026-03-20 17:18:54,464 | INFO | binance_quant.orchestration.research_loop | Research progress stage=pre_screen_family_complete details={'completed_templates': 2, 'total_templates': 5, 'family': 'trend_pullback', 'family_variant_count': 8, 'survivors_so_far': 5}
2026-03-20 17:29:46,653 | INFO | binance_quant.orchestration.research_loop | Research progress stage=pre_screen_family_complete details={'completed_templates': 3, 'total_templates': 5, 'family': 'breakout', 'family_variant_count': 27, 'survivors_so_far': 5}
2026-03-20 17:33:00,174 | INFO | binance_quant.orchestration.research_loop | Research progress stage=pre_screen_family_complete details={'completed_templates': 4, 'total_templates': 5, 'family': 'vol_squeeze', 'family_variant_count': 8, 'survivors_so_far': 5}
2026-03-20 17:36:14,396 | INFO | binance_quant.orchestration.research_loop | Research progress stage=pre_screen_family_complete details={'completed_templates': 5, 'total_templates': 5, 'family': 'mean_reversion', 'family_variant_count': 8, 'survivors_so_far': 5}
2026-03-20 17:36:14,988 | INFO | binance_quant.orchestration.research_loop | Research progress stage=event_dataset_ready details={'event_count': 1607, 'survivor_count': 5}
2026-03-20 17:36:15,042 | INFO | binance_quant.orchestration.research_loop | Research progress stage=model_evaluation_started details={'feature_count': 42, 'event_count': 1607}
2026-03-20 17:36:15,043 | INFO | binance_quant.ml.modeling | Evaluating model=logistic_regression calibration=platt across 2 folds
2026-03-20 17:36:15,064 | INFO | binance_quant.ml.modeling | Completed fold=0 for model=logistic_regression calibration=platt threshold=0.500 acceptance=0.212 precision=0.627 expectancy=0.00514 trades=51
2026-03-20 17:36:15,084 | INFO | binance_quant.ml.modeling | Completed fold=1 for model=logistic_regression calibration=platt threshold=0.500 acceptance=0.228 precision=0.709 expectancy=0.00784 trades=55
2026-03-20 17:36:15,085 | INFO | binance_quant.ml.modeling | Finished model=logistic_regression calibration=platt folds=2 precision=0.668 expectancy=0.00649 trades=106
2026-03-20 17:36:15,086 | INFO | binance_quant.ml.modeling | Evaluating model=logistic_regression calibration=isotonic across 2 folds
2026-03-20 17:36:15,106 | INFO | binance_quant.ml.modeling | Completed fold=0 for model=logistic_regression calibration=isotonic threshold=0.600 acceptance=0.249 precision=0.600 expectancy=0.00443 trades=60
2026-03-20 17:36:15,124 | INFO | binance_quant.ml.modeling | Completed fold=1 for model=logistic_regression calibration=isotonic threshold=0.450 acceptance=0.307 precision=0.676 expectancy=0.00661 trades=74
2026-03-20 17:36:15,125 | INFO | binance_quant.ml.modeling | Finished model=logistic_regression calibration=isotonic folds=2 precision=0.638 expectancy=0.00552 trades=134
2026-03-20 17:36:15,127 | INFO | binance_quant.ml.modeling | Evaluating model=random_forest calibration=platt across 2 folds
2026-03-20 17:36:15,672 | INFO | binance_quant.ml.modeling | Completed fold=0 for model=random_forest calibration=platt threshold=0.500 acceptance=0.137 precision=0.727 expectancy=0.00560 trades=33
2026-03-20 17:36:16,278 | INFO | binance_quant.ml.modeling | Completed fold=1 for model=random_forest calibration=platt threshold=0.450 acceptance=0.183 precision=0.705 expectancy=0.00667 trades=44
2026-03-20 17:36:16,318 | INFO | binance_quant.ml.modeling | Finished model=random_forest calibration=platt folds=2 precision=0.716 expectancy=0.00614 trades=77
2026-03-20 17:36:16,319 | INFO | binance_quant.ml.modeling | Evaluating model=random_forest calibration=isotonic across 2 folds
2026-03-20 17:36:16,860 | INFO | binance_quant.ml.modeling | Completed fold=0 for model=random_forest calibration=isotonic threshold=0.600 acceptance=0.237 precision=0.649 expectancy=0.00421 trades=57
2026-03-20 17:36:17,464 | INFO | binance_quant.ml.modeling | Completed fold=1 for model=random_forest calibration=isotonic threshold=0.500 acceptance=0.378 precision=0.604 expectancy=0.00500 trades=91
2026-03-20 17:36:17,502 | INFO | binance_quant.ml.modeling | Finished model=random_forest calibration=isotonic folds=2 precision=0.627 expectancy=0.00461 trades=148
2026-03-20 17:36:17,503 | INFO | binance_quant.ml.modeling | Evaluating model=xgboost calibration=platt across 2 folds
2026-03-20 17:36:17,699 | INFO | binance_quant.ml.modeling | Completed fold=0 for model=xgboost calibration=platt threshold=0.450 acceptance=0.282 precision=0.588 expectancy=0.00262 trades=68
2026-03-20 17:36:17,897 | INFO | binance_quant.ml.modeling | Completed fold=1 for model=xgboost calibration=platt threshold=0.450 acceptance=0.307 precision=0.581 expectancy=0.00295 trades=74
2026-03-20 17:36:17,900 | INFO | binance_quant.ml.modeling | Finished model=xgboost calibration=platt folds=2 precision=0.585 expectancy=0.00278 trades=142
2026-03-20 17:36:17,901 | INFO | binance_quant.ml.modeling | Evaluating model=xgboost calibration=isotonic across 2 folds
2026-03-20 17:36:18,094 | INFO | binance_quant.ml.modeling | Completed fold=0 for model=xgboost calibration=isotonic threshold=0.500 acceptance=0.129 precision=0.645 expectancy=0.00371 trades=31
2026-03-20 17:36:18,292 | INFO | binance_quant.ml.modeling | Completed fold=1 for model=xgboost calibration=isotonic threshold=0.500 acceptance=0.432 precision=0.548 expectancy=0.00260 trades=104
2026-03-20 17:36:18,295 | INFO | binance_quant.ml.modeling | Finished model=xgboost calibration=isotonic folds=2 precision=0.597 expectancy=0.00315 trades=135
2026-03-20 17:36:18,448 | INFO | binance_quant.orchestration.research_loop | Research progress stage=completed details={'status': 'needs_iteration', 'trade_count': 38.0, 'portfolio_expectancy': 0.008076022061788623}
2026-03-20 17:37:18,479 | INFO | binance_quant.orchestration.research_loop | Research progress stage=starting details={'hypothesis': 'Continuous loop iteration 143: stricter_costs'}
2026-03-20 17:37:18,497 | INFO | binance_quant.orchestration.research_loop | Research progress stage=parity_passed details={'parity_checks': 1}
2026-03-20 17:37:18,828 | INFO | binance_quant.exchange.universe | Universe discovery found 8 eligible symbols
2026-03-20 17:37:18,846 | INFO | binance_quant.orchestration.research_loop | Research progress stage=universe_ready details={'symbol_count': 8, 'symbols': ['BTCUSDT', 'ETHUSDT', 'SOLUSDT', 'XRPUSDT', 'TAOUSDT', 'PAXGUSDT', 'LYNUSDT', 'HYPEUSDT']}
2026-03-20 17:37:18,960 | INFO | binance_quant.orchestration.research_loop | Research progress stage=ingesting_market_data details={'completed_symbols': 1, 'total_symbols': 8, 'current_symbol': 'BTCUSDT'}
2026-03-20 17:37:19,068 | INFO | binance_quant.orchestration.research_loop | Research progress stage=ingesting_market_data details={'completed_symbols': 2, 'total_symbols': 8, 'current_symbol': 'ETHUSDT'}
2026-03-20 17:37:19,170 | INFO | binance_quant.orchestration.research_loop | Research progress stage=ingesting_market_data details={'completed_symbols': 3, 'total_symbols': 8, 'current_symbol': 'SOLUSDT'}
2026-03-20 17:37:19,273 | INFO | binance_quant.orchestration.research_loop | Research progress stage=ingesting_market_data details={'completed_symbols': 4, 'total_symbols': 8, 'current_symbol': 'XRPUSDT'}
2026-03-20 17:37:19,376 | INFO | binance_quant.orchestration.research_loop | Research progress stage=ingesting_market_data details={'completed_symbols': 5, 'total_symbols': 8, 'current_symbol': 'TAOUSDT'}
2026-03-20 17:37:19,479 | INFO | binance_quant.orchestration.research_loop | Research progress stage=ingesting_market_data details={'completed_symbols': 6, 'total_symbols': 8, 'current_symbol': 'PAXGUSDT'}
2026-03-20 17:37:19,581 | INFO | binance_quant.orchestration.research_loop | Research progress stage=ingesting_market_data details={'completed_symbols': 7, 'total_symbols': 8, 'current_symbol': 'LYNUSDT'}
2026-03-20 17:37:19,686 | INFO | binance_quant.orchestration.research_loop | Research progress stage=ingesting_market_data details={'completed_symbols': 8, 'total_symbols': 8, 'current_symbol': 'HYPEUSDT'}
2026-03-20 17:37:19,688 | INFO | binance_quant.orchestration.research_loop | Research progress stage=pre_screen_started details={'template_count': 5}
2026-03-20 18:03:17,120 | INFO | binance_quant.orchestration.research_loop | Research progress stage=pre_screen_family_complete details={'completed_templates': 1, 'total_templates': 5, 'family': 'trend_ema', 'family_variant_count': 81, 'survivors_so_far': 0}
2026-03-20 18:05:51,614 | INFO | binance_quant.orchestration.research_loop | Research progress stage=pre_screen_family_complete details={'completed_templates': 2, 'total_templates': 5, 'family': 'trend_pullback', 'family_variant_count': 8, 'survivors_so_far': 0}
2026-03-20 18:14:31,431 | INFO | binance_quant.orchestration.research_loop | Research progress stage=pre_screen_family_complete details={'completed_templates': 3, 'total_templates': 5, 'family': 'breakout', 'family_variant_count': 27, 'survivors_so_far': 0}
2026-03-20 18:17:05,532 | INFO | binance_quant.orchestration.research_loop | Research progress stage=pre_screen_family_complete details={'completed_templates': 4, 'total_templates': 5, 'family': 'vol_squeeze', 'family_variant_count': 8, 'survivors_so_far': 0}
2026-03-20 18:19:40,104 | INFO | binance_quant.orchestration.research_loop | Research progress stage=pre_screen_family_complete details={'completed_templates': 5, 'total_templates': 5, 'family': 'mean_reversion', 'family_variant_count': 8, 'survivors_so_far': 0}
2026-03-20 18:19:40,383 | INFO | binance_quant.orchestration.research_loop | Research progress stage=event_dataset_ready details={'event_count': 738, 'survivor_count': 1}
2026-03-20 18:19:40,428 | INFO | binance_quant.orchestration.research_loop | Research progress stage=model_evaluation_started details={'feature_count': 40, 'event_count': 738}
2026-03-20 18:19:40,429 | INFO | binance_quant.ml.modeling | Evaluating model=logistic_regression calibration=platt across 2 folds
2026-03-20 18:19:40,436 | INFO | binance_quant.ml.modeling | Completed fold=0 for model=logistic_regression calibration=platt threshold=0.450 acceptance=0.136 precision=0.667 expectancy=0.00525 trades=15
2026-03-20 18:19:40,453 | INFO | binance_quant.ml.modeling | Completed fold=1 for model=logistic_regression calibration=platt threshold=0.450 acceptance=0.245 precision=0.667 expectancy=0.01434 trades=27
2026-03-20 18:19:40,453 | INFO | binance_quant.ml.modeling | Finished model=logistic_regression calibration=platt folds=2 precision=0.667 expectancy=0.00980 trades=42
2026-03-20 18:19:40,453 | INFO | binance_quant.ml.modeling | Evaluating model=logistic_regression calibration=isotonic across 2 folds
2026-03-20 18:19:40,469 | INFO | binance_quant.ml.modeling | Completed fold=0 for model=logistic_regression calibration=isotonic threshold=0.550 acceptance=0.273 precision=0.567 expectancy=0.00278 trades=30
2026-03-20 18:19:40,500 | INFO | binance_quant.ml.modeling | Completed fold=1 for model=logistic_regression calibration=isotonic threshold=0.450 acceptance=0.373 precision=0.683 expectancy=0.01122 trades=41
2026-03-20 18:19:40,502 | INFO | binance_quant.ml.modeling | Finished model=logistic_regression calibration=isotonic folds=2 precision=0.625 expectancy=0.00700 trades=71
2026-03-20 18:19:40,502 | INFO | binance_quant.ml.modeling | Evaluating model=random_forest calibration=platt across 2 folds
2026-03-20 18:19:40,910 | INFO | binance_quant.ml.modeling | Completed fold=0 for model=random_forest calibration=platt threshold=0.450 acceptance=0.264 precision=0.655 expectancy=0.00321 trades=29
2026-03-20 18:19:41,366 | INFO | binance_quant.ml.modeling | Completed fold=1 for model=random_forest calibration=platt threshold=0.450 acceptance=0.100 precision=1.000 expectancy=0.03629 trades=11
2026-03-20 18:19:41,405 | INFO | binance_quant.ml.modeling | Finished model=random_forest calibration=platt folds=2 precision=0.828 expectancy=0.01975 trades=40
2026-03-20 18:19:41,407 | INFO | binance_quant.ml.modeling | Evaluating model=random_forest calibration=isotonic across 2 folds
2026-03-20 18:19:41,815 | INFO | binance_quant.ml.modeling | Completed fold=0 for model=random_forest calibration=isotonic threshold=0.550 acceptance=0.345 precision=0.605 expectancy=0.00252 trades=38
2026-03-20 18:19:42,271 | INFO | binance_quant.ml.modeling | Completed fold=1 for model=random_forest calibration=isotonic threshold=0.450 acceptance=0.636 precision=0.543 expectancy=0.00625 trades=70
2026-03-20 18:19:42,311 | INFO | binance_quant.ml.modeling | Finished model=random_forest calibration=isotonic folds=2 precision=0.574 expectancy=0.00439 trades=108
2026-03-20 18:19:42,312 | INFO | binance_quant.ml.modeling | Evaluating model=xgboost calibration=platt across 2 folds
2026-03-20 18:19:42,481 | INFO | binance_quant.ml.modeling | Completed fold=0 for model=xgboost calibration=platt threshold=0.450 acceptance=0.273 precision=0.567 expectancy=0.00099 trades=30
2026-03-20 18:19:42,654 | INFO | binance_quant.ml.modeling | Completed fold=1 for model=xgboost calibration=platt threshold=0.450 acceptance=0.236 precision=0.692 expectancy=0.01442 trades=26
2026-03-20 18:19:42,657 | INFO | binance_quant.ml.modeling | Finished model=xgboost calibration=platt folds=2 precision=0.629 expectancy=0.00770 trades=56
2026-03-20 18:19:42,657 | INFO | binance_quant.ml.modeling | Evaluating model=xgboost calibration=isotonic across 2 folds
2026-03-20 18:19:42,825 | INFO | binance_quant.ml.modeling | Completed fold=0 for model=xgboost calibration=isotonic threshold=0.550 acceptance=0.136 precision=0.733 expectancy=0.00292 trades=15
2026-03-20 18:19:42,986 | INFO | binance_quant.ml.modeling | Completed fold=1 for model=xgboost calibration=isotonic threshold=0.450 acceptance=0.182 precision=0.700 expectancy=0.01738 trades=20
2026-03-20 18:19:43,001 | INFO | binance_quant.ml.modeling | Finished model=xgboost calibration=isotonic folds=2 precision=0.717 expectancy=0.01015 trades=35
2026-03-20 18:19:43,104 | INFO | binance_quant.orchestration.research_loop | Research progress stage=completed details={'status': 'needs_iteration', 'trade_count': 33.0, 'portfolio_expectancy': 0.012493098918678476}
2026-03-20 18:20:43,139 | INFO | binance_quant.orchestration.research_loop | Research progress stage=starting details={'hypothesis': 'Continuous loop iteration 144: higher_candidate_bar'}
2026-03-20 18:20:43,144 | INFO | binance_quant.orchestration.research_loop | Research progress stage=parity_passed details={'parity_checks': 1}
2026-03-20 18:20:43,621 | INFO | binance_quant.exchange.universe | Universe discovery found 8 eligible symbols
2026-03-20 18:20:43,641 | INFO | binance_quant.orchestration.research_loop | Research progress stage=universe_ready details={'symbol_count': 8, 'symbols': ['BTCUSDT', 'ETHUSDT', 'SOLUSDT', 'XRPUSDT', 'TAOUSDT', 'PAXGUSDT', 'LYNUSDT', 'HYPEUSDT']}
2026-03-20 18:20:43,748 | INFO | binance_quant.orchestration.research_loop | Research progress stage=ingesting_market_data details={'completed_symbols': 1, 'total_symbols': 8, 'current_symbol': 'BTCUSDT'}
2026-03-20 18:20:43,854 | INFO | binance_quant.orchestration.research_loop | Research progress stage=ingesting_market_data details={'completed_symbols': 2, 'total_symbols': 8, 'current_symbol': 'ETHUSDT'}
2026-03-20 18:20:43,957 | INFO | binance_quant.orchestration.research_loop | Research progress stage=ingesting_market_data details={'completed_symbols': 3, 'total_symbols': 8, 'current_symbol': 'SOLUSDT'}
2026-03-20 18:20:44,062 | INFO | binance_quant.orchestration.research_loop | Research progress stage=ingesting_market_data details={'completed_symbols': 4, 'total_symbols': 8, 'current_symbol': 'XRPUSDT'}
2026-03-20 18:20:44,166 | INFO | binance_quant.orchestration.research_loop | Research progress stage=ingesting_market_data details={'completed_symbols': 5, 'total_symbols': 8, 'current_symbol': 'TAOUSDT'}
2026-03-20 18:20:44,268 | INFO | binance_quant.orchestration.research_loop | Research progress stage=ingesting_market_data details={'completed_symbols': 6, 'total_symbols': 8, 'current_symbol': 'PAXGUSDT'}
2026-03-20 18:20:44,371 | INFO | binance_quant.orchestration.research_loop | Research progress stage=ingesting_market_data details={'completed_symbols': 7, 'total_symbols': 8, 'current_symbol': 'LYNUSDT'}
2026-03-20 18:20:44,474 | INFO | binance_quant.orchestration.research_loop | Research progress stage=ingesting_market_data details={'completed_symbols': 8, 'total_symbols': 8, 'current_symbol': 'HYPEUSDT'}
2026-03-20 18:20:44,475 | INFO | binance_quant.orchestration.research_loop | Research progress stage=pre_screen_started details={'template_count': 5}
2026-03-20 18:46:44,172 | INFO | binance_quant.orchestration.research_loop | Research progress stage=pre_screen_family_complete details={'completed_templates': 1, 'total_templates': 5, 'family': 'trend_ema', 'family_variant_count': 81, 'survivors_so_far': 2}
2026-03-20 18:49:18,308 | INFO | binance_quant.orchestration.research_loop | Research progress stage=pre_screen_family_complete details={'completed_templates': 2, 'total_templates': 5, 'family': 'trend_pullback', 'family_variant_count': 8, 'survivors_so_far': 2}
2026-03-20 18:57:59,148 | INFO | binance_quant.orchestration.research_loop | Research progress stage=pre_screen_family_complete details={'completed_templates': 3, 'total_templates': 5, 'family': 'breakout', 'family_variant_count': 27, 'survivors_so_far': 2}
2026-03-20 19:00:33,550 | INFO | binance_quant.orchestration.research_loop | Research progress stage=pre_screen_family_complete details={'completed_templates': 4, 'total_templates': 5, 'family': 'vol_squeeze', 'family_variant_count': 8, 'survivors_so_far': 2}
2026-03-20 19:03:08,619 | INFO | binance_quant.orchestration.research_loop | Research progress stage=pre_screen_family_complete details={'completed_templates': 5, 'total_templates': 5, 'family': 'mean_reversion', 'family_variant_count': 8, 'survivors_so_far': 2}
2026-03-20 19:03:08,900 | INFO | binance_quant.orchestration.research_loop | Research progress stage=event_dataset_ready details={'event_count': 738, 'survivor_count': 2}
2026-03-20 19:03:08,945 | INFO | binance_quant.orchestration.research_loop | Research progress stage=model_evaluation_started details={'feature_count': 40, 'event_count': 738}
2026-03-20 19:03:08,946 | INFO | binance_quant.ml.modeling | Evaluating model=logistic_regression calibration=platt across 2 folds
2026-03-20 19:03:08,963 | INFO | binance_quant.ml.modeling | Completed fold=0 for model=logistic_regression calibration=platt threshold=0.450 acceptance=0.500 precision=0.545 expectancy=0.00238 trades=55
2026-03-20 19:03:08,980 | INFO | binance_quant.ml.modeling | Completed fold=1 for model=logistic_regression calibration=platt threshold=0.450 acceptance=0.318 precision=0.657 expectancy=0.01140 trades=35
2026-03-20 19:03:08,982 | INFO | binance_quant.ml.modeling | Finished model=logistic_regression calibration=platt folds=2 precision=0.601 expectancy=0.00689 trades=90
2026-03-20 19:03:08,983 | INFO | binance_quant.ml.modeling | Evaluating model=logistic_regression calibration=isotonic across 2 folds
2026-03-20 19:03:08,998 | INFO | binance_quant.ml.modeling | Completed fold=0 for model=logistic_regression calibration=isotonic threshold=0.600 acceptance=0.245 precision=0.630 expectancy=0.00449 trades=27
2026-03-20 19:03:09,015 | INFO | binance_quant.ml.modeling | Completed fold=1 for model=logistic_regression calibration=isotonic threshold=0.450 acceptance=0.582 precision=0.562 expectancy=0.00587 trades=64
2026-03-20 19:03:09,017 | INFO | binance_quant.ml.modeling | Finished model=logistic_regression calibration=isotonic folds=2 precision=0.596 expectancy=0.00518 trades=91
2026-03-20 19:03:09,017 | INFO | binance_quant.ml.modeling | Evaluating model=random_forest calibration=platt across 2 folds
2026-03-20 19:03:09,425 | INFO | binance_quant.ml.modeling | Completed fold=0 for model=random_forest calibration=platt threshold=0.450 acceptance=0.518 precision=0.526 expectancy=0.00099 trades=57
2026-03-20 19:03:09,883 | INFO | binance_quant.ml.modeling | Completed fold=1 for model=random_forest calibration=platt threshold=0.450 acceptance=0.182 precision=0.750 expectancy=0.01947 trades=20
2026-03-20 19:03:09,921 | INFO | binance_quant.ml.modeling | Finished model=random_forest calibration=platt folds=2 precision=0.638 expectancy=0.01023 trades=77
2026-03-20 19:03:09,921 | INFO | binance_quant.ml.modeling | Evaluating model=random_forest calibration=isotonic across 2 folds
2026-03-20 19:03:10,328 | INFO | binance_quant.ml.modeling | Completed fold=0 for model=random_forest calibration=isotonic threshold=0.500 acceptance=0.345 precision=0.605 expectancy=0.00262 trades=38
2026-03-20 19:03:10,785 | INFO | binance_quant.ml.modeling | Completed fold=1 for model=random_forest calibration=isotonic threshold=0.550 acceptance=0.373 precision=0.659 expectancy=0.01301 trades=41
2026-03-20 19:03:10,826 | INFO | binance_quant.ml.modeling | Finished model=random_forest calibration=isotonic folds=2 precision=0.632 expectancy=0.00781 trades=79
2026-03-20 19:03:10,826 | INFO | binance_quant.ml.modeling | Evaluating model=xgboost calibration=platt across 2 folds
2026-03-20 19:03:10,991 | INFO | binance_quant.ml.modeling | Completed fold=0 for model=xgboost calibration=platt threshold=0.500 acceptance=0.164 precision=0.722 expectancy=0.00395 trades=18
2026-03-20 19:03:11,159 | INFO | binance_quant.ml.modeling | Completed fold=1 for model=xgboost calibration=platt threshold=0.450 acceptance=0.273 precision=0.633 expectancy=0.01204 trades=30
2026-03-20 19:03:11,159 | INFO | binance_quant.ml.modeling | Finished model=xgboost calibration=platt folds=2 precision=0.678 expectancy=0.00799 trades=48
2026-03-20 19:03:11,159 | INFO | binance_quant.ml.modeling | Evaluating model=xgboost calibration=isotonic across 2 folds
2026-03-20 19:03:11,338 | INFO | binance_quant.ml.modeling | Completed fold=0 for model=xgboost calibration=isotonic threshold=0.700 acceptance=0.164 precision=0.722 expectancy=0.00395 trades=18
2026-03-20 19:03:11,510 | INFO | binance_quant.ml.modeling | Completed fold=1 for model=xgboost calibration=isotonic threshold=0.450 acceptance=0.182 precision=0.700 expectancy=0.01858 trades=20
2026-03-20 19:03:11,512 | INFO | binance_quant.ml.modeling | Finished model=xgboost calibration=isotonic folds=2 precision=0.711 expectancy=0.01126 trades=38
2026-03-20 19:03:11,613 | INFO | binance_quant.orchestration.research_loop | Research progress stage=completed details={'status': 'needs_iteration', 'trade_count': 28.0, 'portfolio_expectancy': 0.014022447425478651}
2026-03-20 19:04:11,652 | INFO | binance_quant.orchestration.research_loop | Research progress stage=starting details={'hypothesis': 'Continuous loop iteration 145: base'}
2026-03-20 19:04:11,657 | INFO | binance_quant.orchestration.research_loop | Research progress stage=parity_passed details={'parity_checks': 1}
2026-03-20 19:04:12,032 | INFO | binance_quant.exchange.universe | Universe discovery found 8 eligible symbols
2026-03-20 19:04:12,049 | INFO | binance_quant.orchestration.research_loop | Research progress stage=universe_ready details={'symbol_count': 8, 'symbols': ['BTCUSDT', 'ETHUSDT', 'SOLUSDT', 'XRPUSDT', 'TAOUSDT', 'PAXGUSDT', 'LYNUSDT', 'HYPEUSDT']}
2026-03-20 19:04:12,155 | INFO | binance_quant.orchestration.research_loop | Research progress stage=ingesting_market_data details={'completed_symbols': 1, 'total_symbols': 8, 'current_symbol': 'BTCUSDT'}
2026-03-20 19:04:12,259 | INFO | binance_quant.orchestration.research_loop | Research progress stage=ingesting_market_data details={'completed_symbols': 2, 'total_symbols': 8, 'current_symbol': 'ETHUSDT'}
2026-03-20 19:04:12,363 | INFO | binance_quant.orchestration.research_loop | Research progress stage=ingesting_market_data details={'completed_symbols': 3, 'total_symbols': 8, 'current_symbol': 'SOLUSDT'}
2026-03-20 19:04:12,466 | INFO | binance_quant.orchestration.research_loop | Research progress stage=ingesting_market_data details={'completed_symbols': 4, 'total_symbols': 8, 'current_symbol': 'XRPUSDT'}
2026-03-20 19:04:12,571 | INFO | binance_quant.orchestration.research_loop | Research progress stage=ingesting_market_data details={'completed_symbols': 5, 'total_symbols': 8, 'current_symbol': 'TAOUSDT'}
2026-03-20 19:04:12,678 | INFO | binance_quant.orchestration.research_loop | Research progress stage=ingesting_market_data details={'completed_symbols': 6, 'total_symbols': 8, 'current_symbol': 'PAXGUSDT'}
2026-03-20 19:04:12,773 | INFO | binance_quant.orchestration.research_loop | Research progress stage=ingesting_market_data details={'completed_symbols': 7, 'total_symbols': 8, 'current_symbol': 'LYNUSDT'}
2026-03-20 19:04:12,884 | INFO | binance_quant.orchestration.research_loop | Research progress stage=ingesting_market_data details={'completed_symbols': 8, 'total_symbols': 8, 'current_symbol': 'HYPEUSDT'}
2026-03-20 19:04:12,885 | INFO | binance_quant.orchestration.research_loop | Research progress stage=pre_screen_started details={'template_count': 5}
2026-03-20 19:30:14,300 | INFO | binance_quant.orchestration.research_loop | Research progress stage=pre_screen_family_complete details={'completed_templates': 1, 'total_templates': 5, 'family': 'trend_ema', 'family_variant_count': 81, 'survivors_so_far': 2}
2026-03-20 19:32:48,663 | INFO | binance_quant.orchestration.research_loop | Research progress stage=pre_screen_family_complete details={'completed_templates': 2, 'total_templates': 5, 'family': 'trend_pullback', 'family_variant_count': 8, 'survivors_so_far': 2}
2026-03-20 19:41:31,357 | INFO | binance_quant.orchestration.research_loop | Research progress stage=pre_screen_family_complete details={'completed_templates': 3, 'total_templates': 5, 'family': 'breakout', 'family_variant_count': 27, 'survivors_so_far': 2}
2026-03-20 19:44:06,268 | INFO | binance_quant.orchestration.research_loop | Research progress stage=pre_screen_family_complete details={'completed_templates': 4, 'total_templates': 5, 'family': 'vol_squeeze', 'family_variant_count': 8, 'survivors_so_far': 2}
2026-03-20 19:46:41,664 | INFO | binance_quant.orchestration.research_loop | Research progress stage=pre_screen_family_complete details={'completed_templates': 5, 'total_templates': 5, 'family': 'mean_reversion', 'family_variant_count': 8, 'survivors_so_far': 2}
2026-03-20 19:46:41,946 | INFO | binance_quant.orchestration.research_loop | Research progress stage=event_dataset_ready details={'event_count': 738, 'survivor_count': 2}
2026-03-20 19:46:41,991 | INFO | binance_quant.orchestration.research_loop | Research progress stage=model_evaluation_started details={'feature_count': 40, 'event_count': 738}
2026-03-20 19:46:41,992 | INFO | binance_quant.ml.modeling | Evaluating model=logistic_regression calibration=platt across 2 folds
2026-03-20 19:46:42,009 | INFO | binance_quant.ml.modeling | Completed fold=0 for model=logistic_regression calibration=platt threshold=0.450 acceptance=0.500 precision=0.545 expectancy=0.00238 trades=55
2026-03-20 19:46:42,028 | INFO | binance_quant.ml.modeling | Completed fold=1 for model=logistic_regression calibration=platt threshold=0.450 acceptance=0.318 precision=0.657 expectancy=0.01140 trades=35
2026-03-20 19:46:42,029 | INFO | binance_quant.ml.modeling | Finished model=logistic_regression calibration=platt folds=2 precision=0.601 expectancy=0.00689 trades=90
2026-03-20 19:46:42,029 | INFO | binance_quant.ml.modeling | Evaluating model=logistic_regression calibration=isotonic across 2 folds
2026-03-20 19:46:42,046 | INFO | binance_quant.ml.modeling | Completed fold=0 for model=logistic_regression calibration=isotonic threshold=0.600 acceptance=0.245 precision=0.630 expectancy=0.00449 trades=27
2026-03-20 19:46:42,063 | INFO | binance_quant.ml.modeling | Completed fold=1 for model=logistic_regression calibration=isotonic threshold=0.450 acceptance=0.582 precision=0.562 expectancy=0.00587 trades=64
2026-03-20 19:46:42,065 | INFO | binance_quant.ml.modeling | Finished model=logistic_regression calibration=isotonic folds=2 precision=0.596 expectancy=0.00518 trades=91
2026-03-20 19:46:42,065 | INFO | binance_quant.ml.modeling | Evaluating model=random_forest calibration=platt across 2 folds
2026-03-20 19:46:42,474 | INFO | binance_quant.ml.modeling | Completed fold=0 for model=random_forest calibration=platt threshold=0.450 acceptance=0.518 precision=0.526 expectancy=0.00099 trades=57
2026-03-20 19:46:42,932 | INFO | binance_quant.ml.modeling | Completed fold=1 for model=random_forest calibration=platt threshold=0.450 acceptance=0.182 precision=0.750 expectancy=0.01947 trades=20
2026-03-20 19:46:42,974 | INFO | binance_quant.ml.modeling | Finished model=random_forest calibration=platt folds=2 precision=0.638 expectancy=0.01023 trades=77
2026-03-20 19:46:42,975 | INFO | binance_quant.ml.modeling | Evaluating model=random_forest calibration=isotonic across 2 folds
2026-03-20 19:46:43,383 | INFO | binance_quant.ml.modeling | Completed fold=0 for model=random_forest calibration=isotonic threshold=0.500 acceptance=0.345 precision=0.605 expectancy=0.00262 trades=38
2026-03-20 19:46:43,842 | INFO | binance_quant.ml.modeling | Completed fold=1 for model=random_forest calibration=isotonic threshold=0.550 acceptance=0.373 precision=0.659 expectancy=0.01301 trades=41
2026-03-20 19:46:43,879 | INFO | binance_quant.ml.modeling | Finished model=random_forest calibration=isotonic folds=2 precision=0.632 expectancy=0.00781 trades=79
2026-03-20 19:46:43,880 | INFO | binance_quant.ml.modeling | Evaluating model=xgboost calibration=platt across 2 folds
2026-03-20 19:46:44,050 | INFO | binance_quant.ml.modeling | Completed fold=0 for model=xgboost calibration=platt threshold=0.500 acceptance=0.164 precision=0.722 expectancy=0.00395 trades=18
2026-03-20 19:46:44,222 | INFO | binance_quant.ml.modeling | Completed fold=1 for model=xgboost calibration=platt threshold=0.450 acceptance=0.273 precision=0.633 expectancy=0.01204 trades=30
2026-03-20 19:46:44,224 | INFO | binance_quant.ml.modeling | Finished model=xgboost calibration=platt folds=2 precision=0.678 expectancy=0.00799 trades=48
2026-03-20 19:46:44,225 | INFO | binance_quant.ml.modeling | Evaluating model=xgboost calibration=isotonic across 2 folds
2026-03-20 19:46:44,392 | INFO | binance_quant.ml.modeling | Completed fold=0 for model=xgboost calibration=isotonic threshold=0.700 acceptance=0.164 precision=0.722 expectancy=0.00395 trades=18
2026-03-20 19:46:44,564 | INFO | binance_quant.ml.modeling | Completed fold=1 for model=xgboost calibration=isotonic threshold=0.450 acceptance=0.182 precision=0.700 expectancy=0.01858 trades=20
2026-03-20 19:46:44,566 | INFO | binance_quant.ml.modeling | Finished model=xgboost calibration=isotonic folds=2 precision=0.711 expectancy=0.01126 trades=38
2026-03-20 19:46:44,665 | INFO | binance_quant.orchestration.research_loop | Research progress stage=completed details={'status': 'needs_iteration', 'trade_count': 28.0, 'portfolio_expectancy': 0.014022447425478651}
2026-03-20 19:47:44,704 | INFO | binance_quant.orchestration.research_loop | Research progress stage=starting details={'hypothesis': 'Continuous loop iteration 146: broader_trend_grid'}
2026-03-20 19:47:44,709 | INFO | binance_quant.orchestration.research_loop | Research progress stage=parity_passed details={'parity_checks': 1}
2026-03-20 19:47:45,070 | INFO | binance_quant.exchange.universe | Universe discovery found 8 eligible symbols
2026-03-20 19:47:45,080 | INFO | binance_quant.orchestration.research_loop | Research progress stage=universe_ready details={'symbol_count': 8, 'symbols': ['BTCUSDT', 'ETHUSDT', 'SOLUSDT', 'XRPUSDT', 'TAOUSDT', 'LYNUSDT', 'PAXGUSDT', 'HYPEUSDT']}
2026-03-20 19:47:45,194 | INFO | binance_quant.orchestration.research_loop | Research progress stage=ingesting_market_data details={'completed_symbols': 1, 'total_symbols': 8, 'current_symbol': 'BTCUSDT'}
2026-03-20 19:47:45,296 | INFO | binance_quant.orchestration.research_loop | Research progress stage=ingesting_market_data details={'completed_symbols': 2, 'total_symbols': 8, 'current_symbol': 'ETHUSDT'}
2026-03-20 19:47:45,399 | INFO | binance_quant.orchestration.research_loop | Research progress stage=ingesting_market_data details={'completed_symbols': 3, 'total_symbols': 8, 'current_symbol': 'SOLUSDT'}
2026-03-20 19:47:45,499 | INFO | binance_quant.orchestration.research_loop | Research progress stage=ingesting_market_data details={'completed_symbols': 4, 'total_symbols': 8, 'current_symbol': 'XRPUSDT'}
2026-03-20 19:47:45,600 | INFO | binance_quant.orchestration.research_loop | Research progress stage=ingesting_market_data details={'completed_symbols': 5, 'total_symbols': 8, 'current_symbol': 'TAOUSDT'}
2026-03-20 19:47:45,700 | INFO | binance_quant.orchestration.research_loop | Research progress stage=ingesting_market_data details={'completed_symbols': 6, 'total_symbols': 8, 'current_symbol': 'LYNUSDT'}
2026-03-20 19:47:45,801 | INFO | binance_quant.orchestration.research_loop | Research progress stage=ingesting_market_data details={'completed_symbols': 7, 'total_symbols': 8, 'current_symbol': 'PAXGUSDT'}
2026-03-20 19:47:45,903 | INFO | binance_quant.orchestration.research_loop | Research progress stage=ingesting_market_data details={'completed_symbols': 8, 'total_symbols': 8, 'current_symbol': 'HYPEUSDT'}
2026-03-20 19:47:45,905 | INFO | binance_quant.orchestration.research_loop | Research progress stage=pre_screen_started details={'template_count': 5}
2026-03-20 21:00:04,172 | INFO | binance_quant.orchestration.research_loop | Research progress stage=pre_screen_family_complete details={'completed_templates': 1, 'total_templates': 5, 'family': 'trend_ema', 'family_variant_count': 225, 'survivors_so_far': 7}
2026-03-20 21:02:38,383 | INFO | binance_quant.orchestration.research_loop | Research progress stage=pre_screen_family_complete details={'completed_templates': 2, 'total_templates': 5, 'family': 'trend_pullback', 'family_variant_count': 8, 'survivors_so_far': 7}
2026-03-20 21:11:19,186 | INFO | binance_quant.orchestration.research_loop | Research progress stage=pre_screen_family_complete details={'completed_templates': 3, 'total_templates': 5, 'family': 'breakout', 'family_variant_count': 27, 'survivors_so_far': 7}
2026-03-20 21:13:53,737 | INFO | binance_quant.orchestration.research_loop | Research progress stage=pre_screen_family_complete details={'completed_templates': 4, 'total_templates': 5, 'family': 'vol_squeeze', 'family_variant_count': 8, 'survivors_so_far': 7}
2026-03-20 21:16:29,225 | INFO | binance_quant.orchestration.research_loop | Research progress stage=pre_screen_family_complete details={'completed_templates': 5, 'total_templates': 5, 'family': 'mean_reversion', 'family_variant_count': 8, 'survivors_so_far': 7}
2026-03-20 21:16:29,636 | INFO | binance_quant.orchestration.research_loop | Research progress stage=event_dataset_ready details={'event_count': 1104, 'survivor_count': 7}
2026-03-20 21:16:29,687 | INFO | binance_quant.orchestration.research_loop | Research progress stage=model_evaluation_started details={'feature_count': 41, 'event_count': 1104}
2026-03-20 21:16:29,688 | INFO | binance_quant.ml.modeling | Evaluating model=logistic_regression calibration=platt across 2 folds
2026-03-20 21:16:29,702 | INFO | binance_quant.ml.modeling | Skipping fold=0 for model=logistic_regression calibration=platt because no threshold met acceptance constraints
2026-03-20 21:16:29,717 | INFO | binance_quant.ml.modeling | Skipping fold=1 for model=logistic_regression calibration=platt because no threshold met acceptance constraints
2026-03-20 21:16:29,718 | INFO | binance_quant.ml.modeling | Evaluating model=logistic_regression calibration=isotonic across 2 folds
2026-03-20 21:16:29,737 | INFO | binance_quant.ml.modeling | Completed fold=0 for model=logistic_regression calibration=isotonic threshold=0.450 acceptance=0.164 precision=0.593 expectancy=0.00477 trades=27
2026-03-20 21:16:29,756 | INFO | binance_quant.ml.modeling | Completed fold=1 for model=logistic_regression calibration=isotonic threshold=0.450 acceptance=0.515 precision=0.565 expectancy=0.00727 trades=85
2026-03-20 21:16:29,758 | INFO | binance_quant.ml.modeling | Finished model=logistic_regression calibration=isotonic folds=2 precision=0.579 expectancy=0.00602 trades=112
2026-03-20 21:16:29,758 | INFO | binance_quant.ml.modeling | Evaluating model=random_forest calibration=platt across 2 folds
2026-03-20 21:16:30,207 | INFO | binance_quant.ml.modeling | Skipping fold=0 for model=random_forest calibration=platt because no threshold met acceptance constraints
2026-03-20 21:16:30,676 | INFO | binance_quant.ml.modeling | Skipping fold=1 for model=random_forest calibration=platt because no threshold met acceptance constraints
2026-03-20 21:16:30,678 | INFO | binance_quant.ml.modeling | Evaluating model=random_forest calibration=isotonic across 2 folds
2026-03-20 21:16:31,147 | INFO | binance_quant.ml.modeling | Completed fold=0 for model=random_forest calibration=isotonic threshold=0.450 acceptance=0.339 precision=0.589 expectancy=0.00462 trades=56
2026-03-20 21:16:31,672 | INFO | binance_quant.ml.modeling | Completed fold=1 for model=random_forest calibration=isotonic threshold=0.450 acceptance=0.333 precision=0.636 expectancy=0.01301 trades=55
2026-03-20 21:16:31,714 | INFO | binance_quant.ml.modeling | Finished model=random_forest calibration=isotonic folds=2 precision=0.613 expectancy=0.00881 trades=111
2026-03-20 21:16:31,715 | INFO | binance_quant.ml.modeling | Evaluating model=xgboost calibration=platt across 2 folds
2026-03-20 21:16:31,891 | INFO | binance_quant.ml.modeling | Skipping fold=0 for model=xgboost calibration=platt because no threshold met acceptance constraints
2026-03-20 21:16:32,071 | INFO | binance_quant.ml.modeling | Completed fold=1 for model=xgboost calibration=platt threshold=0.500 acceptance=0.097 precision=0.812 expectancy=0.01213 trades=16
2026-03-20 21:16:32,079 | INFO | binance_quant.ml.modeling | Finished model=xgboost calibration=platt folds=1 precision=0.812 expectancy=0.01213 trades=16
2026-03-20 21:16:32,079 | INFO | binance_quant.ml.modeling | Evaluating model=xgboost calibration=isotonic across 2 folds
2026-03-20 21:16:32,238 | INFO | binance_quant.ml.modeling | Skipping fold=0 for model=xgboost calibration=isotonic because no threshold met acceptance constraints
2026-03-20 21:16:32,436 | INFO | binance_quant.ml.modeling | Completed fold=1 for model=xgboost calibration=isotonic threshold=0.600 acceptance=0.145 precision=0.750 expectancy=0.00942 trades=24
2026-03-20 21:16:32,437 | INFO | binance_quant.ml.modeling | Finished model=xgboost calibration=isotonic folds=1 precision=0.750 expectancy=0.00942 trades=24
2026-03-20 21:16:32,555 | INFO | binance_quant.orchestration.research_loop | Research progress stage=completed details={'status': 'needs_iteration', 'trade_count': 16.0, 'portfolio_expectancy': 0.012127169563922468}
2026-03-20 21:17:32,598 | INFO | binance_quant.orchestration.research_loop | Research progress stage=starting details={'hypothesis': 'Continuous loop iteration 147: breakout_expansion'}
2026-03-20 21:17:32,602 | INFO | binance_quant.orchestration.research_loop | Research progress stage=parity_passed details={'parity_checks': 1}
2026-03-20 21:17:32,987 | INFO | binance_quant.exchange.universe | Universe discovery found 8 eligible symbols
2026-03-20 21:17:33,009 | INFO | binance_quant.orchestration.research_loop | Research progress stage=universe_ready details={'symbol_count': 8, 'symbols': ['BTCUSDT', 'ETHUSDT', 'SOLUSDT', 'XRPUSDT', 'TAOUSDT', 'LYNUSDT', 'RIVERUSDT', 'PAXGUSDT']}
2026-03-20 21:17:33,115 | INFO | binance_quant.orchestration.research_loop | Research progress stage=ingesting_market_data details={'completed_symbols': 1, 'total_symbols': 8, 'current_symbol': 'BTCUSDT'}
2026-03-20 21:17:33,219 | INFO | binance_quant.orchestration.research_loop | Research progress stage=ingesting_market_data details={'completed_symbols': 2, 'total_symbols': 8, 'current_symbol': 'ETHUSDT'}
2026-03-20 21:17:33,323 | INFO | binance_quant.orchestration.research_loop | Research progress stage=ingesting_market_data details={'completed_symbols': 3, 'total_symbols': 8, 'current_symbol': 'SOLUSDT'}
2026-03-20 21:17:33,424 | INFO | binance_quant.orchestration.research_loop | Research progress stage=ingesting_market_data details={'completed_symbols': 4, 'total_symbols': 8, 'current_symbol': 'XRPUSDT'}
2026-03-20 21:17:33,532 | INFO | binance_quant.orchestration.research_loop | Research progress stage=ingesting_market_data details={'completed_symbols': 5, 'total_symbols': 8, 'current_symbol': 'TAOUSDT'}
2026-03-20 21:17:33,637 | INFO | binance_quant.orchestration.research_loop | Research progress stage=ingesting_market_data details={'completed_symbols': 6, 'total_symbols': 8, 'current_symbol': 'LYNUSDT'}
2026-03-20 21:17:33,741 | INFO | binance_quant.orchestration.research_loop | Research progress stage=ingesting_market_data details={'completed_symbols': 7, 'total_symbols': 8, 'current_symbol': 'RIVERUSDT'}
2026-03-20 21:17:33,837 | INFO | binance_quant.orchestration.research_loop | Research progress stage=ingesting_market_data details={'completed_symbols': 8, 'total_symbols': 8, 'current_symbol': 'PAXGUSDT'}
2026-03-20 21:17:33,837 | INFO | binance_quant.orchestration.research_loop | Research progress stage=pre_screen_started details={'template_count': 5}
2026-03-20 21:43:41,036 | INFO | binance_quant.orchestration.research_loop | Research progress stage=pre_screen_family_complete details={'completed_templates': 1, 'total_templates': 5, 'family': 'trend_ema', 'family_variant_count': 81, 'survivors_so_far': 8}
2026-03-20 21:46:15,951 | INFO | binance_quant.orchestration.research_loop | Research progress stage=pre_screen_family_complete details={'completed_templates': 2, 'total_templates': 5, 'family': 'trend_pullback', 'family_variant_count': 8, 'survivors_so_far': 8}
2026-03-20 22:05:40,073 | INFO | binance_quant.orchestration.research_loop | Research progress stage=pre_screen_family_complete details={'completed_templates': 3, 'total_templates': 5, 'family': 'breakout', 'family_variant_count': 60, 'survivors_so_far': 8}
2026-03-20 22:08:15,877 | INFO | binance_quant.orchestration.research_loop | Research progress stage=pre_screen_family_complete details={'completed_templates': 4, 'total_templates': 5, 'family': 'vol_squeeze', 'family_variant_count': 8, 'survivors_so_far': 8}
2026-03-20 22:10:51,838 | INFO | binance_quant.orchestration.research_loop | Research progress stage=pre_screen_family_complete details={'completed_templates': 5, 'total_templates': 5, 'family': 'mean_reversion', 'family_variant_count': 8, 'survivors_so_far': 8}
2026-03-20 22:10:52,307 | INFO | binance_quant.orchestration.research_loop | Research progress stage=event_dataset_ready details={'event_count': 1275, 'survivor_count': 8}
2026-03-20 22:10:52,356 | INFO | binance_quant.orchestration.research_loop | Research progress stage=model_evaluation_started details={'feature_count': 40, 'event_count': 1275}
2026-03-20 22:10:52,357 | INFO | binance_quant.ml.modeling | Evaluating model=logistic_regression calibration=platt across 2 folds
2026-03-20 22:10:52,376 | INFO | binance_quant.ml.modeling | Completed fold=0 for model=logistic_regression calibration=platt threshold=0.600 acceptance=0.162 precision=0.806 expectancy=0.01402 trades=31
2026-03-20 22:10:52,395 | INFO | binance_quant.ml.modeling | Completed fold=1 for model=logistic_regression calibration=platt threshold=0.500 acceptance=0.173 precision=0.818 expectancy=0.02653 trades=33
2026-03-20 22:10:52,397 | INFO | binance_quant.ml.modeling | Finished model=logistic_regression calibration=platt folds=2 precision=0.812 expectancy=0.02027 trades=64
2026-03-20 22:10:52,397 | INFO | binance_quant.ml.modeling | Evaluating model=logistic_regression calibration=isotonic across 2 folds
2026-03-20 22:10:52,416 | INFO | binance_quant.ml.modeling | Completed fold=0 for model=logistic_regression calibration=isotonic threshold=0.700 acceptance=0.126 precision=0.875 expectancy=0.01634 trades=24
2026-03-20 22:10:52,434 | INFO | binance_quant.ml.modeling | Completed fold=1 for model=logistic_regression calibration=isotonic threshold=0.600 acceptance=0.157 precision=0.800 expectancy=0.02832 trades=30
2026-03-20 22:10:52,436 | INFO | binance_quant.ml.modeling | Finished model=logistic_regression calibration=isotonic folds=2 precision=0.838 expectancy=0.02233 trades=54
2026-03-20 22:10:52,436 | INFO | binance_quant.ml.modeling | Evaluating model=random_forest calibration=platt across 2 folds
2026-03-20 22:10:52,933 | INFO | binance_quant.ml.modeling | Completed fold=0 for model=random_forest calibration=platt threshold=0.550 acceptance=0.178 precision=0.735 expectancy=0.00749 trades=34
2026-03-20 22:10:53,487 | INFO | binance_quant.ml.modeling | Completed fold=1 for model=random_forest calibration=platt threshold=0.450 acceptance=0.209 precision=0.750 expectancy=0.02027 trades=40
2026-03-20 22:10:53,527 | INFO | binance_quant.ml.modeling | Finished model=random_forest calibration=platt folds=2 precision=0.743 expectancy=0.01388 trades=74
2026-03-20 22:10:53,528 | INFO | binance_quant.ml.modeling | Evaluating model=random_forest calibration=isotonic across 2 folds
2026-03-20 22:10:54,021 | INFO | binance_quant.ml.modeling | Completed fold=0 for model=random_forest calibration=isotonic threshold=0.650 acceptance=0.162 precision=0.710 expectancy=0.00652 trades=31
2026-03-20 22:10:54,577 | INFO | binance_quant.ml.modeling | Completed fold=1 for model=random_forest calibration=isotonic threshold=0.550 acceptance=0.325 precision=0.677 expectancy=0.01292 trades=62
2026-03-20 22:10:54,616 | INFO | binance_quant.ml.modeling | Finished model=random_forest calibration=isotonic folds=2 precision=0.694 expectancy=0.00972 trades=93
2026-03-20 22:10:54,617 | INFO | binance_quant.ml.modeling | Evaluating model=xgboost calibration=platt across 2 folds
2026-03-20 22:10:54,806 | INFO | binance_quant.ml.modeling | Completed fold=0 for model=xgboost calibration=platt threshold=0.650 acceptance=0.110 precision=0.762 expectancy=0.01110 trades=21
2026-03-20 22:10:55,000 | INFO | binance_quant.ml.modeling | Completed fold=1 for model=xgboost calibration=platt threshold=0.500 acceptance=0.209 precision=0.700 expectancy=0.01835 trades=40
2026-03-20 22:10:55,002 | INFO | binance_quant.ml.modeling | Finished model=xgboost calibration=platt folds=2 precision=0.731 expectancy=0.01472 trades=61
2026-03-20 22:10:55,002 | INFO | binance_quant.ml.modeling | Evaluating model=xgboost calibration=isotonic across 2 folds
2026-03-20 22:10:55,190 | INFO | binance_quant.ml.modeling | Completed fold=0 for model=xgboost calibration=isotonic threshold=0.750 acceptance=0.110 precision=0.762 expectancy=0.01110 trades=21
2026-03-20 22:10:55,383 | INFO | binance_quant.ml.modeling | Completed fold=1 for model=xgboost calibration=isotonic threshold=0.700 acceptance=0.178 precision=0.706 expectancy=0.02217 trades=34
2026-03-20 22:10:55,385 | INFO | binance_quant.ml.modeling | Finished model=xgboost calibration=isotonic folds=2 precision=0.734 expectancy=0.01663 trades=55
2026-03-20 22:10:55,516 | INFO | binance_quant.orchestration.research_loop | Research progress stage=completed details={'status': 'needs_iteration', 'trade_count': 26.0, 'portfolio_expectancy': 0.023041538017735133}
2026-03-20 22:11:55,555 | INFO | binance_quant.orchestration.research_loop | Research progress stage=starting details={'hypothesis': 'Continuous loop iteration 148: reversion_expansion'}
2026-03-20 22:11:55,556 | INFO | binance_quant.orchestration.research_loop | Research progress stage=parity_passed details={'parity_checks': 1}
2026-03-20 22:11:55,935 | INFO | binance_quant.exchange.universe | Universe discovery found 8 eligible symbols
2026-03-20 22:11:55,951 | INFO | binance_quant.orchestration.research_loop | Research progress stage=universe_ready details={'symbol_count': 8, 'symbols': ['BTCUSDT', 'ETHUSDT', 'SOLUSDT', 'TAOUSDT', 'XRPUSDT', 'LYNUSDT', 'RIVERUSDT', 'HYPEUSDT']}
2026-03-20 22:11:56,057 | INFO | binance_quant.orchestration.research_loop | Research progress stage=ingesting_market_data details={'completed_symbols': 1, 'total_symbols': 8, 'current_symbol': 'BTCUSDT'}
2026-03-20 22:11:56,162 | INFO | binance_quant.orchestration.research_loop | Research progress stage=ingesting_market_data details={'completed_symbols': 2, 'total_symbols': 8, 'current_symbol': 'ETHUSDT'}
2026-03-20 22:11:56,262 | INFO | binance_quant.orchestration.research_loop | Research progress stage=ingesting_market_data details={'completed_symbols': 3, 'total_symbols': 8, 'current_symbol': 'SOLUSDT'}
2026-03-20 22:11:56,363 | INFO | binance_quant.orchestration.research_loop | Research progress stage=ingesting_market_data details={'completed_symbols': 4, 'total_symbols': 8, 'current_symbol': 'TAOUSDT'}
2026-03-20 22:11:56,464 | INFO | binance_quant.orchestration.research_loop | Research progress stage=ingesting_market_data details={'completed_symbols': 5, 'total_symbols': 8, 'current_symbol': 'XRPUSDT'}
2026-03-20 22:11:56,630 | INFO | binance_quant.orchestration.research_loop | Research progress stage=ingesting_market_data details={'completed_symbols': 6, 'total_symbols': 8, 'current_symbol': 'LYNUSDT'}
2026-03-20 22:11:56,734 | INFO | binance_quant.orchestration.research_loop | Research progress stage=ingesting_market_data details={'completed_symbols': 7, 'total_symbols': 8, 'current_symbol': 'RIVERUSDT'}
2026-03-20 22:11:56,838 | INFO | binance_quant.orchestration.research_loop | Research progress stage=ingesting_market_data details={'completed_symbols': 8, 'total_symbols': 8, 'current_symbol': 'HYPEUSDT'}
2026-03-20 22:11:56,840 | INFO | binance_quant.orchestration.research_loop | Research progress stage=pre_screen_started details={'template_count': 5}
2026-03-20 22:38:03,007 | INFO | binance_quant.orchestration.research_loop | Research progress stage=pre_screen_family_complete details={'completed_templates': 1, 'total_templates': 5, 'family': 'trend_ema', 'family_variant_count': 81, 'survivors_so_far': 21}
2026-03-20 22:40:37,727 | INFO | binance_quant.orchestration.research_loop | Research progress stage=pre_screen_family_complete details={'completed_templates': 2, 'total_templates': 5, 'family': 'trend_pullback', 'family_variant_count': 8, 'survivors_so_far': 21}
2026-03-20 22:49:22,247 | INFO | binance_quant.orchestration.research_loop | Research progress stage=pre_screen_family_complete details={'completed_templates': 3, 'total_templates': 5, 'family': 'breakout', 'family_variant_count': 27, 'survivors_so_far': 21}
2026-03-20 22:57:09,356 | INFO | binance_quant.orchestration.research_loop | Research progress stage=pre_screen_family_complete details={'completed_templates': 4, 'total_templates': 5, 'family': 'vol_squeeze', 'family_variant_count': 24, 'survivors_so_far': 21}
2026-03-20 23:08:49,751 | INFO | binance_quant.orchestration.research_loop | Research progress stage=pre_screen_family_complete details={'completed_templates': 5, 'total_templates': 5, 'family': 'mean_reversion', 'family_variant_count': 36, 'survivors_so_far': 21}
2026-03-20 23:08:50,397 | INFO | binance_quant.orchestration.research_loop | Research progress stage=event_dataset_ready details={'event_count': 1783, 'survivor_count': 22}
2026-03-20 23:08:50,439 | INFO | binance_quant.orchestration.research_loop | Research progress stage=model_evaluation_started details={'feature_count': 42, 'event_count': 1783}
2026-03-20 23:08:50,439 | INFO | binance_quant.ml.modeling | Evaluating model=logistic_regression calibration=platt across 2 folds
2026-03-20 23:08:50,473 | INFO | binance_quant.ml.modeling | Completed fold=0 for model=logistic_regression calibration=platt threshold=0.450 acceptance=0.105 precision=0.786 expectancy=0.02111 trades=28
2026-03-20 23:08:50,493 | INFO | binance_quant.ml.modeling | Completed fold=1 for model=logistic_regression calibration=platt threshold=0.450 acceptance=0.206 precision=0.782 expectancy=0.02276 trades=55
2026-03-20 23:08:50,495 | INFO | binance_quant.ml.modeling | Finished model=logistic_regression calibration=platt folds=2 precision=0.784 expectancy=0.02193 trades=83
2026-03-20 23:08:50,495 | INFO | binance_quant.ml.modeling | Evaluating model=logistic_regression calibration=isotonic across 2 folds
2026-03-20 23:08:50,513 | INFO | binance_quant.ml.modeling | Completed fold=0 for model=logistic_regression calibration=isotonic threshold=0.450 acceptance=0.337 precision=0.622 expectancy=0.01126 trades=90
2026-03-20 23:08:50,533 | INFO | binance_quant.ml.modeling | Completed fold=1 for model=logistic_regression calibration=isotonic threshold=0.500 acceptance=0.386 precision=0.660 expectancy=0.01559 trades=103
2026-03-20 23:08:50,535 | INFO | binance_quant.ml.modeling | Finished model=logistic_regression calibration=isotonic folds=2 precision=0.641 expectancy=0.01342 trades=193
2026-03-20 23:08:50,536 | INFO | binance_quant.ml.modeling | Evaluating model=random_forest calibration=platt across 2 folds
2026-03-20 23:08:51,088 | INFO | binance_quant.ml.modeling | Skipping fold=0 for model=random_forest calibration=platt because no threshold met acceptance constraints
2026-03-20 23:08:51,675 | INFO | binance_quant.ml.modeling | Skipping fold=1 for model=random_forest calibration=platt because no threshold met acceptance constraints
2026-03-20 23:08:51,678 | INFO | binance_quant.ml.modeling | Evaluating model=random_forest calibration=isotonic across 2 folds
2026-03-20 23:08:52,255 | INFO | binance_quant.ml.modeling | Completed fold=0 for model=random_forest calibration=isotonic threshold=0.450 acceptance=0.150 precision=0.775 expectancy=0.01746 trades=40
2026-03-20 23:08:52,905 | INFO | binance_quant.ml.modeling | Completed fold=1 for model=random_forest calibration=isotonic threshold=0.500 acceptance=0.184 precision=0.776 expectancy=0.02107 trades=49
2026-03-20 23:08:52,944 | INFO | binance_quant.ml.modeling | Finished model=random_forest calibration=isotonic folds=2 precision=0.775 expectancy=0.01927 trades=89
2026-03-20 23:08:52,945 | INFO | binance_quant.ml.modeling | Evaluating model=xgboost calibration=platt across 2 folds
2026-03-20 23:08:53,150 | INFO | binance_quant.ml.modeling | Completed fold=0 for model=xgboost calibration=platt threshold=0.450 acceptance=0.172 precision=0.826 expectancy=0.01965 trades=46
2026-03-20 23:08:53,359 | INFO | binance_quant.ml.modeling | Completed fold=1 for model=xgboost calibration=platt threshold=0.500 acceptance=0.195 precision=0.865 expectancy=0.02690 trades=52
2026-03-20 23:08:53,362 | INFO | binance_quant.ml.modeling | Finished model=xgboost calibration=platt folds=2 precision=0.846 expectancy=0.02327 trades=98
2026-03-20 23:08:53,362 | INFO | binance_quant.ml.modeling | Evaluating model=xgboost calibration=isotonic across 2 folds
2026-03-20 23:08:53,555 | INFO | binance_quant.ml.modeling | Completed fold=0 for model=xgboost calibration=isotonic threshold=0.550 acceptance=0.146 precision=0.872 expectancy=0.02236 trades=39
2026-03-20 23:08:53,775 | INFO | binance_quant.ml.modeling | Completed fold=1 for model=xgboost calibration=isotonic threshold=0.700 acceptance=0.191 precision=0.863 expectancy=0.02727 trades=51
2026-03-20 23:08:53,777 | INFO | binance_quant.ml.modeling | Finished model=xgboost calibration=isotonic folds=2 precision=0.867 expectancy=0.02482 trades=90
2026-03-20 23:08:53,938 | INFO | binance_quant.orchestration.research_loop | Research progress stage=completed details={'status': 'accepted_for_paper', 'trade_count': 10.0, 'portfolio_expectancy': 0.019883175497741067}
