strategy_id,family,trade_count,expectancy,profit_factor,max_drawdown,positive_symbol_count,non_negative_symbol_count,pine_script,strict_survived,ml_candidate_survived,survived,family_seed_survived,survival_tier,selected_for_ml
trend_ema__directionlong_only_fast9_rsi_threshold58.0_slow89,trend_ema,738.0,0.0012317291909637559,0.9846044482458083,0.2580596836068805,4,4,"//@version=5
strategy(""trend_ema__directionlong_only_fast9_rsi_threshold58.0_slow89"", overlay=true, process_orders_on_close=true)
fast = ta.ema(close, 9)
slow = ta.ema(close, 89)
r = ta.rsi(close, 14)
longCondition = ta.crossover(fast, slow) and r > 58.0
shortCondition = ta.crossunder(fast, slow) and r < 42.0
if longCondition and ""long_only"" != ""short_only""
    strategy.entry(""Long"", strategy.long)
if shortCondition and ""long_only"" != ""long_only""
    strategy.entry(""Short"", strategy.short)
if ta.crossunder(fast, slow)
    strategy.close(""Long"")
if ta.crossover(fast, slow)
    strategy.close(""Short"")",False,True,True,False,ml_candidate,False
trend_ema__directionlong_only_fast9_rsi_threshold55.0_slow89,trend_ema,968.0,0.0010462221444784794,0.9309190675583231,0.3901751784148354,3,3,"//@version=5
strategy(""trend_ema__directionlong_only_fast9_rsi_threshold55.0_slow89"", overlay=true, process_orders_on_close=true)
fast = ta.ema(close, 9)
slow = ta.ema(close, 89)
r = ta.rsi(close, 14)
longCondition = ta.crossover(fast, slow) and r > 55.0
shortCondition = ta.crossunder(fast, slow) and r < 45.0
if longCondition and ""long_only"" != ""short_only""
    strategy.entry(""Long"", strategy.long)
if shortCondition and ""long_only"" != ""long_only""
    strategy.entry(""Short"", strategy.short)
if ta.crossunder(fast, slow)
    strategy.close(""Long"")
if ta.crossover(fast, slow)
    strategy.close(""Short"")",False,True,True,False,ml_candidate,False
trend_ema__directionlong_only_fast12_rsi_threshold55.0_slow89,trend_ema,874.0,0.0009919502739061561,0.9547025603991548,0.37996635894969055,4,4,"//@version=5
strategy(""trend_ema__directionlong_only_fast12_rsi_threshold55.0_slow89"", overlay=true, process_orders_on_close=true)
fast = ta.ema(close, 12)
slow = ta.ema(close, 89)
r = ta.rsi(close, 14)
longCondition = ta.crossover(fast, slow) and r > 55.0
shortCondition = ta.crossunder(fast, slow) and r < 45.0
if longCondition and ""long_only"" != ""short_only""
    strategy.entry(""Long"", strategy.long)
if shortCondition and ""long_only"" != ""long_only""
    strategy.entry(""Short"", strategy.short)
if ta.crossunder(fast, slow)
    strategy.close(""Long"")
if ta.crossover(fast, slow)
    strategy.close(""Short"")",False,True,True,False,ml_candidate,False
trend_ema__directionlong_only_fast12_rsi_threshold58.0_slow89,trend_ema,701.0,0.0007368113209136636,0.961476289312176,0.3385787710532142,4,4,"//@version=5
strategy(""trend_ema__directionlong_only_fast12_rsi_threshold58.0_slow89"", overlay=true, process_orders_on_close=true)
fast = ta.ema(close, 12)
slow = ta.ema(close, 89)
r = ta.rsi(close, 14)
longCondition = ta.crossover(fast, slow) and r > 58.0
shortCondition = ta.crossunder(fast, slow) and r < 42.0
if longCondition and ""long_only"" != ""short_only""
    strategy.entry(""Long"", strategy.long)
if shortCondition and ""long_only"" != ""long_only""
    strategy.entry(""Short"", strategy.short)
if ta.crossunder(fast, slow)
    strategy.close(""Long"")
if ta.crossover(fast, slow)
    strategy.close(""Short"")",False,True,True,False,ml_candidate,False
trend_ema__directionlong_only_fast21_rsi_threshold55.0_slow34,trend_ema,1110.0,0.0006030536273831556,0.9224950779168235,0.35073814869281983,5,5,"//@version=5
strategy(""trend_ema__directionlong_only_fast21_rsi_threshold55.0_slow34"", overlay=true, process_orders_on_close=true)
fast = ta.ema(close, 21)
slow = ta.ema(close, 34)
r = ta.rsi(close, 14)
longCondition = ta.crossover(fast, slow) and r > 55.0
shortCondition = ta.crossunder(fast, slow) and r < 45.0
if longCondition and ""long_only"" != ""short_only""
    strategy.entry(""Long"", strategy.long)
if shortCondition and ""long_only"" != ""long_only""
    strategy.entry(""Short"", strategy.short)
if ta.crossunder(fast, slow)
    strategy.close(""Long"")
if ta.crossover(fast, slow)
    strategy.close(""Short"")",False,True,True,False,ml_candidate,False
trend_ema__directionlong_only_fast21_rsi_threshold58.0_slow34,trend_ema,821.0,0.0005589060023352551,0.9392148085027994,0.2614930032107263,5,5,"//@version=5
strategy(""trend_ema__directionlong_only_fast21_rsi_threshold58.0_slow34"", overlay=true, process_orders_on_close=true)
fast = ta.ema(close, 21)
slow = ta.ema(close, 34)
r = ta.rsi(close, 14)
longCondition = ta.crossover(fast, slow) and r > 58.0
shortCondition = ta.crossunder(fast, slow) and r < 42.0
if longCondition and ""long_only"" != ""short_only""
    strategy.entry(""Long"", strategy.long)
if shortCondition and ""long_only"" != ""long_only""
    strategy.entry(""Short"", strategy.short)
if ta.crossunder(fast, slow)
    strategy.close(""Long"")
if ta.crossover(fast, slow)
    strategy.close(""Short"")",False,True,True,False,ml_candidate,True
trend_ema__directionlong_only_fast9_rsi_threshold58.0_slow55,trend_ema,893.0,0.00045084696976745354,0.9364297144630107,0.3102007810207913,5,5,"//@version=5
strategy(""trend_ema__directionlong_only_fast9_rsi_threshold58.0_slow55"", overlay=true, process_orders_on_close=true)
fast = ta.ema(close, 9)
slow = ta.ema(close, 55)
r = ta.rsi(close, 14)
longCondition = ta.crossover(fast, slow) and r > 58.0
shortCondition = ta.crossunder(fast, slow) and r < 42.0
if longCondition and ""long_only"" != ""short_only""
    strategy.entry(""Long"", strategy.long)
if shortCondition and ""long_only"" != ""long_only""
    strategy.entry(""Short"", strategy.short)
if ta.crossunder(fast, slow)
    strategy.close(""Long"")
if ta.crossover(fast, slow)
    strategy.close(""Short"")",False,True,True,False,ml_candidate,True
trend_ema__directionlong_only_fast12_rsi_threshold58.0_slow55,trend_ema,820.0,6.433725176583742e-05,0.9245169876702046,0.33453299617738996,4,4,"//@version=5
strategy(""trend_ema__directionlong_only_fast12_rsi_threshold58.0_slow55"", overlay=true, process_orders_on_close=true)
fast = ta.ema(close, 12)
slow = ta.ema(close, 55)
r = ta.rsi(close, 14)
longCondition = ta.crossover(fast, slow) and r > 58.0
shortCondition = ta.crossunder(fast, slow) and r < 42.0
if longCondition and ""long_only"" != ""short_only""
    strategy.entry(""Long"", strategy.long)
if shortCondition and ""long_only"" != ""long_only""
    strategy.entry(""Short"", strategy.short)
if ta.crossunder(fast, slow)
    strategy.close(""Long"")
if ta.crossover(fast, slow)
    strategy.close(""Short"")",False,True,True,False,ml_candidate,False
trend_ema__directionlong_only_fast12_rsi_threshold58.0_slow34,trend_ema,912.0,0.0006456508020681276,0.9185187082017476,0.30565306104119794,5,5,"//@version=5
strategy(""trend_ema__directionlong_only_fast12_rsi_threshold58.0_slow34"", overlay=true, process_orders_on_close=true)
fast = ta.ema(close, 12)
slow = ta.ema(close, 34)
r = ta.rsi(close, 14)
longCondition = ta.crossover(fast, slow) and r > 58.0
shortCondition = ta.crossunder(fast, slow) and r < 42.0
if longCondition and ""long_only"" != ""short_only""
    strategy.entry(""Long"", strategy.long)
if shortCondition and ""long_only"" != ""long_only""
    strategy.entry(""Short"", strategy.short)
if ta.crossunder(fast, slow)
    strategy.close(""Long"")
if ta.crossover(fast, slow)
    strategy.close(""Short"")",False,False,False,False,rejected,False
trend_ema__directionlong_only_fast9_rsi_threshold52.0_slow89,trend_ema,1129.0,0.000603646416846134,0.8940305731448778,0.4751288747666754,3,3,"//@version=5
strategy(""trend_ema__directionlong_only_fast9_rsi_threshold52.0_slow89"", overlay=true, process_orders_on_close=true)
fast = ta.ema(close, 9)
slow = ta.ema(close, 89)
r = ta.rsi(close, 14)
longCondition = ta.crossover(fast, slow) and r > 52.0
shortCondition = ta.crossunder(fast, slow) and r < 48.0
if longCondition and ""long_only"" != ""short_only""
    strategy.entry(""Long"", strategy.long)
if shortCondition and ""long_only"" != ""long_only""
    strategy.entry(""Short"", strategy.short)
if ta.crossunder(fast, slow)
    strategy.close(""Long"")
if ta.crossover(fast, slow)
    strategy.close(""Short"")",False,False,False,False,rejected,False
trend_ema__directionlong_only_fast12_rsi_threshold52.0_slow89,trend_ema,998.0,0.0006027403644236586,0.9096410680152754,0.442007744893403,3,3,"//@version=5
strategy(""trend_ema__directionlong_only_fast12_rsi_threshold52.0_slow89"", overlay=true, process_orders_on_close=true)
fast = ta.ema(close, 12)
slow = ta.ema(close, 89)
r = ta.rsi(close, 14)
longCondition = ta.crossover(fast, slow) and r > 52.0
shortCondition = ta.crossunder(fast, slow) and r < 48.0
if longCondition and ""long_only"" != ""short_only""
    strategy.entry(""Long"", strategy.long)
if shortCondition and ""long_only"" != ""long_only""
    strategy.entry(""Short"", strategy.short)
if ta.crossunder(fast, slow)
    strategy.close(""Long"")
if ta.crossover(fast, slow)
    strategy.close(""Short"")",False,False,False,False,rejected,False
trend_ema__directionlong_only_fast9_rsi_threshold55.0_slow55,trend_ema,1256.0,0.00036822869865231597,0.8903954911963539,0.3189483922745281,3,3,"//@version=5
strategy(""trend_ema__directionlong_only_fast9_rsi_threshold55.0_slow55"", overlay=true, process_orders_on_close=true)
fast = ta.ema(close, 9)
slow = ta.ema(close, 55)
r = ta.rsi(close, 14)
longCondition = ta.crossover(fast, slow) and r > 55.0
shortCondition = ta.crossunder(fast, slow) and r < 45.0
if longCondition and ""long_only"" != ""short_only""
    strategy.entry(""Long"", strategy.long)
if shortCondition and ""long_only"" != ""long_only""
    strategy.entry(""Short"", strategy.short)
if ta.crossunder(fast, slow)
    strategy.close(""Long"")
if ta.crossover(fast, slow)
    strategy.close(""Short"")",False,False,False,False,rejected,False
trend_ema__directionlong_only_fast12_rsi_threshold55.0_slow34,trend_ema,1360.0,0.0002823508593876173,0.8569179746314587,0.38171169247817816,4,4,"//@version=5
strategy(""trend_ema__directionlong_only_fast12_rsi_threshold55.0_slow34"", overlay=true, process_orders_on_close=true)
fast = ta.ema(close, 12)
slow = ta.ema(close, 34)
r = ta.rsi(close, 14)
longCondition = ta.crossover(fast, slow) and r > 55.0
shortCondition = ta.crossunder(fast, slow) and r < 45.0
if longCondition and ""long_only"" != ""short_only""
    strategy.entry(""Long"", strategy.long)
if shortCondition and ""long_only"" != ""long_only""
    strategy.entry(""Short"", strategy.short)
if ta.crossunder(fast, slow)
    strategy.close(""Long"")
if ta.crossover(fast, slow)
    strategy.close(""Short"")",False,False,False,False,rejected,False
trend_ema__directionlong_only_fast21_rsi_threshold52.0_slow34,trend_ema,1302.0,0.0002482747168442206,0.875201020857299,0.38493207820017217,4,4,"//@version=5
strategy(""trend_ema__directionlong_only_fast21_rsi_threshold52.0_slow34"", overlay=true, process_orders_on_close=true)
fast = ta.ema(close, 21)
slow = ta.ema(close, 34)
r = ta.rsi(close, 14)
longCondition = ta.crossover(fast, slow) and r > 52.0
shortCondition = ta.crossunder(fast, slow) and r < 48.0
if longCondition and ""long_only"" != ""short_only""
    strategy.entry(""Long"", strategy.long)
if shortCondition and ""long_only"" != ""long_only""
    strategy.entry(""Short"", strategy.short)
if ta.crossunder(fast, slow)
    strategy.close(""Long"")
if ta.crossover(fast, slow)
    strategy.close(""Short"")",False,False,False,False,rejected,False
trend_ema__directionboth_fast21_rsi_threshold55.0_slow34,trend_ema,2125.0,0.00020529939139195039,0.8894345740692792,0.5244408891842083,2,2,"//@version=5
strategy(""trend_ema__directionboth_fast21_rsi_threshold55.0_slow34"", overlay=true, process_orders_on_close=true)
fast = ta.ema(close, 21)
slow = ta.ema(close, 34)
r = ta.rsi(close, 14)
longCondition = ta.crossover(fast, slow) and r > 55.0
shortCondition = ta.crossunder(fast, slow) and r < 45.0
if longCondition and ""both"" != ""short_only""
    strategy.entry(""Long"", strategy.long)
if shortCondition and ""both"" != ""long_only""
    strategy.entry(""Short"", strategy.short)
if ta.crossunder(fast, slow)
    strategy.close(""Long"")
if ta.crossover(fast, slow)
    strategy.close(""Short"")",False,False,False,False,rejected,False
trend_ema__directionboth_fast21_rsi_threshold52.0_slow34,trend_ema,2336.0,0.00019568130442940718,0.8844638318671555,0.49562241677781516,2,2,"//@version=5
strategy(""trend_ema__directionboth_fast21_rsi_threshold52.0_slow34"", overlay=true, process_orders_on_close=true)
fast = ta.ema(close, 21)
slow = ta.ema(close, 34)
r = ta.rsi(close, 14)
longCondition = ta.crossover(fast, slow) and r > 52.0
shortCondition = ta.crossunder(fast, slow) and r < 48.0
if longCondition and ""both"" != ""short_only""
    strategy.entry(""Long"", strategy.long)
if shortCondition and ""both"" != ""long_only""
    strategy.entry(""Short"", strategy.short)
if ta.crossunder(fast, slow)
    strategy.close(""Long"")
if ta.crossover(fast, slow)
    strategy.close(""Short"")",False,False,False,False,rejected,False
trend_ema__directionboth_fast12_rsi_threshold55.0_slow89,trend_ema,1661.0,0.00019434006196759527,0.9217860597938878,0.6398183025738207,3,3,"//@version=5
strategy(""trend_ema__directionboth_fast12_rsi_threshold55.0_slow89"", overlay=true, process_orders_on_close=true)
fast = ta.ema(close, 12)
slow = ta.ema(close, 89)
r = ta.rsi(close, 14)
longCondition = ta.crossover(fast, slow) and r > 55.0
shortCondition = ta.crossunder(fast, slow) and r < 45.0
if longCondition and ""both"" != ""short_only""
    strategy.entry(""Long"", strategy.long)
if shortCondition and ""both"" != ""long_only""
    strategy.entry(""Short"", strategy.short)
if ta.crossunder(fast, slow)
    strategy.close(""Long"")
if ta.crossover(fast, slow)
    strategy.close(""Short"")",False,False,False,False,rejected,False
trend_ema__directionlong_only_fast12_rsi_threshold55.0_slow55,trend_ema,1127.0,0.00015675572986677996,0.8978122703895659,0.3373832888189626,3,3,"//@version=5
strategy(""trend_ema__directionlong_only_fast12_rsi_threshold55.0_slow55"", overlay=true, process_orders_on_close=true)
fast = ta.ema(close, 12)
slow = ta.ema(close, 55)
r = ta.rsi(close, 14)
longCondition = ta.crossover(fast, slow) and r > 55.0
shortCondition = ta.crossunder(fast, slow) and r < 45.0
if longCondition and ""long_only"" != ""short_only""
    strategy.entry(""Long"", strategy.long)
if shortCondition and ""long_only"" != ""long_only""
    strategy.entry(""Short"", strategy.short)
if ta.crossunder(fast, slow)
    strategy.close(""Long"")
if ta.crossover(fast, slow)
    strategy.close(""Short"")",False,False,False,False,rejected,False
trend_ema__directionlong_only_fast9_rsi_threshold52.0_slow55,trend_ema,1500.0,6.764218519400896e-05,0.8510248759149981,0.38436717839043755,2,2,"//@version=5
strategy(""trend_ema__directionlong_only_fast9_rsi_threshold52.0_slow55"", overlay=true, process_orders_on_close=true)
fast = ta.ema(close, 9)
slow = ta.ema(close, 55)
r = ta.rsi(close, 14)
longCondition = ta.crossover(fast, slow) and r > 52.0
shortCondition = ta.crossunder(fast, slow) and r < 48.0
if longCondition and ""long_only"" != ""short_only""
    strategy.entry(""Long"", strategy.long)
if shortCondition and ""long_only"" != ""long_only""
    strategy.entry(""Short"", strategy.short)
if ta.crossunder(fast, slow)
    strategy.close(""Long"")
if ta.crossover(fast, slow)
    strategy.close(""Short"")",False,False,False,False,rejected,False
trend_ema__directionboth_fast12_rsi_threshold58.0_slow89,trend_ema,1373.0,4.926043512057847e-05,0.9332234792674333,0.655284305354076,3,3,"//@version=5
strategy(""trend_ema__directionboth_fast12_rsi_threshold58.0_slow89"", overlay=true, process_orders_on_close=true)
fast = ta.ema(close, 12)
slow = ta.ema(close, 89)
r = ta.rsi(close, 14)
longCondition = ta.crossover(fast, slow) and r > 58.0
shortCondition = ta.crossunder(fast, slow) and r < 42.0
if longCondition and ""both"" != ""short_only""
    strategy.entry(""Long"", strategy.long)
if shortCondition and ""both"" != ""long_only""
    strategy.entry(""Short"", strategy.short)
if ta.crossunder(fast, slow)
    strategy.close(""Long"")
if ta.crossover(fast, slow)
    strategy.close(""Short"")",False,False,False,False,rejected,False
trend_ema__directionboth_fast9_rsi_threshold55.0_slow89,trend_ema,1794.0,4.6787241489147646e-05,0.8748102507907418,0.6460167784060943,2,2,"//@version=5
strategy(""trend_ema__directionboth_fast9_rsi_threshold55.0_slow89"", overlay=true, process_orders_on_close=true)
fast = ta.ema(close, 9)
slow = ta.ema(close, 89)
r = ta.rsi(close, 14)
longCondition = ta.crossover(fast, slow) and r > 55.0
shortCondition = ta.crossunder(fast, slow) and r < 45.0
if longCondition and ""both"" != ""short_only""
    strategy.entry(""Long"", strategy.long)
if shortCondition and ""both"" != ""long_only""
    strategy.entry(""Short"", strategy.short)
if ta.crossunder(fast, slow)
    strategy.close(""Long"")
if ta.crossover(fast, slow)
    strategy.close(""Short"")",False,False,False,False,rejected,False
trend_ema__directionlong_only_fast21_rsi_threshold52.0_slow55,trend_ema,1011.0,4.264002598697494e-05,0.8626178888988798,0.4879857402846193,3,3,"//@version=5
strategy(""trend_ema__directionlong_only_fast21_rsi_threshold52.0_slow55"", overlay=true, process_orders_on_close=true)
fast = ta.ema(close, 21)
slow = ta.ema(close, 55)
r = ta.rsi(close, 14)
longCondition = ta.crossover(fast, slow) and r > 52.0
shortCondition = ta.crossunder(fast, slow) and r < 48.0
if longCondition and ""long_only"" != ""short_only""
    strategy.entry(""Long"", strategy.long)
if shortCondition and ""long_only"" != ""long_only""
    strategy.entry(""Short"", strategy.short)
if ta.crossunder(fast, slow)
    strategy.close(""Long"")
if ta.crossover(fast, slow)
    strategy.close(""Short"")",False,False,False,False,rejected,False
trend_ema__directionboth_fast12_rsi_threshold52.0_slow89,trend_ema,1790.0,1.7751924271883733e-05,0.9021372931843811,0.6751383990383233,3,3,"//@version=5
strategy(""trend_ema__directionboth_fast12_rsi_threshold52.0_slow89"", overlay=true, process_orders_on_close=true)
fast = ta.ema(close, 12)
slow = ta.ema(close, 89)
r = ta.rsi(close, 14)
longCondition = ta.crossover(fast, slow) and r > 52.0
shortCondition = ta.crossunder(fast, slow) and r < 48.0
if longCondition and ""both"" != ""short_only""
    strategy.entry(""Long"", strategy.long)
if shortCondition and ""both"" != ""long_only""
    strategy.entry(""Short"", strategy.short)
if ta.crossunder(fast, slow)
    strategy.close(""Long"")
if ta.crossover(fast, slow)
    strategy.close(""Short"")",False,False,False,False,rejected,False
trend_ema__directionshort_only_fast9_rsi_threshold52.0_slow34,trend_ema,1945.0,1.3276404417860225e-05,0.9025124215301081,0.6580486004490917,4,4,"//@version=5
strategy(""trend_ema__directionshort_only_fast9_rsi_threshold52.0_slow34"", overlay=true, process_orders_on_close=true)
fast = ta.ema(close, 9)
slow = ta.ema(close, 34)
r = ta.rsi(close, 14)
longCondition = ta.crossover(fast, slow) and r > 52.0
shortCondition = ta.crossunder(fast, slow) and r < 48.0
if longCondition and ""short_only"" != ""short_only""
    strategy.entry(""Long"", strategy.long)
if shortCondition and ""short_only"" != ""long_only""
    strategy.entry(""Short"", strategy.short)
if ta.crossunder(fast, slow)
    strategy.close(""Long"")
if ta.crossover(fast, slow)
    strategy.close(""Short"")",False,False,False,False,rejected,False
trend_ema__directionboth_fast12_rsi_threshold52.0_slow34,trend_ema,2856.0,2.514680051352372e-06,0.8732840592338056,0.6334007429029764,2,2,"//@version=5
strategy(""trend_ema__directionboth_fast12_rsi_threshold52.0_slow34"", overlay=true, process_orders_on_close=true)
fast = ta.ema(close, 12)
slow = ta.ema(close, 34)
r = ta.rsi(close, 14)
longCondition = ta.crossover(fast, slow) and r > 52.0
shortCondition = ta.crossunder(fast, slow) and r < 48.0
if longCondition and ""both"" != ""short_only""
    strategy.entry(""Long"", strategy.long)
if shortCondition and ""both"" != ""long_only""
    strategy.entry(""Short"", strategy.short)
if ta.crossunder(fast, slow)
    strategy.close(""Long"")
if ta.crossover(fast, slow)
    strategy.close(""Short"")",False,False,False,False,rejected,False
trend_ema__directionlong_only_fast21_rsi_threshold55.0_slow55,trend_ema,898.0,-1.0056927420429122e-05,0.8743229569286939,0.4539932239488995,3,3,"//@version=5
strategy(""trend_ema__directionlong_only_fast21_rsi_threshold55.0_slow55"", overlay=true, process_orders_on_close=true)
fast = ta.ema(close, 21)
slow = ta.ema(close, 55)
r = ta.rsi(close, 14)
longCondition = ta.crossover(fast, slow) and r > 55.0
shortCondition = ta.crossunder(fast, slow) and r < 45.0
if longCondition and ""long_only"" != ""short_only""
    strategy.entry(""Long"", strategy.long)
if shortCondition and ""long_only"" != ""long_only""
    strategy.entry(""Short"", strategy.short)
if ta.crossunder(fast, slow)
    strategy.close(""Long"")
if ta.crossover(fast, slow)
    strategy.close(""Short"")",False,False,False,False,rejected,False
trend_ema__directionboth_fast21_rsi_threshold58.0_slow34,trend_ema,1646.0,-2.6158186525465642e-05,0.8583582541199665,0.4887465823730739,2,2,"//@version=5
strategy(""trend_ema__directionboth_fast21_rsi_threshold58.0_slow34"", overlay=true, process_orders_on_close=true)
fast = ta.ema(close, 21)
slow = ta.ema(close, 34)
r = ta.rsi(close, 14)
longCondition = ta.crossover(fast, slow) and r > 58.0
shortCondition = ta.crossunder(fast, slow) and r < 42.0
if longCondition and ""both"" != ""short_only""
    strategy.entry(""Long"", strategy.long)
if shortCondition and ""both"" != ""long_only""
    strategy.entry(""Short"", strategy.short)
if ta.crossunder(fast, slow)
    strategy.close(""Long"")
if ta.crossover(fast, slow)
    strategy.close(""Short"")",False,False,False,False,rejected,False
trend_ema__directionboth_fast12_rsi_threshold55.0_slow34,trend_ema,2486.0,-5.4011202217069466e-05,0.8652423818501246,0.675157333982431,1,1,"//@version=5
strategy(""trend_ema__directionboth_fast12_rsi_threshold55.0_slow34"", overlay=true, process_orders_on_close=true)
fast = ta.ema(close, 12)
slow = ta.ema(close, 34)
r = ta.rsi(close, 14)
longCondition = ta.crossover(fast, slow) and r > 55.0
shortCondition = ta.crossunder(fast, slow) and r < 45.0
if longCondition and ""both"" != ""short_only""
    strategy.entry(""Long"", strategy.long)
if shortCondition and ""both"" != ""long_only""
    strategy.entry(""Short"", strategy.short)
if ta.crossunder(fast, slow)
    strategy.close(""Long"")
if ta.crossover(fast, slow)
    strategy.close(""Short"")",False,False,False,False,rejected,False
trend_ema__directionboth_fast9_rsi_threshold52.0_slow89,trend_ema,1954.0,-6.074047910681387e-05,0.8757583366628243,0.7386194056285768,3,3,"//@version=5
strategy(""trend_ema__directionboth_fast9_rsi_threshold52.0_slow89"", overlay=true, process_orders_on_close=true)
fast = ta.ema(close, 9)
slow = ta.ema(close, 89)
r = ta.rsi(close, 14)
longCondition = ta.crossover(fast, slow) and r > 52.0
shortCondition = ta.crossunder(fast, slow) and r < 48.0
if longCondition and ""both"" != ""short_only""
    strategy.entry(""Long"", strategy.long)
if shortCondition and ""both"" != ""long_only""
    strategy.entry(""Short"", strategy.short)
if ta.crossunder(fast, slow)
    strategy.close(""Long"")
if ta.crossover(fast, slow)
    strategy.close(""Short"")",False,False,False,False,rejected,False
trend_ema__directionboth_fast9_rsi_threshold58.0_slow89,trend_ema,1459.0,-6.923249756269033e-05,0.9064539731797915,0.6494384260246181,4,4,"//@version=5
strategy(""trend_ema__directionboth_fast9_rsi_threshold58.0_slow89"", overlay=true, process_orders_on_close=true)
fast = ta.ema(close, 9)
slow = ta.ema(close, 89)
r = ta.rsi(close, 14)
longCondition = ta.crossover(fast, slow) and r > 58.0
shortCondition = ta.crossunder(fast, slow) and r < 42.0
if longCondition and ""both"" != ""short_only""
    strategy.entry(""Long"", strategy.long)
if shortCondition and ""both"" != ""long_only""
    strategy.entry(""Short"", strategy.short)
if ta.crossunder(fast, slow)
    strategy.close(""Long"")
if ta.crossover(fast, slow)
    strategy.close(""Short"")",False,False,False,False,rejected,False
trend_ema__directionboth_fast12_rsi_threshold52.0_slow55,trend_ema,2332.0,-7.700119640765852e-05,0.8768603267835788,0.7613775392786903,2,2,"//@version=5
strategy(""trend_ema__directionboth_fast12_rsi_threshold52.0_slow55"", overlay=true, process_orders_on_close=true)
fast = ta.ema(close, 12)
slow = ta.ema(close, 55)
r = ta.rsi(close, 14)
longCondition = ta.crossover(fast, slow) and r > 52.0
shortCondition = ta.crossunder(fast, slow) and r < 48.0
if longCondition and ""both"" != ""short_only""
    strategy.entry(""Long"", strategy.long)
if shortCondition and ""both"" != ""long_only""
    strategy.entry(""Short"", strategy.short)
if ta.crossunder(fast, slow)
    strategy.close(""Long"")
if ta.crossover(fast, slow)
    strategy.close(""Short"")",False,False,False,False,rejected,False
trend_ema__directionlong_only_fast12_rsi_threshold52.0_slow55,trend_ema,1344.0,-9.008094092496617e-05,0.8644230987185892,0.3918414475265356,3,3,"//@version=5
strategy(""trend_ema__directionlong_only_fast12_rsi_threshold52.0_slow55"", overlay=true, process_orders_on_close=true)
fast = ta.ema(close, 12)
slow = ta.ema(close, 55)
r = ta.rsi(close, 14)
longCondition = ta.crossover(fast, slow) and r > 52.0
shortCondition = ta.crossunder(fast, slow) and r < 48.0
if longCondition and ""long_only"" != ""short_only""
    strategy.entry(""Long"", strategy.long)
if shortCondition and ""long_only"" != ""long_only""
    strategy.entry(""Short"", strategy.short)
if ta.crossunder(fast, slow)
    strategy.close(""Long"")
if ta.crossover(fast, slow)
    strategy.close(""Short"")",False,False,False,False,rejected,False
trend_ema__directionboth_fast9_rsi_threshold52.0_slow34,trend_ema,3076.0,-0.0001059510543025095,0.8565179682159496,0.494056188577943,2,2,"//@version=5
strategy(""trend_ema__directionboth_fast9_rsi_threshold52.0_slow34"", overlay=true, process_orders_on_close=true)
fast = ta.ema(close, 9)
slow = ta.ema(close, 34)
r = ta.rsi(close, 14)
longCondition = ta.crossover(fast, slow) and r > 52.0
shortCondition = ta.crossunder(fast, slow) and r < 48.0
if longCondition and ""both"" != ""short_only""
    strategy.entry(""Long"", strategy.long)
if shortCondition and ""both"" != ""long_only""
    strategy.entry(""Short"", strategy.short)
if ta.crossunder(fast, slow)
    strategy.close(""Long"")
if ta.crossover(fast, slow)
    strategy.close(""Short"")",False,False,False,False,rejected,False
trend_ema__directionboth_fast12_rsi_threshold58.0_slow34,trend_ema,1792.0,-0.00011087420465730174,0.855733595670646,0.5013878876109915,2,2,"//@version=5
strategy(""trend_ema__directionboth_fast12_rsi_threshold58.0_slow34"", overlay=true, process_orders_on_close=true)
fast = ta.ema(close, 12)
slow = ta.ema(close, 34)
r = ta.rsi(close, 14)
longCondition = ta.crossover(fast, slow) and r > 58.0
shortCondition = ta.crossunder(fast, slow) and r < 42.0
if longCondition and ""both"" != ""short_only""
    strategy.entry(""Long"", strategy.long)
if shortCondition and ""both"" != ""long_only""
    strategy.entry(""Short"", strategy.short)
if ta.crossunder(fast, slow)
    strategy.close(""Long"")
if ta.crossover(fast, slow)
    strategy.close(""Short"")",False,False,False,False,rejected,False
trend_ema__directionlong_only_fast21_rsi_threshold55.0_slow89,trend_ema,697.0,-0.00017783971386484305,0.865834538479542,0.3484487178214195,3,3,"//@version=5
strategy(""trend_ema__directionlong_only_fast21_rsi_threshold55.0_slow89"", overlay=true, process_orders_on_close=true)
fast = ta.ema(close, 21)
slow = ta.ema(close, 89)
r = ta.rsi(close, 14)
longCondition = ta.crossover(fast, slow) and r > 55.0
shortCondition = ta.crossunder(fast, slow) and r < 45.0
if longCondition and ""long_only"" != ""short_only""
    strategy.entry(""Long"", strategy.long)
if shortCondition and ""long_only"" != ""long_only""
    strategy.entry(""Short"", strategy.short)
if ta.crossunder(fast, slow)
    strategy.close(""Long"")
if ta.crossover(fast, slow)
    strategy.close(""Short"")",False,False,False,False,rejected,False
trend_ema__directionboth_fast9_rsi_threshold52.0_slow55,trend_ema,2499.0,-0.0002154654798076497,0.8569611471257389,0.6872502927696458,2,2,"//@version=5
strategy(""trend_ema__directionboth_fast9_rsi_threshold52.0_slow55"", overlay=true, process_orders_on_close=true)
fast = ta.ema(close, 9)
slow = ta.ema(close, 55)
r = ta.rsi(close, 14)
longCondition = ta.crossover(fast, slow) and r > 52.0
shortCondition = ta.crossunder(fast, slow) and r < 48.0
if longCondition and ""both"" != ""short_only""
    strategy.entry(""Long"", strategy.long)
if shortCondition and ""both"" != ""long_only""
    strategy.entry(""Short"", strategy.short)
if ta.crossunder(fast, slow)
    strategy.close(""Long"")
if ta.crossover(fast, slow)
    strategy.close(""Short"")",False,False,False,False,rejected,False
trend_ema__directionlong_only_fast12_rsi_threshold52.0_slow34,trend_ema,1730.0,-0.0002175260263157005,0.8167992495530288,0.46433688156004294,3,3,"//@version=5
strategy(""trend_ema__directionlong_only_fast12_rsi_threshold52.0_slow34"", overlay=true, process_orders_on_close=true)
fast = ta.ema(close, 12)
slow = ta.ema(close, 34)
r = ta.rsi(close, 14)
longCondition = ta.crossover(fast, slow) and r > 52.0
shortCondition = ta.crossunder(fast, slow) and r < 48.0
if longCondition and ""long_only"" != ""short_only""
    strategy.entry(""Long"", strategy.long)
if shortCondition and ""long_only"" != ""long_only""
    strategy.entry(""Short"", strategy.short)
if ta.crossunder(fast, slow)
    strategy.close(""Long"")
if ta.crossover(fast, slow)
    strategy.close(""Short"")",False,False,False,False,rejected,False
trend_ema__directionlong_only_fast21_rsi_threshold58.0_slow55,trend_ema,691.0,-0.00024333827656828626,0.8865548805127554,0.2968981432299821,4,4,"//@version=5
strategy(""trend_ema__directionlong_only_fast21_rsi_threshold58.0_slow55"", overlay=true, process_orders_on_close=true)
fast = ta.ema(close, 21)
slow = ta.ema(close, 55)
r = ta.rsi(close, 14)
longCondition = ta.crossover(fast, slow) and r > 58.0
shortCondition = ta.crossunder(fast, slow) and r < 42.0
if longCondition and ""long_only"" != ""short_only""
    strategy.entry(""Long"", strategy.long)
if shortCondition and ""long_only"" != ""long_only""
    strategy.entry(""Short"", strategy.short)
if ta.crossunder(fast, slow)
    strategy.close(""Long"")
if ta.crossover(fast, slow)
    strategy.close(""Short"")",False,False,False,False,rejected,False
trend_ema__directionlong_only_fast21_rsi_threshold58.0_slow89,trend_ema,584.0,-0.00025842018975026794,0.8676348960627402,0.24867329786516912,4,4,"//@version=5
strategy(""trend_ema__directionlong_only_fast21_rsi_threshold58.0_slow89"", overlay=true, process_orders_on_close=true)
fast = ta.ema(close, 21)
slow = ta.ema(close, 89)
r = ta.rsi(close, 14)
longCondition = ta.crossover(fast, slow) and r > 58.0
shortCondition = ta.crossunder(fast, slow) and r < 42.0
if longCondition and ""long_only"" != ""short_only""
    strategy.entry(""Long"", strategy.long)
if shortCondition and ""long_only"" != ""long_only""
    strategy.entry(""Short"", strategy.short)
if ta.crossunder(fast, slow)
    strategy.close(""Long"")
if ta.crossover(fast, slow)
    strategy.close(""Short"")",False,False,False,False,rejected,False
trend_ema__directionshort_only_fast9_rsi_threshold55.0_slow34,trend_ema,1507.0,-0.00027794190082538475,0.8729667936996277,0.6462539037792887,4,4,"//@version=5
strategy(""trend_ema__directionshort_only_fast9_rsi_threshold55.0_slow34"", overlay=true, process_orders_on_close=true)
fast = ta.ema(close, 9)
slow = ta.ema(close, 34)
r = ta.rsi(close, 14)
longCondition = ta.crossover(fast, slow) and r > 55.0
shortCondition = ta.crossunder(fast, slow) and r < 45.0
if longCondition and ""short_only"" != ""short_only""
    strategy.entry(""Long"", strategy.long)
if shortCondition and ""short_only"" != ""long_only""
    strategy.entry(""Short"", strategy.short)
if ta.crossunder(fast, slow)
    strategy.close(""Long"")
if ta.crossover(fast, slow)
    strategy.close(""Short"")",False,False,False,False,rejected,False
trend_ema__directionboth_fast12_rsi_threshold55.0_slow55,trend_ema,2109.0,-0.0002790352901914767,0.860189202773929,0.7542516959112302,2,2,"//@version=5
strategy(""trend_ema__directionboth_fast12_rsi_threshold55.0_slow55"", overlay=true, process_orders_on_close=true)
fast = ta.ema(close, 12)
slow = ta.ema(close, 55)
r = ta.rsi(close, 14)
longCondition = ta.crossover(fast, slow) and r > 55.0
shortCondition = ta.crossunder(fast, slow) and r < 45.0
if longCondition and ""both"" != ""short_only""
    strategy.entry(""Long"", strategy.long)
if shortCondition and ""both"" != ""long_only""
    strategy.entry(""Short"", strategy.short)
if ta.crossunder(fast, slow)
    strategy.close(""Long"")
if ta.crossover(fast, slow)
    strategy.close(""Short"")",False,False,False,False,rejected,False
trend_ema__directionshort_only_fast12_rsi_threshold52.0_slow55,trend_ema,1339.0,-0.0002988206487262869,0.8736360510108112,0.7276715682536972,2,2,"//@version=5
strategy(""trend_ema__directionshort_only_fast12_rsi_threshold52.0_slow55"", overlay=true, process_orders_on_close=true)
fast = ta.ema(close, 12)
slow = ta.ema(close, 55)
r = ta.rsi(close, 14)
longCondition = ta.crossover(fast, slow) and r > 52.0
shortCondition = ta.crossunder(fast, slow) and r < 48.0
if longCondition and ""short_only"" != ""short_only""
    strategy.entry(""Long"", strategy.long)
if shortCondition and ""short_only"" != ""long_only""
    strategy.entry(""Short"", strategy.short)
if ta.crossunder(fast, slow)
    strategy.close(""Long"")
if ta.crossover(fast, slow)
    strategy.close(""Short"")",False,False,False,False,rejected,False
trend_ema__directionboth_fast9_rsi_threshold55.0_slow55,trend_ema,2249.0,-0.0003259113984464395,0.8539888931667529,0.7284050180025587,2,2,"//@version=5
strategy(""trend_ema__directionboth_fast9_rsi_threshold55.0_slow55"", overlay=true, process_orders_on_close=true)
fast = ta.ema(close, 9)
slow = ta.ema(close, 55)
r = ta.rsi(close, 14)
longCondition = ta.crossover(fast, slow) and r > 55.0
shortCondition = ta.crossunder(fast, slow) and r < 45.0
if longCondition and ""both"" != ""short_only""
    strategy.entry(""Long"", strategy.long)
if shortCondition and ""both"" != ""long_only""
    strategy.entry(""Short"", strategy.short)
if ta.crossunder(fast, slow)
    strategy.close(""Long"")
if ta.crossover(fast, slow)
    strategy.close(""Short"")",False,False,False,False,rejected,False
trend_ema__directionshort_only_fast21_rsi_threshold52.0_slow34,trend_ema,1300.0,-0.00037811407117208497,0.8771443807039596,0.5975040656943557,2,2,"//@version=5
strategy(""trend_ema__directionshort_only_fast21_rsi_threshold52.0_slow34"", overlay=true, process_orders_on_close=true)
fast = ta.ema(close, 21)
slow = ta.ema(close, 34)
r = ta.rsi(close, 14)
longCondition = ta.crossover(fast, slow) and r > 52.0
shortCondition = ta.crossunder(fast, slow) and r < 48.0
if longCondition and ""short_only"" != ""short_only""
    strategy.entry(""Long"", strategy.long)
if shortCondition and ""short_only"" != ""long_only""
    strategy.entry(""Short"", strategy.short)
if ta.crossunder(fast, slow)
    strategy.close(""Long"")
if ta.crossover(fast, slow)
    strategy.close(""Short"")",False,False,False,False,rejected,False
breakout__atr_filter1.2_directionlong_only_window20,breakout,1656.0,-0.0003841305319753141,0.8582933984587815,0.5953304330408158,3,3,"//@version=5
strategy(""breakout__atr_filter1.2_directionlong_only_window20"", overlay=true, process_orders_on_close=true)
breakoutHigh = ta.highest(high, 20)[1]
breakoutLow = ta.lowest(low, 20)[1]
atr14 = ta.atr(14)
rangeRatio = (high - low) / atr14
trendFast = ta.ema(close, 20)
trendSlow = ta.ema(close, 55)
volMean = ta.sma(volume, 30)
longCondition = close > breakoutHigh and rangeRatio > 1.2 and trendFast > trendSlow and volume > volMean
shortCondition = close < breakoutLow and rangeRatio > 1.2 and trendFast < trendSlow and volume > volMean
if longCondition and ""long_only"" != ""short_only""
    strategy.entry(""Long"", strategy.long)
if shortCondition and ""long_only"" != ""long_only""
    strategy.entry(""Short"", strategy.short)",False,False,False,False,rejected,False
trend_ema__directionshort_only_fast12_rsi_threshold55.0_slow89,trend_ema,878.0,-0.0003882587394249932,0.9612659047261207,0.5979296109183908,6,6,"//@version=5
strategy(""trend_ema__directionshort_only_fast12_rsi_threshold55.0_slow89"", overlay=true, process_orders_on_close=true)
fast = ta.ema(close, 12)
slow = ta.ema(close, 89)
r = ta.rsi(close, 14)
longCondition = ta.crossover(fast, slow) and r > 55.0
shortCondition = ta.crossunder(fast, slow) and r < 45.0
if longCondition and ""short_only"" != ""short_only""
    strategy.entry(""Long"", strategy.long)
if shortCondition and ""short_only"" != ""long_only""
    strategy.entry(""Short"", strategy.short)
if ta.crossunder(fast, slow)
    strategy.close(""Long"")
if ta.crossover(fast, slow)
    strategy.close(""Short"")",False,False,False,False,rejected,False
trend_pullback__fast21_pullback_rsi45.0_slow55,trend_pullback,768.0,-0.00039905809530301536,0.7577439174979265,0.4266000628328245,2,2,"//@version=5
strategy(""trend_pullback__fast21_pullback_rsi45.0_slow55"", overlay=true, process_orders_on_close=true)
fast = ta.ema(close, 21)
slow = ta.ema(close, 55)
r = ta.rsi(close, 14)
uptrend = fast > slow
downtrend = fast < slow
longResume = close > fast and close[1] <= fast[1]
shortResume = close < fast and close[1] >= fast[1]
longCondition = uptrend and r[1] < 45.0 and longResume
shortCondition = downtrend and r[1] > 55.0 and shortResume
if longCondition
    strategy.entry(""Long"", strategy.long)
if shortCondition
    strategy.entry(""Short"", strategy.short)",False,False,False,False,rejected,False
breakout__atr_filter0.8_directionlong_only_window20,breakout,1839.0,-0.0004020477091471186,0.8484653822044834,0.5536513414024657,3,3,"//@version=5
strategy(""breakout__atr_filter0.8_directionlong_only_window20"", overlay=true, process_orders_on_close=true)
breakoutHigh = ta.highest(high, 20)[1]
breakoutLow = ta.lowest(low, 20)[1]
atr14 = ta.atr(14)
rangeRatio = (high - low) / atr14
trendFast = ta.ema(close, 20)
trendSlow = ta.ema(close, 55)
volMean = ta.sma(volume, 30)
longCondition = close > breakoutHigh and rangeRatio > 0.8 and trendFast > trendSlow and volume > volMean
shortCondition = close < breakoutLow and rangeRatio > 0.8 and trendFast < trendSlow and volume > volMean
if longCondition and ""long_only"" != ""short_only""
    strategy.entry(""Long"", strategy.long)
if shortCondition and ""long_only"" != ""long_only""
    strategy.entry(""Short"", strategy.short)",False,False,False,False,rejected,False
trend_ema__directionlong_only_fast9_rsi_threshold55.0_slow34,trend_ema,1477.0,-0.00040316463474296854,0.8004642753435369,0.3906633933569348,3,3,"//@version=5
strategy(""trend_ema__directionlong_only_fast9_rsi_threshold55.0_slow34"", overlay=true, process_orders_on_close=true)
fast = ta.ema(close, 9)
slow = ta.ema(close, 34)
r = ta.rsi(close, 14)
longCondition = ta.crossover(fast, slow) and r > 55.0
shortCondition = ta.crossunder(fast, slow) and r < 45.0
if longCondition and ""long_only"" != ""short_only""
    strategy.entry(""Long"", strategy.long)
if shortCondition and ""long_only"" != ""long_only""
    strategy.entry(""Short"", strategy.short)
if ta.crossunder(fast, slow)
    strategy.close(""Long"")
if ta.crossover(fast, slow)
    strategy.close(""Short"")",False,False,False,False,rejected,False
trend_ema__directionlong_only_fast21_rsi_threshold52.0_slow89,trend_ema,770.0,-0.00040809493442105725,0.8502429800604074,0.3466768531336605,4,4,"//@version=5
strategy(""trend_ema__directionlong_only_fast21_rsi_threshold52.0_slow89"", overlay=true, process_orders_on_close=true)
fast = ta.ema(close, 21)
slow = ta.ema(close, 89)
r = ta.rsi(close, 14)
longCondition = ta.crossover(fast, slow) and r > 52.0
shortCondition = ta.crossunder(fast, slow) and r < 48.0
if longCondition and ""long_only"" != ""short_only""
    strategy.entry(""Long"", strategy.long)
if shortCondition and ""long_only"" != ""long_only""
    strategy.entry(""Short"", strategy.short)
if ta.crossunder(fast, slow)
    strategy.close(""Long"")
if ta.crossover(fast, slow)
    strategy.close(""Short"")",False,False,False,False,rejected,False
trend_ema__directionboth_fast9_rsi_threshold55.0_slow34,trend_ema,2615.0,-0.00041329000900310764,0.8287130001130819,0.5296378689831804,2,2,"//@version=5
strategy(""trend_ema__directionboth_fast9_rsi_threshold55.0_slow34"", overlay=true, process_orders_on_close=true)
fast = ta.ema(close, 9)
slow = ta.ema(close, 34)
r = ta.rsi(close, 14)
longCondition = ta.crossover(fast, slow) and r > 55.0
shortCondition = ta.crossunder(fast, slow) and r < 45.0
if longCondition and ""both"" != ""short_only""
    strategy.entry(""Long"", strategy.long)
if shortCondition and ""both"" != ""long_only""
    strategy.entry(""Short"", strategy.short)
if ta.crossunder(fast, slow)
    strategy.close(""Long"")
if ta.crossover(fast, slow)
    strategy.close(""Short"")",False,False,False,False,rejected,False
trend_ema__directionboth_fast21_rsi_threshold52.0_slow55,trend_ema,1879.0,-0.0004147788883834263,0.8778268233792618,0.7879435418648453,3,3,"//@version=5
strategy(""trend_ema__directionboth_fast21_rsi_threshold52.0_slow55"", overlay=true, process_orders_on_close=true)
fast = ta.ema(close, 21)
slow = ta.ema(close, 55)
r = ta.rsi(close, 14)
longCondition = ta.crossover(fast, slow) and r > 52.0
shortCondition = ta.crossunder(fast, slow) and r < 48.0
if longCondition and ""both"" != ""short_only""
    strategy.entry(""Long"", strategy.long)
if shortCondition and ""both"" != ""long_only""
    strategy.entry(""Short"", strategy.short)
if ta.crossunder(fast, slow)
    strategy.close(""Long"")
if ta.crossover(fast, slow)
    strategy.close(""Short"")",False,False,False,False,rejected,False
trend_ema__directionshort_only_fast12_rsi_threshold52.0_slow34,trend_ema,1730.0,-0.00042200563852794876,0.8903931913125918,0.7381299225510927,3,3,"//@version=5
strategy(""trend_ema__directionshort_only_fast12_rsi_threshold52.0_slow34"", overlay=true, process_orders_on_close=true)
fast = ta.ema(close, 12)
slow = ta.ema(close, 34)
r = ta.rsi(close, 14)
longCondition = ta.crossover(fast, slow) and r > 52.0
shortCondition = ta.crossunder(fast, slow) and r < 48.0
if longCondition and ""short_only"" != ""short_only""
    strategy.entry(""Long"", strategy.long)
if shortCondition and ""short_only"" != ""long_only""
    strategy.entry(""Short"", strategy.short)
if ta.crossunder(fast, slow)
    strategy.close(""Long"")
if ta.crossover(fast, slow)
    strategy.close(""Short"")",False,False,False,False,rejected,False
trend_ema__directionboth_fast9_rsi_threshold58.0_slow55,trend_ema,1707.0,-0.00042225968385747344,0.8504152273497713,0.5863258936488283,2,2,"//@version=5
strategy(""trend_ema__directionboth_fast9_rsi_threshold58.0_slow55"", overlay=true, process_orders_on_close=true)
fast = ta.ema(close, 9)
slow = ta.ema(close, 55)
r = ta.rsi(close, 14)
longCondition = ta.crossover(fast, slow) and r > 58.0
shortCondition = ta.crossunder(fast, slow) and r < 42.0
if longCondition and ""both"" != ""short_only""
    strategy.entry(""Long"", strategy.long)
if shortCondition and ""both"" != ""long_only""
    strategy.entry(""Short"", strategy.short)
if ta.crossunder(fast, slow)
    strategy.close(""Long"")
if ta.crossover(fast, slow)
    strategy.close(""Short"")",False,False,False,False,rejected,False
breakout__atr_filter1.0_directionlong_only_window20,breakout,1770.0,-0.00043126368550496527,0.8529207938061665,0.5982680479841571,3,3,"//@version=5
strategy(""breakout__atr_filter1.0_directionlong_only_window20"", overlay=true, process_orders_on_close=true)
breakoutHigh = ta.highest(high, 20)[1]
breakoutLow = ta.lowest(low, 20)[1]
atr14 = ta.atr(14)
rangeRatio = (high - low) / atr14
trendFast = ta.ema(close, 20)
trendSlow = ta.ema(close, 55)
volMean = ta.sma(volume, 30)
longCondition = close > breakoutHigh and rangeRatio > 1.0 and trendFast > trendSlow and volume > volMean
shortCondition = close < breakoutLow and rangeRatio > 1.0 and trendFast < trendSlow and volume > volMean
if longCondition and ""long_only"" != ""short_only""
    strategy.entry(""Long"", strategy.long)
if shortCondition and ""long_only"" != ""long_only""
    strategy.entry(""Short"", strategy.short)",False,False,False,False,rejected,False
trend_ema__directionlong_only_fast9_rsi_threshold52.0_slow34,trend_ema,1958.0,-0.00043937389874099846,0.7951173177075646,0.42694140126695723,2,2,"//@version=5
strategy(""trend_ema__directionlong_only_fast9_rsi_threshold52.0_slow34"", overlay=true, process_orders_on_close=true)
fast = ta.ema(close, 9)
slow = ta.ema(close, 34)
r = ta.rsi(close, 14)
longCondition = ta.crossover(fast, slow) and r > 52.0
shortCondition = ta.crossunder(fast, slow) and r < 48.0
if longCondition and ""long_only"" != ""short_only""
    strategy.entry(""Long"", strategy.long)
if shortCondition and ""long_only"" != ""long_only""
    strategy.entry(""Short"", strategy.short)
if ta.crossunder(fast, slow)
    strategy.close(""Long"")
if ta.crossover(fast, slow)
    strategy.close(""Short"")",False,False,False,False,rejected,False
trend_ema__directionlong_only_fast9_rsi_threshold58.0_slow34,trend_ema,898.0,-0.00047997929443236657,0.848271387980662,0.34124398327027816,4,4,"//@version=5
strategy(""trend_ema__directionlong_only_fast9_rsi_threshold58.0_slow34"", overlay=true, process_orders_on_close=true)
fast = ta.ema(close, 9)
slow = ta.ema(close, 34)
r = ta.rsi(close, 14)
longCondition = ta.crossover(fast, slow) and r > 58.0
shortCondition = ta.crossunder(fast, slow) and r < 42.0
if longCondition and ""long_only"" != ""short_only""
    strategy.entry(""Long"", strategy.long)
if shortCondition and ""long_only"" != ""long_only""
    strategy.entry(""Short"", strategy.short)
if ta.crossunder(fast, slow)
    strategy.close(""Long"")
if ta.crossover(fast, slow)
    strategy.close(""Short"")",False,False,False,False,rejected,False
breakout__atr_filter1.2_directionlong_only_window30,breakout,1515.0,-0.0004983660901593624,0.8726506649847032,0.6455450449846869,3,3,"//@version=5
strategy(""breakout__atr_filter1.2_directionlong_only_window30"", overlay=true, process_orders_on_close=true)
breakoutHigh = ta.highest(high, 30)[1]
breakoutLow = ta.lowest(low, 30)[1]
atr14 = ta.atr(14)
rangeRatio = (high - low) / atr14
trendFast = ta.ema(close, 20)
trendSlow = ta.ema(close, 55)
volMean = ta.sma(volume, 30)
longCondition = close > breakoutHigh and rangeRatio > 1.2 and trendFast > trendSlow and volume > volMean
shortCondition = close < breakoutLow and rangeRatio > 1.2 and trendFast < trendSlow and volume > volMean
if longCondition and ""long_only"" != ""short_only""
    strategy.entry(""Long"", strategy.long)
if shortCondition and ""long_only"" != ""long_only""
    strategy.entry(""Short"", strategy.short)",False,False,False,False,rejected,False
trend_ema__directionshort_only_fast21_rsi_threshold55.0_slow34,trend_ema,1129.0,-0.0004987337924018079,0.8738571682438214,0.6051134798213582,2,2,"//@version=5
strategy(""trend_ema__directionshort_only_fast21_rsi_threshold55.0_slow34"", overlay=true, process_orders_on_close=true)
fast = ta.ema(close, 21)
slow = ta.ema(close, 34)
r = ta.rsi(close, 14)
longCondition = ta.crossover(fast, slow) and r > 55.0
shortCondition = ta.crossunder(fast, slow) and r < 45.0
if longCondition and ""short_only"" != ""short_only""
    strategy.entry(""Long"", strategy.long)
if shortCondition and ""short_only"" != ""long_only""
    strategy.entry(""Short"", strategy.short)
if ta.crossunder(fast, slow)
    strategy.close(""Long"")
if ta.crossover(fast, slow)
    strategy.close(""Short"")",False,False,False,False,rejected,False
trend_ema__directionboth_fast21_rsi_threshold55.0_slow55,trend_ema,1746.0,-0.0005142258791737738,0.8804714858189865,0.7837994893197209,4,4,"//@version=5
strategy(""trend_ema__directionboth_fast21_rsi_threshold55.0_slow55"", overlay=true, process_orders_on_close=true)
fast = ta.ema(close, 21)
slow = ta.ema(close, 55)
r = ta.rsi(close, 14)
longCondition = ta.crossover(fast, slow) and r > 55.0
shortCondition = ta.crossunder(fast, slow) and r < 45.0
if longCondition and ""both"" != ""short_only""
    strategy.entry(""Long"", strategy.long)
if shortCondition and ""both"" != ""long_only""
    strategy.entry(""Short"", strategy.short)
if ta.crossunder(fast, slow)
    strategy.close(""Long"")
if ta.crossover(fast, slow)
    strategy.close(""Short"")",False,False,False,False,rejected,False
breakout__atr_filter0.8_directionlong_only_window30,breakout,1648.0,-0.0005157698968466893,0.8687406508976061,0.5421834601323886,3,3,"//@version=5
strategy(""breakout__atr_filter0.8_directionlong_only_window30"", overlay=true, process_orders_on_close=true)
breakoutHigh = ta.highest(high, 30)[1]
breakoutLow = ta.lowest(low, 30)[1]
atr14 = ta.atr(14)
rangeRatio = (high - low) / atr14
trendFast = ta.ema(close, 20)
trendSlow = ta.ema(close, 55)
volMean = ta.sma(volume, 30)
longCondition = close > breakoutHigh and rangeRatio > 0.8 and trendFast > trendSlow and volume > volMean
shortCondition = close < breakoutLow and rangeRatio > 0.8 and trendFast < trendSlow and volume > volMean
if longCondition and ""long_only"" != ""short_only""
    strategy.entry(""Long"", strategy.long)
if shortCondition and ""long_only"" != ""long_only""
    strategy.entry(""Short"", strategy.short)",False,False,False,False,rejected,False
trend_ema__directionshort_only_fast12_rsi_threshold55.0_slow34,trend_ema,1396.0,-0.0005289759900600825,0.8811890844937192,0.7436398910441986,3,3,"//@version=5
strategy(""trend_ema__directionshort_only_fast12_rsi_threshold55.0_slow34"", overlay=true, process_orders_on_close=true)
fast = ta.ema(close, 12)
slow = ta.ema(close, 34)
r = ta.rsi(close, 14)
longCondition = ta.crossover(fast, slow) and r > 55.0
shortCondition = ta.crossunder(fast, slow) and r < 45.0
if longCondition and ""short_only"" != ""short_only""
    strategy.entry(""Long"", strategy.long)
if shortCondition and ""short_only"" != ""long_only""
    strategy.entry(""Short"", strategy.short)
if ta.crossunder(fast, slow)
    strategy.close(""Long"")
if ta.crossover(fast, slow)
    strategy.close(""Short"")",False,False,False,False,rejected,False
trend_ema__directionshort_only_fast12_rsi_threshold52.0_slow89,trend_ema,1000.0,-0.0005535531354674864,0.9428987436682036,0.6157206787363496,5,5,"//@version=5
strategy(""trend_ema__directionshort_only_fast12_rsi_threshold52.0_slow89"", overlay=true, process_orders_on_close=true)
fast = ta.ema(close, 12)
slow = ta.ema(close, 89)
r = ta.rsi(close, 14)
longCondition = ta.crossover(fast, slow) and r > 52.0
shortCondition = ta.crossunder(fast, slow) and r < 48.0
if longCondition and ""short_only"" != ""short_only""
    strategy.entry(""Long"", strategy.long)
if shortCondition and ""short_only"" != ""long_only""
    strategy.entry(""Short"", strategy.short)
if ta.crossunder(fast, slow)
    strategy.close(""Long"")
if ta.crossover(fast, slow)
    strategy.close(""Short"")",False,False,False,False,rejected,False
trend_ema__directionshort_only_fast12_rsi_threshold55.0_slow55,trend_ema,1134.0,-0.0005606535677058282,0.8502092961247619,0.7095687173039245,2,2,"//@version=5
strategy(""trend_ema__directionshort_only_fast12_rsi_threshold55.0_slow55"", overlay=true, process_orders_on_close=true)
fast = ta.ema(close, 12)
slow = ta.ema(close, 55)
r = ta.rsi(close, 14)
longCondition = ta.crossover(fast, slow) and r > 55.0
shortCondition = ta.crossunder(fast, slow) and r < 45.0
if longCondition and ""short_only"" != ""short_only""
    strategy.entry(""Long"", strategy.long)
if shortCondition and ""short_only"" != ""long_only""
    strategy.entry(""Short"", strategy.short)
if ta.crossunder(fast, slow)
    strategy.close(""Long"")
if ta.crossover(fast, slow)
    strategy.close(""Short"")",False,False,False,False,rejected,False
breakout__atr_filter1.0_directionlong_only_window30,breakout,1594.0,-0.0005758013200343352,0.8765508915198265,0.6432981498496604,3,3,"//@version=5
strategy(""breakout__atr_filter1.0_directionlong_only_window30"", overlay=true, process_orders_on_close=true)
breakoutHigh = ta.highest(high, 30)[1]
breakoutLow = ta.lowest(low, 30)[1]
atr14 = ta.atr(14)
rangeRatio = (high - low) / atr14
trendFast = ta.ema(close, 20)
trendSlow = ta.ema(close, 55)
volMean = ta.sma(volume, 30)
longCondition = close > breakoutHigh and rangeRatio > 1.0 and trendFast > trendSlow and volume > volMean
shortCondition = close < breakoutLow and rangeRatio > 1.0 and trendFast < trendSlow and volume > volMean
if longCondition and ""long_only"" != ""short_only""
    strategy.entry(""Long"", strategy.long)
if shortCondition and ""long_only"" != ""long_only""
    strategy.entry(""Short"", strategy.short)",False,False,False,False,rejected,False
trend_pullback__fast34_pullback_rsi45.0_slow89,trend_pullback,1250.0,-0.0005830163335842264,0.773839335137277,0.3073429046337258,3,3,"//@version=5
strategy(""trend_pullback__fast34_pullback_rsi45.0_slow89"", overlay=true, process_orders_on_close=true)
fast = ta.ema(close, 34)
slow = ta.ema(close, 89)
r = ta.rsi(close, 14)
uptrend = fast > slow
downtrend = fast < slow
longResume = close > fast and close[1] <= fast[1]
shortResume = close < fast and close[1] >= fast[1]
longCondition = uptrend and r[1] < 45.0 and longResume
shortCondition = downtrend and r[1] > 55.0 and shortResume
if longCondition
    strategy.entry(""Long"", strategy.long)
if shortCondition
    strategy.entry(""Short"", strategy.short)",False,False,False,False,rejected,False
trend_pullback__fast34_pullback_rsi45.0_slow55,trend_pullback,1217.0,-0.0005875631693002427,0.7827566964046115,0.3069730916102831,3,3,"//@version=5
strategy(""trend_pullback__fast34_pullback_rsi45.0_slow55"", overlay=true, process_orders_on_close=true)
fast = ta.ema(close, 34)
slow = ta.ema(close, 55)
r = ta.rsi(close, 14)
uptrend = fast > slow
downtrend = fast < slow
longResume = close > fast and close[1] <= fast[1]
shortResume = close < fast and close[1] >= fast[1]
longCondition = uptrend and r[1] < 45.0 and longResume
shortCondition = downtrend and r[1] > 55.0 and shortResume
if longCondition
    strategy.entry(""Long"", strategy.long)
if shortCondition
    strategy.entry(""Short"", strategy.short)",False,False,False,False,rejected,False
trend_ema__directionshort_only_fast9_rsi_threshold55.0_slow89,trend_ema,982.0,-0.0005899643845253618,0.9040892887484692,0.5254153237964487,4,4,"//@version=5
strategy(""trend_ema__directionshort_only_fast9_rsi_threshold55.0_slow89"", overlay=true, process_orders_on_close=true)
fast = ta.ema(close, 9)
slow = ta.ema(close, 89)
r = ta.rsi(close, 14)
longCondition = ta.crossover(fast, slow) and r > 55.0
shortCondition = ta.crossunder(fast, slow) and r < 45.0
if longCondition and ""short_only"" != ""short_only""
    strategy.entry(""Long"", strategy.long)
if shortCondition and ""short_only"" != ""long_only""
    strategy.entry(""Short"", strategy.short)
if ta.crossunder(fast, slow)
    strategy.close(""Long"")
if ta.crossover(fast, slow)
    strategy.close(""Short"")",False,False,False,False,rejected,False
trend_ema__directionboth_fast21_rsi_threshold55.0_slow89,trend_ema,1368.0,-0.0005972666560521572,0.8733625908437277,0.6482658659779494,3,3,"//@version=5
strategy(""trend_ema__directionboth_fast21_rsi_threshold55.0_slow89"", overlay=true, process_orders_on_close=true)
fast = ta.ema(close, 21)
slow = ta.ema(close, 89)
r = ta.rsi(close, 14)
longCondition = ta.crossover(fast, slow) and r > 55.0
shortCondition = ta.crossunder(fast, slow) and r < 45.0
if longCondition and ""both"" != ""short_only""
    strategy.entry(""Long"", strategy.long)
if shortCondition and ""both"" != ""long_only""
    strategy.entry(""Short"", strategy.short)
if ta.crossunder(fast, slow)
    strategy.close(""Long"")
if ta.crossover(fast, slow)
    strategy.close(""Short"")",False,False,False,False,rejected,False
trend_pullback__fast34_pullback_rsi48.0_slow55,trend_pullback,3792.0,-0.0006383437351498278,0.7285134799276701,0.5951717003933192,1,1,"//@version=5
strategy(""trend_pullback__fast34_pullback_rsi48.0_slow55"", overlay=true, process_orders_on_close=true)
fast = ta.ema(close, 34)
slow = ta.ema(close, 55)
r = ta.rsi(close, 14)
uptrend = fast > slow
downtrend = fast < slow
longResume = close > fast and close[1] <= fast[1]
shortResume = close < fast and close[1] >= fast[1]
longCondition = uptrend and r[1] < 48.0 and longResume
shortCondition = downtrend and r[1] > 52.0 and shortResume
if longCondition
    strategy.entry(""Long"", strategy.long)
if shortCondition
    strategy.entry(""Short"", strategy.short)",False,False,False,False,rejected,False
trend_ema__directionshort_only_fast12_rsi_threshold58.0_slow89,trend_ema,694.0,-0.0006597991852055751,0.9513571826190637,0.5683624957146878,6,6,"//@version=5
strategy(""trend_ema__directionshort_only_fast12_rsi_threshold58.0_slow89"", overlay=true, process_orders_on_close=true)
fast = ta.ema(close, 12)
slow = ta.ema(close, 89)
r = ta.rsi(close, 14)
longCondition = ta.crossover(fast, slow) and r > 58.0
shortCondition = ta.crossunder(fast, slow) and r < 42.0
if longCondition and ""short_only"" != ""short_only""
    strategy.entry(""Long"", strategy.long)
if shortCondition and ""short_only"" != ""long_only""
    strategy.entry(""Short"", strategy.short)
if ta.crossunder(fast, slow)
    strategy.close(""Long"")
if ta.crossover(fast, slow)
    strategy.close(""Short"")",False,False,False,False,rejected,False
trend_ema__directionboth_fast21_rsi_threshold58.0_slow55,trend_ema,1374.0,-0.0006619942337396855,0.8758639597064451,0.6712284375904656,4,4,"//@version=5
strategy(""trend_ema__directionboth_fast21_rsi_threshold58.0_slow55"", overlay=true, process_orders_on_close=true)
fast = ta.ema(close, 21)
slow = ta.ema(close, 55)
r = ta.rsi(close, 14)
longCondition = ta.crossover(fast, slow) and r > 58.0
shortCondition = ta.crossunder(fast, slow) and r < 42.0
if longCondition and ""both"" != ""short_only""
    strategy.entry(""Long"", strategy.long)
if shortCondition and ""both"" != ""long_only""
    strategy.entry(""Short"", strategy.short)
if ta.crossunder(fast, slow)
    strategy.close(""Long"")
if ta.crossover(fast, slow)
    strategy.close(""Short"")",False,False,False,False,rejected,False
trend_ema__directionboth_fast12_rsi_threshold58.0_slow55,trend_ema,1619.0,-0.0006948931091221571,0.837321643744432,0.7528661692968783,3,3,"//@version=5
strategy(""trend_ema__directionboth_fast12_rsi_threshold58.0_slow55"", overlay=true, process_orders_on_close=true)
fast = ta.ema(close, 12)
slow = ta.ema(close, 55)
r = ta.rsi(close, 14)
longCondition = ta.crossover(fast, slow) and r > 58.0
shortCondition = ta.crossunder(fast, slow) and r < 42.0
if longCondition and ""both"" != ""short_only""
    strategy.entry(""Long"", strategy.long)
if shortCondition and ""both"" != ""long_only""
    strategy.entry(""Short"", strategy.short)
if ta.crossunder(fast, slow)
    strategy.close(""Long"")
if ta.crossover(fast, slow)
    strategy.close(""Short"")",False,False,False,False,rejected,False
trend_pullback__fast21_pullback_rsi45.0_slow89,trend_pullback,954.0,-0.0007367810647385031,0.713046689418497,0.37995103826126864,2,2,"//@version=5
strategy(""trend_pullback__fast21_pullback_rsi45.0_slow89"", overlay=true, process_orders_on_close=true)
fast = ta.ema(close, 21)
slow = ta.ema(close, 89)
r = ta.rsi(close, 14)
uptrend = fast > slow
downtrend = fast < slow
longResume = close > fast and close[1] <= fast[1]
shortResume = close < fast and close[1] >= fast[1]
longCondition = uptrend and r[1] < 45.0 and longResume
shortCondition = downtrend and r[1] > 55.0 and shortResume
if longCondition
    strategy.entry(""Long"", strategy.long)
if shortCondition
    strategy.entry(""Short"", strategy.short)",False,False,False,False,rejected,False
trend_ema__directionboth_fast9_rsi_threshold58.0_slow34,trend_ema,1777.0,-0.000747506008692905,0.8253621039158358,0.5210975385575216,2,2,"//@version=5
strategy(""trend_ema__directionboth_fast9_rsi_threshold58.0_slow34"", overlay=true, process_orders_on_close=true)
fast = ta.ema(close, 9)
slow = ta.ema(close, 34)
r = ta.rsi(close, 14)
longCondition = ta.crossover(fast, slow) and r > 58.0
shortCondition = ta.crossunder(fast, slow) and r < 42.0
if longCondition and ""both"" != ""short_only""
    strategy.entry(""Long"", strategy.long)
if shortCondition and ""both"" != ""long_only""
    strategy.entry(""Short"", strategy.short)
if ta.crossunder(fast, slow)
    strategy.close(""Long"")
if ta.crossover(fast, slow)
    strategy.close(""Short"")",False,False,False,False,rejected,False
trend_pullback__fast34_pullback_rsi48.0_slow89,trend_pullback,3845.0,-0.0007648742019302066,0.710614459769701,0.5847705820516589,1,1,"//@version=5
strategy(""trend_pullback__fast34_pullback_rsi48.0_slow89"", overlay=true, process_orders_on_close=true)
fast = ta.ema(close, 34)
slow = ta.ema(close, 89)
r = ta.rsi(close, 14)
uptrend = fast > slow
downtrend = fast < slow
longResume = close > fast and close[1] <= fast[1]
shortResume = close < fast and close[1] >= fast[1]
longCondition = uptrend and r[1] < 48.0 and longResume
shortCondition = downtrend and r[1] > 52.0 and shortResume
if longCondition
    strategy.entry(""Long"", strategy.long)
if shortCondition
    strategy.entry(""Short"", strategy.short)",False,False,False,False,rejected,False
trend_ema__directionshort_only_fast21_rsi_threshold58.0_slow34,trend_ema,848.0,-0.0007952172122967666,0.8002872947742812,0.5400649383189788,1,1,"//@version=5
strategy(""trend_ema__directionshort_only_fast21_rsi_threshold58.0_slow34"", overlay=true, process_orders_on_close=true)
fast = ta.ema(close, 21)
slow = ta.ema(close, 34)
r = ta.rsi(close, 14)
longCondition = ta.crossover(fast, slow) and r > 58.0
shortCondition = ta.crossunder(fast, slow) and r < 42.0
if longCondition and ""short_only"" != ""short_only""
    strategy.entry(""Long"", strategy.long)
if shortCondition and ""short_only"" != ""long_only""
    strategy.entry(""Short"", strategy.short)
if ta.crossunder(fast, slow)
    strategy.close(""Long"")
if ta.crossover(fast, slow)
    strategy.close(""Short"")",False,False,False,False,rejected,False
trend_ema__directionboth_fast21_rsi_threshold52.0_slow89,trend_ema,1453.0,-0.0008027079164547703,0.854244767828629,0.6390888580913723,3,3,"//@version=5
strategy(""trend_ema__directionboth_fast21_rsi_threshold52.0_slow89"", overlay=true, process_orders_on_close=true)
fast = ta.ema(close, 21)
slow = ta.ema(close, 89)
r = ta.rsi(close, 14)
longCondition = ta.crossover(fast, slow) and r > 52.0
shortCondition = ta.crossunder(fast, slow) and r < 48.0
if longCondition and ""both"" != ""short_only""
    strategy.entry(""Long"", strategy.long)
if shortCondition and ""both"" != ""long_only""
    strategy.entry(""Short"", strategy.short)
if ta.crossunder(fast, slow)
    strategy.close(""Long"")
if ta.crossover(fast, slow)
    strategy.close(""Short"")",False,False,False,False,rejected,False
trend_ema__directionshort_only_fast21_rsi_threshold52.0_slow55,trend_ema,1025.0,-0.0008044093267395511,0.9253316178056086,0.7669848585741172,5,5,"//@version=5
strategy(""trend_ema__directionshort_only_fast21_rsi_threshold52.0_slow55"", overlay=true, process_orders_on_close=true)
fast = ta.ema(close, 21)
slow = ta.ema(close, 55)
r = ta.rsi(close, 14)
longCondition = ta.crossover(fast, slow) and r > 52.0
shortCondition = ta.crossunder(fast, slow) and r < 48.0
if longCondition and ""short_only"" != ""short_only""
    strategy.entry(""Long"", strategy.long)
if shortCondition and ""short_only"" != ""long_only""
    strategy.entry(""Short"", strategy.short)
if ta.crossunder(fast, slow)
    strategy.close(""Long"")
if ta.crossover(fast, slow)
    strategy.close(""Short"")",False,False,False,False,rejected,False
trend_ema__directionshort_only_fast12_rsi_threshold58.0_slow34,trend_ema,947.0,-0.0008200467156578763,0.8235241522430725,0.582829510609719,2,2,"//@version=5
strategy(""trend_ema__directionshort_only_fast12_rsi_threshold58.0_slow34"", overlay=true, process_orders_on_close=true)
fast = ta.ema(close, 12)
slow = ta.ema(close, 34)
r = ta.rsi(close, 14)
longCondition = ta.crossover(fast, slow) and r > 58.0
shortCondition = ta.crossunder(fast, slow) and r < 42.0
if longCondition and ""short_only"" != ""short_only""
    strategy.entry(""Long"", strategy.long)
if shortCondition and ""short_only"" != ""long_only""
    strategy.entry(""Short"", strategy.short)
if ta.crossunder(fast, slow)
    strategy.close(""Long"")
if ta.crossover(fast, slow)
    strategy.close(""Short"")",False,False,False,False,rejected,False
trend_ema__directionshort_only_fast9_rsi_threshold52.0_slow55,trend_ema,1501.0,-0.0008328546966194176,0.841015145972586,0.7253834775137603,2,2,"//@version=5
strategy(""trend_ema__directionshort_only_fast9_rsi_threshold52.0_slow55"", overlay=true, process_orders_on_close=true)
fast = ta.ema(close, 9)
slow = ta.ema(close, 55)
r = ta.rsi(close, 14)
longCondition = ta.crossover(fast, slow) and r > 52.0
shortCondition = ta.crossunder(fast, slow) and r < 48.0
if longCondition and ""short_only"" != ""short_only""
    strategy.entry(""Long"", strategy.long)
if shortCondition and ""short_only"" != ""long_only""
    strategy.entry(""Short"", strategy.short)
if ta.crossunder(fast, slow)
    strategy.close(""Long"")
if ta.crossover(fast, slow)
    strategy.close(""Short"")",False,False,False,False,rejected,False
trend_pullback__fast21_pullback_rsi48.0_slow55,trend_pullback,2440.0,-0.0008482312877611172,0.6885520298364579,0.45073464023421406,1,1,"//@version=5
strategy(""trend_pullback__fast21_pullback_rsi48.0_slow55"", overlay=true, process_orders_on_close=true)
fast = ta.ema(close, 21)
slow = ta.ema(close, 55)
r = ta.rsi(close, 14)
uptrend = fast > slow
downtrend = fast < slow
longResume = close > fast and close[1] <= fast[1]
shortResume = close < fast and close[1] >= fast[1]
longCondition = uptrend and r[1] < 48.0 and longResume
shortCondition = downtrend and r[1] > 52.0 and shortResume
if longCondition
    strategy.entry(""Long"", strategy.long)
if shortCondition
    strategy.entry(""Short"", strategy.short)",False,False,False,False,rejected,False
trend_ema__directionboth_fast21_rsi_threshold58.0_slow89,trend_ema,1144.0,-0.0008612773010442792,0.8586769043273164,0.6049039530482374,2,2,"//@version=5
strategy(""trend_ema__directionboth_fast21_rsi_threshold58.0_slow89"", overlay=true, process_orders_on_close=true)
fast = ta.ema(close, 21)
slow = ta.ema(close, 89)
r = ta.rsi(close, 14)
longCondition = ta.crossover(fast, slow) and r > 58.0
shortCondition = ta.crossunder(fast, slow) and r < 42.0
if longCondition and ""both"" != ""short_only""
    strategy.entry(""Long"", strategy.long)
if shortCondition and ""both"" != ""long_only""
    strategy.entry(""Short"", strategy.short)
if ta.crossunder(fast, slow)
    strategy.close(""Long"")
if ta.crossover(fast, slow)
    strategy.close(""Short"")",False,False,False,False,rejected,False
trend_ema__directionshort_only_fast21_rsi_threshold55.0_slow55,trend_ema,914.0,-0.0008647754653785719,0.918707554328622,0.7322437016957588,6,6,"//@version=5
strategy(""trend_ema__directionshort_only_fast21_rsi_threshold55.0_slow55"", overlay=true, process_orders_on_close=true)
fast = ta.ema(close, 21)
slow = ta.ema(close, 55)
r = ta.rsi(close, 14)
longCondition = ta.crossover(fast, slow) and r > 55.0
shortCondition = ta.crossunder(fast, slow) and r < 45.0
if longCondition and ""short_only"" != ""short_only""
    strategy.entry(""Long"", strategy.long)
if shortCondition and ""short_only"" != ""long_only""
    strategy.entry(""Short"", strategy.short)
if ta.crossunder(fast, slow)
    strategy.close(""Long"")
if ta.crossover(fast, slow)
    strategy.close(""Short"")",False,False,False,False,rejected,False
trend_ema__directionshort_only_fast9_rsi_threshold52.0_slow89,trend_ema,1135.0,-0.0008838399042231333,0.897214824589757,0.5655280026187115,2,2,"//@version=5
strategy(""trend_ema__directionshort_only_fast9_rsi_threshold52.0_slow89"", overlay=true, process_orders_on_close=true)
fast = ta.ema(close, 9)
slow = ta.ema(close, 89)
r = ta.rsi(close, 14)
longCondition = ta.crossover(fast, slow) and r > 52.0
shortCondition = ta.crossunder(fast, slow) and r < 48.0
if longCondition and ""short_only"" != ""short_only""
    strategy.entry(""Long"", strategy.long)
if shortCondition and ""short_only"" != ""long_only""
    strategy.entry(""Short"", strategy.short)
if ta.crossunder(fast, slow)
    strategy.close(""Long"")
if ta.crossover(fast, slow)
    strategy.close(""Short"")",False,False,False,False,rejected,False
breakout__atr_filter1.2_directionlong_only_window55,breakout,1282.0,-0.0009060444742611499,0.8569249734791562,0.7085537178986037,2,2,"//@version=5
strategy(""breakout__atr_filter1.2_directionlong_only_window55"", overlay=true, process_orders_on_close=true)
breakoutHigh = ta.highest(high, 55)[1]
breakoutLow = ta.lowest(low, 55)[1]
atr14 = ta.atr(14)
rangeRatio = (high - low) / atr14
trendFast = ta.ema(close, 20)
trendSlow = ta.ema(close, 55)
volMean = ta.sma(volume, 30)
longCondition = close > breakoutHigh and rangeRatio > 1.2 and trendFast > trendSlow and volume > volMean
shortCondition = close < breakoutLow and rangeRatio > 1.2 and trendFast < trendSlow and volume > volMean
if longCondition and ""long_only"" != ""short_only""
    strategy.entry(""Long"", strategy.long)
if shortCondition and ""long_only"" != ""long_only""
    strategy.entry(""Short"", strategy.short)",False,False,False,False,rejected,False
breakout__atr_filter1.0_directionlong_only_window55,breakout,1341.0,-0.000961917850950451,0.8730485297513606,0.7366387201011186,1,1,"//@version=5
strategy(""breakout__atr_filter1.0_directionlong_only_window55"", overlay=true, process_orders_on_close=true)
breakoutHigh = ta.highest(high, 55)[1]
breakoutLow = ta.lowest(low, 55)[1]
atr14 = ta.atr(14)
rangeRatio = (high - low) / atr14
trendFast = ta.ema(close, 20)
trendSlow = ta.ema(close, 55)
volMean = ta.sma(volume, 30)
longCondition = close > breakoutHigh and rangeRatio > 1.0 and trendFast > trendSlow and volume > volMean
shortCondition = close < breakoutLow and rangeRatio > 1.0 and trendFast < trendSlow and volume > volMean
if longCondition and ""long_only"" != ""short_only""
    strategy.entry(""Long"", strategy.long)
if shortCondition and ""long_only"" != ""long_only""
    strategy.entry(""Short"", strategy.short)",False,False,False,False,rejected,False
breakout__atr_filter0.8_directionlong_only_window55,breakout,1381.0,-0.0009856264057941557,0.8621733894058499,0.6804910492502183,2,2,"//@version=5
strategy(""breakout__atr_filter0.8_directionlong_only_window55"", overlay=true, process_orders_on_close=true)
breakoutHigh = ta.highest(high, 55)[1]
breakoutLow = ta.lowest(low, 55)[1]
atr14 = ta.atr(14)
rangeRatio = (high - low) / atr14
trendFast = ta.ema(close, 20)
trendSlow = ta.ema(close, 55)
volMean = ta.sma(volume, 30)
longCondition = close > breakoutHigh and rangeRatio > 0.8 and trendFast > trendSlow and volume > volMean
shortCondition = close < breakoutLow and rangeRatio > 0.8 and trendFast < trendSlow and volume > volMean
if longCondition and ""long_only"" != ""short_only""
    strategy.entry(""Long"", strategy.long)
if shortCondition and ""long_only"" != ""long_only""
    strategy.entry(""Short"", strategy.short)",False,False,False,False,rejected,False
trend_ema__directionshort_only_fast9_rsi_threshold55.0_slow55,trend_ema,1249.0,-0.001001500620135284,0.8335445308536615,0.6872667468250175,2,2,"//@version=5
strategy(""trend_ema__directionshort_only_fast9_rsi_threshold55.0_slow55"", overlay=true, process_orders_on_close=true)
fast = ta.ema(close, 9)
slow = ta.ema(close, 55)
r = ta.rsi(close, 14)
longCondition = ta.crossover(fast, slow) and r > 55.0
shortCondition = ta.crossunder(fast, slow) and r < 45.0
if longCondition and ""short_only"" != ""short_only""
    strategy.entry(""Long"", strategy.long)
if shortCondition and ""short_only"" != ""long_only""
    strategy.entry(""Short"", strategy.short)
if ta.crossunder(fast, slow)
    strategy.close(""Long"")
if ta.crossover(fast, slow)
    strategy.close(""Short"")",False,False,False,False,rejected,False
trend_pullback__fast21_pullback_rsi48.0_slow89,trend_pullback,2803.0,-0.001116347113946979,0.6545834418991308,0.4876366826052908,1,1,"//@version=5
strategy(""trend_pullback__fast21_pullback_rsi48.0_slow89"", overlay=true, process_orders_on_close=true)
fast = ta.ema(close, 21)
slow = ta.ema(close, 89)
r = ta.rsi(close, 14)
uptrend = fast > slow
downtrend = fast < slow
longResume = close > fast and close[1] <= fast[1]
shortResume = close < fast and close[1] >= fast[1]
longCondition = uptrend and r[1] < 48.0 and longResume
shortCondition = downtrend and r[1] > 52.0 and shortResume
if longCondition
    strategy.entry(""Long"", strategy.long)
if shortCondition
    strategy.entry(""Short"", strategy.short)",False,False,False,False,rejected,False
trend_ema__directionshort_only_fast12_rsi_threshold58.0_slow55,trend_ema,851.0,-0.0011466877013014032,0.8116908359415531,0.6528419998824179,2,2,"//@version=5
strategy(""trend_ema__directionshort_only_fast12_rsi_threshold58.0_slow55"", overlay=true, process_orders_on_close=true)
fast = ta.ema(close, 12)
slow = ta.ema(close, 55)
r = ta.rsi(close, 14)
longCondition = ta.crossover(fast, slow) and r > 58.0
shortCondition = ta.crossunder(fast, slow) and r < 42.0
if longCondition and ""short_only"" != ""short_only""
    strategy.entry(""Long"", strategy.long)
if shortCondition and ""short_only"" != ""long_only""
    strategy.entry(""Short"", strategy.short)
if ta.crossunder(fast, slow)
    strategy.close(""Long"")
if ta.crossover(fast, slow)
    strategy.close(""Short"")",False,False,False,False,rejected,False
trend_ema__directionshort_only_fast9_rsi_threshold58.0_slow34,trend_ema,967.0,-0.0011521236261036085,0.8322273572699188,0.5245518556625065,3,3,"//@version=5
strategy(""trend_ema__directionshort_only_fast9_rsi_threshold58.0_slow34"", overlay=true, process_orders_on_close=true)
fast = ta.ema(close, 9)
slow = ta.ema(close, 34)
r = ta.rsi(close, 14)
longCondition = ta.crossover(fast, slow) and r > 58.0
shortCondition = ta.crossunder(fast, slow) and r < 42.0
if longCondition and ""short_only"" != ""short_only""
    strategy.entry(""Long"", strategy.long)
if shortCondition and ""short_only"" != ""long_only""
    strategy.entry(""Short"", strategy.short)
if ta.crossunder(fast, slow)
    strategy.close(""Long"")
if ta.crossover(fast, slow)
    strategy.close(""Short"")",False,False,False,False,rejected,False
trend_ema__directionshort_only_fast21_rsi_threshold55.0_slow89,trend_ema,705.0,-0.0011562330520732405,0.9230603146583481,0.5905097120017617,4,4,"//@version=5
strategy(""trend_ema__directionshort_only_fast21_rsi_threshold55.0_slow89"", overlay=true, process_orders_on_close=true)
fast = ta.ema(close, 21)
slow = ta.ema(close, 89)
r = ta.rsi(close, 14)
longCondition = ta.crossover(fast, slow) and r > 55.0
shortCondition = ta.crossunder(fast, slow) and r < 45.0
if longCondition and ""short_only"" != ""short_only""
    strategy.entry(""Long"", strategy.long)
if shortCondition and ""short_only"" != ""long_only""
    strategy.entry(""Short"", strategy.short)
if ta.crossunder(fast, slow)
    strategy.close(""Long"")
if ta.crossover(fast, slow)
    strategy.close(""Short"")",False,False,False,False,rejected,False
trend_ema__directionshort_only_fast21_rsi_threshold58.0_slow55,trend_ema,700.0,-0.0011875610628499793,0.9012499705513562,0.659498528198081,5,5,"//@version=5
strategy(""trend_ema__directionshort_only_fast21_rsi_threshold58.0_slow55"", overlay=true, process_orders_on_close=true)
fast = ta.ema(close, 21)
slow = ta.ema(close, 55)
r = ta.rsi(close, 14)
longCondition = ta.crossover(fast, slow) and r > 58.0
shortCondition = ta.crossunder(fast, slow) and r < 42.0
if longCondition and ""short_only"" != ""short_only""
    strategy.entry(""Long"", strategy.long)
if shortCondition and ""short_only"" != ""long_only""
    strategy.entry(""Short"", strategy.short)
if ta.crossunder(fast, slow)
    strategy.close(""Long"")
if ta.crossover(fast, slow)
    strategy.close(""Short"")",False,False,False,False,rejected,False
trend_ema__directionshort_only_fast9_rsi_threshold58.0_slow89,trend_ema,774.0,-0.0011912265168811695,0.8931088677609239,0.6132264941989409,2,2,"//@version=5
strategy(""trend_ema__directionshort_only_fast9_rsi_threshold58.0_slow89"", overlay=true, process_orders_on_close=true)
fast = ta.ema(close, 9)
slow = ta.ema(close, 89)
r = ta.rsi(close, 14)
longCondition = ta.crossover(fast, slow) and r > 58.0
shortCondition = ta.crossunder(fast, slow) and r < 42.0
if longCondition and ""short_only"" != ""short_only""
    strategy.entry(""Long"", strategy.long)
if shortCondition and ""short_only"" != ""long_only""
    strategy.entry(""Short"", strategy.short)
if ta.crossunder(fast, slow)
    strategy.close(""Long"")
if ta.crossover(fast, slow)
    strategy.close(""Short"")",False,False,False,False,rejected,False
trend_ema__directionshort_only_fast21_rsi_threshold52.0_slow89,trend_ema,782.0,-0.001202019972654204,0.9031713975259346,0.5563470854345571,4,4,"//@version=5
strategy(""trend_ema__directionshort_only_fast21_rsi_threshold52.0_slow89"", overlay=true, process_orders_on_close=true)
fast = ta.ema(close, 21)
slow = ta.ema(close, 89)
r = ta.rsi(close, 14)
longCondition = ta.crossover(fast, slow) and r > 52.0
shortCondition = ta.crossunder(fast, slow) and r < 48.0
if longCondition and ""short_only"" != ""short_only""
    strategy.entry(""Long"", strategy.long)
if shortCondition and ""short_only"" != ""long_only""
    strategy.entry(""Short"", strategy.short)
if ta.crossunder(fast, slow)
    strategy.close(""Long"")
if ta.crossover(fast, slow)
    strategy.close(""Short"")",False,False,False,False,rejected,False
vol_squeeze__squeeze_threshold0.35_volume_z_threshold1.0_window30,vol_squeeze,1064.0,-0.0012309979091233946,0.8051133802222659,0.6163549571346458,2,2,"//@version=5
strategy(""vol_squeeze__squeeze_threshold0.35_volume_z_threshold1.0_window30"", overlay=true, process_orders_on_close=true)
basis = ta.sma(close, 30)
dev = ta.stdev(close, 30) * 2.0
upper = basis + dev
lower = basis - dev
bandwidth = (upper - lower) / basis
squeeze = ta.percentrank(bandwidth, 80) < 35.0
volZ = (volume - ta.sma(volume, 30)) / ta.stdev(volume, 30)
breakoutHigh = ta.highest(high, 30)[1]
breakoutLow = ta.lowest(low, 30)[1]
trendFast = ta.ema(close, 20)
trendSlow = ta.ema(close, 55)
longCondition = squeeze[1] and close > breakoutHigh and volZ > 1.0 and trendFast > trendSlow
shortCondition = squeeze[1] and close < breakoutLow and volZ > 1.0 and trendFast < trendSlow
if longCondition
    strategy.entry(""Long"", strategy.long)
if shortCondition
    strategy.entry(""Short"", strategy.short)",False,False,False,False,rejected,False
breakout__atr_filter0.8_directionboth_window20,breakout,3746.0,-0.001310903835933437,0.7847067170599418,0.7449682078169941,0,0,"//@version=5
strategy(""breakout__atr_filter0.8_directionboth_window20"", overlay=true, process_orders_on_close=true)
breakoutHigh = ta.highest(high, 20)[1]
breakoutLow = ta.lowest(low, 20)[1]
atr14 = ta.atr(14)
rangeRatio = (high - low) / atr14
trendFast = ta.ema(close, 20)
trendSlow = ta.ema(close, 55)
volMean = ta.sma(volume, 30)
longCondition = close > breakoutHigh and rangeRatio > 0.8 and trendFast > trendSlow and volume > volMean
shortCondition = close < breakoutLow and rangeRatio > 0.8 and trendFast < trendSlow and volume > volMean
if longCondition and ""both"" != ""short_only""
    strategy.entry(""Long"", strategy.long)
if shortCondition and ""both"" != ""long_only""
    strategy.entry(""Short"", strategy.short)",False,False,False,False,rejected,False
breakout__atr_filter1.2_directionboth_window20,breakout,3355.0,-0.0013299026740294585,0.7817352237518573,0.808659851281958,0,0,"//@version=5
strategy(""breakout__atr_filter1.2_directionboth_window20"", overlay=true, process_orders_on_close=true)
breakoutHigh = ta.highest(high, 20)[1]
breakoutLow = ta.lowest(low, 20)[1]
atr14 = ta.atr(14)
rangeRatio = (high - low) / atr14
trendFast = ta.ema(close, 20)
trendSlow = ta.ema(close, 55)
volMean = ta.sma(volume, 30)
longCondition = close > breakoutHigh and rangeRatio > 1.2 and trendFast > trendSlow and volume > volMean
shortCondition = close < breakoutLow and rangeRatio > 1.2 and trendFast < trendSlow and volume > volMean
if longCondition and ""both"" != ""short_only""
    strategy.entry(""Long"", strategy.long)
if shortCondition and ""both"" != ""long_only""
    strategy.entry(""Short"", strategy.short)",False,False,False,False,rejected,False
breakout__atr_filter1.0_directionboth_window20,breakout,3610.0,-0.0013466522569295,0.7877283007063468,0.7799571018724702,0,0,"//@version=5
strategy(""breakout__atr_filter1.0_directionboth_window20"", overlay=true, process_orders_on_close=true)
breakoutHigh = ta.highest(high, 20)[1]
breakoutLow = ta.lowest(low, 20)[1]
atr14 = ta.atr(14)
rangeRatio = (high - low) / atr14
trendFast = ta.ema(close, 20)
trendSlow = ta.ema(close, 55)
volMean = ta.sma(volume, 30)
longCondition = close > breakoutHigh and rangeRatio > 1.0 and trendFast > trendSlow and volume > volMean
shortCondition = close < breakoutLow and rangeRatio > 1.0 and trendFast < trendSlow and volume > volMean
if longCondition and ""both"" != ""short_only""
    strategy.entry(""Long"", strategy.long)
if shortCondition and ""both"" != ""long_only""
    strategy.entry(""Short"", strategy.short)",False,False,False,False,rejected,False
vol_squeeze__squeeze_threshold0.25_volume_z_threshold1.0_window30,vol_squeeze,816.0,-0.0013679414480086349,0.7966183264033847,0.5390354049865163,0,0,"//@version=5
strategy(""vol_squeeze__squeeze_threshold0.25_volume_z_threshold1.0_window30"", overlay=true, process_orders_on_close=true)
basis = ta.sma(close, 30)
dev = ta.stdev(close, 30) * 2.0
upper = basis + dev
lower = basis - dev
bandwidth = (upper - lower) / basis
squeeze = ta.percentrank(bandwidth, 80) < 25.0
volZ = (volume - ta.sma(volume, 30)) / ta.stdev(volume, 30)
breakoutHigh = ta.highest(high, 30)[1]
breakoutLow = ta.lowest(low, 30)[1]
trendFast = ta.ema(close, 20)
trendSlow = ta.ema(close, 55)
longCondition = squeeze[1] and close > breakoutHigh and volZ > 1.0 and trendFast > trendSlow
shortCondition = squeeze[1] and close < breakoutLow and volZ > 1.0 and trendFast < trendSlow
if longCondition
    strategy.entry(""Long"", strategy.long)
if shortCondition
    strategy.entry(""Short"", strategy.short)",False,False,False,False,rejected,False
vol_squeeze__squeeze_threshold0.25_volume_z_threshold0.5_window30,vol_squeeze,892.0,-0.0014174593350501233,0.7859803319280438,0.5816627637033014,0,0,"//@version=5
strategy(""vol_squeeze__squeeze_threshold0.25_volume_z_threshold0.5_window30"", overlay=true, process_orders_on_close=true)
basis = ta.sma(close, 30)
dev = ta.stdev(close, 30) * 2.0
upper = basis + dev
lower = basis - dev
bandwidth = (upper - lower) / basis
squeeze = ta.percentrank(bandwidth, 80) < 25.0
volZ = (volume - ta.sma(volume, 30)) / ta.stdev(volume, 30)
breakoutHigh = ta.highest(high, 30)[1]
breakoutLow = ta.lowest(low, 30)[1]
trendFast = ta.ema(close, 20)
trendSlow = ta.ema(close, 55)
longCondition = squeeze[1] and close > breakoutHigh and volZ > 0.5 and trendFast > trendSlow
shortCondition = squeeze[1] and close < breakoutLow and volZ > 0.5 and trendFast < trendSlow
if longCondition
    strategy.entry(""Long"", strategy.long)
if shortCondition
    strategy.entry(""Short"", strategy.short)",False,False,False,False,rejected,False
trend_ema__directionshort_only_fast9_rsi_threshold58.0_slow55,trend_ema,896.0,-0.0014643564295875769,0.8099342700865939,0.6388010246355431,2,2,"//@version=5
strategy(""trend_ema__directionshort_only_fast9_rsi_threshold58.0_slow55"", overlay=true, process_orders_on_close=true)
fast = ta.ema(close, 9)
slow = ta.ema(close, 55)
r = ta.rsi(close, 14)
longCondition = ta.crossover(fast, slow) and r > 58.0
shortCondition = ta.crossunder(fast, slow) and r < 42.0
if longCondition and ""short_only"" != ""short_only""
    strategy.entry(""Long"", strategy.long)
if shortCondition and ""short_only"" != ""long_only""
    strategy.entry(""Short"", strategy.short)
if ta.crossunder(fast, slow)
    strategy.close(""Long"")
if ta.crossover(fast, slow)
    strategy.close(""Short"")",False,False,False,False,rejected,False
vol_squeeze__squeeze_threshold0.35_volume_z_threshold0.5_window30,vol_squeeze,1160.0,-0.001516891208301579,0.7714951924359388,0.626973046633513,0,0,"//@version=5
strategy(""vol_squeeze__squeeze_threshold0.35_volume_z_threshold0.5_window30"", overlay=true, process_orders_on_close=true)
basis = ta.sma(close, 30)
dev = ta.stdev(close, 30) * 2.0
upper = basis + dev
lower = basis - dev
bandwidth = (upper - lower) / basis
squeeze = ta.percentrank(bandwidth, 80) < 35.0
volZ = (volume - ta.sma(volume, 30)) / ta.stdev(volume, 30)
breakoutHigh = ta.highest(high, 30)[1]
breakoutLow = ta.lowest(low, 30)[1]
trendFast = ta.ema(close, 20)
trendSlow = ta.ema(close, 55)
longCondition = squeeze[1] and close > breakoutHigh and volZ > 0.5 and trendFast > trendSlow
shortCondition = squeeze[1] and close < breakoutLow and volZ > 0.5 and trendFast < trendSlow
if longCondition
    strategy.entry(""Long"", strategy.long)
if shortCondition
    strategy.entry(""Short"", strategy.short)",False,False,False,False,rejected,False
breakout__atr_filter0.8_directionboth_window30,breakout,3346.0,-0.0015723742122261118,0.7913236938156525,0.8409159321625026,0,0,"//@version=5
strategy(""breakout__atr_filter0.8_directionboth_window30"", overlay=true, process_orders_on_close=true)
breakoutHigh = ta.highest(high, 30)[1]
breakoutLow = ta.lowest(low, 30)[1]
atr14 = ta.atr(14)
rangeRatio = (high - low) / atr14
trendFast = ta.ema(close, 20)
trendSlow = ta.ema(close, 55)
volMean = ta.sma(volume, 30)
longCondition = close > breakoutHigh and rangeRatio > 0.8 and trendFast > trendSlow and volume > volMean
shortCondition = close < breakoutLow and rangeRatio > 0.8 and trendFast < trendSlow and volume > volMean
if longCondition and ""both"" != ""short_only""
    strategy.entry(""Long"", strategy.long)
if shortCondition and ""both"" != ""long_only""
    strategy.entry(""Short"", strategy.short)",False,False,False,False,rejected,False
breakout__atr_filter1.0_directionboth_window30,breakout,3233.0,-0.0015993784269507014,0.8003903838365012,0.8773270519492395,0,0,"//@version=5
strategy(""breakout__atr_filter1.0_directionboth_window30"", overlay=true, process_orders_on_close=true)
breakoutHigh = ta.highest(high, 30)[1]
breakoutLow = ta.lowest(low, 30)[1]
atr14 = ta.atr(14)
rangeRatio = (high - low) / atr14
trendFast = ta.ema(close, 20)
trendSlow = ta.ema(close, 55)
volMean = ta.sma(volume, 30)
longCondition = close > breakoutHigh and rangeRatio > 1.0 and trendFast > trendSlow and volume > volMean
shortCondition = close < breakoutLow and rangeRatio > 1.0 and trendFast < trendSlow and volume > volMean
if longCondition and ""both"" != ""short_only""
    strategy.entry(""Long"", strategy.long)
if shortCondition and ""both"" != ""long_only""
    strategy.entry(""Short"", strategy.short)",False,False,False,False,rejected,False
trend_ema__directionshort_only_fast21_rsi_threshold58.0_slow89,trend_ema,566.0,-0.0016033842130449096,0.8807100905975942,0.5671537222647777,3,3,"//@version=5
strategy(""trend_ema__directionshort_only_fast21_rsi_threshold58.0_slow89"", overlay=true, process_orders_on_close=true)
fast = ta.ema(close, 21)
slow = ta.ema(close, 89)
r = ta.rsi(close, 14)
longCondition = ta.crossover(fast, slow) and r > 58.0
shortCondition = ta.crossunder(fast, slow) and r < 42.0
if longCondition and ""short_only"" != ""short_only""
    strategy.entry(""Long"", strategy.long)
if shortCondition and ""short_only"" != ""long_only""
    strategy.entry(""Short"", strategy.short)
if ta.crossunder(fast, slow)
    strategy.close(""Long"")
if ta.crossover(fast, slow)
    strategy.close(""Short"")",False,False,False,False,rejected,False
breakout__atr_filter1.2_directionboth_window30,breakout,3039.0,-0.0016273093346575664,0.7863060021054575,0.904487904960009,0,0,"//@version=5
strategy(""breakout__atr_filter1.2_directionboth_window30"", overlay=true, process_orders_on_close=true)
breakoutHigh = ta.highest(high, 30)[1]
breakoutLow = ta.lowest(low, 30)[1]
atr14 = ta.atr(14)
rangeRatio = (high - low) / atr14
trendFast = ta.ema(close, 20)
trendSlow = ta.ema(close, 55)
volMean = ta.sma(volume, 30)
longCondition = close > breakoutHigh and rangeRatio > 1.2 and trendFast > trendSlow and volume > volMean
shortCondition = close < breakoutLow and rangeRatio > 1.2 and trendFast < trendSlow and volume > volMean
if longCondition and ""both"" != ""short_only""
    strategy.entry(""Long"", strategy.long)
if shortCondition and ""both"" != ""long_only""
    strategy.entry(""Short"", strategy.short)",False,False,False,False,rejected,False
breakout__atr_filter1.2_directionboth_window55,breakout,2547.0,-0.0017539708331918574,0.8140038301421816,0.8779527336425161,0,0,"//@version=5
strategy(""breakout__atr_filter1.2_directionboth_window55"", overlay=true, process_orders_on_close=true)
breakoutHigh = ta.highest(high, 55)[1]
breakoutLow = ta.lowest(low, 55)[1]
atr14 = ta.atr(14)
rangeRatio = (high - low) / atr14
trendFast = ta.ema(close, 20)
trendSlow = ta.ema(close, 55)
volMean = ta.sma(volume, 30)
longCondition = close > breakoutHigh and rangeRatio > 1.2 and trendFast > trendSlow and volume > volMean
shortCondition = close < breakoutLow and rangeRatio > 1.2 and trendFast < trendSlow and volume > volMean
if longCondition and ""both"" != ""short_only""
    strategy.entry(""Long"", strategy.long)
if shortCondition and ""both"" != ""long_only""
    strategy.entry(""Short"", strategy.short)",False,False,False,False,rejected,False
breakout__atr_filter0.8_directionboth_window55,breakout,2769.0,-0.001801906666786826,0.8163537839016588,0.8987407717294469,0,0,"//@version=5
strategy(""breakout__atr_filter0.8_directionboth_window55"", overlay=true, process_orders_on_close=true)
breakoutHigh = ta.highest(high, 55)[1]
breakoutLow = ta.lowest(low, 55)[1]
atr14 = ta.atr(14)
rangeRatio = (high - low) / atr14
trendFast = ta.ema(close, 20)
trendSlow = ta.ema(close, 55)
volMean = ta.sma(volume, 30)
longCondition = close > breakoutHigh and rangeRatio > 0.8 and trendFast > trendSlow and volume > volMean
shortCondition = close < breakoutLow and rangeRatio > 0.8 and trendFast < trendSlow and volume > volMean
if longCondition and ""both"" != ""short_only""
    strategy.entry(""Long"", strategy.long)
if shortCondition and ""both"" != ""long_only""
    strategy.entry(""Short"", strategy.short)",False,False,False,False,rejected,False
breakout__atr_filter1.0_directionboth_window55,breakout,2695.0,-0.0018191165948856051,0.8204810741205557,0.9020144557529304,0,0,"//@version=5
strategy(""breakout__atr_filter1.0_directionboth_window55"", overlay=true, process_orders_on_close=true)
breakoutHigh = ta.highest(high, 55)[1]
breakoutLow = ta.lowest(low, 55)[1]
atr14 = ta.atr(14)
rangeRatio = (high - low) / atr14
trendFast = ta.ema(close, 20)
trendSlow = ta.ema(close, 55)
volMean = ta.sma(volume, 30)
longCondition = close > breakoutHigh and rangeRatio > 1.0 and trendFast > trendSlow and volume > volMean
shortCondition = close < breakoutLow and rangeRatio > 1.0 and trendFast < trendSlow and volume > volMean
if longCondition and ""both"" != ""short_only""
    strategy.entry(""Long"", strategy.long)
if shortCondition and ""both"" != ""long_only""
    strategy.entry(""Short"", strategy.short)",False,False,False,False,rejected,False
mean_reversion__bb_window20_rsi_threshold35.0_z_score2.0,mean_reversion,3757.0,-0.0020534099267318934,0.7397302837188622,0.9359512546841631,1,1,"//@version=5
strategy(""mean_reversion__bb_window20_rsi_threshold35.0_z_score2.0"", overlay=true, process_orders_on_close=true)
basis = ta.sma(close, 20)
dev = ta.stdev(close, 20) * 2.0
upper = basis + dev
lower = basis - dev
r = ta.rsi(close, 14)
trendSpread = math.abs(ta.ema(close, 20) - ta.ema(close, 50)) / close
longCondition = close < lower and r < 35.0 and trendSpread < 0.02
shortCondition = close > upper and r > 65.0 and trendSpread < 0.02
if longCondition
    strategy.entry(""Long"", strategy.long)
if shortCondition
    strategy.entry(""Short"", strategy.short)",False,False,False,False,rejected,False
mean_reversion__bb_window30_rsi_threshold35.0_z_score2.0,mean_reversion,4088.0,-0.002072833058220753,0.7443754761487551,0.9384804618557048,0,0,"//@version=5
strategy(""mean_reversion__bb_window30_rsi_threshold35.0_z_score2.0"", overlay=true, process_orders_on_close=true)
basis = ta.sma(close, 30)
dev = ta.stdev(close, 30) * 2.0
upper = basis + dev
lower = basis - dev
r = ta.rsi(close, 14)
trendSpread = math.abs(ta.ema(close, 20) - ta.ema(close, 50)) / close
longCondition = close < lower and r < 35.0 and trendSpread < 0.02
shortCondition = close > upper and r > 65.0 and trendSpread < 0.02
if longCondition
    strategy.entry(""Long"", strategy.long)
if shortCondition
    strategy.entry(""Short"", strategy.short)",False,False,False,False,rejected,False
mean_reversion__bb_window20_rsi_threshold35.0_z_score1.5,mean_reversion,4965.0,-0.00211037866127409,0.7265197397225499,0.9614406639932751,0,0,"//@version=5
strategy(""mean_reversion__bb_window20_rsi_threshold35.0_z_score1.5"", overlay=true, process_orders_on_close=true)
basis = ta.sma(close, 20)
dev = ta.stdev(close, 20) * 1.5
upper = basis + dev
lower = basis - dev
r = ta.rsi(close, 14)
trendSpread = math.abs(ta.ema(close, 20) - ta.ema(close, 50)) / close
longCondition = close < lower and r < 35.0 and trendSpread < 0.02
shortCondition = close > upper and r > 65.0 and trendSpread < 0.02
if longCondition
    strategy.entry(""Long"", strategy.long)
if shortCondition
    strategy.entry(""Short"", strategy.short)",False,False,False,False,rejected,False
vol_squeeze__squeeze_threshold0.25_volume_z_threshold1.0_window20,vol_squeeze,901.0,-0.0021906867105955232,0.6856207581980501,0.5732988250907306,0,0,"//@version=5
strategy(""vol_squeeze__squeeze_threshold0.25_volume_z_threshold1.0_window20"", overlay=true, process_orders_on_close=true)
basis = ta.sma(close, 20)
dev = ta.stdev(close, 20) * 2.0
upper = basis + dev
lower = basis - dev
bandwidth = (upper - lower) / basis
squeeze = ta.percentrank(bandwidth, 80) < 25.0
volZ = (volume - ta.sma(volume, 30)) / ta.stdev(volume, 30)
breakoutHigh = ta.highest(high, 20)[1]
breakoutLow = ta.lowest(low, 20)[1]
trendFast = ta.ema(close, 20)
trendSlow = ta.ema(close, 55)
longCondition = squeeze[1] and close > breakoutHigh and volZ > 1.0 and trendFast > trendSlow
shortCondition = squeeze[1] and close < breakoutLow and volZ > 1.0 and trendFast < trendSlow
if longCondition
    strategy.entry(""Long"", strategy.long)
if shortCondition
    strategy.entry(""Short"", strategy.short)",False,False,False,False,rejected,False
vol_squeeze__squeeze_threshold0.25_volume_z_threshold0.5_window20,vol_squeeze,1014.0,-0.0022548113090858435,0.6702532370244045,0.5782700654218711,0,0,"//@version=5
strategy(""vol_squeeze__squeeze_threshold0.25_volume_z_threshold0.5_window20"", overlay=true, process_orders_on_close=true)
basis = ta.sma(close, 20)
dev = ta.stdev(close, 20) * 2.0
upper = basis + dev
lower = basis - dev
bandwidth = (upper - lower) / basis
squeeze = ta.percentrank(bandwidth, 80) < 25.0
volZ = (volume - ta.sma(volume, 30)) / ta.stdev(volume, 30)
breakoutHigh = ta.highest(high, 20)[1]
breakoutLow = ta.lowest(low, 20)[1]
trendFast = ta.ema(close, 20)
trendSlow = ta.ema(close, 55)
longCondition = squeeze[1] and close > breakoutHigh and volZ > 0.5 and trendFast > trendSlow
shortCondition = squeeze[1] and close < breakoutLow and volZ > 0.5 and trendFast < trendSlow
if longCondition
    strategy.entry(""Long"", strategy.long)
if shortCondition
    strategy.entry(""Short"", strategy.short)",False,False,False,False,rejected,False
breakout__atr_filter0.8_directionshort_only_window20,breakout,1907.0,-0.0023383866916390625,0.726680497491035,0.7119889205694303,0,0,"//@version=5
strategy(""breakout__atr_filter0.8_directionshort_only_window20"", overlay=true, process_orders_on_close=true)
breakoutHigh = ta.highest(high, 20)[1]
breakoutLow = ta.lowest(low, 20)[1]
atr14 = ta.atr(14)
rangeRatio = (high - low) / atr14
trendFast = ta.ema(close, 20)
trendSlow = ta.ema(close, 55)
volMean = ta.sma(volume, 30)
longCondition = close > breakoutHigh and rangeRatio > 0.8 and trendFast > trendSlow and volume > volMean
shortCondition = close < breakoutLow and rangeRatio > 0.8 and trendFast < trendSlow and volume > volMean
if longCondition and ""short_only"" != ""short_only""
    strategy.entry(""Long"", strategy.long)
if shortCondition and ""short_only"" != ""long_only""
    strategy.entry(""Short"", strategy.short)",False,False,False,False,rejected,False
mean_reversion__bb_window30_rsi_threshold35.0_z_score1.5,mean_reversion,4936.0,-0.0023531303418539923,0.7239885437619593,0.9706034875214264,0,0,"//@version=5
strategy(""mean_reversion__bb_window30_rsi_threshold35.0_z_score1.5"", overlay=true, process_orders_on_close=true)
basis = ta.sma(close, 30)
dev = ta.stdev(close, 30) * 1.5
upper = basis + dev
lower = basis - dev
r = ta.rsi(close, 14)
trendSpread = math.abs(ta.ema(close, 20) - ta.ema(close, 50)) / close
longCondition = close < lower and r < 35.0 and trendSpread < 0.02
shortCondition = close > upper and r > 65.0 and trendSpread < 0.02
if longCondition
    strategy.entry(""Long"", strategy.long)
if shortCondition
    strategy.entry(""Short"", strategy.short)",False,False,False,False,rejected,False
mean_reversion__bb_window30_rsi_threshold30.0_z_score2.0,mean_reversion,2444.0,-0.002360877059841482,0.742312738314301,0.7880850098729201,0,0,"//@version=5
strategy(""mean_reversion__bb_window30_rsi_threshold30.0_z_score2.0"", overlay=true, process_orders_on_close=true)
basis = ta.sma(close, 30)
dev = ta.stdev(close, 30) * 2.0
upper = basis + dev
lower = basis - dev
r = ta.rsi(close, 14)
trendSpread = math.abs(ta.ema(close, 20) - ta.ema(close, 50)) / close
longCondition = close < lower and r < 30.0 and trendSpread < 0.02
shortCondition = close > upper and r > 70.0 and trendSpread < 0.02
if longCondition
    strategy.entry(""Long"", strategy.long)
if shortCondition
    strategy.entry(""Short"", strategy.short)",False,False,False,False,rejected,False
vol_squeeze__squeeze_threshold0.35_volume_z_threshold1.0_window20,vol_squeeze,1155.0,-0.0023832447958353434,0.6876049021845092,0.6333995246140027,0,0,"//@version=5
strategy(""vol_squeeze__squeeze_threshold0.35_volume_z_threshold1.0_window20"", overlay=true, process_orders_on_close=true)
basis = ta.sma(close, 20)
dev = ta.stdev(close, 20) * 2.0
upper = basis + dev
lower = basis - dev
bandwidth = (upper - lower) / basis
squeeze = ta.percentrank(bandwidth, 80) < 35.0
volZ = (volume - ta.sma(volume, 30)) / ta.stdev(volume, 30)
breakoutHigh = ta.highest(high, 20)[1]
breakoutLow = ta.lowest(low, 20)[1]
trendFast = ta.ema(close, 20)
trendSlow = ta.ema(close, 55)
longCondition = squeeze[1] and close > breakoutHigh and volZ > 1.0 and trendFast > trendSlow
shortCondition = squeeze[1] and close < breakoutLow and volZ > 1.0 and trendFast < trendSlow
if longCondition
    strategy.entry(""Long"", strategy.long)
if shortCondition
    strategy.entry(""Short"", strategy.short)",False,False,False,False,rejected,False
breakout__atr_filter1.0_directionshort_only_window20,breakout,1840.0,-0.00238973213971867,0.7265901470945499,0.7129102458273086,0,0,"//@version=5
strategy(""breakout__atr_filter1.0_directionshort_only_window20"", overlay=true, process_orders_on_close=true)
breakoutHigh = ta.highest(high, 20)[1]
breakoutLow = ta.lowest(low, 20)[1]
atr14 = ta.atr(14)
rangeRatio = (high - low) / atr14
trendFast = ta.ema(close, 20)
trendSlow = ta.ema(close, 55)
volMean = ta.sma(volume, 30)
longCondition = close > breakoutHigh and rangeRatio > 1.0 and trendFast > trendSlow and volume > volMean
shortCondition = close < breakoutLow and rangeRatio > 1.0 and trendFast < trendSlow and volume > volMean
if longCondition and ""short_only"" != ""short_only""
    strategy.entry(""Long"", strategy.long)
if shortCondition and ""short_only"" != ""long_only""
    strategy.entry(""Short"", strategy.short)",False,False,False,False,rejected,False
breakout__atr_filter1.2_directionshort_only_window20,breakout,1699.0,-0.0023945389112990274,0.7149023043471082,0.7318397196904338,0,0,"//@version=5
strategy(""breakout__atr_filter1.2_directionshort_only_window20"", overlay=true, process_orders_on_close=true)
breakoutHigh = ta.highest(high, 20)[1]
breakoutLow = ta.lowest(low, 20)[1]
atr14 = ta.atr(14)
rangeRatio = (high - low) / atr14
trendFast = ta.ema(close, 20)
trendSlow = ta.ema(close, 55)
volMean = ta.sma(volume, 30)
longCondition = close > breakoutHigh and rangeRatio > 1.2 and trendFast > trendSlow and volume > volMean
shortCondition = close < breakoutLow and rangeRatio > 1.2 and trendFast < trendSlow and volume > volMean
if longCondition and ""short_only"" != ""short_only""
    strategy.entry(""Long"", strategy.long)
if shortCondition and ""short_only"" != ""long_only""
    strategy.entry(""Short"", strategy.short)",False,False,False,False,rejected,False
vol_squeeze__squeeze_threshold0.35_volume_z_threshold0.5_window20,vol_squeeze,1299.0,-0.0024156752497840094,0.6719149423127757,0.6615460809018288,0,0,"//@version=5
strategy(""vol_squeeze__squeeze_threshold0.35_volume_z_threshold0.5_window20"", overlay=true, process_orders_on_close=true)
basis = ta.sma(close, 20)
dev = ta.stdev(close, 20) * 2.0
upper = basis + dev
lower = basis - dev
bandwidth = (upper - lower) / basis
squeeze = ta.percentrank(bandwidth, 80) < 35.0
volZ = (volume - ta.sma(volume, 30)) / ta.stdev(volume, 30)
breakoutHigh = ta.highest(high, 20)[1]
breakoutLow = ta.lowest(low, 20)[1]
trendFast = ta.ema(close, 20)
trendSlow = ta.ema(close, 55)
longCondition = squeeze[1] and close > breakoutHigh and volZ > 0.5 and trendFast > trendSlow
shortCondition = squeeze[1] and close < breakoutLow and volZ > 0.5 and trendFast < trendSlow
if longCondition
    strategy.entry(""Long"", strategy.long)
if shortCondition
    strategy.entry(""Short"", strategy.short)",False,False,False,False,rejected,False
mean_reversion__bb_window20_rsi_threshold30.0_z_score1.5,mean_reversion,2739.0,-0.0024480398265642003,0.7111094164202796,0.7699574792851624,0,0,"//@version=5
strategy(""mean_reversion__bb_window20_rsi_threshold30.0_z_score1.5"", overlay=true, process_orders_on_close=true)
basis = ta.sma(close, 20)
dev = ta.stdev(close, 20) * 1.5
upper = basis + dev
lower = basis - dev
r = ta.rsi(close, 14)
trendSpread = math.abs(ta.ema(close, 20) - ta.ema(close, 50)) / close
longCondition = close < lower and r < 30.0 and trendSpread < 0.02
shortCondition = close > upper and r > 70.0 and trendSpread < 0.02
if longCondition
    strategy.entry(""Long"", strategy.long)
if shortCondition
    strategy.entry(""Short"", strategy.short)",False,False,False,False,rejected,False
mean_reversion__bb_window30_rsi_threshold30.0_z_score1.5,mean_reversion,2794.0,-0.002453649578717457,0.7318412803189202,0.7875893289805854,0,0,"//@version=5
strategy(""mean_reversion__bb_window30_rsi_threshold30.0_z_score1.5"", overlay=true, process_orders_on_close=true)
basis = ta.sma(close, 30)
dev = ta.stdev(close, 30) * 1.5
upper = basis + dev
lower = basis - dev
r = ta.rsi(close, 14)
trendSpread = math.abs(ta.ema(close, 20) - ta.ema(close, 50)) / close
longCondition = close < lower and r < 30.0 and trendSpread < 0.02
shortCondition = close > upper and r > 70.0 and trendSpread < 0.02
if longCondition
    strategy.entry(""Long"", strategy.long)
if shortCondition
    strategy.entry(""Short"", strategy.short)",False,False,False,False,rejected,False
mean_reversion__bb_window20_rsi_threshold30.0_z_score2.0,mean_reversion,2195.0,-0.0024537481333809304,0.7077088638107023,0.7745363492704744,1,1,"//@version=5
strategy(""mean_reversion__bb_window20_rsi_threshold30.0_z_score2.0"", overlay=true, process_orders_on_close=true)
basis = ta.sma(close, 20)
dev = ta.stdev(close, 20) * 2.0
upper = basis + dev
lower = basis - dev
r = ta.rsi(close, 14)
trendSpread = math.abs(ta.ema(close, 20) - ta.ema(close, 50)) / close
longCondition = close < lower and r < 30.0 and trendSpread < 0.02
shortCondition = close > upper and r > 70.0 and trendSpread < 0.02
if longCondition
    strategy.entry(""Long"", strategy.long)
if shortCondition
    strategy.entry(""Short"", strategy.short)",False,False,False,False,rejected,False
breakout__atr_filter0.8_directionshort_only_window55,breakout,1388.0,-0.00271372684428958,0.7800295662508703,0.7700476760081428,0,0,"//@version=5
strategy(""breakout__atr_filter0.8_directionshort_only_window55"", overlay=true, process_orders_on_close=true)
breakoutHigh = ta.highest(high, 55)[1]
breakoutLow = ta.lowest(low, 55)[1]
atr14 = ta.atr(14)
rangeRatio = (high - low) / atr14
trendFast = ta.ema(close, 20)
trendSlow = ta.ema(close, 55)
volMean = ta.sma(volume, 30)
longCondition = close > breakoutHigh and rangeRatio > 0.8 and trendFast > trendSlow and volume > volMean
shortCondition = close < breakoutLow and rangeRatio > 0.8 and trendFast < trendSlow and volume > volMean
if longCondition and ""short_only"" != ""short_only""
    strategy.entry(""Long"", strategy.long)
if shortCondition and ""short_only"" != ""long_only""
    strategy.entry(""Short"", strategy.short)",False,False,False,False,rejected,False
breakout__atr_filter0.8_directionshort_only_window30,breakout,1698.0,-0.0027305178455092555,0.7258763243810102,0.7360219979158115,0,0,"//@version=5
strategy(""breakout__atr_filter0.8_directionshort_only_window30"", overlay=true, process_orders_on_close=true)
breakoutHigh = ta.highest(high, 30)[1]
breakoutLow = ta.lowest(low, 30)[1]
atr14 = ta.atr(14)
rangeRatio = (high - low) / atr14
trendFast = ta.ema(close, 20)
trendSlow = ta.ema(close, 55)
volMean = ta.sma(volume, 30)
longCondition = close > breakoutHigh and rangeRatio > 0.8 and trendFast > trendSlow and volume > volMean
shortCondition = close < breakoutLow and rangeRatio > 0.8 and trendFast < trendSlow and volume > volMean
if longCondition and ""short_only"" != ""short_only""
    strategy.entry(""Long"", strategy.long)
if shortCondition and ""short_only"" != ""long_only""
    strategy.entry(""Short"", strategy.short)",False,False,False,False,rejected,False
breakout__atr_filter1.2_directionshort_only_window55,breakout,1265.0,-0.0027371047521791846,0.7790395208444514,0.7434102966689862,0,0,"//@version=5
strategy(""breakout__atr_filter1.2_directionshort_only_window55"", overlay=true, process_orders_on_close=true)
breakoutHigh = ta.highest(high, 55)[1]
breakoutLow = ta.lowest(low, 55)[1]
atr14 = ta.atr(14)
rangeRatio = (high - low) / atr14
trendFast = ta.ema(close, 20)
trendSlow = ta.ema(close, 55)
volMean = ta.sma(volume, 30)
longCondition = close > breakoutHigh and rangeRatio > 1.2 and trendFast > trendSlow and volume > volMean
shortCondition = close < breakoutLow and rangeRatio > 1.2 and trendFast < trendSlow and volume > volMean
if longCondition and ""short_only"" != ""short_only""
    strategy.entry(""Long"", strategy.long)
if shortCondition and ""short_only"" != ""long_only""
    strategy.entry(""Short"", strategy.short)",False,False,False,False,rejected,False
breakout__atr_filter1.0_directionshort_only_window30,breakout,1639.0,-0.00274222037139488,0.7329372594848825,0.725285092891569,0,0,"//@version=5
strategy(""breakout__atr_filter1.0_directionshort_only_window30"", overlay=true, process_orders_on_close=true)
breakoutHigh = ta.highest(high, 30)[1]
breakoutLow = ta.lowest(low, 30)[1]
atr14 = ta.atr(14)
rangeRatio = (high - low) / atr14
trendFast = ta.ema(close, 20)
trendSlow = ta.ema(close, 55)
volMean = ta.sma(volume, 30)
longCondition = close > breakoutHigh and rangeRatio > 1.0 and trendFast > trendSlow and volume > volMean
shortCondition = close < breakoutLow and rangeRatio > 1.0 and trendFast < trendSlow and volume > volMean
if longCondition and ""short_only"" != ""short_only""
    strategy.entry(""Long"", strategy.long)
if shortCondition and ""short_only"" != ""long_only""
    strategy.entry(""Short"", strategy.short)",False,False,False,False,rejected,False
breakout__atr_filter1.0_directionshort_only_window55,breakout,1354.0,-0.0027509098794211303,0.7783149943201046,0.7301565027902799,1,1,"//@version=5
strategy(""breakout__atr_filter1.0_directionshort_only_window55"", overlay=true, process_orders_on_close=true)
breakoutHigh = ta.highest(high, 55)[1]
breakoutLow = ta.lowest(low, 55)[1]
atr14 = ta.atr(14)
rangeRatio = (high - low) / atr14
trendFast = ta.ema(close, 20)
trendSlow = ta.ema(close, 55)
volMean = ta.sma(volume, 30)
longCondition = close > breakoutHigh and rangeRatio > 1.0 and trendFast > trendSlow and volume > volMean
shortCondition = close < breakoutLow and rangeRatio > 1.0 and trendFast < trendSlow and volume > volMean
if longCondition and ""short_only"" != ""short_only""
    strategy.entry(""Long"", strategy.long)
if shortCondition and ""short_only"" != ""long_only""
    strategy.entry(""Short"", strategy.short)",False,False,False,False,rejected,False
breakout__atr_filter1.2_directionshort_only_window30,breakout,1524.0,-0.002896821585687646,0.7117693591419976,0.7777364105556125,0,0,"//@version=5
strategy(""breakout__atr_filter1.2_directionshort_only_window30"", overlay=true, process_orders_on_close=true)
breakoutHigh = ta.highest(high, 30)[1]
breakoutLow = ta.lowest(low, 30)[1]
atr14 = ta.atr(14)
rangeRatio = (high - low) / atr14
trendFast = ta.ema(close, 20)
trendSlow = ta.ema(close, 55)
volMean = ta.sma(volume, 30)
longCondition = close > breakoutHigh and rangeRatio > 1.2 and trendFast > trendSlow and volume > volMean
shortCondition = close < breakoutLow and rangeRatio > 1.2 and trendFast < trendSlow and volume > volMean
if longCondition and ""short_only"" != ""short_only""
    strategy.entry(""Long"", strategy.long)
if shortCondition and ""short_only"" != ""long_only""
    strategy.entry(""Short"", strategy.short)",False,False,False,False,rejected,False
